Date,BTC-USD,SPY,QQQ,AAPL,PG,GLD,EURUSD=X
2018-01-01,13657.2001953125,,,,,,1.200494647026062
2018-01-02,14982.099609375,236.5621337890625,150.22215270996094,40.26707077026367,72.28070068359375,125.1500015258789,1.2011579275131226
2018-01-03,15201.0,238.0584259033203,151.68182373046875,40.260066986083984,72.19300079345703,124.81999969482422,1.2063454389572144
2018-01-04,15599.2001953125,239.0618438720703,151.94720458984375,40.44706344604492,72.70333862304688,125.45999908447266,1.2010425329208374
2018-01-05,17429.5,240.65496826171875,153.47325134277344,40.9075813293457,72.75115966796875,125.33000183105469,1.2068840265274048
2018-01-06,17527.0,,,,,,
2018-01-07,16477.599609375,,,,,,
2018-01-08,15170.099609375,241.0950164794922,154.07034301757812,40.75563430786133,73.13389587402344,125.30999755859375,1.2037460803985596
2018-01-09,14595.400390625,241.6407470703125,154.07981872558594,40.75094985961914,72.59965515136719,124.7300033569336,1.1970456838607788
2018-01-10,14973.2998046875,241.27108764648438,153.71966552734375,40.741607666015625,72.13717651367188,125.02999877929688,1.1929330825805664
2018-01-11,13405.7998046875,243.03138732910156,154.77174377441406,40.973026275634766,71.88200378417969,125.44000244140625,1.1956144571304321
2018-01-12,13980.599609375,244.61570739746094,155.90919494628906,41.3961296081543,71.45145416259766,126.95999908447266,1.2042099237442017
2018-01-13,14360.2001953125,,,,,,
2018-01-14,13772.0,,,,,,
2018-01-15,13819.7998046875,,,,,,1.2192296981811523
2018-01-16,11490.5,243.7794647216797,155.46368408203125,41.18573760986328,71.93785858154297,127.16999816894531,1.2268433570861816
2018-01-17,11188.599609375,246.10321044921875,157.1413116455078,41.86598205566406,72.71922302246094,126.13999938964844,1.227129340171814
2018-01-18,11474.900390625,245.689453125,157.16976928710938,41.90338134765625,72.4541244506836,125.86000061035156,1.218397855758667
2018-01-19,11607.400390625,246.8073272705078,157.66259765625,41.716373443603516,73.16918182373047,126.41999816894531,1.2236607074737549
2018-01-20,12899.2001953125,,,,,,
2018-01-21,11600.099609375,,,,,,
2018-01-22,10931.400390625,248.81414794921875,159.34979248046875,41.37508773803711,73.82798767089844,126.6500015258789,1.2255502939224243
2018-01-23,10868.400390625,249.3421630859375,160.6672821044922,41.384437561035156,71.54623413085938,127.27999877929688,1.2256253957748413
2018-01-24,11359.400390625,249.24534606933594,159.62466430664062,40.725242614746094,70.9516830444336,128.8300018310547,1.2310267686843872
2018-01-25,11259.400390625,249.35098266601562,159.56781005859375,39.99824142456055,70.9758071899414,127.97000122070312,1.239111304283142
2018-01-26,11171.400390625,252.23797607421875,162.01321411132812,40.091766357421875,70.48571014404297,128.07000732421875,1.239234209060669
2018-01-27,11440.7001953125,,,,,,
2018-01-28,11786.2998046875,,,,,,
2018-01-29,11296.400390625,250.56556701660156,161.22647094726562,39.26190948486328,69.78670501708984,127.3499984741211,1.2428072690963745
2018-01-30,10106.2998046875,247.99551391601562,159.8995819091797,39.03050231933594,69.8590087890625,126.80000305175781,1.2381141185760498
2018-01-31,10221.099609375,248.1187744140625,160.56301879882812,39.13802719116211,69.36892700195312,127.6500015258789,1.2409565448760986
2018-02-01,9170.5400390625,247.83700561523438,159.19813537597656,39.2198486328125,68.97523498535156,128.07000732421875,1.241865873336792
2018-02-02,8830.75,242.44171142578125,156.0228729248047,37.51808547973633,67.68970489501953,126.38999938964844,1.2510008811950684
2018-02-03,9174.91015625,,,,,,
2018-02-04,8277.009765625,,,,,,
2018-02-05,6955.27001953125,232.3021697998047,149.87144470214844,36.580726623535156,65.12676239013672,126.70999908447266,1.244694471359253
2018-02-06,7754.0,236.87908935546875,153.84286499023438,38.109500885009766,66.18730163574219,125.37999725341797,1.2367818355560303
2018-02-07,7621.2998046875,235.5940704345703,151.85238647460938,37.29368591308594,65.7534408569336,124.79000091552734,1.2381294965744019
2018-02-08,8265.58984375,226.7571258544922,145.44505310058594,36.26748275756836,64.45189666748047,124.9800033569336,1.2268133163452148
2018-02-09,8736.98046875,230.1633758544922,147.95680236816406,36.71108627319336,64.2108383178711,124.7699966430664,1.2260762453079224
2018-02-10,8621.900390625,,,,,,
2018-02-11,8129.97021484375,,,,,,
2018-02-12,8926.5703125,233.54319763183594,150.582275390625,38.18976593017578,65.34371185302734,125.37000274658203,1.2252799272537231
2018-02-13,8598.3095703125,234.12411499023438,151.35952758789062,38.572330474853516,65.48027038574219,126.08000183105469,1.2303755283355713
2018-02-14,9494.6298828125,237.28396606445312,154.19357299804688,39.28350830078125,64.82144927978516,128.22999572753906,1.235376238822937
2018-02-15,10166.400390625,240.3117218017578,157.05601501464844,40.602596282958984,66.21141815185547,128.3800048828125,1.2467273473739624
2018-02-16,10233.900390625,240.38204956054688,156.35462951660156,40.47114944458008,66.36405944824219,127.95999908447266,1.2503595352172852
2018-02-17,11112.7001953125,,,,,,
2018-02-18,10551.7998046875,,,,,,
2018-02-19,11225.2998046875,,,,,,1.241187572479248
2018-02-20,11403.7001953125,238.87704467773438,156.6674041748047,40.335025787353516,65.35172271728516,126.23999786376953,1.2398641109466553
2018-02-21,10690.400390625,237.6887664794922,156.221923828125,40.151947021484375,64.46794891357422,125.66000366210938,1.233532428741455
2018-02-22,10005.0,237.99679565429688,156.2030487060547,40.487586975097656,64.94999694824219,126.30000305175781,1.2281843423843384
2018-02-23,10301.099609375,241.7903289794922,159.397216796875,41.19171142578125,65.11872863769531,126.13999938964844,1.2326656579971313
2018-02-24,9813.0703125,,,,,,
2018-02-25,9664.73046875,,,,,,
2018-02-26,10366.7001953125,244.59808349609375,161.51084899902344,42.00615692138672,65.58472442626953,126.44999694824219,1.228712558746338
2018-02-27,10725.599609375,241.54393005371094,159.5109100341797,41.870025634765625,64.70897674560547,125.12999725341797,1.2315573692321777
2018-02-28,10397.900390625,239.0970916748047,158.48727416992188,41.80665969848633,63.08603286743164,125.0,1.2230321168899536
2018-03-01,10951.0,235.6204376220703,155.89968872070312,41.07436752319336,63.23063659667969,124.72000122070312,1.2191256284713745
2018-03-02,11086.400390625,236.8350372314453,157.33094787597656,41.35835647583008,63.8734016418457,125.38999938964844,1.2270842790603638
2018-03-03,11489.7001953125,,,,,,
2018-03-04,11512.599609375,,,,,,
2018-03-05,11573.2998046875,239.57235717773438,159.07493591308594,41.50153350830078,64.50810241699219,125.18000030517578,1.2315422296524048
2018-03-06,10779.900390625,240.17967224121094,159.7478790283203,41.46632385253906,64.29117584228516,126.52999877929688,1.2336541414260864
2018-03-07,9965.5703125,240.0916748046875,160.11752319335938,41.08139419555664,63.6002197265625,125.72000122070312,1.2416653633117676
2018-03-08,9395.009765625,241.2534637451172,160.9990234375,41.52970886230469,64.2509994506836,125.41999816894531,1.2414649724960327
2018-03-09,9337.5498046875,245.45184326171875,164.1268768310547,42.243221282958984,64.50810241699219,125.54000091552734,1.2306632995605469
2018-03-10,8866.0,,,,,,
2018-03-11,9578.6298828125,,,,,,
2018-03-12,9205.1201171875,245.1437530517578,164.9989013671875,42.651615142822266,64.16265106201172,125.54000091552734,1.2308752536773682
2018-03-13,9194.849609375,243.55947875976562,162.75254821777344,42.24087142944336,64.0501480102539,125.77999877929688,1.2339584827423096
2018-03-14,8269.8095703125,242.30972290039062,162.7240447998047,41.881771087646484,63.47166442871094,125.69999694824219,1.239234209060669
2018-03-15,8300.8603515625,242.04559326171875,162.5819091796875,41.931053161621094,63.20652770996094,124.9000015258789,1.2375624179840088
2018-03-16,8338.349609375,242.30809020996094,162.0984649658203,41.7831916809082,63.44758987426758,124.5999984741211,1.2309207916259766
2018-03-17,7916.8798828125,,,,,,
2018-03-18,8223.6796875,,,,,,
2018-03-19,8630.650390625,239.02955627441406,158.63992309570312,41.144771575927734,63.19851303100586,124.87000274658203,1.228078842163086
2018-03-20,8913.4697265625,239.43609619140625,159.16204833984375,41.13069152832031,62.917320251464844,124.30999755859375,1.2336845397949219
2018-03-21,8929.2802734375,238.9765625,158.46905517578125,40.19888687133789,61.89691925048828,126.4800033569336,1.2251899242401123
2018-03-22,8728.4697265625,233.00277709960938,154.5576934814453,39.630882263183594,61.39076614379883,125.9800033569336,1.2347661256790161
2018-03-23,8879.6201171875,228.03643798828125,150.48484802246094,38.713172912597656,60.989044189453125,127.61000061035156,1.2324985265731812
2018-03-24,8668.1201171875,,,,,,
2018-03-25,8495.7802734375,,,,,,
2018-03-26,8209.400390625,234.27528381347656,156.07662963867188,40.55095291137695,61.39076614379883,128.27999877929688,1.235437273979187
2018-03-27,7833.0400390625,230.2898406982422,151.02597045898438,39.51118087768555,62.49950408935547,127.48999786376953,1.2457488775253296
2018-03-28,7954.47998046875,229.60943603515625,149.28868103027344,39.07462692260742,63.34312438964844,125.7300033569336,1.240787148475647
2018-03-29,7165.7001953125,232.54322814941406,152.0228271484375,39.37975311279297,63.6966438293457,125.79000091552734,1.2310267686843872
2018-03-30,6890.52001953125,,,,,,1.2302846908569336
2018-03-31,6973.52978515625,,,,,,
2018-04-01,6844.22998046875,,,,,,
2018-04-02,7083.7998046875,227.52392578125,147.63671875,39.12156677246094,62.1861686706543,127.26000213623047,1.231420874595642
2018-04-03,7456.10986328125,230.44009399414062,149.2981719970703,39.52291488647461,63.037803649902344,126.30000305175781,1.229271411895752
2018-04-04,6853.83984375,232.90557861328125,151.65260314941406,40.2786865234375,63.5118408203125,126.44999694824219,1.2278525829315186
2018-04-05,6811.47021484375,234.7436065673828,152.51646423339844,40.55799102783203,63.31098556518555,125.80000305175781,1.228682279586792
2018-04-06,6636.31982421875,229.51220703125,148.7000274658203,39.52058029174805,63.01371765136719,126.38999938964844,1.2251598834991455
2018-04-07,6911.08984375,,,,,,
2018-04-08,7023.52001953125,,,,,,
2018-04-09,6770.72998046875,230.64334106445312,149.74436950683594,39.91254806518555,62.796775817871094,126.81999969482422,1.227144479751587
2018-04-10,6834.759765625,234.31065368652344,153.0481414794922,40.663612365722656,62.965492248535156,127.12000274658203,1.2322403192520142
2018-04-11,6968.31982421875,233.0823516845703,152.16522216796875,40.4734992980957,62.88515090942383,128.11000061035156,1.2363078594207764
2018-04-12,7889.25,234.99993896484375,153.9975128173828,40.87251281738281,62.49950408935547,126.62000274658203,1.2371643781661987
2018-04-13,7895.9599609375,234.31065368652344,153.20001220703125,41.010982513427734,62.965492248535156,127.44999694824219,1.2329696416854858
2018-04-14,7986.240234375,,,,,,
2018-04-15,8329.1103515625,,,,,,
2018-04-16,8058.669921875,236.23712158203125,154.3677520751953,41.26682662963867,63.158329010009766,127.62999725341797,1.233258605003357
2018-04-17,7902.08984375,238.7644805908203,157.6905517578125,41.83481979370117,63.01371765136719,127.75,1.2385127544403076
2018-04-18,8163.419921875,238.94125366210938,158.01336669921875,41.740928649902344,62.828914642333984,127.8499984741211,1.237317442893982
2018-04-19,8294.3095703125,237.61570739746094,156.56077575683594,40.55799102783203,60.77499008178711,127.5999984741211,1.237914800643921
2018-04-20,8845.830078125,235.60096740722656,154.08294677734375,38.89623260498047,59.84248733520508,126.62999725341797,1.2345526218414307
2018-04-21,8895.580078125,,,,,,
2018-04-22,8802.4599609375,,,,,,
2018-04-23,8930.8798828125,235.5654754638672,153.69374084472656,38.78358459472656,59.19375991821289,125.62000274658203,1.2273402214050293
2018-04-24,9697.5,232.39308166503906,150.43746948242188,38.24374008178711,58.78833770751953,126.2300033569336,1.22089684009552
2018-04-25,8845.740234375,232.96749877929688,150.6177520751953,38.4103889465332,58.62615966796875,125.41000366210938,1.2241400480270386
2018-04-26,9281.509765625,235.3357391357422,153.78866577148438,38.54418182373047,58.99105453491211,124.97000122070312,1.2171669006347656
2018-04-27,8987.0498046875,235.55665588378906,153.88360595703125,38.098236083984375,59.03972244262695,125.5,1.2109616994857788
2018-04-28,9348.48046875,,,,,,
2018-04-29,9419.080078125,,,,,,
2018-04-30,9240.5498046875,233.7451171875,152.7918243408203,38.78828048706055,58.658592224121094,124.58999633789062,1.2122827768325806
2018-05-01,9119.009765625,234.16043090820312,154.53866577148438,39.68956756591797,58.3504638671875,123.70999908447266,1.2081234455108643
2018-05-02,9235.919921875,232.58749389648438,153.6272735595703,41.442848205566406,57.523380279541016,123.6500015258789,1.1991558074951172
2018-05-03,9743.8603515625,232.07496643066406,153.6082763671875,41.5179557800293,57.863956451416016,124.27999877929688,1.19510018825531
2018-05-04,9700.759765625,235.07943725585938,156.5228271484375,43.1468505859375,58.73158645629883,124.54000091552734,1.1989257335662842
2018-05-05,9858.150390625,,,,,,
2018-05-06,9654.7998046875,,,,,,
2018-05-07,9373.009765625,235.87481689453125,157.82347106933594,43.459022521972656,58.36668014526367,124.56999969482422,1.195500135421753
2018-05-08,9234.8203125,235.87481689453125,157.66207885742188,43.66791534423828,57.92881774902344,124.58999633789062,1.1933743953704834
2018-05-09,9325.1796875,238.15472412109375,159.3804473876953,43.97537612915039,58.68291473388672,124.33000183105469,1.1867886781692505
2018-05-10,9043.9404296875,240.3816375732422,161.03233337402344,44.60439682006836,59.31541442871094,125.18000030517578,1.184721827507019
2018-05-11,8441.490234375,241.11505126953125,160.88046264648438,44.43476867675781,59.49380111694336,125.0,1.1917530298233032
2018-05-12,8504.8896484375,,,,,,
2018-05-13,8723.9404296875,,,,,,
2018-05-14,8716.7900390625,241.22999572753906,161.15577697753906,44.331092834472656,59.42081069946289,124.48999786376953,1.1952143907546997
2018-05-15,8510.3798828125,239.56858825683594,159.3709716796875,43.92818832397461,59.15322494506836,122.4800033569336,1.1931180953979492
2018-05-16,8368.830078125,240.57603454589844,160.4248046875,44.338157653808594,59.623538970947266,122.29000091552734,1.1820889711380005
2018-05-17,8094.31982421875,240.372802734375,159.80767822265625,44.057769775390625,59.97220993041992,122.36000061035156,1.1816978454589844
2018-05-18,8250.9697265625,239.7718048095703,158.98171997070312,43.89756393432617,59.55866622924805,122.41000366210938,1.1795234680175781
2018-05-19,8247.1796875,,,,,,
2018-05-20,8513.25,,,,,,
2018-05-21,8418.990234375,241.5745391845703,159.87411499023438,44.208580017089844,60.05331039428711,122.4800033569336,1.1766643524169922
2018-05-22,8041.77978515625,240.90298461914062,159.66529846191406,44.097835540771484,60.02897644042969,122.41000366210938,1.1792453527450562
2018-05-23,7557.81982421875,241.5657958984375,161.0133514404297,44.38057327270508,60.15060806274414,122.54000091552734,1.1788560152053833
2018-05-24,7587.33984375,241.0709228515625,160.96588134765625,44.331092834472656,59.81815719604492,123.58999633789062,1.1710150241851807
2018-05-25,7480.14013671875,240.4964599609375,161.12728881835938,44.432411193847656,60.256004333496094,123.20999908447266,1.1722642183303833
2018-05-26,7355.8798828125,,,,,,
2018-05-27,7368.22021484375,,,,,,
2018-05-28,7135.990234375,,,,,,1.1688934564590454
2018-05-29,7472.58984375,237.73052978515625,160.41529846191406,44.272178649902344,60.04518508911133,123.19000244140625,1.162696123123169
2018-05-30,7406.52001953125,240.90298461914062,161.56399536132812,44.177940368652344,60.72632598876953,123.37000274658203,1.1539349555969238
2018-05-31,7494.169921875,239.42726135253906,161.45956420898438,44.02950668334961,59.33161926269531,123.0999984741211,1.1667250394821167
2018-06-01,7541.4501953125,241.77777099609375,163.99444580078125,44.82353591918945,59.55866622924805,122.48999786376953,1.1693171262741089
2018-06-02,7643.4501953125,,,,,,
2018-06-03,7720.25,,,,,,
2018-06-04,7514.47021484375,242.92666625976562,165.47540283203125,45.19815444946289,60.15060806274414,122.37000274658203,1.1668611764907837
2018-06-05,7633.759765625,243.10340881347656,165.98805236816406,45.54686737060547,59.98032760620117,122.8499984741211,1.1700559854507446
2018-06-06,7653.97998046875,245.13589477539062,166.9564666748047,45.7047233581543,60.28847122192383,122.91999816894531,1.1726216077804565
2018-06-07,7678.240234375,245.10931396484375,165.59881591796875,45.582210540771484,61.43178939819336,122.86000061035156,1.178550362586975
2018-06-08,7624.919921875,245.83396911621094,165.60833740234375,45.16752624511719,62.58323669433594,123.01000213623047,1.1795234680175781
2018-06-09,7531.97998046875,,,,,,
2018-06-10,6786.02001953125,,,,,,
2018-06-11,6906.919921875,246.16099548339844,166.05458068847656,45.05678176879883,62.86704635620117,123.2300033569336,1.1783976554870605
2018-06-12,6582.35986328125,246.4790496826172,166.927978515625,45.30418014526367,62.631866455078125,122.81999969482422,1.177412509918213
2018-06-13,6349.89990234375,245.692626953125,166.91844177246094,44.93191146850586,62.00749969482422,123.19000244140625,1.17482590675354
2018-06-14,6675.35009765625,246.31117248535156,168.6083526611328,44.95547866821289,61.61827850341797,123.37999725341797,1.1807769536972046
2018-06-15,6456.580078125,245.9969482421875,168.01974487304688,44.49365997314453,62.745384216308594,121.33999633789062,1.1566576957702637
2018-06-16,6550.16015625,,,,,,
2018-06-17,6499.27001953125,,,,,,
2018-06-18,6734.81982421875,245.49093627929688,167.92263793945312,44.470115661621094,61.49665069580078,121.11000061035156,1.159595012664795
2018-06-19,6769.93994140625,244.55010986328125,167.44700622558594,43.7514762878418,61.89399337768555,120.80000305175781,1.1630746126174927
2018-06-20,6776.5498046875,244.9673309326172,168.63626098632812,43.942317962646484,61.504756927490234,120.26000213623047,1.1588560342788696
2018-06-21,6729.740234375,243.43161010742188,167.17108154296875,43.69728088378906,61.98318099975586,120.05000305175781,1.1579033136367798
2018-06-22,6083.68994140625,243.87550354003906,166.8000030517578,43.57005310058594,62.785945892333984,120.33999633789062,1.1605775356292725
2018-06-23,6162.47998046875,,,,,,
2018-06-24,6173.22998046875,,,,,,
2018-06-25,6249.18017578125,240.55560302734375,163.0419921875,42.92211151123047,63.07786560058594,119.88999938964844,1.1661399602890015
2018-06-26,6093.669921875,241.0882568359375,163.70799255371094,43.45458984375,63.248138427734375,119.26000213623047,1.1702749729156494
2018-06-27,6157.1298828125,239.0909423828125,161.48171997070312,43.3909797668457,62.996761322021484,118.58000183105469,1.1650259494781494
2018-06-28,5903.43994140625,240.4579315185547,162.87074279785156,43.70671463012695,63.2886848449707,118.22000122070312,1.1563634872436523
2018-06-29,6218.2998046875,240.80416870117188,163.30831909179688,43.61481857299805,63.29678726196289,118.6500015258789,1.1562966108322144
2018-06-30,6404.0,,,,,,
2018-07-01,6385.81982421875,,,,,,
2018-07-02,6614.18017578125,241.3189697265625,164.40248107910156,44.102535247802734,63.353546142578125,117.45999908447266,1.1678558588027954
2018-07-03,6529.58984375,240.4668426513672,162.49969482421875,43.334434509277344,63.16707229614258,118.6500015258789,1.1642121076583862
2018-07-04,6597.5498046875,,,,,,1.1659224033355713
2018-07-05,6639.14013671875,242.42849731445312,164.5166473388672,43.68315124511719,64.22929382324219,119.05000305175781,1.166235089302063
2018-07-06,6673.5,244.4790496826172,167.07595825195312,44.288673400878906,64.31037139892578,118.86000061035156,1.1695905923843384
2018-07-07,6856.93017578125,,,,,,
2018-07-08,6773.8798828125,,,,,,
2018-07-09,6741.75,246.6804656982422,168.57913208007812,44.90363693237305,63.13461685180664,119.1500015258789,1.1752262115478516
2018-07-10,6329.9501953125,247.5680694580078,168.7028045654297,44.849449157714844,64.72392272949219,118.93000030517578,1.1756960153579712
2018-07-11,6394.7099609375,245.7572784423828,167.8465576171875,44.26748275756836,64.18875885009766,117.63999938964844,1.1727042198181152
2018-07-12,6228.81005859375,247.98533630371094,170.7388458251953,45.00965881347656,63.96983337402344,118.12999725341797,1.1676785945892334
2018-07-13,6238.0498046875,248.18055725097656,170.8815460205078,45.08034896850586,64.31037139892578,117.61000061035156,1.1665889024734497
2018-07-14,6276.1201171875,,,,,,
2018-07-15,6359.64013671875,,,,,,
2018-07-16,6741.75,247.95867919921875,170.472412109375,44.98139190673828,64.48877716064453,117.55000305175781,1.1679104566574097
2018-07-17,7321.0400390625,248.96177673339844,171.5094757080078,45.10862731933594,64.89421844482422,116.27999877929688,1.170946478843689
2018-07-18,7370.77978515625,249.48548889160156,171.18601989746094,44.861228942871094,64.64285278320312,116.30999755859375,1.1653246879577637
2018-07-19,7466.85986328125,248.54443359375,170.3297576904297,45.209930419921875,64.41947937011719,115.80999755859375,1.164564609527588
2018-07-20,7354.1298828125,248.26052856445312,170.2916717529297,45.10628128051758,64.3785629272461,116.55999755859375,1.1655147075653076
2018-07-21,7419.2900390625,,,,,,
2018-07-22,7418.490234375,,,,,,
2018-07-23,7711.10986328125,248.7220916748047,170.83401489257812,45.146324157714844,64.23947143554688,116.0,1.1741912364959717
2018-07-24,8424.26953125,249.97369384765625,171.53802490234375,45.47381591796875,64.63219451904297,116.04000091552734,1.1694128513336182
2018-07-25,8181.39013671875,252.1040496826172,173.93556213378906,45.902645111083984,65.02496337890625,116.68000030517578,1.1685519218444824
2018-07-26,7951.580078125,251.50930786132812,171.30018615722656,45.75892639160156,65.53227233886719,115.7699966430664,1.1737502813339233
2018-07-27,8165.009765625,249.80503845214844,168.98825073242188,44.99788284301758,65.9332046508789,115.83000183105469,1.1642934083938599
2018-07-28,8192.150390625,,,,,,
2018-07-29,8218.4599609375,,,,,,
2018-07-30,8180.47998046875,248.50015258789062,166.6002655029297,44.74577331542969,65.62226104736328,115.6500015258789,1.16604483127594
2018-07-31,7780.43994140625,249.72520446777344,167.87510681152344,44.83530044555664,66.17865753173828,115.98999786376953,1.1707408428192139
2018-08-01,7624.91015625,249.30789184570312,168.5124969482422,47.476558685302734,65.99048614501953,115.13999938964844,1.168961763381958
2018-08-02,7567.14990234375,250.6661834716797,170.80540466308594,48.86432647705078,67.09510040283203,114.5199966430664,1.1665889024734497
2018-08-03,7434.39013671875,251.74009704589844,171.32867431640625,49.005714416503906,67.36510467529297,114.91999816894531,1.1586008071899414
2018-08-04,7032.85009765625,,,,,,
2018-08-05,7068.47998046875,,,,,,
2018-08-06,6951.7998046875,252.66329956054688,172.33721923828125,49.260169982910156,67.52059936523438,114.33000183105469,1.1562297344207764
2018-08-07,6753.1201171875,253.4977569580078,172.965087890625,48.798362731933594,67.6187515258789,114.58999633789062,1.1558021306991577
2018-08-08,6305.7998046875,253.39122009277344,173.17440795898438,48.83134460449219,67.3814697265625,114.91000366210938,1.1602946519851685
2018-08-09,6568.22998046875,253.0449981689453,173.06979370117188,49.21540832519531,66.60414123535156,114.73999786376953,1.1610760688781738
2018-08-10,6184.7099609375,251.34945678710938,171.74732971191406,49.06880569458008,66.62871551513672,114.69000244140625,1.1523923873901367
2018-08-11,6295.72998046875,,,,,,
2018-08-12,6322.68994140625,,,,,,
2018-08-13,6297.56982421875,250.40859985351562,171.5570831298828,49.38563537597656,66.70233154296875,112.95999908447266,1.1394712924957275
2018-08-14,6199.7099609375,252.00645446777344,172.6321258544922,49.593719482421875,66.5304946899414,113.06999969482422,1.1402509212493896
2018-08-15,6308.52001953125,250.1245574951172,170.52000427246094,49.70957946777344,67.3405532836914,111.19000244140625,1.1345715522766113
2018-08-16,6334.72998046875,252.14842224121094,171.0813446044922,50.43781280517578,68.47792053222656,111.0999984741211,1.134429931640625
2018-08-17,6580.6298828125,253.03610229492188,171.11940002441406,51.4450569152832,68.47792053222656,112.12999725341797,1.1371389627456665
2018-08-18,6423.759765625,,,,,,
2018-08-19,6506.06982421875,,,,,,
2018-08-20,6308.52978515625,253.57757568359375,170.9672088623047,50.94379806518555,68.43700408935547,112.69000244140625,1.1437721252441406
2018-08-21,6488.759765625,254.17221069335938,171.59506225585938,50.844486236572266,68.64972686767578,113.0199966430664,1.149134635925293
2018-08-22,6376.7099609375,254.02142333984375,172.26104736328125,50.84685134887695,68.232421875,113.2699966430664,1.1576753854751587
2018-08-23,6534.8798828125,253.6840362548828,172.0137176513672,50.95088195800781,68.10970306396484,112.19999694824219,1.1584800481796265
2018-08-24,6719.9599609375,255.21092224121094,173.6121063232422,51.10930252075195,68.2078857421875,114.16000366210938,1.154334545135498
2018-08-25,6763.18994140625,,,,,,
2018-08-26,6707.259765625,,,,,,
2018-08-27,6884.64013671875,257.2259216308594,175.38165283203125,51.53017044067383,68.27336120605469,114.58999633789062,1.164890170097351
2018-08-28,7096.27978515625,257.3501281738281,175.6385498046875,51.946311950683594,68.30607604980469,113.68000030517578,1.1683608293533325
2018-08-29,7047.16015625,258.7347412109375,177.6650848388672,52.72184371948242,68.31424713134766,114.19999694824219,1.1691256761550903
2018-08-30,6978.22998046875,257.68743896484375,177.35110473632812,53.206539154052734,68.24879455566406,113.63999938964844,1.1709738969802856
2018-08-31,7037.580078125,257.69622802734375,177.5793914794922,53.82128143310547,67.87240600585938,113.51000213623047,1.1664663553237915
2018-09-01,7193.25,,,,,,
2018-09-02,7272.72021484375,,,,,,
2018-09-03,7260.06005859375,,,,,,1.1601063013076782
2018-09-04,7361.66015625,257.2524719238281,176.81829833984375,53.993892669677734,67.6678466796875,112.93000030517578,1.161548137664795
2018-09-05,6792.830078125,256.5600891113281,174.53494262695312,53.641597747802734,68.15061950683594,113.31999969482422,1.1586545705795288
2018-09-06,6529.169921875,255.78782653808594,172.97463989257812,52.750213623046875,67.62694549560547,113.54000091552734,1.1635212898254395
2018-09-07,6467.06982421875,255.29075622558594,172.30860900878906,52.32461166381836,67.02147674560547,113.2300033569336,1.1620069742202759
2018-09-08,6225.97998046875,,,,,,
2018-09-09,6300.85986328125,,,,,,
2018-09-10,6329.7001953125,255.73458862304688,172.8889923095703,51.62238693237305,67.406005859375,113.1500015258789,1.1561094522476196
2018-09-11,6321.2001953125,256.57781982421875,174.2209930419922,52.92754364013672,67.10326385498047,113.22000122070312,1.159595012664795
2018-09-12,6351.7998046875,256.6400146484375,173.7071990966797,52.27022933959961,68.0033187866211,114.16999816894531,1.1596084833145142
2018-09-13,6517.31005859375,258.1578674316406,175.5624237060547,53.532840728759766,68.28153228759766,113.76000213623047,1.1629259586334229
2018-09-14,6512.7099609375,258.2022705078125,175.04867553710938,52.92517852783203,68.41242980957031,113.0199966430664,1.1691803932189941
2018-09-15,6543.2001953125,,,,,,
2018-09-16,6517.18017578125,,,,,,
2018-09-17,6281.2001953125,256.8352355957031,172.52748107910156,51.5159912109375,68.93610382080078,113.61000061035156,1.1628988981246948
2018-09-18,6371.2998046875,258.22894287109375,173.95458984375,51.601104736328125,68.73155212402344,113.44000244140625,1.1669156551361084
2018-09-19,6398.5400390625,258.5040283203125,173.8213653564453,51.63184356689453,68.73155212402344,113.87999725341797,1.167992353439331
2018-09-20,6519.669921875,260.5989074707031,175.7432403564453,52.02433776855469,69.8443603515625,114.2699966430664,1.167460560798645
2018-09-21,6734.9501953125,260.3608703613281,174.7823028564453,51.46397018432617,70.22074127197266,113.48999786376953,1.1775927543640137
2018-09-22,6721.97998046875,,,,,,
2018-09-23,6710.6298828125,,,,,,
2018-09-24,6595.41015625,259.4959411621094,175.26841735839844,52.20402526855469,68.95248413085938,113.47000122070312,1.1751019954681396
2018-09-25,6446.47021484375,259.255126953125,175.5066680908203,52.53504943847656,68.01152038574219,113.6500015258789,1.175295352935791
2018-09-26,6495.0,258.47943115234375,175.6305694580078,52.11656188964844,68.12606048583984,113.05000305175781,1.1763184070587158
2018-09-27,6676.75,259.2017517089844,177.11740112304688,53.1876335144043,67.79874420166016,112.05000305175781,1.1748534440994263
2018-09-28,6644.1298828125,259.228515625,177.0792999267578,53.374420166015625,68.10150909423828,112.76000213623047,1.1637378931045532
2018-09-29,6601.9599609375,,,,,,
2018-09-30,6625.56005859375,,,,,,
2018-10-01,6589.6201171875,260.1290283203125,177.4414825439453,53.733802795410156,68.4615478515625,112.56999969482422,1.1605371236801147
2018-10-02,6556.10009765625,259.9773864746094,177.04119873046875,54.211429595947266,69.02610778808594,113.87000274658203,1.157755732536316
2018-10-03,6502.58984375,260.1200866699219,177.2318115234375,54.87110137939453,67.93785095214844,113.41999816894531,1.1551746129989624
2018-10-04,6576.68994140625,258.0870666503906,173.82919311523438,53.90641784667969,67.0296401977539,113.4800033569336,1.147631287574768
2018-10-05,6622.47998046875,256.6425476074219,171.70372009277344,53.03158187866211,67.21781921386719,113.80000305175781,1.1518083810806274
2018-10-06,6588.31005859375,,,,,,
2018-10-07,6602.9501953125,,,,,,
2018-10-08,6652.22998046875,256.6425476074219,170.6553192138672,52.908634185791016,67.42239379882812,112.54000091552734,1.1522595882415771
2018-10-09,6642.64013671875,256.2679748535156,171.2081298828125,53.641597747802734,67.25875091552734,112.5999984741211,1.1494120359420776
2018-10-10,6585.52978515625,248.15377807617188,163.67852783203125,51.15658950805664,66.63690185546875,112.87999725341797,1.1506949663162231
2018-10-11,6256.240234375,242.68788146972656,161.64837646484375,50.704986572265625,64.53402709960938,115.77999877929688,1.1533360481262207
2018-10-12,6274.580078125,246.0583953857422,166.14706420898438,52.51613235473633,64.68950653076172,115.2300033569336,1.1590440273284912
2018-10-13,6285.990234375,,,,,,
2018-10-14,6290.93017578125,,,,,,
2018-10-15,6596.5400390625,244.67623901367188,164.135986328125,51.393035888671875,65.56500244140625,116.0,1.1551345586776733
2018-10-16,6596.10986328125,250.02627563476562,168.91110229492188,52.52559280395508,66.2850341796875,115.80000305175781,1.1583458185195923
2018-10-17,6544.43017578125,250.07089233398438,168.9778289794922,52.29861068725586,66.98052978515625,115.79000091552734,1.1575279235839844
2018-10-18,6476.7099609375,246.4596405029297,165.06051635742188,51.07620620727539,66.2351303100586,115.91999816894531,1.1500862836837769
2018-10-19,6465.41015625,246.32583618164062,164.90802001953125,51.85409927368164,72.06292724609375,116.01000213623047,1.1460003852844238
2018-10-20,6489.18994140625,,,,,,
2018-10-21,6482.35009765625,,,,,,
2018-10-22,6487.16015625,245.22018432617188,165.7563018798828,52.17093276977539,71.48509216308594,115.70999908447266,1.1509466171264648
2018-10-23,6475.740234375,243.97177124023438,165.1462860107422,52.6627311706543,71.9473648071289,116.38999938964844,1.1467890739440918
2018-10-24,6495.83984375,236.57984924316406,157.5880889892578,50.85630798339844,73.84590911865234,116.66000366210938,1.147315263748169
2018-10-25,6476.2900390625,240.82423400878906,163.0398712158203,51.9699592590332,73.46621704101562,116.4000015258789,1.1399258375167847
2018-10-26,6474.75,236.58868408203125,158.84620666503906,51.14240646362305,72.5251693725586,116.7699966430664,1.1377859115600586
2018-10-27,6480.3798828125,,,,,,
2018-10-28,6486.39013671875,,,,,,
2018-10-29,6332.6298828125,235.27798461914062,155.57705688476562,50.182456970214844,72.83883666992188,116.30999755859375,1.1398738622665405
2018-10-30,6334.27001953125,238.7644805908203,158.140869140625,50.433082580566406,73.62305450439453,115.80000305175781,1.137617588043213
2018-10-31,6317.60986328125,241.31463623046875,161.85804748535156,51.74769973754883,73.20206451416016,115.1500015258789,1.1346358060836792
2018-11-01,6377.77978515625,243.8826904296875,163.9930419921875,52.542137145996094,73.95320892333984,116.62999725341797,1.1316697597503662
2018-11-02,6388.43994140625,242.4381866455078,161.43869018554688,49.057003021240234,74.13481140136719,116.6500015258789,1.1403288841247559
2018-11-03,6361.259765625,,,,,,
2018-11-04,6376.1298828125,,,,,,
2018-11-05,6419.66015625,243.77566528320312,161.0383758544922,47.66434860229492,75.28223419189453,116.37000274658203,1.1397570371627808
2018-11-06,6461.009765625,245.3181915283203,162.2583770751953,48.17979049682617,75.53813171386719,116.04000091552734,1.141291856765747
2018-11-07,6530.14013671875,250.5702362060547,167.3479766845703,49.64101028442383,75.35651397705078,116.02999877929688,1.1438506841659546
2018-11-08,6453.72021484375,250.1154327392578,166.28053283691406,49.46780014038086,75.41429138183594,115.77999877929688,1.1434059143066406
2018-11-09,6385.6201171875,247.6722412109375,163.47837829589844,48.513980865478516,76.28103637695312,114.4800033569336,1.1368415355682373
2018-11-10,6409.22021484375,,,,,,
2018-11-11,6411.27001953125,,,,,,
2018-11-12,6371.27001953125,243.04446411132812,158.5316925048828,46.07014083862305,76.5204086303711,113.66000366210938,1.132502794265747
2018-11-13,6359.490234375,242.58966064453125,158.66510009765625,45.60982894897461,77.15603637695312,113.69999694824219,1.1233429908752441
2018-11-14,5738.35009765625,240.9311981201172,157.45468139648438,44.32148361206055,77.17253875732422,114.63999938964844,1.1311193704605103
2018-11-15,5648.02978515625,243.44569396972656,160.20913696289062,45.41527557373047,77.45318603515625,114.7699966430664,1.131183385848999
2018-11-16,5575.5498046875,244.07887268066406,159.64683532714844,45.918277740478516,77.44491577148438,115.62000274658203,1.1324899196624756
2018-11-17,5554.330078125,,,,,,
2018-11-18,5623.5400390625,,,,,,
2018-11-19,4871.490234375,239.95034790039062,154.4618682861328,44.09843444824219,77.00743103027344,115.66999816894531,1.141396164894104
2018-11-20,4451.8701171875,235.50979614257812,151.6978759765625,41.99151611328125,76.02513885498047,115.66999816894531,1.1455016136169434
2018-11-21,4602.169921875,236.31228637695312,152.85108947753906,41.944061279296875,75.4555435180664,115.86000061035156,1.1372424364089966
2018-11-22,4365.93994140625,,,,,,1.1388354301452637
2018-11-23,4347.10986328125,234.7340545654297,151.74551391601562,40.87873458862305,75.56290435791016,115.7699966430664,1.1403158903121948
2018-11-24,3880.760009765625,,,,,,
2018-11-25,4009.969970703125,,,,,,
2018-11-26,3779.1298828125,238.5237274169922,155.2529296875,41.43156814575195,75.89305114746094,115.63999938964844,1.1337354183197021
2018-11-27,3820.719970703125,239.326171875,155.7771759033203,41.341407775878906,76.53692626953125,114.94999694824219,1.1333370208740234
2018-11-28,4257.419921875,244.8367462158203,160.79058837890625,42.931087493896484,76.77629852294922,115.37999725341797,1.1298797130584717
2018-11-29,4278.8466796875,244.30172729492188,160.26634216308594,42.601287841796875,76.6194839477539,115.73999786376953,1.1368545293807983
2018-11-30,4017.2685546875,245.7908172607422,161.4291534423828,42.37114715576172,78.01448822021484,115.54000091552734,1.1392766237258911
2018-12-01,4214.671875,,,,,,
2018-12-02,4139.8779296875,,,,,,
2018-12-03,3894.130859375,249.04550170898438,164.25038146972656,43.851688385009766,77.03218078613281,116.41000366210938,1.1342240571975708
2018-12-04,3956.893798828125,240.97579956054688,157.95030212402344,41.92271041870117,77.02396392822266,117.12000274658203,1.135486125946045
2018-12-05,3753.994873046875,,,,,,1.1342884302139282
2018-12-06,3521.101806640625,240.61019897460938,159.0654296875,41.455291748046875,77.22206115722656,117.13999938964844,1.13490629196167
2018-12-07,3419.937255859375,235.0194549560547,153.81378173828125,39.977108001708984,76.31405639648438,118.08999633789062,1.1374752521514893
2018-12-08,3476.11474609375,,,,,,
2018-12-09,3614.234375,,,,,,
2018-12-10,3502.656005859375,235.46517944335938,155.42453002929688,40.2404899597168,76.7928237915039,117.68000030517578,1.1400948762893677
2018-12-11,3424.588134765625,235.51870727539062,155.93923950195312,40.010345458984375,77.51922607421875,117.54000091552734,1.1356538534164429
2018-12-12,3486.9501953125,236.7046661376953,157.31173706054688,40.12184524536133,77.61827850341797,117.79000091552734,1.1323105096817017
2018-12-13,3313.67724609375,236.62435913085938,157.35935974121094,40.560791015625,79.64891052246094,117.52999877929688,1.1373459100723267
2018-12-14,3242.48486328125,232.25518798828125,153.52781677246094,39.26294708251953,79.77274322509766,117.05999755859375,1.1363636255264282
2018-12-15,3236.76171875,,,,,,
2018-12-16,3252.839111328125,,,,,,
2018-12-17,3545.86474609375,227.69871520996094,150.04898071289062,38.897544860839844,76.57818603515625,117.87000274658203,1.1305949687957764
2018-12-18,3696.05908203125,227.44903564453125,150.99253845214844,39.40293884277344,76.34706115722656,118.1500015258789,1.1349835395812988
2018-12-19,3745.95068359375,224.04286193847656,147.28489685058594,38.173885345458984,75.74449157714844,117.43000030517578,1.1375399827957153
2018-12-20,4134.44140625,220.3958282470703,145.14991760253906,37.21057891845703,75.1006088256836,119.23999786376953,1.1389521360397339
2018-12-21,3896.543701171875,215.8800048828125,140.65122985839844,35.76325225830078,75.09236907958984,118.72000122070312,1.1456853151321411
2018-12-22,4014.1826171875,,,,,,
2018-12-23,3998.980224609375,,,,,,
2018-12-24,4078.59912109375,210.1759033203125,137.16334533691406,34.83790969848633,72.1124496459961,120.0199966430664,1.1372811794281006
2018-12-25,3815.49072265625,,,,,,1.140393853187561
2018-12-26,3857.297607421875,220.7949981689453,145.7277069091797,37.2912483215332,74.36595153808594,119.66000366210938,1.1415525674819946
2018-12-27,3654.83349609375,222.49012756347656,146.29164123535156,37.04924011230469,75.9590835571289,120.56999969482422,1.1361312866210938
2018-12-28,3923.918701171875,222.20310974121094,146.21517944335938,37.06821060180664,75.26573181152344,121.05999755859375,1.143105387687683
2018-12-29,3820.40869140625,,,,,,
2018-12-30,3865.95263671875,,,,,,
2018-12-31,3742.700439453125,224.14935302734375,147.44822692871094,37.42649459838867,75.87652587890625,121.25,1.1439945697784424
2019-01-01,3843.52001953125,,,,,,1.1493064165115356
2019-01-02,3943.409423828125,224.38255310058594,148.04086303710938,37.469207763671875,75.34825134277344,121.33000183105469,1.14617121219635
2019-01-03,3836.7412109375,219.02816772460938,143.20428466796875,33.73700714111328,74.81993103027344,122.43000030517578,1.1318106651306152
2019-01-04,3857.717529296875,226.36463928222656,149.33123779296875,35.177207946777344,76.34706115722656,121.44000244140625,1.1391078233718872
2019-01-05,3845.194580078125,,,,,,
2019-01-06,4076.632568359375,,,,,,
2019-01-07,4025.248291015625,228.1494140625,151.10911560058594,35.09890365600586,76.04165649414062,121.86000061035156,1.1410444974899292
2019-01-08,4030.847900390625,230.29298400878906,152.47601318359375,35.76799774169922,76.3222885131836,121.52999877929688,1.1479737758636475
2019-01-09,4035.29638671875,231.36924743652344,153.71853637695312,36.375404357910156,75.07584381103516,122.30999755859375,1.1456066370010376
2019-01-10,3678.924560546875,232.18545532226562,154.15821838378906,36.49166488647461,75.25746154785156,121.58999633789062,1.1554949283599854
2019-01-11,3687.365478515625,232.275146484375,153.59429931640625,36.13337707519531,75.75273132324219,121.80000305175781,1.151012897491455
2019-01-12,3661.301025390625,,,,,,
2019-01-13,3552.953125,,,,,,
2019-01-14,3706.05224609375,230.8580322265625,152.2370147705078,35.59004592895508,75.24095916748047,122.08999633789062,1.146013617515564
2019-01-15,3630.67529296875,233.50387573242188,155.209716796875,36.318458557128906,75.95085906982422,121.87999725341797,1.1472889184951782
2019-01-16,3655.0068359375,234.0688934326172,155.18099975585938,36.76214599609375,75.42256164550781,122.2699966430664,1.1416828632354736
2019-01-17,3678.56396484375,235.84471130371094,156.40447998046875,36.98041915893555,75.41172790527344,122.11000061035156,1.1398088932037354
2019-01-18,3657.83935546875,238.9838409423828,157.9529266357422,37.20820999145508,76.06069946289062,121.0199966430664,1.13926362991333
2019-01-19,3728.568359375,,,,,,
2019-01-20,3601.013671875,,,,,,
2019-01-21,3576.032470703125,,,,,,1.1365574598312378
2019-01-22,3604.5771484375,235.75498962402344,154.78909301757812,36.37303161621094,75.24532318115234,121.44999694824219,1.136932134628296
2019-01-23,3585.123046875,236.24830627441406,154.98985290527344,36.5201416015625,78.90608215332031,121.27999877929688,1.1364023685455322
2019-01-24,3600.865478515625,236.37387084960938,155.99346923828125,36.23066711425781,78.45684051513672,121.08999633789062,1.1388224363327026
2019-01-25,3599.765869140625,238.3739013671875,157.8573455810547,37.431236267089844,77.8744125366211,122.86000061035156,1.1313496828079224
2019-01-26,3602.46044921875,,,,,,
2019-01-27,3583.9658203125,,,,,,
2019-01-28,3470.450439453125,236.562255859375,155.90744018554688,37.0848274230957,77.80786895751953,123.29000091552734,1.1413049697875977
2019-01-29,3448.116943359375,236.24830627441406,154.43540954589844,36.70046615600586,77.82449340820312,123.9800033569336,1.143000841140747
2019-01-30,3486.181640625,239.9883575439453,158.36398315429688,39.208370208740234,78.63984680175781,124.69000244140625,1.1435366868972778
2019-01-31,3457.792724609375,242.09596252441406,160.7344512939453,39.490718841552734,80.26223754882812,124.75,1.1487650871276855
2019-02-01,3487.9453125,242.21258544921875,160.05575561523438,39.509700775146484,81.09422302246094,124.5,1.1449507474899292
2019-02-02,3521.060791015625,,,,,,
2019-02-03,3464.013427734375,,,,,,
2019-02-04,3459.154052734375,243.91668701171875,162.04393005371094,40.6319694519043,81.56015014648438,123.95999908447266,1.1455278396606445
2019-02-05,3466.357421875,244.9391326904297,163.4776611328125,41.32716751098633,81.06928253173828,124.27999877929688,1.1436283588409424
2019-02-06,3413.767822265625,244.61631774902344,162.99020385742188,41.341407775878906,81.4686279296875,123.44000244140625,1.140992522239685
2019-02-07,3399.4716796875,242.28436279296875,160.80133056640625,40.55841827392578,80.8196792602539,123.73999786376953,1.1365960836410522
2019-02-08,3666.7802734375,242.58029174804688,161.11672973632812,40.606082916259766,81.29390716552734,124.20999908447266,1.1338768005371094
2019-02-09,3671.20361328125,,,,,,
2019-02-10,3690.188232421875,,,,,,
2019-02-11,3648.4306640625,242.71484375,160.96380615234375,40.37255096435547,81.75981903076172,123.5999984741211,1.1324259042739868
2019-02-12,3653.528564453125,245.83602905273438,163.3439178466797,40.72045135498047,82.58350372314453,123.86000061035156,1.1279042959213257
2019-02-13,3632.070556640625,246.6342315673828,163.4585418701172,40.551265716552734,82.56685638427734,123.37000274658203,1.1334655284881592
2019-02-14,3616.880859375,246.087158203125,163.65933227539062,40.69900894165039,81.91790008544922,124.05999755859375,1.12649405002594
2019-02-15,3620.810791015625,248.7687530517578,164.3475341796875,40.60845947265625,81.9345474243164,124.80000305175781,1.1295350790023804
2019-02-16,3629.78759765625,,,,,,
2019-02-17,3673.836181640625,,,,,,
2019-02-18,3915.71435546875,,,,,,1.1298030614852905
2019-02-19,3947.094482421875,249.19935607910156,164.6724853515625,40.729976654052734,83.19084930419922,126.69999694824219,1.131196141242981
2019-02-20,3999.820556640625,249.70156860351562,164.6438446044922,40.992095947265625,82.60015106201172,126.4800033569336,1.1343011856079102
2019-02-21,3954.1181640625,248.81365966796875,164.04161071777344,40.760963439941406,83.0161361694336,125.05000305175781,1.1346358060836792
2019-02-22,4005.526611328125,250.3563232421875,165.25559997558594,41.21607971191406,83.40718078613281,125.5,1.1343011856079102
2019-02-23,4142.52685546875,,,,,,
2019-02-24,3810.427490234375,,,,,,
2019-02-25,3882.6962890625,250.6970977783203,165.85772705078125,41.51632308959961,82.8414077758789,125.37000274658203,1.1342240571975708
2019-02-26,3854.35791015625,250.5177764892578,166.02978515625,41.54014587402344,83.0577392578125,125.58000183105469,1.1367511749267578
2019-02-27,3851.04736328125,250.41014099121094,165.92465209960938,41.66881561279297,82.29231262207031,124.69000244140625,1.1393154859542847
2019-02-28,3854.785400390625,249.94369506835938,165.54232788085938,41.25897979736328,81.99279022216797,123.98999786376953,1.1380189657211304
2019-03-01,3859.583740234375,251.5043182373047,166.68931579589844,41.69265365600586,81.9012680053711,121.87999725341797,1.1373459100723267
2019-03-02,3864.4150390625,,,,,,
2019-03-03,3847.17578125,,,,,,
2019-03-04,3761.55712890625,250.58950805664062,166.718017578125,41.90235137939453,82.25902557373047,121.55999755859375,1.1375917196273804
2019-03-05,3896.375,250.24868774414062,166.84228515625,41.82609558105469,82.44204711914062,121.72000122070312,1.1337354183197021
2019-03-06,3903.942626953125,248.73294067382812,165.89601135253906,41.58543014526367,82.30892944335938,121.61000061035156,1.1307101249694824
2019-03-07,3911.484375,246.65219116210938,163.8600311279297,41.104087829589844,81.99279022216797,121.51000213623047,1.1314009428024292
2019-03-08,3901.131591796875,246.15890502929688,163.6115264892578,41.20179748535156,81.87632751464844,122.83999633789062,1.1198333501815796
2019-03-09,3963.313720703125,,,,,,
2019-03-10,3951.599853515625,,,,,,
2019-03-11,3905.227294921875,249.72848510742188,167.0142822265625,42.629112243652344,82.84974670410156,122.23999786376953,1.1232421398162842
2019-03-12,3909.15625,250.6702423095703,167.9319305419922,43.108070373535156,83.24075317382812,122.9800033569336,1.1259232759475708
2019-03-13,3906.71728515625,252.3294677734375,169.1936492919922,43.2986946105957,84.18091583251953,123.83999633789062,1.1287446022033691
2019-03-14,3924.369140625,252.16812133789062,168.90692138671875,43.780025482177734,84.29740905761719,122.41000366210938,1.133105993270874
2019-03-15,3960.9111328125,253.4138946533203,170.47450256347656,44.349525451660156,85.2292251586914,122.97000122070312,1.1308379173278809
2019-03-16,4048.725830078125,,,,,,
2019-03-17,4025.22900390625,,,,,,
2019-03-18,4032.50732421875,254.3326873779297,170.88047790527344,44.80226135253906,84.45547485351562,123.04000091552734,1.1319772005081177
2019-03-19,4071.190185546875,254.3957977294922,171.45506286621094,44.44721603393555,84.77996826171875,123.37999725341797,1.133619785308838
2019-03-20,4087.476318359375,253.62998962402344,172.1348876953125,44.83563232421875,84.63020324707031,124.18000030517578,1.135486125946045
2019-03-21,4029.326904296875,256.4946594238281,174.82574462890625,46.48694610595703,85.27084350585938,123.68000030517578,1.1427918672561646
2019-03-22,4023.96826171875,251.55813598632812,170.9857940673828,45.524269104003906,84.58029174804688,123.97000122070312,1.1375011205673218
2019-03-23,4035.826416015625,,,,,,
2019-03-24,4022.168212890625,,,,,,
2019-03-25,3963.070556640625,251.36895751953125,170.66024780273438,44.97383499145508,84.82987213134766,124.91999816894531,1.129586100578308
2019-03-26,3985.080810546875,253.24270629882812,171.45506286621094,44.50918197631836,85.71178436279297,124.30000305175781,1.131580114364624
2019-03-27,4087.066162109375,251.91844177246094,170.3538360595703,44.90949249267578,85.61193084716797,123.6500015258789,1.127484679222107
2019-03-28,4069.107177734375,252.87335205078125,170.7464141845703,44.96907424926758,86.15275573730469,121.9000015258789,1.1251758337020874
2019-03-29,4098.37451171875,254.46786499023438,172.03912353515625,45.26216125488281,86.5687484741211,122.01000213623047,1.1230024099349976
2019-03-30,4106.66015625,,,,,,
2019-03-31,4105.404296875,,,,,,
2019-04-01,4158.18310546875,257.4855651855469,174.31820678710938,45.56954574584961,86.2276382446289,121.52999877929688,1.1223849058151245
2019-04-02,4879.8779296875,257.61181640625,174.9789276123047,46.23197937011719,86.31913757324219,121.9800033569336,1.1205737590789795
2019-04-03,4973.02197265625,258.0170593261719,175.98434448242188,46.54890060424805,86.26923370361328,121.80000305175781,1.1203854084014893
2019-04-04,4922.798828125,258.7018127441406,175.91738891601562,46.62991714477539,86.05291748046875,122.11000061035156,1.1246949434280396
2019-04-05,5036.68115234375,259.95391845703125,176.82704162597656,46.94206237792969,86.23595428466797,121.9800033569336,1.1225864887237549
2019-04-06,5059.8173828125,,,,,,
2019-04-07,5198.89697265625,,,,,,
2019-04-08,5289.77099609375,260.1520690917969,177.2771453857422,47.680747985839844,87.33416748046875,122.51000213623047,1.121956706047058
2019-04-09,5204.95849609375,258.81884765625,176.65464782714844,47.537776947021484,87.07626342773438,123.1500015258789,1.1256444454193115
2019-04-10,5324.5517578125,259.70166015625,177.60269165039062,47.804649353027344,87.06793212890625,123.52999877929688,1.126697063446045
2019-04-11,5064.48779296875,259.6295471191406,177.181396484375,47.40671157836914,87.15113067626953,121.94999694824219,1.1276500225067139
2019-04-12,5089.5390625,261.3862609863281,177.9474334716797,47.38764190673828,87.4090347290039,121.83000183105469,1.1260753870010376
2019-04-13,5096.58642578125,,,,,,
2019-04-14,5167.72216796875,,,,,,
2019-04-15,5067.1083984375,261.2151794433594,177.97618103027344,47.47343826293945,87.96647644042969,121.5999984741211,1.1305055618286133
2019-04-16,5235.5595703125,261.3862609863281,178.5890350341797,47.47819900512695,88.5405502319336,120.51000213623047,1.1304928064346313
2019-04-17,5251.93798828125,260.7466735839844,179.21139526367188,48.40275192260742,88.68801879882812,120.27999877929688,1.128502607345581
2019-04-18,5298.3857421875,261.2601623535156,179.44126892089844,48.57670211791992,88.85559844970703,120.37000274658203,1.129713773727417
2019-04-19,5303.8125,,,,,,1.1235954761505127
2019-04-20,5337.88623046875,,,,,,
2019-04-21,5314.53125,,,,,,
2019-04-22,5399.365234375,261.4854431152344,179.9487762451172,48.73635482788086,88.82209014892578,120.37000274658203,1.1244546175003052
2019-04-23,5572.3623046875,263.8365173339844,182.2373809814453,49.43928527832031,86.4341812133789,120.12000274658203,1.1258978843688965
2019-04-24,5464.86669921875,263.2510070800781,181.66287231445312,49.363033294677734,86.87824249267578,120.47000122070312,1.122435212135315
2019-04-25,5210.515625,263.0888977050781,182.4001922607422,48.91506576538086,86.53469848632812,120.56999969482422,1.1153494119644165
2019-04-26,5279.34814453125,264.31396484375,182.56297302246094,48.681541442871094,88.69639587402344,121.37000274658203,1.113684892654419
2019-04-27,5268.291015625,,,,,,
2019-04-28,5285.13916015625,,,,,,
2019-04-29,5247.3525390625,264.7283630371094,182.91726684570312,48.755409240722656,87.79151153564453,120.83000183105469,1.1150261163711548
2019-04-30,5350.7265625,264.8635559082031,181.50003051757812,47.81657409667969,89.21589660644531,121.19999694824219,1.1185182332992554
2019-05-01,5402.697265625,262.8726501464844,180.91590881347656,50.16366195678711,87.91716766357422,120.4000015258789,1.121604323387146
2019-05-02,5505.28369140625,262.30511474609375,180.1307373046875,49.83721923828125,88.44505310058594,119.94000244140625,1.1200841665267944
2019-05-03,5768.28955078125,264.8724670410156,183.00344848632812,50.456756591796875,88.88075256347656,120.6500015258789,1.1173559427261353
2019-05-04,5831.16748046875,,,,,,
2019-05-05,5795.70849609375,,,,,,
2019-05-06,5746.80712890625,263.78253173828125,181.8831024169922,49.67757034301758,88.54558563232422,120.80999755859375,1.1185808181762695
2019-05-07,5829.50146484375,259.3773193359375,178.34005737304688,48.338409423828125,87.72450256347656,121.20999908447266,1.1201846599578857
2019-05-08,5982.45751953125,259.01702880859375,177.88999938964844,48.347938537597656,88.03448486328125,120.91000366210938,1.1191065311431885
2019-05-09,6174.52880859375,258.2333068847656,176.93235778808594,47.828495025634766,87.33906555175781,121.19999694824219,1.1198333501815796
2019-05-10,6378.84912109375,259.53057861328125,177.15264892578125,47.165897369384766,88.82209014892578,121.43000030517578,1.1222084760665894
2019-05-11,7204.771484375,,,,,,
2019-05-12,6972.37158203125,,,,,,
2019-05-13,7814.9150390625,253.00843811035156,171.00494384765625,44.42463684082031,88.90586853027344,122.66999816894531,1.1236460208892822
2019-05-14,7994.416015625,255.29661560058594,172.88182067871094,45.127891540527344,88.47856140136719,122.45999908447266,1.1232547760009766
2019-05-15,8205.16796875,256.7919921875,175.32362365722656,45.668479919433594,89.40023040771484,122.38999938964844,1.1204482316970825
2019-05-16,7884.9091796875,259.1702575683594,177.0855712890625,45.46756362915039,90.58160400390625,121.51000213623047,1.1207244396209717
2019-05-17,7343.8955078125,257.4946594238281,175.27578735351562,45.20922088623047,90.02861022949219,120.6500015258789,1.1173559427261353
2019-05-18,7271.2080078125,,,,,,
2019-05-19,8197.689453125,,,,,,
2019-05-20,7978.30908203125,255.7920684814453,172.31683349609375,43.795528411865234,89.92806243896484,120.63999938964844,1.1165324449539185
2019-05-21,7963.32763671875,258.09820556640625,174.1171112060547,44.6351318359375,89.12371063232422,120.36000061035156,1.1168566942214966
2019-05-22,7680.06640625,257.30548095703125,173.34146118164062,43.72137451171875,89.41700744628906,120.23999786376953,
2019-05-23,7881.8466796875,254.1615447998047,170.68899536132812,42.97507095336914,89.45048522949219,121.16999816894531,1.1155484914779663
2019-05-24,7987.37158203125,254.73812866210938,170.60279846191406,42.81001663208008,89.39183044433594,121.30000305175781,1.1184556484222412
2019-05-25,8052.5439453125,,,,,,
2019-05-26,8673.2158203125,,,,,,
2019-05-27,8805.7783203125,,,,,,1.1209630966186523
2019-05-28,8719.9619140625,252.36892700195312,169.961181640625,42.63300323486328,87.52339172363281,120.83000183105469,1.1193821430206299
2019-05-29,8659.4873046875,250.6753387451172,168.56312561035156,42.4296875,87.29717254638672,120.87000274658203,1.1170687675476074
2019-05-30,8319.47265625,251.35992431640625,169.2717742919922,42.64975357055664,88.25234985351562,121.69000244140625,1.1137346029281616
2019-05-31,8574.501953125,247.9728546142578,166.5713653564453,41.87713623046875,86.22468566894531,123.33000183105469,1.1131147146224976
2019-06-01,8564.0166015625,,,,,,
2019-06-02,8742.9580078125,,,,,,
2019-06-03,8208.9951171875,247.34219360351562,162.90380859375,41.45374298095703,86.97038269042969,125.11000061035156,1.1174057722091675
2019-06-04,7707.77099609375,252.7112579345703,167.4906768798828,42.97028350830078,87.70772552490234,125.1500015258789,1.124631643295288
2019-06-05,7824.2314453125,254.90023803710938,168.7355194091797,43.66396713256836,89.42534637451172,125.47000122070312,1.1254037618637085
2019-06-06,7822.0234375,256.5577697753906,170.07614135742188,44.30503463745117,89.9699478149414,125.87999725341797,1.1229015588760376
2019-06-07,8043.951171875,259.1251220703125,173.36061096191406,45.48430252075195,91.13459777832031,126.58999633789062,1.1276500225067139
2019-06-08,7954.1279296875,,,,,,
2019-06-09,7688.0771484375,,,,,,
2019-06-10,8000.32958984375,260.3143615722656,175.381103515625,46.0655632019043,91.09272003173828,125.33000183105469,1.1320157051086426
2019-06-11,7927.71435546875,260.2510986328125,175.62051391601562,46.59898376464844,91.64568328857422,125.18000030517578,1.1318106651306152
2019-06-12,8145.857421875,259.7917785644531,174.60546875,46.45067596435547,91.89704132080078,125.83000183105469,1.1329518556594849
2019-06-13,8230.923828125,260.86376953125,175.63966369628906,46.44110870361328,92.92765045166016,126.5999984741211,1.1295605897903442
2019-06-14,8693.8330078125,260.57550048828125,174.89273071289062,46.10383987426758,93.17060089111328,126.55999755859375,1.1280443668365479
2019-06-15,8838.375,,,,,,
2019-06-16,8994.48828125,,,,,,
2019-06-17,9320.3525390625,260.674560546875,175.9460906982422,46.378929138183594,92.99462890625,126.4800033569336,1.1217050552368164
2019-06-18,9081.7626953125,263.4041748046875,178.50282287597656,47.46967697143555,91.83001708984375,127.12000274658203,1.1224603652954102
2019-06-19,9273.521484375,263.99871826171875,179.17312622070312,47.33094787597656,92.51707458496094,127.88999938964844,1.1198208332061768
2019-06-20,9527.16015625,266.52105712890625,180.8393096923828,47.71127700805664,93.62305450439453,131.11000061035156,1.1238480806350708
2019-06-21,10144.556640625,266.13360595703125,180.57125854492188,47.548622131347656,93.17060089111328,131.97999572753906,1.1295605897903442
2019-06-22,10701.69140625,,,,,,
2019-06-23,10855.37109375,,,,,,
2019-06-24,11011.1025390625,265.8077392578125,180.5769805908203,47.50077438354492,94.11740112304688,133.94000244140625,1.1384724378585815
2019-06-25,11790.9169921875,263.20068359375,177.4770965576172,46.780784606933594,93.60629272460938,134.1999969482422,1.140029788017273
2019-06-26,13016.2314453125,262.9381103515625,178.302490234375,47.79261016845703,91.93893432617188,132.97000122070312,1.1369967460632324
2019-06-27,11182.806640625,263.87060546875,178.98387145996094,47.77825164794922,91.98082733154297,132.83999633789062,1.1374752521514893
2019-06-28,12407.33203125,265.2283935546875,179.21421813964844,47.3429069519043,91.87190246582031,133.1999969482422,1.1372941732406616
2019-06-29,11959.37109375,,,,,,
2019-06-30,10817.1552734375,,,,,,
2019-07-01,10583.134765625,267.6362609863281,181.6326446533203,48.211204528808594,92.57572174072266,130.6199951171875,1.1364928483963013
2019-07-02,10801.677734375,268.3333435058594,182.35240173339844,48.49346923828125,93.40518951416016,133.41000366210938,1.1287446022033691
2019-07-03,11961.26953125,270.4786376953125,183.72474670410156,48.895328521728516,95.58366394042969,133.6300048828125,1.1293054819107056
2019-07-04,11215.4375,,,,,,1.1287955045700073
2019-07-05,10978.4599609375,270.17083740234375,183.3505096435547,48.852264404296875,94.80442810058594,132.13999938964844,1.128579020500183
2019-07-06,11208.55078125,,,,,,
2019-07-07,11450.8466796875,,,,,,
2019-07-08,12285.9580078125,268.6863708496094,182.06451416015625,47.84523391723633,95.55853271484375,131.2899932861328,1.1227376461029053
2019-07-09,12573.8125,269.021240234375,182.97622680664062,48.137062072753906,94.60335540771484,131.75,1.121604323387146
2019-07-10,12156.5126953125,270.30657958984375,184.7996368408203,48.61306381225586,95.30714416503906,133.8300018310547,1.120824933052063
2019-07-11,11358.662109375,270.94024658203125,184.66529846191406,48.259056091308594,95.83502960205078,132.6999969482422,1.125885248184204
2019-07-12,11815.986328125,272.1532287597656,185.73056030273438,48.62981414794922,96.34611511230469,133.52999877929688,1.1252391338348389
2019-07-13,11392.37890625,,,,,,
2019-07-14,10256.05859375,,,,,,
2019-07-15,10895.08984375,272.2438049316406,186.32553100585938,49.08668518066406,96.75666046142578,133.52999877929688,1.1272051334381104
2019-07-16,9477.6416015625,271.3656921386719,185.36582946777344,48.916847229003906,97.1001968383789,132.39999389648438,1.1261768341064453
2019-07-17,9693.802734375,269.51910400390625,184.4541778564453,48.64177703857422,97.14210510253906,134.5800018310547,1.1212271451950073
2019-07-18,10666.482421875,270.5057067871094,184.66529846191406,49.19434356689453,97.34953308105469,136.47999572753906,1.12296462059021
2019-07-19,10530.732421875,269.0030822753906,183.3120880126953,48.459983825683594,96.98693084716797,134.47000122070312,1.1261515617370605
2019-07-20,10767.1396484375,,,,,,
2019-07-21,10599.10546875,,,,,,
2019-07-22,10343.1064453125,269.6638488769531,184.7708740234375,49.56748962402344,97.23147583007812,134.4499969482422,1.1218308210372925
2019-07-23,9900.767578125,271.59210205078125,185.9800567626953,49.95499038696289,96.0086898803711,133.69000244140625,1.1206114292144775
2019-07-24,9811.92578125,272.8683776855469,187.28526306152344,49.914329528808594,94.95459747314453,134.3699951171875,1.1151255369186401
2019-07-25,9911.841796875,271.5648498535156,185.5098114013672,49.5196418762207,95.09794616699219,133.4199981689453,1.1142433881759644
2019-07-26,9870.3037109375,273.3843994140625,187.4196014404297,49.691871643066406,96.75080108642578,133.63999938964844,1.1146159172058105
2019-07-27,9477.677734375,,,,,,
2019-07-28,9552.8603515625,,,,,,
2019-07-29,9519.1455078125,272.8864440917969,186.77664184570312,50.155914306640625,97.82177734375,134.52999877929688,1.1132138967514038
2019-07-30,9607.423828125,272.2166442871094,185.97047424316406,49.94063186645508,101.54068756103516,134.97999572753906,1.1143054962158203
2019-07-31,10085.6279296875,269.23846435546875,183.39846801757812,50.95964050292969,99.5420913696289,133.2100067138672,1.1157974004745483
2019-08-01,10399.6689453125,266.89398193359375,182.4867706298828,49.8569221496582,98.43738555908203,136.41000366210938,1.1071745157241821
2019-08-02,10518.1748046875,264.88433837890625,179.7996063232422,48.802040100097656,98.19282531738281,135.88999938964844,1.1078859567642212
2019-08-03,10821.7265625,,,,,,
2019-08-04,10970.1845703125,,,,,,
2019-08-05,11805.6533203125,256.91851806640625,173.4464111328125,46.24734878540039,95.35935974121094,137.7899932861328,1.1108025312423706
2019-08-06,11478.1689453125,260.5212707519531,175.87448120117188,47.122833251953125,96.37129974365234,138.91000366210938,1.1243788003921509
2019-08-07,11941.96875,260.67510986328125,176.82455444335938,47.61081314086914,97.4169921875,141.02000427246094,1.1206992864608765
2019-08-08,11966.4072265625,265.78961181640625,180.67294311523438,48.66089630126953,99.03612518310547,141.72999572753906,1.1204355955123901
2019-08-09,11862.9365234375,263.9791564941406,178.97427368164062,48.259918212890625,98.47954559326172,141.25999450683594,1.1187183856964111
2019-08-10,11354.0244140625,,,,,,
2019-08-11,11523.5791015625,,,,,,
2019-08-12,11382.6162109375,260.7657165527344,176.9205322265625,48.13746643066406,97.84708404541016,142.6300048828125,1.1208499670028687
2019-08-13,10895.830078125,264.821044921875,180.79771423339844,50.1760139465332,98.87589263916016,141.77999877929688,1.1218308210372925
2019-08-14,10051.7041015625,256.9908752441406,175.39456176757812,48.68251419067383,97.6446762084961,142.75,1.1177055835723877
2019-08-15,10311.5458984375,257.6697692871094,175.19305419921875,48.44000244140625,98.99395751953125,143.6999969482422,1.1143302917480469
2019-08-16,10374.3388671875,261.47174072265625,178.0050048828125,49.58293151855469,100.5034408569336,142.77999877929688,1.1113580465316772
2019-08-17,10231.744140625,,,,,,
2019-08-18,10345.810546875,,,,,,
2019-08-19,10916.0537109375,264.62188720703125,180.83604431152344,50.507362365722656,101.39734649658203,141.11000061035156,1.109385371208191
2019-08-20,10763.232421875,262.59417724609375,179.43495178222656,50.509761810302734,100.2673110961914,142.2100067138672,1.1083157062530518
2019-08-21,10138.0498046875,264.73052978515625,181.0280303955078,51.057212829589844,100.52030181884766,141.75999450683594,1.1097793579101562
2019-08-22,10131.0556640625,264.6490478515625,180.44261169433594,51.01399612426758,100.70584106445312,141.39999389648438,1.10907781124115
2019-08-23,10407.96484375,257.8509216308594,174.73240661621094,48.656105041503906,98.93489074707031,144.1699981689453,1.1084016561508179
2019-08-24,10159.9609375,,,,,,
2019-08-25,10138.517578125,,,,,,
2019-08-26,10370.8203125,260.7023010253906,177.37156677246094,49.580535888671875,100.62150573730469,144.19000244140625,1.1143054962158203
2019-08-27,10185.5,259.6794128417969,176.99725341796875,49.02106857299805,101.65876770019531,145.57000732421875,1.1103708744049072
2019-08-28,9754.4228515625,261.50787353515625,177.6306915283203,49.35002899169922,102.37555694580078,145.16000366210938,1.109004020690918
2019-08-29,9510.2001953125,264.8481750488281,180.3466339111328,50.18561553955078,102.1900405883789,144.1199951171875,1.1085859537124634
2019-08-30,9598.173828125,264.73052978515625,179.91476440429688,50.12077331542969,101.38890075683594,143.75,1.1061947345733643
2019-08-31,9630.6640625,,,,,,
2019-09-01,9757.970703125,,,,,,
2019-09-02,10346.7607421875,,,,,,1.0991789102554321
2019-09-03,10623.5400390625,263.1826477050781,178.16815185546875,49.390846252441406,102.3418197631836,145.75,1.0968520641326904
2019-09-04,10594.4931640625,266.1698303222656,180.74014282226562,50.22883987426758,103.90190124511719,146.66000366210938,1.0974539518356323
2019-09-05,10575.533203125,269.5915222167969,184.0511016845703,51.21089172363281,103.52242279052734,143.13999938964844,1.10349702835083
2019-09-06,10353.302734375,269.7996826171875,183.86874389648438,51.206077575683594,103.61518859863281,141.9199981689453,1.1036310195922852
2019-09-07,10517.2548828125,,,,,,
2019-09-08,10441.2763671875,,,,,,
2019-09-09,10334.974609375,269.93548583984375,183.48483276367188,51.42457580566406,103.02489471435547,141.38999938964844,1.1020619869232178
2019-09-10,10115.9755859375,269.8721618652344,182.95701599121094,52.03207015991211,101.09376525878906,140.17999267578125,1.1048381328582764
2019-09-11,10178.3720703125,271.7911376953125,184.67486572265625,53.68643569946289,102.26593017578125,141.02999877929688,1.1050333976745605
2019-09-12,10410.126953125,272.732666015625,185.442626953125,53.566368103027344,103.53085327148438,141.32000732421875,1.1013457775115967
2019-09-13,10360.546875,272.5515441894531,184.7804718017578,52.524288177490234,102.98273468017578,140.14999389648438,1.1058276891708374
2019-09-14,10358.048828125,,,,,,
2019-09-15,10347.712890625,,,,,,
2019-09-16,10276.7939453125,271.7097473144531,183.95509338378906,52.800411224365234,100.98411560058594,141.32000732421875,1.1083402633666992
2019-09-17,10241.2724609375,272.397705078125,184.83804321289062,52.99250793457031,102.17317962646484,141.60000610351562,1.100594401359558
2019-09-18,10198.248046875,272.56060791015625,184.76124572753906,53.48954772949219,102.3840103149414,140.7100067138672,1.1074687242507935
2019-09-19,10266.4150390625,272.5425109863281,185.0683135986328,53.054935455322266,102.79720306396484,141.27999877929688,1.1031439304351807
2019-09-20,10181.6416015625,271.2548522949219,183.11056518554688,52.27937698364258,103.08390808105469,142.9499969482422,1.1048502922058105
2019-09-21,10019.716796875,,,,,,
2019-09-22,10070.392578125,,,,,,
2019-09-23,9729.32421875,271.1911315917969,183.19137573242188,52.517093658447266,103.91033172607422,143.75,1.1019041538238525
2019-09-24,8620.56640625,269.0631103515625,180.75840759277344,52.267372131347656,104.23921966552734,144.50999450683594,1.0993722677230835
2019-09-25,8486.9931640625,270.6546325683594,182.78741455078125,53.071754455566406,103.7416763305664,141.8300018310547,1.1016855239868164
2019-09-26,8118.9677734375,270.0908203125,182.1143035888672,52.79801940917969,104.82953643798828,141.7899932861328,1.0952903032302856
2019-09-27,8251.845703125,268.6356201171875,179.8544921875,52.541107177734375,105.04877471923828,141.05999755859375,1.0922753810882568
2019-09-28,8245.9150390625,,,,,,
2019-09-29,8104.185546875,,,,,,
2019-09-30,8293.8681640625,269.881591796875,181.56619262695312,53.777671813964844,104.88855743408203,138.8699951171875,1.0942714214324951
2019-10-01,8343.2763671875,266.6714782714844,180.08526611328125,53.926536560058594,104.44161987304688,139.6300048828125,1.0899657011032104
2019-10-02,8393.0419921875,261.9608154296875,176.98880004882812,52.57471466064453,102.10569763183594,141.25999450683594,1.0934937000274658
2019-10-03,8259.9921875,264.1070251464844,178.93133544921875,53.02132034301758,102.66226959228516,141.89999389648438,1.0963709354400635
2019-10-04,8205.939453125,267.6808776855469,181.56619262695312,54.50761413574219,104.56810760498047,141.89999389648438,1.0975382328033447
2019-10-05,8151.50048828125,,,,,,
2019-10-06,7988.15576171875,,,,,,
2019-10-07,8245.623046875,266.5259094238281,181.01806640625,54.519615173339844,103.58988952636719,140.69000244140625,1.098659634590149
2019-10-08,8228.783203125,262.38818359375,178.3062286376953,53.880924224853516,101.97921752929688,141.9199981689453,1.0972130298614502
2019-10-09,8595.740234375,264.87994384765625,180.04678344726562,54.512413024902344,102.86466217041016,142.0500030517578,1.0960105657577515
2019-10-10,8586.4736328125,266.6714782714844,181.441162109375,55.247154235839844,102.8309326171875,140.80999755859375,1.0987803936004639
2019-10-11,8321.7568359375,269.43603515625,183.77793884277344,56.716636657714844,102.1141357421875,140.02999877929688,1.1011033058166504
2019-10-12,8336.5556640625,,,,,,
2019-10-13,8321.005859375,,,,,,
2019-10-14,8374.6865234375,269.13592529296875,183.75869750976562,56.63499069213867,101.23712158203125,140.58999633789062,1.1030004024505615
2019-10-15,8205.369140625,271.8004455566406,186.0955352783203,56.5029411315918,98.83372497558594,139.61000061035156,1.1029006242752075
2019-10-16,8047.52685546875,271.3639221191406,185.63389587402344,56.27483367919922,99.11199951171875,140.41000366210938,1.1034727096557617
2019-10-17,8103.9111328125,272.1641540527344,186.12432861328125,56.49332809448242,98.98131561279297,140.61000061035156,1.107493281364441
2019-10-18,7973.20751953125,270.9728698730469,184.33567810058594,56.764652252197266,99.6942138671875,140.4600067138672,1.1127183437347412
2019-10-19,7988.560546875,,,,,,
2019-10-20,8222.078125,,,,,,
2019-10-21,8243.720703125,272.809814453125,185.97047424316406,57.749114990234375,101.06057739257812,139.7899932861328,1.1155734062194824
2019-10-22,8078.203125,271.9186706542969,184.48956298828125,57.617042541503906,103.69147491455078,140.1999969482422,1.1151753664016724
2019-10-23,7514.671875,272.7098083496094,184.84535217285156,58.390201568603516,104.38740539550781,140.52999877929688,1.112928867340088
2019-10-24,7493.48876953125,273.1554870605469,186.6436004638672,58.48624801635742,105.90652465820312,141.52999877929688,1.1132385730743408
2019-10-25,8660.7001953125,274.2740173339844,188.13417053222656,59.20658493041992,104.59957885742188,141.86000061035156,1.1103955507278442
2019-10-26,9244.97265625,,,,,,
2019-10-27,9551.71484375,,,,,,
2019-10-28,9256.1484375,275.8198547363281,189.99008178710938,59.799659729003906,104.79476928710938,140.63999938964844,1.1084262132644653
2019-10-29,9427.6875,275.7381896972656,188.518798828125,58.41660690307617,104.8966064453125,140.25,1.1099148988723755
2019-10-30,9205.7265625,276.58392333984375,189.43235778808594,58.409427642822266,106.03382873535156,141.02000427246094,1.1114816665649414
2019-10-31,9199.5849609375,275.84716796875,189.51890563964844,59.730037689208984,105.66890716552734,142.42999267578125,1.1154489517211914
2019-11-01,9261.1044921875,278.4026794433594,191.24020385742188,61.42522048950195,105.12574768066406,142.55999755859375,1.1157102584838867
2019-11-02,9324.7177734375,,,,,,
2019-11-03,9235.3544921875,,,,,,
2019-11-04,9412.6123046875,279.5212707519531,192.42303466796875,61.82859802246094,101.05208587646484,142.14999389648438,1.1166571378707886
2019-11-05,9342.52734375,279.2120666503906,192.52882385253906,61.73976135253906,100.90779876708984,139.85000610351562,1.1128545999526978
2019-11-06,9360.8798828125,279.2757568359375,192.09603881835938,61.76617431640625,102.11295318603516,140.4499969482422,1.107419729232788
2019-11-07,9267.5615234375,280.2578430175781,192.74034118652344,62.47902297973633,101.51885986328125,138.27000427246094,1.1070396900177002
2019-11-08,8804.880859375,280.9490051269531,193.50967407226562,62.650020599365234,101.58676147460938,137.38999938964844,1.1019697189331055
2019-11-09,8813.58203125,,,,,,
2019-11-10,9055.5263671875,,,,,,
2019-11-11,8757.7880859375,280.4124450683594,193.2500457763672,63.14613342285156,101.27276611328125,137.05999755859375,1.102244257926941
2019-11-12,8815.662109375,281.0035095214844,193.8077850341797,63.08832931518555,101.2218246459961,137.42999267578125,1.1035456657409668
2019-11-13,8808.2626953125,281.094482421875,193.85585021972656,63.69281005859375,102.39299011230469,137.97999572753906,1.1012367010116577
2019-11-14,8708.0947265625,281.5036926269531,193.7019805908203,63.252098083496094,102.26571655273438,138.55999755859375,1.1013215780258179
2019-11-15,8491.9921875,283.5408020019531,195.12525939941406,64.00350952148438,102.2996597290039,138.2100067138672,1.1020498275756836
2019-11-16,8550.7607421875,,,,,,
2019-11-17,8577.9755859375,,,,,,
2019-11-18,8309.2861328125,283.7498779296875,195.27911376953125,64.32621765136719,103.44535064697266,138.6199951171875,1.105509877204895
2019-11-19,8206.1455078125,283.66802978515625,195.56759643554688,64.13111877441406,103.04649353027344,138.69000244140625,1.1072357892990112
2019-11-20,8027.26806640625,282.6131896972656,194.39437866210938,63.38455581665039,103.78482818603516,138.75999450683594,1.1080001592636108
2019-11-21,7642.75,282.1584777832031,193.96165466308594,63.10038757324219,102.1299057006836,138.0,1.1078859567642212
2019-11-22,7296.57763671875,282.78594970703125,194.08665466308594,63.044960021972656,102.08747100830078,137.74000549316406,1.1065863370895386
2019-11-23,7397.796875,,,,,,
2019-11-24,7047.9169921875,,,,,,
2019-11-25,7146.1337890625,284.9776306152344,196.38494873046875,64.150390625,102.2741928100586,137.0800018310547,1.1022562980651855
2019-11-26,7218.37109375,285.6231689453125,196.75997924804688,63.649478912353516,103.7593765258789,137.74000549316406,1.1014429330825806
2019-11-27,7531.66357421875,286.8963928222656,198.13511657714844,64.50445556640625,103.33504486083984,137.00999450683594,1.1022562980651855
2019-11-28,7463.10595703125,,,,,,1.1004853248596191
2019-11-29,7761.24365234375,285.83245849609375,197.23117065429688,64.36235046386719,103.58963775634766,137.86000061035156,1.101176142692566
2019-11-30,7569.6298828125,,,,,,
2019-12-01,7424.29248046875,,,,,,
2019-12-02,7321.98828125,283.40435791015625,195.2117462158203,63.618167877197266,104.14977264404297,137.7899932861328,1.1019041538238525
2019-12-03,7320.1455078125,281.5036926269531,193.68280029296875,62.48383712768555,104.34496307373047,139.11000061035156,1.1079105138778687
2019-12-04,7252.03466796875,283.2406005859375,194.66366577148438,63.035362243652344,105.68585968017578,138.9199981689453,1.1085245609283447
2019-12-05,7448.3076171875,283.7498779296875,195.04827880859375,63.960121154785156,105.76225280761719,139.0,1.108303427696228
2019-12-06,7546.99658203125,286.3416748046875,197.13499450683594,65.19563293457031,105.3973388671875,137.6199951171875,1.1105434894561768
2019-12-07,7556.23779296875,,,,,,
2019-12-08,7564.34521484375,,,,,,
2019-12-09,7400.8994140625,285.44140625,196.24073791503906,64.2828598022461,105.97443389892578,137.5800018310547,1.105888843536377
2019-12-10,7278.11962890625,285.1230773925781,196.0771942138672,64.6585464477539,105.4652099609375,137.97000122070312,1.106499433517456
2019-12-11,7217.42724609375,285.9324951171875,197.11581420898438,65.21007537841797,105.79618072509766,138.9199981689453,1.1092746257781982
2019-12-12,7243.13427734375,288.39697265625,198.5871124267578,65.376220703125,105.71981048583984,138.42999267578125,1.1135857105255127
2019-12-13,7269.6845703125,288.5697937011719,199.24102783203125,66.26490783691406,106.48363494873047,139.0500030517578,1.1186057329177856
2019-12-14,7124.673828125,,,,,,
2019-12-15,7152.3017578125,,,,,,
2019-12-16,6932.48046875,290.5522155761719,201.24124145507812,67.39922332763672,106.56000518798828,139.0399932861328,1.1124460697174072
2019-12-17,6640.51513671875,290.6158447265625,201.35665893554688,67.53169250488281,106.34786224365234,139.00999450683594,1.1136974096298218
2019-12-18,7276.802734375,290.634033203125,201.51048278808594,67.37033081054688,105.24455261230469,139.02000427246094,1.115138053894043
2019-12-19,7202.84423828125,291.8253479003906,202.77020263671875,67.4377670288086,106.016845703125,139.3800048828125,1.1115927696228027
2019-12-20,7218.81640625,293.1048278808594,203.5876007080078,67.2980728149414,106.39028930664062,139.52000427246094,1.1125946044921875
2019-12-21,7191.15869140625,,,,,,
2019-12-22,7511.5888671875,,,,,,
2019-12-23,7355.62841796875,293.55267333984375,204.12538146972656,68.3962631225586,105.9998779296875,139.9499969482422,1.1079840660095215
2019-12-24,7322.5322265625,293.5616760253906,204.23135375976562,68.4613037109375,106.271484375,141.27000427246094,1.109385371208191
2019-12-25,7275.15576171875,,,,,,1.1090162992477417
2019-12-26,7238.966796875,295.1243896484375,206.03350830078125,69.8196029663086,106.271484375,142.3800048828125,1.1095454692840576
2019-12-27,7290.08837890625,295.05126953125,205.8600616455078,69.79309844970703,107.00981140136719,142.3300018310547,1.110111951828003
2019-12-28,7317.990234375,,,,,,
2019-12-29,7422.65283203125,,,,,,
2019-12-30,7292.9951171875,293.4245910644531,204.51087951660156,70.20732116699219,105.63495635986328,142.6300048828125,1.1182304620742798
2019-12-31,7193.59912109375,294.13739013671875,204.89634704589844,70.7203140258789,105.9998779296875,142.89999389648438,1.120229721069336
2020-01-01,7200.17431640625,,,,,,1.1220825910568237
2020-01-02,6985.47021484375,296.88812255859375,208.3175506591797,72.3338623046875,104.73535919189453,143.9499969482422,1.1220825910568237
2020-01-03,7344.88427734375,294.6400451660156,206.4093780517578,71.6306381225586,104.03096008300781,145.86000061035156,1.1171437501907349
2020-01-04,7410.65673828125,,,,,,
2020-01-05,7411.3173828125,,,,,,
2020-01-06,7769.21923828125,295.76409912109375,207.73928833007812,72.201416015625,104.17524719238281,147.38999938964844,1.1161960363388062
2020-01-07,8163.6923828125,294.93243408203125,207.7104034423828,71.86183166503906,103.53022766113281,147.97000122070312,1.1197994947433472
2020-01-08,8079.86279296875,296.5043029785156,209.27162170410156,73.01782989501953,103.97154235839844,146.86000061035156,1.1154738664627075
2020-01-09,7879.0712890625,298.51483154296875,211.04489135742188,74.56879425048828,105.10877990722656,146.02999877929688,1.1113210916519165
2020-01-10,8166.55419921875,297.65582275390625,210.50518798828125,74.73737335205078,105.21062469482422,146.91000366210938,1.1111111640930176
2020-01-11,8037.53759765625,,,,,,
2020-01-12,8192.494140625,,,,,,
2020-01-13,8144.1943359375,299.7029113769531,212.9337921142578,76.33409881591797,105.98291778564453,145.82000732421875,1.1116669178009033
2020-01-14,8827.7646484375,299.2460632324219,212.09532165527344,75.30331420898438,105.8216552734375,145.69000244140625,1.1135733127593994
2020-01-15,8807.0107421875,299.9222717285156,212.1820831298828,74.98062896728516,106.89949035644531,146.5399932861328,1.113089919090271
2020-01-16,8723.7861328125,302.4171142578125,214.21548461914062,75.91986083984375,106.99284362792969,146.30999755859375,1.1154004335403442
2020-01-17,8929.0380859375,303.3583984375,215.275634765625,76.76038360595703,107.2813949584961,146.5800018310547,1.1139578819274902
2020-01-18,8942.80859375,,,,,,
2020-01-19,8706.2451171875,,,,,,
2020-01-20,8657.642578125,,,,,,1.1094592809677124
2020-01-21,8745.89453125,302.7643127441406,215.17919921875,76.24015808105469,107.00981140136719,146.74000549316406,1.109693169593811
2020-01-22,8680.8759765625,302.8008117675781,215.747802734375,76.5123062133789,107.1965103149414,146.7899932861328,1.108561396598816
2020-01-23,8406.515625,303.1481628417969,216.4416961669922,76.88078308105469,106.70646667480469,147.1199951171875,1.1096439361572266
2020-01-24,8445.4345703125,300.4523010253906,214.6202392578125,76.65922546386719,106.83454132080078,147.97999572753906,1.1055220365524292
2020-01-25,8367.84765625,,,,,,
2020-01-26,8596.830078125,,,,,,
2020-01-27,8909.8193359375,295.6361999511719,210.1871337890625,74.405029296875,107.30408477783203,148.99000549316406,1.1025358438491821
2020-01-28,9358.58984375,298.7342529296875,213.41563415527344,76.50989532470703,107.5943374633789,147.66000366210938,1.101976990699768
2020-01-29,9316.6298828125,298.4874572753906,213.7625274658203,78.11141967773438,106.7662582397461,148.4600067138672,1.1022562980651855
2020-01-30,9508.9931640625,299.4561767578125,214.52389526367188,77.99823760986328,107.52605438232422,148.47000122070312,1.1016855239868164
2020-01-31,9350.529296875,294.01861572265625,211.1219940185547,74.53992462158203,106.39060974121094,149.3300018310547,1.1029127836227417
2020-02-01,9392.875,,,,,,
2020-02-02,9344.365234375,,,,,,
2020-02-03,9293.521484375,296.2027893066406,214.3118896484375,74.33517456054688,106.80892944335938,148.36000061035156,1.1089794635772705
2020-02-04,9180.962890625,300.71728515625,219.21717834472656,76.78926086425781,107.27848052978516,146.42999267578125,1.1062926054000854
2020-02-05,9613.423828125,304.1899719238281,219.93997192382812,77.41542053222656,108.26024627685547,146.61000061035156,1.1047282218933105
2020-02-06,9729.8017578125,305.2134704589844,221.83851623535156,78.32096099853516,108.54198455810547,147.39999389648438,1.1002310514450073
2020-02-07,9795.943359375,303.5868225097656,220.88442993164062,77.25635528564453,107.6370620727539,147.7899932861328,1.0982975959777832
2020-02-08,9865.119140625,,,,,,
2020-02-09,10116.673828125,,,,,,
2020-02-10,9856.611328125,305.85321044921875,223.55392456054688,77.62329864501953,107.7138671875,148.1699981689453,1.0949305295944214
2020-02-11,10208.236328125,306.38323974609375,223.5924530029297,77.15499114990234,105.99787902832031,147.66000366210938,1.0913456678390503
2020-02-12,10326.0546875,308.3572082519531,225.77053833007812,78.98722839355469,105.3917465209961,147.5399932861328,1.091941475868225
2020-02-13,10214.3798828125,308.02825927734375,225.48135375976562,78.42475891113281,106.68085479736328,148.3800048828125,1.0875948667526245
2020-02-14,10312.1162109375,308.5216979980469,226.1270751953125,78.4440689086914,107.6882553100586,149.0,1.0845986604690552
2020-02-15,9889.4248046875,,,,,,
2020-02-16,9934.43359375,,,,,,
2020-02-17,9690.142578125,,,,,,1.0841753482818604
2020-02-18,10141.99609375,307.7265930175781,226.21380615234375,77.00772094726562,106.60404205322266,150.91000366210938,1.0840108394622803
2020-02-19,9633.38671875,309.1980285644531,228.3822021484375,78.12300109863281,107.09066009521484,151.7899932861328,1.079540491104126
2020-02-20,9608.4755859375,307.9277038574219,226.26199340820312,77.32152557373047,108.06388854980469,152.41000366210938,1.081009864807129
2020-02-21,9686.44140625,304.75653076171875,221.91567993164062,75.57138061523438,108.16635131835938,154.6999969482422,1.078799843788147
2020-02-22,9663.181640625,,,,,,
2020-02-23,9924.515625,,,,,,
2020-02-24,9650.1748046875,294.6492004394531,213.35780334472656,71.98170471191406,105.2636947631836,156.08999633789062,1.0839051008224487
2020-02-25,9341.705078125,285.720703125,207.55621337890625,69.54351806640625,103.667236328125,153.3000030517578,1.0849199295043945
2020-02-26,8820.5224609375,284.6697692871094,208.62591552734375,70.64673614501953,102.58302307128906,153.97000122070312,1.0881996154785156
2020-02-27,8784.494140625,271.8847961425781,198.1792449951172,66.02867889404297,96.89724731445312,154.0,1.0885894298553467
2020-02-28,8672.455078125,270.7424011230469,198.3334503173828,65.99005889892578,96.6667251586914,148.3800048828125,1.0997228622436523
2020-02-29,8599.5087890625,,,,,,
2020-03-01,8562.4541015625,,,,,,
2020-03-02,8869.669921875,282.4673767089844,208.56813049316406,72.1337661743164,102.07078552246094,149.1999969482422,1.1051311492919922
2020-03-03,8787.7861328125,274.3796081542969,201.8798828125,69.8428726196289,100.88411712646484,153.88999938964844,1.1144047975540161
2020-03-04,8755.24609375,285.91259765625,210.30284118652344,73.08248901367188,106.2881851196289,154.16000366210938,1.118067979812622
2020-03-05,9078.7626953125,276.4084167480469,203.91334533691406,70.7119140625,103.83798217773438,157.49000549316406,1.113908290863037
2020-03-06,9122.5458984375,271.8389587402344,200.472900390625,69.77285766601562,103.86359405517578,157.5500030517578,1.1223849058151245
2020-03-07,8909.9541015625,,,,,,
2020-03-08,8108.1162109375,,,,,,
2020-03-09,7923.64453125,250.6099853515625,186.54710388183594,64.25437927246094,99.08275604248047,157.80999755859375,1.1386020183563232
2020-03-10,7909.7294921875,263.5777893066406,196.70472717285156,68.88208770751953,102.91596984863281,154.47999572753906,1.1397960186004639
2020-03-11,7911.43017578125,250.72869873046875,188.13723754882812,66.4897689819336,95.26663208007812,153.92999267578125,1.1316505670547485
2020-03-12,4970.7880859375,226.73973083496094,170.8866729736328,59.92359161376953,86.94286346435547,147.7899932861328,1.1261515617370605
2020-03-13,5563.70703125,246.122802734375,185.36175537109375,67.10294342041016,97.38385009765625,143.27999877929688,1.1184931993484497
2020-03-14,5200.3662109375,,,,,,
2020-03-15,5392.31494140625,,,,,,
2020-03-16,5014.47998046875,219.19117736816406,163.1576690673828,58.4703369140625,92.6286392211914,141.63999938964844,1.115536093711853
2020-03-17,5225.62939453125,231.02577209472656,175.53179931640625,61.04128646850586,100.94387817382812,143.55999755859375,1.1163206100463867
2020-03-18,5238.4384765625,219.32826232910156,170.1927947998047,59.5469970703125,100.2694320678711,140.6999969482422,1.101552128791809
2020-03-19,6191.19287109375,219.79432678222656,171.21434020996094,59.09075164794922,94.6177978515625,138.0399932861328,1.0961546897888184
2020-03-20,6198.7783203125,210.3224639892578,164.50686645507812,55.339332580566406,87.4465560913086,140.11000061035156,1.0657345056533813
2020-03-21,6185.06640625,,,,,,
2020-03-22,5830.2548828125,,,,,,
2020-03-23,6416.31494140625,204.94483947753906,164.6256561279297,54.163700103759766,83.40845489501953,146.3000030517578,1.0694386959075928
2020-03-24,6734.8037109375,223.51353454589844,177.37388610839844,59.59769821166992,88.16368865966797,153.39999389648438,1.0764610767364502
2020-03-25,6681.06298828125,226.85960388183594,176.06040954589844,59.26939010620117,86.15742492675781,151.3000030517578,1.080263614654541
2020-03-26,6716.4404296875,240.1059112548828,185.3318328857422,62.38833236694336,91.6724624633789,153.24000549316406,1.0889569520950317
2020-03-27,6469.79833984375,232.9541473388672,178.95774841308594,59.80531692504883,94.05436706542969,152.25,1.1048258543014526
2020-03-28,6242.19384765625,,,,,,
2020-03-29,5922.04296875,,,,,,
2020-03-30,6429.841796875,240.5194854736328,185.467041015625,61.512027740478516,98.17784118652344,152.9199981689453,1.113908290863037
2020-03-31,6438.64453125,236.93450927734375,183.88316345214844,61.38648223876953,93.90923309326172,148.0500030517578,1.1030466556549072
2020-04-01,6606.7763671875,226.27127075195312,176.07003784179688,58.15650939941406,93.33723449707031,149.4499969482422,1.102657437324524
2020-04-02,6793.62451171875,231.49258422851562,179.6433868408203,59.126953125,97.66558837890625,151.89999389648438,1.0953621864318848
2020-04-03,6733.38720703125,228.1465301513672,177.09378051757812,58.277225494384766,98.2461166381836,152.64999389648438,1.0847399234771729
2020-04-04,6867.52734375,,,,,,
2020-04-05,6791.12939453125,,,,,,
2020-04-06,7271.78125,243.47032165527344,189.7550506591797,63.361183166503906,100.5767593383789,156.8800048828125,1.0806955099105835
2020-04-07,7176.41455078125,243.71852111816406,189.67782592773438,62.62731170654297,96.27400970458984,156.0399932861328,1.0803803205490112
2020-04-08,7334.0986328125,251.89971923828125,193.70504760742188,64.230224609375,98.26318359375,154.64999389648438,1.0895144939422607
2020-04-09,7302.08935546875,255.73297119140625,193.9851531982422,64.69371795654297,97.88755798339844,158.69000244140625,1.0863661766052246
2020-04-10,6865.4931640625,,,,,,1.0927408933639526
2020-04-11,6859.0830078125,,,,,,
2020-04-12,6971.091796875,,,,,,
2020-04-13,6845.03759765625,253.39804077148438,196.0808868408203,65.96349334716797,98.98884582519531,161.41000366210938,1.0932666063308716
2020-04-14,6842.427734375,260.87158203125,204.60865783691406,69.29485321044922,103.2659912109375,162.67999267578125,1.0922993421554565
2020-04-15,6642.10986328125,255.32846069335938,202.26185607910156,68.6623764038086,103.48796081542969,161.85000610351562,1.098538875579834
2020-04-16,7116.80419921875,256.56024169921875,205.95111083984375,69.20793914794922,103.72698211669922,161.7100067138672,1.0905101299285889
2020-04-17,7096.1845703125,263.4913330078125,207.9212646484375,68.26891326904297,106.45037841796875,158.57000732421875,1.0858471393585205
2020-04-18,7257.6650390625,,,,,,
2020-04-19,7189.4248046875,,,,,,
2020-04-20,6881.95849609375,258.8492431640625,205.45852661132812,66.85186004638672,102.9586410522461,159.6999969482422,1.0866966247558594
2020-04-21,6880.3232421875,250.9896697998047,197.87721252441406,64.78546905517578,102.1732406616211,158.61000061035156,1.0864840745925903
2020-04-22,7117.20751953125,256.56024169921875,203.7490692138672,66.65149688720703,101.93418884277344,161.72999572753906,1.0856467485427856
2020-04-23,7429.724609375,256.5418701171875,203.31454467773438,66.3932113647461,102.6139907836914,163.33999633789062,1.080964207649231
2020-04-24,7550.90087890625,260.1177062988281,206.52088928222656,68.30995178222656,102.0811538696289,162.63999938964844,1.077702283859253
2020-04-25,7569.93603515625,,,,,,
2020-04-26,7679.8671875,,,,,,
2020-04-27,7795.60107421875,263.86822509765625,208.18199157714844,68.35824584960938,100.93812561035156,161.55999755859375,1.08236825466156
2020-04-28,7807.05859375,262.6548767089844,204.26100158691406,67.25017547607422,100.45686340332031,160.83999633789062,1.0824854373931885
2020-04-29,8801.0380859375,269.5307922363281,211.50425720214844,69.45901489257812,100.62013244628906,161.72999572753906,1.0836584568023682
2020-04-30,8658.5537109375,267.02117919921875,211.4173126220703,70.9243392944336,101.2990951538086,158.8000030517578,1.087725043296814
2020-05-01,8864.7666015625,259.95233154296875,205.45852661132812,69.78253173828125,100.39668273925781,159.77999877929688,1.094546914100647
2020-05-02,8988.5966796875,,,,,,
2020-05-03,8897.46875,,,,,,
2020-05-04,8912.654296875,260.66937255859375,207.8536834716797,70.76985168457031,99.49431610107422,160.33999633789062,1.0959625244140625
2020-05-05,9003.0703125,263.0777587890625,210.21014404296875,71.83203125,99.70057678222656,161.02000427246094,1.0904293060302734
2020-05-06,9268.76171875,261.29437255859375,211.50425720214844,72.57312774658203,97.1996841430664,158.9499969482422,1.0838581323623657
2020-05-07,9951.5185546875,264.4474182128906,214.22772216796875,73.32388305664062,96.40045166015625,161.38999938964844,1.0798553228378296
2020-05-08,9842.666015625,268.8229675292969,217.1636962890625,75.06912994384766,99.64900970458984,160.4199981689453,1.0837171077728271
2020-05-09,9593.896484375,,,,,,
2020-05-10,8756.4306640625,,,,,,
2020-05-11,8601.7958984375,268.87811279296875,219.10487365722656,76.25037384033203,99.0989761352539,159.4199981689453,1.0839520692825317
2020-05-12,8804.4775390625,263.51898193359375,214.51744079589844,75.37895965576172,98.44584655761719,160.0399932861328,1.080940842628479
2020-05-13,9269.9873046875,258.8584289550781,211.83265686035156,74.46882629394531,97.90440368652344,161.5800018310547,1.0846810340881348
2020-05-14,9733.7216796875,261.9561767578125,214.23741149902344,74.92631530761719,97.80986785888672,163.00999450683594,1.08236825466156
2020-05-15,9328.197265625,263.160400390625,215.62815856933594,74.48333740234375,98.49739837646484,163.92999267578125,1.0806955099105835
2020-05-16,9377.013671875,,,,,,
2020-05-17,9670.7392578125,,,,,,
2020-05-18,9726.5751953125,271.1761474609375,219.64576721191406,76.23826599121094,99.8724594116211,162.69000244140625,1.0821340084075928
2020-05-19,9729.0380859375,268.3908996582031,219.09524536132812,75.79773712158203,96.6324691772461,164.25999450683594,1.0915124416351318
2020-05-20,9522.9814453125,272.95037841796875,223.47019958496094,77.27185821533203,97.35440063476562,164.64999389648438,1.0927767753601074
2020-05-21,9081.76171875,271.0658874511719,221.03646850585938,76.69573974609375,95.92774963378906,162.25,1.0982975959777832
2020-05-22,9182.5771484375,271.5806579589844,221.7994384765625,77.18954467773438,96.76997375488281,163.2100067138672,1.0952903032302856
2020-05-23,9209.287109375,,,,,,
2020-05-24,8790.3681640625,,,,,,
2020-05-25,8906.9345703125,,,,,,1.0907801389694214
2020-05-26,8835.052734375,274.9266357421875,221.2006378173828,76.66670989990234,96.28011322021484,160.88999938964844,1.0902997255325317
2020-05-27,9181.017578125,279.0173645019531,222.40785217285156,77.00074768066406,97.87860107421875,161.17999267578125,1.0981770753860474
2020-05-28,9525.7509765625,278.5025634765625,222.11813354492188,77.03462982177734,99.74353790283203,161.72000122070312,1.1016855239868164
2020-05-29,9439.1240234375,279.7435302734375,225.37271118164062,76.95958709716797,99.62321472167969,162.91000366210938,1.1079105138778687
2020-05-30,9700.4140625,,,,,,
2020-05-31,9461.05859375,,,,,,
2020-06-01,10167.2685546875,280.8741455078125,226.048828125,77.90604400634766,100.76624298095703,163.66000366210938,1.1118524074554443
2020-06-02,9529.8037109375,283.1998596191406,227.56509399414062,78.26670837402344,101.46235656738281,162.60000610351562,1.1125946044921875
2020-06-03,9656.7177734375,286.96875,228.5887908935547,78.69756317138672,101.86630249023438,159.60000610351562,1.118943691253662
2020-06-04,9800.63671875,286.21502685546875,226.985595703125,78.01980590820312,99.73495483398438,161.27999877929688,1.1235954761505127
2020-06-05,9665.533203125,293.5505065917969,231.48609924316406,80.24188995361328,101.69441986083984,158.00999450683594,1.1337867975234985
2020-06-06,9653.6796875,,,,,,
2020-06-07,9758.8525390625,,,,,,
2020-06-08,9771.4892578125,297.09881591796875,233.28248596191406,80.7163314819336,102.31320190429688,159.72000122070312,1.1319515705108643
2020-06-09,9795.7001953125,294.88348388671875,234.97256469726562,83.26517486572266,101.7030258178711,161.25999450683594,1.1305567026138306
2020-06-10,9870.0947265625,293.2380065917969,237.7926483154297,85.40737915039062,102.46790313720703,163.57000732421875,1.1332215070724487
2020-06-11,9321.78125,276.3330993652344,226.01019287109375,81.30694580078125,99.91543579101562,162.38999938964844,1.1365444660186768
2020-06-12,9480.84375,279.64239501953125,227.8064727783203,82.0089111328125,99.36541748046875,162.6199951171875,1.1288082599639893
2020-06-13,9475.27734375,,,,,,
2020-06-14,9386.7880859375,,,,,,
2020-06-15,9450.7021484375,282.2530822753906,230.57830810546875,83.02310943603516,100.28498077392578,162.3300018310547,1.1252011060714722
2020-06-16,9538.0244140625,287.6857604980469,234.53799438476562,85.22342681884766,101.52252197265625,162.25,1.1337740421295166
2020-06-17,9480.2548828125,286.49078369140625,235.2816162109375,85.10482025146484,101.35064697265625,162.55999755859375,1.1265701055526733
2020-06-18,9411.8408203125,286.6011047363281,235.91900634765625,85.13871002197266,102.51087188720703,162.24000549316406,1.1242902278900146
2020-06-19,9288.0185546875,284.9631652832031,235.88038635253906,84.65216827392578,102.20145416259766,164.02999877929688,1.1211000680923462
2020-06-20,9332.3408203125,,,,,,
2020-06-21,9303.6298828125,,,,,,
2020-06-22,9648.7177734375,286.7912902832031,238.70919799804688,86.86698150634766,101.19596862792969,165.08999633789062,1.1177555322647095
2020-06-23,9629.658203125,288.1114807128906,240.7408447265625,88.72113800048828,101.17877197265625,166.47999572753906,1.1279679536819458
2020-06-24,9313.6103515625,280.7622375488281,235.7778778076172,87.155029296875,100.05293273925781,165.89999389648438,1.1312345266342163
2020-06-25,9264.8134765625,283.77215576171875,238.02230834960938,88.31205749511719,101.31626892089844,165.8000030517578,1.1250872611999512
2020-06-26,9162.91796875,277.0321044921875,232.4014129638672,85.5986099243164,99.0302505493164,166.5399932861328,1.1222084760665894
2020-06-27,9045.390625,,,,,,
2020-06-28,9143.58203125,,,,,,
2020-06-29,9190.8544921875,281.10382080078125,234.93612670898438,87.57138061523438,101.11859893798828,166.6300048828125,1.1225864887237549
2020-06-30,9137.9931640625,284.70465087890625,239.54124450683594,88.3023910522461,102.7601089477539,167.3699951171875,1.1247202157974243
2020-07-01,9228.3251953125,286.6989440917969,242.33714294433594,88.13536071777344,103.11245727539062,166.6199951171875,1.1235954761505127
2020-07-02,9123.41015625,288.2778015136719,243.98182678222656,88.13536071777344,103.88591003417969,166.97999572753906,1.1251378059387207
2020-07-03,9087.3037109375,,,,,,1.1237848997116089
2020-07-04,9132.48828125,,,,,,
2020-07-05,9073.9423828125,,,,,,
2020-07-06,9375.474609375,292.7279357910156,249.98007202148438,90.49300384521484,104.53047943115234,167.97999572753906,1.1247202157974243
2020-07-07,9252.27734375,289.7089538574219,248.2579345703125,90.21222686767578,105.03754425048828,169.0399932861328,1.1312856674194336
2020-07-08,9428.3330078125,291.9248046875,251.52793884277344,92.31327056884766,105.61333465576172,170.08999633789062,1.1275228261947632
2020-07-09,9277.9677734375,290.26287841796875,253.64666748046875,92.71025085449219,105.26099395751953,169.6300048828125,1.1339154243469238
2020-07-10,9278.8076171875,293.2265319824219,255.3784637451172,92.87242889404297,106.47277069091797,169.19000244140625,1.1287955045700073
2020-07-11,9240.3466796875,,,,,,
2020-07-12,9276.5,,,,,,
2020-07-13,9243.6142578125,290.6875915527344,250.12515258789062,92.44398498535156,106.61026000976562,169.39999389648438,1.1310042142868042
2020-07-14,9243.2138671875,294.45458984375,251.89559936523438,93.97376251220703,107.50403594970703,170.19000244140625,1.134549617767334
2020-07-15,9192.8369140625,297.1598205566406,252.40829467773438,94.62007904052734,106.99700927734375,170.33999633789062,1.1410704851150513
2020-07-16,9132.2275390625,296.1810607910156,250.686279296875,93.45577239990234,107.22046661376953,168.72999572753906,1.1417193412780762
2020-07-17,9151.392578125,297.039794921875,250.9765167236328,93.26697540283203,107.9681396484375,170.1199951171875,1.139211654663086
2020-07-18,9159.0400390625,,,,,,
2020-07-19,9185.8173828125,,,,,,
2020-07-20,9164.2314453125,299.4402770996094,258.0969543457031,95.23249053955078,107.63296508789062,170.94000244140625,1.1442956924438477
2020-07-21,9374.8876953125,300.0774230957031,255.40740966796875,93.91810607910156,107.48685455322266,173.0,1.1458691358566284
2020-07-22,9525.36328125,301.7854919433594,256.3071594238281,94.18193817138672,108.40642547607422,175.6300048828125,1.15340256690979
2020-07-23,9581.072265625,298.1846618652344,249.61241149902344,89.8951187133789,109.10782623291016,177.17999267578125,1.1568717956542969
2020-07-24,9536.892578125,296.2642517089844,247.24215698242188,89.67243194580078,108.93485260009766,178.6999969482422,1.1596084833145142
2020-07-25,9677.11328125,,,,,,
2020-07-26,9905.1669921875,,,,,,
2020-07-27,10990.873046875,298.4246520996094,251.65370178222656,91.79771423339844,109.24618530273438,182.22999572753906,1.1652567386627197
2020-07-28,10912.8232421875,296.5320129394531,248.45147705078125,90.2896728515625,110.59532928466797,183.75,1.1769275665283203
2020-07-29,11100.4677734375,300.1788635253906,251.31512451171875,92.02037048339844,110.96721649169922,185.1300048828125,1.171879529953003
2020-07-30,11111.2138671875,299.1078796386719,252.63092041015625,93.13385772705078,113.65685272216797,183.75999450683594,1.1782865524291992
2020-07-31,11323.466796875,301.4715576171875,257.13922119140625,102.88392639160156,113.39739990234375,185.42999267578125,1.1872254610061646
2020-08-01,11759.5927734375,,,,,,
2020-08-02,11053.6142578125,,,,,,
2020-08-03,11246.3486328125,303.5673828125,260.6123962402344,105.47631072998047,113.54443359375,185.63999938964844,1.1782310009002686
2020-08-04,11205.892578125,304.73992919921875,261.5798034667969,106.18072509765625,115.70649719238281,189.58999633789062,1.1763322353363037
2020-08-05,11747.0224609375,306.6326904296875,262.2279357910156,106.56558990478516,115.40383911132812,191.35000610351562,1.181544303894043
2020-08-06,11779.7734375,308.6824951171875,265.701171875,110.28356170654297,114.77252197265625,193.88999938964844,1.187281847000122
2020-08-07,11601.47265625,308.904052734375,262.6343078613281,107.77619934082031,115.49895477294922,190.80999755859375,1.1876484155654907
2020-08-08,11754.0458984375,,,,,,
2020-08-09,11675.7392578125,,,,,,
2020-08-10,11878.111328125,309.8272399902344,261.51202392578125,109.34270477294922,115.97463989257812,190.14999389648438,1.1782727241516113
2020-08-11,11410.525390625,307.269775390625,256.5587158203125,106.09085845947266,115.22221374511719,179.94000244140625,1.1737778186798096
2020-08-12,11584.9345703125,311.5538635253906,263.01165771484375,109.61672973632812,117.15081024169922,179.10000610351562,1.1736538410186768
2020-08-13,11784.1376953125,310.9906311035156,263.6114807128906,111.55667114257812,117.42755126953125,183.3300018310547,1.179380178451538
2020-08-14,11768.87109375,310.9998779296875,263.3018493652344,111.4572525024414,116.83948516845703,182.5399932861328,1.1816558837890625
2020-08-15,11865.6982421875,,,,,,
2020-08-16,11892.8037109375,,,,,,
2020-08-17,12254.40234375,311.9877624511719,266.3589782714844,111.16625213623047,117.18537902832031,186.5,1.1852554082870483
2020-08-18,11991.2333984375,312.661865234375,268.9227600097656,112.09256744384766,118.0588607788086,188.17999267578125,1.1876484155654907
2020-08-19,11758.283203125,311.3599548339844,267.1136474609375,112.23323822021484,117.4189224243164,182.24000549316406,1.1947859525680542
2020-08-20,11878.3720703125,312.329345703125,270.8190002441406,114.7236328125,118.35295104980469,183.5,1.1843500137329102
2020-08-21,11592.4892578125,313.43731689453125,272.6957702636719,120.63561248779297,118.86318969726562,182.02999877929688,1.1873664855957031
2020-08-22,11681.8251953125,,,,,,
2020-08-23,11664.84765625,,,,,,
2020-08-24,11774.595703125,316.6134948730469,274.3985595703125,122.07844543457031,119.7885513305664,181.0,1.1798018217086792
2020-08-25,11366.134765625,317.7214660644531,276.5559387207031,121.07697296142578,120.26422119140625,181.22000122070312,1.1794538497924805
2020-08-26,11488.36328125,320.9067687988281,282.4573974609375,122.7234878540039,119.68476104736328,183.36000061035156,1.183501958847046
2020-08-27,11323.3974609375,321.6084289550781,281.5770568847656,121.25640106201172,119.52911376953125,181.24000549316406,1.1842728853225708
2020-08-28,11542.5,323.6856994628906,283.00885009765625,121.05998992919922,120.013427734375,184.38999938964844,1.1819632053375244
2020-08-29,11506.865234375,,,,,,
2020-08-30,11711.505859375,,,,,,
2020-08-31,11680.8203125,322.5132751464844,285.2823486328125,125.1654052734375,119.63290405273438,184.8300018310547,1.1918240785598755
2020-09-01,11970.478515625,325.55084228515625,290.1582946777344,130.15106201171875,119.50318145751953,185.0500030517578,1.193901538848877
2020-09-02,11414.0341796875,330.2596435546875,292.9059143066406,127.45455169677734,121.51820373535156,182.6199951171875,1.1923214197158813
2020-09-03,10245.296875,318.8939208984375,278.0555419921875,117.25040435791016,119.5723648071289,181.13999938964844,1.184735894203186
2020-09-04,10511.8134765625,316.2903137207031,274.3501892089844,117.32801055908203,119.31292724609375,181.63999938964844,1.1839784383773804
2020-09-05,10169.5673828125,,,,,,
2020-09-06,10280.3515625,,,,,,
2020-09-07,10369.5634765625,,,,,,1.183445930480957
2020-09-08,10131.5166015625,307.6483154296875,261.16375732421875,109.43241882324219,117.56595611572266,181.2899932861328,1.1821727752685547
2020-09-09,10242.34765625,313.72357177734375,268.8357238769531,113.79732513427734,119.47721099853516,183.0500030517578,1.177024483680725
2020-09-10,10363.138671875,308.27618408203125,263.4760437011719,110.08232879638672,118.22319793701172,182.4600067138672,1.1806375980377197
2020-09-11,10400.9150390625,308.43310546875,261.64752197265625,108.63703918457031,119.46855163574219,182.4499969482422,1.1824384927749634
2020-09-12,10442.1708984375,,,,,,
2020-09-13,10323.755859375,,,,,,
2020-09-14,10680.837890625,312.4955749511719,266.2042541503906,111.89614868164062,119.89234161376953,183.88999938964844,1.1842728853225708
2020-09-15,10796.951171875,314.0743713378906,269.97723388671875,112.07076263427734,119.89234161376953,183.4499969482422,1.187000036239624
2020-09-16,10974.9052734375,312.8279724121094,265.672119140625,108.76315307617188,119.08802795410156,183.97000122070312,1.1844412088394165
2020-09-17,10948.990234375,310.0766296386719,261.52178955078125,107.02690124511719,118.932373046875,182.9600067138672,1.1803449392318726
2020-09-18,10944.5859375,306.5067443847656,258.1841125488281,103.63196563720703,118.80264282226562,183.1999969482422,1.1848200559616089
2020-09-19,11094.3466796875,,,,,,
2020-09-20,10938.271484375,,,,,,
2020-09-21,10462.259765625,303.0954284667969,258.80328369140625,106.77468872070312,118.23184967041016,179.52000427246094,1.1845533847808838
2020-09-22,10538.4599609375,306.1822814941406,263.6114807128906,108.4527359008789,119.31292724609375,178.64999389648438,1.176800012588501
2020-09-23,10246.1865234375,299.0816345214844,255.56227111816406,103.90357208251953,117.88591003417969,174.7899932861328,1.1708368062973022
2020-09-24,10760.06640625,299.87890625,256.7522277832031,104.9705581665039,118.41345977783203,175.44000244140625,1.1658544540405273
2020-09-25,10692.716796875,304.7269592285156,262.72137451171875,108.90863037109375,119.01881408691406,174.94000244140625,1.1673243045806885
2020-09-26,10750.7236328125,,,,,,
2020-09-27,10775.26953125,,,,,,
2020-09-28,10709.65234375,309.7882995605469,268.1778259277344,111.50816345214844,119.35613250732422,176.6999969482422,1.1635348796844482
2020-09-29,10844.640625,308.1011962890625,266.96856689453125,110.66427612304688,118.70751953125,178.19000244140625,1.167883276939392
2020-09-30,10784.4912109375,310.437255859375,268.7970275878906,112.33264923095703,120.20368194580078,177.1199951171875,1.1742050647735596
2020-10-01,10619.4521484375,312.43017578125,273.0635070800781,113.28323364257812,120.41987609863281,178.6999969482422,1.1726078987121582
2020-10-02,10575.974609375,309.46380615234375,265.3818359375,109.6264419555664,119.45128631591797,178.5399932861328,1.1744946241378784
2020-10-03,10549.3291015625,,,,,,
2020-10-04,10669.5830078125,,,,,,
2020-10-05,10793.33984375,314.95166015625,271.0414123535156,113.0019302368164,120.54961395263672,179.41000366210938,1.1720443964004517
2020-10-06,10604.40625,310.4742736816406,266.2042541503906,109.76222229003906,120.73986053466797,177.3000030517578,1.1792453527450562
2020-10-07,10668.96875,315.87860107421875,270.8092956542969,111.62455749511719,121.68254852294922,177.22000122070312,1.1737639904022217
2020-10-08,10915.685546875,318.6780700683594,272.25079345703125,111.51786041259766,122.50414276123047,177.85000610351562,1.176747441291809
2020-10-09,11064.4580078125,321.52386474609375,276.4107971191406,113.45779418945312,123.60249328613281,181.0800018310547,1.1767003536224365
2020-10-10,11296.361328125,,,,,,
2020-10-11,11384.181640625,,,,,,
2020-10-12,11555.36328125,326.69647216796875,284.94378662109375,120.66471862792969,124.96028137207031,180.55999755859375,1.181683897972107
2020-10-13,11425.8994140625,324.5644226074219,284.93414306640625,117.46380615234375,124.71812438964844,177.72000122070312,1.1816140413284302
2020-10-14,11429.5068359375,322.52496337890625,282.5541687011719,117.55111694335938,124.57108306884766,178.27000427246094,1.1742188930511475
2020-10-15,11495.349609375,322.1263732910156,280.6579895019531,117.08551025390625,124.3895034790039,178.9199981689453,1.1743981838226318
2020-10-16,11322.123046875,321.9317626953125,279.1197509765625,115.4462661743164,124.8738021850586,178.3000030517578,1.1707134246826172
2020-10-17,11358.1015625,,,,,,
2020-10-18,11483.359375,,,,,,
2020-10-19,11742.037109375,317.03729248046875,274.5629577636719,112.4975357055664,122.72901153564453,178.38999938964844,1.1715501546859741
2020-10-20,11916.3349609375,318.3072204589844,275.15313720703125,113.98161315917969,123.2219467163086,179.25,1.176885962486267
2020-10-21,12823.689453125,317.7047119140625,274.9403381347656,113.36083984375,123.88787841796875,180.60000610351562,1.1829839944839478
2020-10-22,12965.8916015625,319.4473876953125,274.93060302734375,112.27445220947266,123.01041412353516,178.8300018310547,1.1853959560394287
2020-10-23,12931.5390625,320.531982421875,275.472412109375,111.58576965332031,123.8191909790039,178.63999938964844,1.1815024614334106
2020-10-24,13108.0625,,,,,,
2020-10-25,13031.173828125,,,,,,
2020-10-26,13075.248046875,314.608642578125,271.3414001464844,111.59547424316406,122.8799819946289,178.5500030517578,1.1848480701446533
2020-10-27,13654.21875,313.5240173339844,273.4600524902344,113.09893798828125,123.80177307128906,179.02000427246094,1.1809443235397339
2020-10-28,13271.28515625,302.80816650390625,262.7987976074219,107.86106872558594,119.7145004272461,176.1300048828125,1.1784114837646484
2020-10-29,13437.8828125,305.8857116699219,267.39422607421875,111.85736846923828,119.6362075805664,175.39999389648438,1.1748672723770142
2020-10-30,13546.5224609375,302.6969299316406,260.6123962402344,105.5913314819336,119.22750091552734,176.1999969482422,1.1678695678710938
2020-10-31,13780.9951171875,,,,,,
2020-11-01,13737.109375,,,,,,
2020-11-02,13550.4892578125,306.0896301269531,261.1928405761719,105.5040283203125,120.44498443603516,177.91000366210938,1.1642121076583862
2020-11-03,13950.30078125,311.49395751953125,265.7108459472656,107.12388610839844,122.81038665771484,178.9199981689453,1.1642799377441406
2020-11-04,14133.70703125,318.45562744140625,277.5717468261719,111.49844360351562,122.30602264404297,178.82000732421875,1.176221489906311
2020-11-05,15579.8486328125,324.6663513183594,284.8083190917969,115.45597076416016,123.8191909790039,182.92999267578125,1.17326819896698
2020-11-06,15565.880859375,324.5922546386719,285.0210876464844,115.32477569580078,124.55835723876953,183.19000244140625,1.1817537546157837
2020-11-07,14833.75390625,,,,,,
2020-11-08,15479.5673828125,,,,,,
2020-11-09,15332.3154296875,328.6708984375,279.1971435546875,113.02198028564453,120.00144958496094,175.0800018310547,1.1893010139465332
2020-11-10,15290.90234375,328.1888732910156,274.19537353515625,112.68192291259766,121.97553253173828,175.66000366210938,1.182732105255127
2020-11-11,15701.33984375,330.62689208984375,280.32904052734375,116.10210418701172,123.54962921142578,174.89999389648438,1.1818794012069702
2020-11-12,16276.34375,327.41943359375,279.0132141113281,115.83004760742188,123.61917114257812,175.9600067138672,1.1780297756195068
2020-11-13,16317.80859375,331.9524230957031,281.4609069824219,115.87862396240234,125.47148895263672,177.16000366210938,1.1803393363952637
2020-11-14,16068.138671875,,,,,,
2020-11-15,15955.587890625,,,,,,
2020-11-16,16716.111328125,336.0960388183594,283.656982421875,116.88916015625,123.8626480102539,177.14999389648438,1.1845253705978394
2020-11-17,17645.40625,334.28839111328125,282.75732421875,116.00494384765625,123.38439178466797,176.5,1.1859441995620728
2020-11-18,17804.005859375,330.26531982421875,280.6676025390625,114.68350982666016,121.48857116699219,175.49000549316406,1.186366319656372
2020-11-19,17817.08984375,331.6557922363281,282.86376953125,115.27621459960938,121.3406982421875,175.16000366210938,1.1847639083862305
2020-11-20,18621.314453125,329.3847351074219,280.9288024902344,114.01305389404297,121.14067840576172,175.69000244140625,1.1866477727890015
2020-11-21,18642.232421875,,,,,,
2020-11-22,18370.001953125,,,,,,
2020-11-23,18364.12109375,331.359130859375,280.9385070800781,110.62200927734375,120.67109680175781,172.22999572753906,1.1866477727890015
2020-11-24,19107.46484375,336.6985778808594,284.8857116699219,111.90458679199219,120.27976989746094,169.58999633789062,1.1842728853225708
2020-11-25,18732.12109375,336.1795349121094,286.6367492675781,112.7402114868164,120.60151672363281,169.50999450683594,1.1900511980056763
2020-11-26,17150.623046875,,,,,,1.1920002698898315
2020-11-27,17108.40234375,337.11578369140625,289.2779541015625,113.2843246459961,120.54064178466797,167.7899932861328,1.191599726676941
2020-11-28,17717.4140625,,,,,,
2020-11-29,18177.484375,,,,,,
2020-11-30,19625.8359375,335.6231994628906,289.8681335449219,115.67459869384766,120.7667465209961,166.6699981689453,1.1971460580825806
2020-12-01,18802.998046875,339.294189453125,293.5832214355469,119.24055480957031,121.20157623291016,170.17999267578125,1.193816065788269
2020-12-02,19201.091796875,340.0079345703125,293.9604187011719,119.5903091430664,120.32323455810547,171.4600067138672,1.2074378728866577
2020-12-03,19445.3984375,339.9151611328125,294.3764953613281,119.45431518554688,119.43620300292969,172.80999755859375,1.2114603519439697
2020-12-04,18699.765625,342.8444519042969,295.57611083984375,118.78386688232422,119.54924011230469,172.32000732421875,1.2145650386810303
2020-12-05,19154.23046875,,,,,,
2020-12-06,19345.12109375,,,,,,
2020-12-07,19191.630859375,342.1399841308594,297.2498474121094,120.2413330078125,119.73188781738281,174.88999938964844,1.212135910987854
2020-12-08,18321.14453125,343.1410827636719,298.2558288574219,120.85348510742188,120.05368041992188,175.5,1.2113136053085327
2020-12-09,18553.916015625,340.0634765625,291.5031433105469,118.32720184326172,118.62743377685547,172.5,1.2110936641693115
2020-12-10,18264.9921875,339.95233154296875,292.6737060546875,119.74578857421875,117.84478759765625,172.1699981689453,1.207875370979309
2020-12-11,18058.904296875,339.5537109375,292.0255432128906,118.9393310546875,118.71440124511719,172.49000549316406,1.2144293785095215
2020-12-12,18803.65625,,,,,,
2020-12-13,19142.3828125,,,,,,
2020-12-14,19246.64453125,338.0334777832031,294.1442565917969,118.32720184326172,118.14043426513672,171.5399932861328,1.213340401649475
2020-12-15,19417.076171875,342.6034851074219,297.2884826660156,124.25421142578125,118.83614349365234,173.94000244140625,1.214889645576477
2020-12-16,21310.59765625,343.1410827636719,298.92352294921875,124.18622589111328,119.37535858154297,174.89999389648438,1.2154301404953003
2020-12-17,22805.162109375,345.0600280761719,300.877685546875,125.05099487304688,120.22756958007812,176.74000549316406,1.2199585437774658
2020-12-18,23137.9609375,343.68218994140625,299.96832275390625,123.06881713867188,120.9145736694336,176.44000244140625,1.226271629333496
2020-12-19,23869.83203125,,,,,,
2020-12-20,23477.294921875,,,,,,
2020-12-21,22803.08203125,342.4533386230469,299.4071044921875,124.59431457519531,119.59270477294922,175.8800048828125,1.221612811088562
2020-12-22,23783.029296875,341.876220703125,300.22125244140625,128.1408233642578,118.74917602539062,174.49000549316406,1.2236906290054321
2020-12-23,23241.345703125,342.1833801269531,298.7093200683594,127.24687957763672,118.5665283203125,175.64999389648438,1.2186651229858398
2020-12-24,23735.94921875,343.5146179199219,300.0274963378906,128.22830200195312,119.76664733886719,176.35000610351562,1.2191405296325684
2020-12-25,24664.791015625,,,,,,1.2184720039367676
2020-12-26,26437.037109375,,,,,,
2020-12-27,26272.294921875,,,,,,
2020-12-28,27084.80859375,346.46563720703125,303.0513610839844,132.814453125,120.60151672363281,175.7100067138672,1.2205095291137695
2020-12-29,27362.4375,345.8046875,303.3226623535156,131.04605102539062,120.37541961669922,176.35000610351562,1.2223445177078247
2020-12-30,28840.953125,346.2981262207031,303.3323974609375,129.92861938476562,119.81014251708984,177.6999969482422,1.225295066833496
2020-12-31,29001.720703125,348.0575866699219,304.0787048339844,128.9278564453125,121.00155639648438,178.36000061035156,1.2299896478652954
2021-01-01,29374.15234375,,,,,,1.218026876449585
2021-01-02,32127.267578125,,,,,,
2021-01-03,32782.0234375,,,,,,
2021-01-04,31971.9140625,343.3191223144531,299.7851257324219,125.74085235595703,119.85366821289062,182.3300018310547,1.2250697612762451
2021-01-05,33992.4296875,345.6837158203125,302.256591796875,127.29549407958984,120.6189193725586,182.8699951171875,1.2251598834991455
2021-01-06,36824.36328125,347.7503356933594,298.0696105957031,123.0105209350586,121.88859558105469,179.89999389648438,1.230027437210083
2021-01-07,39371.04296875,352.9170227050781,305.2805480957031,127.2080307006836,120.74938201904297,179.47999572753906,1.2341108322143555
2021-01-08,40797.609375,354.92791748046875,309.2057800292969,128.30601501464844,120.69717407226562,173.33999633789062,1.227144479751587
2021-01-09,40254.546875,,,,,,
2021-01-10,38356.44140625,,,,,,
2021-01-11,35566.65625,352.5352783203125,304.7378234863281,125.3230209350586,119.87973022460938,173.0,1.2186205387115479
2021-01-12,33922.9609375,352.60986328125,304.25311279296875,125.14816284179688,119.18403625488281,174.1199951171875,1.2160701751708984
2021-01-13,37316.359375,353.5594482421875,306.3078308105469,127.1788558959961,119.36664581298828,173.3699951171875,1.2208894491195679
2021-01-14,39187.328125,352.3212585449219,304.6698913574219,125.2550277709961,118.09695434570312,173.27999877929688,1.2162491083145142
2021-01-15,36825.3671875,349.75189208984375,302.256591796875,123.53521728515625,117.20991516113281,171.1300048828125,1.2151259183883667
2021-01-16,36178.140625,,,,,,
2021-01-17,35791.27734375,,,,,,
2021-01-18,36630.07421875,,,,,,1.2068113088607788
2021-01-19,36069.8046875,352.49810791015625,306.6664123535156,124.20565032958984,116.18374633789062,172.5800018310547,1.207729458808899
2021-01-20,35547.75,357.376220703125,313.79986572265625,128.2865753173828,114.73146057128906,175.38999938964844,1.2138868570327759
2021-01-21,30825.69921875,357.7019958496094,316.31005859375,132.98936462402344,114.61859130859375,175.27999877929688,1.2115631103515625
2021-01-22,33005.76171875,356.4358825683594,315.3990783691406,135.126953125,113.7349624633789,173.89999389648438,1.2166293859481812
2021-01-23,32067.642578125,,,,,,
2021-01-24,32289.37890625,,,,,,
2021-01-25,32366.392578125,357.8416442871094,318.0062255859375,138.8677978515625,115.69471740722656,174.0500030517578,1.216944694519043
2021-01-26,32569.849609375,357.2831115722656,318.4714050292969,139.1009521484375,116.43836212158203,173.6199951171875,1.214624047279358
2021-01-27,30432.546875,348.55096435546875,309.5935363769531,138.0322265625,112.31766510009766,172.52000427246094,1.216299295425415
2021-01-28,33466.09765625,351.548583984375,311.42523193359375,133.2030487060547,114.04991912841797,172.67999267578125,1.2105072736740112
2021-01-29,34316.38671875,344.5107116699219,304.8734130859375,128.2185821533203,112.16893005371094,172.61000061035156,1.2120037078857422
2021-01-30,34269.5234375,,,,,,
2021-01-31,33114.359375,,,,,,
2021-02-01,33537.17578125,350.2452697753906,312.4914855957031,130.33673095703125,112.83383178710938,174.22999572753906,1.2123857736587524
2021-02-02,35510.2890625,355.19781494140625,317.5893859863281,131.16265869140625,112.67634582519531,172.11000061035156,1.2068694829940796
2021-02-03,37472.08984375,355.4771423339844,316.32940673828125,130.1424102783203,112.81632232666016,171.85000610351562,1.203905463218689
2021-02-04,36926.06640625,359.5173645019531,320.0705871582031,133.4945831298828,112.88633728027344,168.14999389648438,1.2042388916015625
2021-02-05,38144.30859375,360.932373046875,321.15606689453125,133.08103942871094,113.35877990722656,169.80999755859375,1.1966731548309326
2021-02-06,39266.01171875,,,,,,
2021-02-07,38903.44140625,,,,,,
2021-02-08,46196.46484375,363.53900146484375,323.3077087402344,133.2269744873047,113.00882720947266,171.52000427246094,1.2048773765563965
2021-02-09,46481.10546875,363.2970275878906,323.2398376464844,132.35118103027344,112.57136535644531,172.0800018310547,1.2053595781326294
2021-02-10,44918.18359375,363.1387634277344,322.50335693359375,131.7478790283203,112.17767333984375,172.7100067138672,1.2119992971420288
2021-02-11,47909.33203125,363.7251892089844,324.2769470214844,131.49485778808594,112.27389526367188,171.2100067138672,1.2121212482452393
2021-02-12,47504.8515625,365.52191162109375,326.08941650390625,131.7283935546875,111.65275573730469,170.69000244140625,1.2131506204605103
2021-02-13,47105.515625,,,,,,
2021-02-14,48717.2890625,,,,,,
2021-02-15,47945.05859375,,,,,,1.2122093439102173
2021-02-16,49199.87109375,365.20538330078125,325.2073669433594,129.60707092285156,111.91519927978516,168.24000549316406,1.2132196426391602
2021-02-17,52149.0078125,365.2891845703125,323.64691162109375,127.32028198242188,112.38764953613281,166.3300018310547,1.2092483043670654
2021-02-18,51679.796875,363.73443603515625,322.2318420410156,126.22067260742188,113.32377624511719,166.32000732421875,1.2048004865646362
2021-02-19,55888.1328125,363.0921936035156,320.82666015625,126.3763656616211,111.21531677246094,167.00999450683594,1.209189772605896
2021-02-20,56099.51953125,,,,,,
2021-02-21,57539.9453125,,,,,,
2021-02-22,54207.3203125,360.29937744140625,312.5107727050781,122.61048889160156,110.74285888671875,169.50999450683594,1.2126356363296509
2021-02-23,48824.42578125,360.73687744140625,311.5803527832031,122.4742431640625,111.56525421142578,169.1199951171875,1.2166796922683716
2021-02-24,49705.33203125,364.7119445800781,314.1487731933594,121.97795104980469,111.68775177001953,169.0,1.215214490890503
2021-02-25,47093.8515625,355.9239501953125,303.1966857910156,117.7352294921875,110.74285888671875,165.82000732421875,1.2171372175216675
2021-02-26,46339.76171875,354.09002685546875,304.46636962890625,117.99800872802734,108.074462890625,161.80999755859375,1.2160420417785645
2021-02-27,46188.453125,,,,,,
2021-02-28,45137.76953125,,,,,,
2021-03-01,49631.2421875,362.6732177734375,313.6253662109375,124.35233306884766,108.73938751220703,161.52999877929688,1.208956003189087
2021-03-02,48378.98828125,359.8432312011719,308.5951843261719,121.75414276123047,108.39818572998047,162.41000366210938,1.2051095962524414
2021-03-03,50538.2421875,355.0768127441406,299.6397399902344,118.77648162841797,107.7507553100586,160.6199951171875,1.208546757698059
2021-03-04,48561.16796875,350.6828308105469,294.7355041503906,116.89839172363281,106.86714172363281,159.0399932861328,1.2050660848617554
2021-03-05,48927.3046875,357.1341552734375,299.1744689941406,118.1536865234375,110.2179183959961,159.13999938964844,1.1967735290527344
2021-03-06,48912.3828125,,,,,,
2021-03-07,51206.69140625,,,,,,
2021-03-08,52246.5234375,355.35614013671875,290.7036437988281,113.22979736328125,111.38152313232422,157.49000549316406,1.1925631761550903
2021-03-09,54824.1171875,360.4297180175781,302.1693420410156,117.83258819580078,110.39291381835938,160.83999633789062,1.185171127319336
2021-03-10,56008.55078125,362.6732177734375,301.3067626953125,116.75244903564453,111.40776824951172,161.66000366210938,1.1897906064987183
2021-03-11,57805.12109375,366.3504333496094,308.24627685546875,118.67916870117188,111.03157806396484,161.52000427246094,1.1926058530807495
2021-03-12,57332.08984375,366.84381103515625,305.7456970214844,117.774169921875,112.10768127441406,161.49000549316406,1.1986095905303955
2021-03-13,61243.0859375,,,,,,
2021-03-14,59302.31640625,,,,,,
2021-03-15,55907.19921875,369.0314636230469,309.0119323730469,120.6545639038086,112.47512817382812,162.1999969482422,1.1950000524520874
2021-03-16,56804.90234375,368.5660400390625,310.70806884765625,122.1920394897461,112.80758666992188,162.35000610351562,1.1925773620605469
2021-03-17,58870.89453125,369.82281494140625,311.9873962402344,121.40382385253906,112.3526382446289,163.50999450683594,1.190164566040039
2021-03-18,57858.921875,364.44207763671875,302.43109130859375,117.28759765625,112.59762573242188,162.55999755859375,1.1982792615890503
2021-03-19,58346.65234375,363.7677307128906,303.4971618652344,116.76214599609375,111.99394989013672,163.24000549316406,1.1918240785598755
2021-03-20,58313.64453125,,,,,,
2021-03-21,57523.421875,,,,,,
2021-03-22,54529.14453125,366.6723937988281,309.188720703125,120.07068634033203,113.89244842529297,163.0,1.1883116960525513
2021-03-23,54738.9453125,363.7863464355469,307.83984375,119.2435531616211,116.00968170166016,161.80999755859375,1.193303108215332
2021-03-24,52774.265625,361.93707275390625,302.6480407714844,116.85945129394531,115.97466278076172,162.3699951171875,1.1840205192565918
2021-03-25,51704.16015625,363.9731750488281,302.1240234375,117.34601593017578,116.77954864501953,161.77999877929688,1.1813069581985474
2021-03-26,55137.3125,369.8386535644531,306.6559753417969,117.9493179321289,118.50309753417969,162.24000549316406,1.1776621341705322
2021-03-27,55973.51171875,,,,,,
2021-03-28,55950.74609375,,,,,,
2021-03-29,57750.19921875,369.65179443359375,306.56854248046875,118.12449645996094,120.35784149169922,160.30999755859375,1.1788004636764526
2021-03-30,58917.69140625,368.6711120605469,305.0256042480469,116.67457580566406,118.50309753417969,157.57000732421875,1.177100658416748
2021-03-31,58918.83203125,370.1654357910156,309.69329833984375,118.86405181884766,118.485595703125,159.9600067138672,1.1723604202270508
2021-04-01,59095.80859375,374.162841796875,314.9725646972656,119.69116973876953,117.47947692871094,161.97999572753906,1.1728830337524414
2021-04-02,59384.3125,,,,,,1.177994966506958
2021-04-03,57603.890625,,,,,,
2021-04-04,58758.5546875,,,,,,
2021-04-05,59057.87890625,379.5333557128906,321.26092529296875,122.51316833496094,119.37796783447266,161.9199981689453,1.176816701889038
2021-04-06,58192.359375,379.3092041015625,321.03765869140625,122.81482696533203,119.42170715332031,163.22000122070312,1.1818934679031372
2021-04-07,56048.9375,379.7481384277344,321.8140563964844,124.45935821533203,119.63169860839844,162.75999450683594,1.1874228715896606
2021-04-08,58323.953125,381.55072021484375,325.1716003417969,126.85317993164062,120.08663940429688,164.50999450683594,1.1873664855957031
2021-04-09,58245.00390625,384.32464599609375,327.14166259765625,129.42218017578125,119.30799865722656,163.27000427246094,1.1915684938430786
2021-04-10,59793.234375,,,,,,
2021-04-11,60204.96484375,,,,,,
2021-04-12,59893.453125,384.46478271484375,326.71466064453125,127.70950317382812,119.78915405273438,162.27999877929688,1.1900511980056763
2021-04-13,63503.45703125,385.6041564941406,330.528564453125,130.81370544433594,118.20561218261719,163.42999267578125,1.1914690732955933
2021-04-14,63109.6953125,384.2873229980469,326.5594787597656,128.478271484375,118.63433837890625,162.72000122070312,1.1954143047332764
2021-04-15,63314.01171875,388.41546630859375,331.5085754394531,130.88185119628906,120.06914520263672,165.35000610351562,1.1986095905303955
2021-04-16,61572.7890625,389.71368408203125,331.8967590332031,130.5509490966797,120.07788848876953,166.35000610351562,1.1971746683120728
2021-04-17,60683.8203125,,,,,,
2021-04-18,56216.18359375,,,,,,
2021-04-19,55724.265625,387.7990417480469,328.859375,131.21266174316406,119.51795959472656,165.88999938964844,1.1969454288482666
2021-04-20,56473.03125,384.9597473144531,326.4624328613281,129.52920532226562,120.51528930664062,166.47999572753906,1.204529047012329
2021-04-21,53906.08984375,388.6023864746094,329.2572326660156,129.90870666503906,119.72795867919922,168.1300048828125,1.2032392024993896
2021-04-22,51762.2734375,385.05322265625,325.2881774902344,128.39065551757812,118.53927612304688,167.0399932861328,1.2037750482559204
2021-04-23,51093.65234375,389.2280578613281,329.3833923339844,130.7066650390625,117.9317626953125,166.39999389648438,1.2014753818511963
2021-04-24,50050.8671875,,,,,,
2021-04-25,49004.25390625,,,,,,
2021-04-26,54021.75390625,390.04058837890625,331.52801513671875,131.0959014892578,115.57205200195312,166.83999633789062,1.2089852094650269
2021-04-27,55033.1171875,389.95654296875,330.0918273925781,130.77479553222656,115.50159454345703,166.4199981689453,1.2081671953201294
2021-04-28,54824.703125,389.844482421875,328.9757995605469,129.9865264892578,115.69530487060547,166.91000366210938,1.2090305089950562
2021-04-29,53555.109375,392.32891845703125,330.15972900390625,129.88926696777344,116.67265319824219,166.22000122070312,1.213592290878296
2021-04-30,57750.17578125,389.7510681152344,327.99566650390625,127.92359924316406,117.47389221191406,165.66000366210938,1.2127091884613037
2021-05-01,57828.05078125,,,,,,
2021-05-02,56631.078125,,,,,,
2021-05-03,57200.29296875,390.5916442871094,326.2489318847656,128.97451782226562,118.86505126953125,167.80999755859375,1.2027760744094849
2021-05-04,53333.5390625,388.1820068359375,320.3779296875,124.41072845458984,118.4600601196289,166.5800018310547,1.2061271667480469
2021-05-05,57424.0078125,388.3034362792969,319.3006286621094,124.65399169921875,117.50910949707031,167.27000427246094,1.2015043497085571
2021-05-06,56396.515625,391.404296875,321.7073059082031,126.24987030029297,118.98832702636719,170.05999755859375,1.2007973194122314
2021-05-07,57356.40234375,394.2529602050781,324.3177185058594,126.92245483398438,118.99711608886719,171.58999633789062,1.2068549394607544
2021-05-08,58803.77734375,,,,,,
2021-05-09,58232.31640625,,,,,,
2021-05-10,55859.796875,390.348876953125,316.12738037109375,123.64727783203125,121.21591186523438,172.11000061035156,1.2171076536178589
2021-05-11,56704.57421875,386.8650207519531,315.690673828125,122.73101043701172,120.6172103881836,172.13999938964844,1.2140932083129883
2021-05-12,49150.53515625,378.6460876464844,307.5196533203125,119.6702880859375,119.34049987792969,170.42999267578125,1.2144500017166138
2021-05-13,49716.19140625,383.1945495605469,309.8971862792969,121.81475067138672,121.25994873046875,171.1300048828125,1.2078505754470825
2021-05-14,49880.53515625,389.07861328125,316.7386779785156,124.23213195800781,121.51529693603516,172.69000244140625,1.207729458808899
2021-05-15,46760.1875,,,,,,
2021-05-16,46456.05859375,,,,,,
2021-05-17,43537.51171875,388.088623046875,314.8172607421875,123.08191680908203,121.26874542236328,174.6999969482422,1.2150373458862305
2021-05-18,42909.40234375,384.7449035644531,312.69189453125,121.69778442382812,120.02728271484375,175.0399932861328,1.2156872749328613
2021-05-19,37002.44140625,383.7361755371094,313.0510559082031,121.54181671142578,120.27384185791016,175.16000366210938,1.2223997116088867
2021-05-20,40782.73828125,387.8644714355469,319.1065368652344,124.09567260742188,121.50647735595703,175.9600067138672,1.217285394668579
2021-05-21,37304.69140625,387.546875,317.3403625488281,122.26313781738281,121.50647735595703,176.0399932861328,1.222538709640503
2021-05-22,37536.6328125,,,,,,
2021-05-23,34770.58203125,,,,,,
2021-05-24,38705.98046875,391.49761962890625,322.6777648925781,123.89096069335938,121.47126007080078,176.35000610351562,1.2183235883712769
2021-05-25,38402.22265625,390.6290588378906,323.1241455078125,123.69602966308594,121.88507843017578,177.9499969482422,1.2214635610580444
2021-05-26,39294.19921875,391.404296875,324.2498474121094,123.64727783203125,121.61215209960938,177.63999938964844,1.2249093055725098
2021-05-27,38436.96875,391.6097412109375,323.0368347167969,122.11692810058594,118.8474349975586,177.7100067138672,1.21925950050354
2021-05-28,35697.60546875,392.31024169921875,324.0556640625,121.46382904052734,118.73297119140625,178.3800048828125,1.2193188667297363
2021-05-29,34616.06640625,,,,,,
2021-05-30,35678.12890625,,,,,,
2021-05-31,37332.85546875,,,,,,1.2190067768096924
2021-06-01,36684.92578125,391.9645690917969,322.9786071777344,121.14216613769531,116.99842071533203,177.89999389648438,1.223286509513855
2021-06-02,37575.1796875,392.5810852050781,323.609375,121.9024658203125,117.50910949707031,178.77000427246094,1.2217769622802734
2021-06-03,39208.765625,391.1241149902344,320.2419128417969,120.42085266113281,119.61344909667969,175.27000427246094,1.220986247062683
2021-06-04,36894.40625,394.70123291015625,325.6764221191406,122.71150207519531,119.70149993896484,177.16000366210938,1.2133007049560547
2021-06-05,35551.95703125,,,,,,
2021-06-06,35862.37890625,,,,,,
2021-06-07,33560.70703125,394.3182678222656,326.64678955078125,122.72126770019531,120.1153335571289,177.8699951171875,1.2168411016464233
2021-06-08,33472.6328125,394.40234375,326.8020935058594,123.5400619506836,118.72415161132812,177.32000732421875,1.2193634510040283
2021-06-09,37345.12109375,393.8139343261719,326.8796691894531,123.92021179199219,118.6801528930664,176.97999572753906,1.217285394668579
2021-06-10,36702.59765625,395.64447021484375,330.28594970703125,122.92596435546875,119.56065368652344,177.74000549316406,1.218200445175171
2021-06-11,37334.3984375,396.29833984375,331.1495666503906,124.1346664428711,118.74178314208984,175.74000549316406,1.2172558307647705
2021-06-12,35552.515625,,,,,,
2021-06-13,39097.859375,,,,,,
2021-06-14,40218.4765625,397.18560791015625,334.3227844238281,127.18560028076172,118.78581237792969,174.7100067138672,1.2110203504562378
2021-06-15,40406.26953125,396.4571533203125,332.1394348144531,126.3668212890625,118.55686950683594,174.0500030517578,1.212224006652832
2021-06-16,38347.0625,394.24359130859375,330.9263916015625,126.86393737792969,116.91035461425781,171.11000061035156,1.2127091884613037
2021-06-17,38053.50390625,394.11285400390625,335.12835693359375,128.46253967285156,117.97578430175781,165.85000610351562,1.1995586156845093
2021-06-18,35787.24609375,388.7960510253906,332.49847412109375,127.16610717773438,116.2500228881836,164.92999267578125,1.1913414001464844
2021-06-19,35615.87109375,,,,,,
2021-06-20,35698.296875,,,,,,
2021-06-21,31676.693359375,394.36199951171875,334.5649719238281,128.9596405029297,117.16572570800781,166.9499969482422,1.1873664855957031
2021-06-22,32505.66015625,396.4703369140625,337.6837158203125,130.59727478027344,117.20975494384766,166.25,1.1912561655044556
2021-06-23,33723.02734375,395.9925231933594,337.8487548828125,130.3243408203125,117.04242706298828,166.13999938964844,1.1936734914779663
2021-06-24,34662.4375,398.3350524902344,339.9376525878906,130.04164123535156,117.1217041015625,166.0399932861328,1.1933174133300781
2021-06-25,31637.779296875,399.75006103515625,339.5198974609375,129.74923706054688,118.79460906982422,166.58999633789062,1.1930327415466309
2021-06-26,32186.27734375,,,,,,
2021-06-27,34649.64453125,,,,,,
2021-06-28,34434.3359375,400.555908203125,343.6489562988281,131.37705993652344,119.14679718017578,166.5800018310547,1.1942152976989746
2021-06-29,35867.77734375,400.77142333984375,344.89263916015625,132.88792419433594,118.33675384521484,164.8300018310547,1.1928904056549072
2021-06-30,35040.8359375,401.1087646484375,344.34857177734375,133.50204467773438,118.80341339111328,165.6300048828125,1.1901928186416626
2021-07-01,33572.1171875,403.3294677734375,344.4845886230469,133.80422973632812,119.07637786865234,166.1999969482422,1.1856770515441895
2021-07-02,33897.046875,406.412353515625,348.4388427734375,136.42626953125,119.65750122070312,167.2899932861328,1.1846235990524292
2021-07-03,34668.546875,,,,,,
2021-07-04,35287.78125,,,,,,
2021-07-05,33746.00390625,,,,,,1.1856207847595215
2021-07-06,34235.1953125,405.6720886230469,349.94464111328125,138.43426513671875,119.72791290283203,168.1199951171875,1.186380386352539
2021-07-07,33855.328125,407.10577392578125,350.68304443359375,140.91989135742188,120.62602996826172,168.75999450683594,1.1824523210525513
2021-07-08,32877.37109375,403.7886657714844,348.5650939941406,139.6234588623047,120.60839080810547,168.64999389648438,1.17933988571167
2021-07-09,33798.01171875,408.0989990234375,350.7413635253906,141.44625854492188,120.65245819091797,169.2100067138672,1.184800386428833
2021-07-10,33520.51953125,,,,,,
2021-07-11,34240.1875,,,,,,
2021-07-12,33155.84765625,409.56072998046875,352.1112365722656,140.85165405273438,120.74927520751953,169.0,1.187295913696289
2021-07-13,32702.025390625,408.16461181640625,352.1112365722656,141.96282958984375,120.59960174560547,169.22000122070312,1.186521053314209
2021-07-14,32822.34765625,408.7737121582031,352.74273681640625,145.38424682617188,121.4888687133789,171.0399932861328,1.1775373220443726
2021-07-15,31780.73046875,407.37750244140625,350.2652893066406,144.731201171875,122.5278549194336,171.07000732421875,1.1833338737487793
2021-07-16,31421.5390625,404.1821594238281,347.4284362792969,142.6938934326172,123.7165298461914,169.41000366210938,1.1811814308166504
2021-07-17,31533.068359375,,,,,,
2021-07-18,31796.810546875,,,,,,
2021-07-19,30817.83203125,398.2132568359375,344.58172607421875,138.8533935546875,123.6548843383789,169.61000061035156,1.1814005374908447
2021-07-20,29807.34765625,403.9197998046875,348.5845947265625,142.4599609375,122.99452209472656,169.38999938964844,1.1793843507766724
2021-07-21,32110.693359375,407.1900634765625,351.27569580078125,141.7289276123047,122.56304168701172,168.75999450683594,1.1784114837646484
2021-07-22,32313.10546875,408.04278564453125,353.59771728515625,143.0935821533203,122.09349822998047,169.08999633789062,1.179273009300232
2021-07-23,33581.55078125,412.2406921386719,357.7268981933594,144.80914306640625,123.85664367675781,168.55999755859375,1.1772738695144653
2021-07-24,34292.4453125,,,,,,
2021-07-25,35350.1875,,,,,,
2021-07-26,37337.53515625,413.2527770996094,358.0086364746094,145.22825622558594,124.29080200195312,168.16000366210938,1.1773432493209839
2021-07-27,39406.94140625,411.3694152832031,354.0640869140625,143.06436157226562,124.79588317871094,168.44000244140625,1.1807769536972046
2021-07-28,39995.90625,411.2006530761719,355.42425537109375,141.3195343017578,122.94406127929688,169.2899932861328,1.1823126077651978
2021-07-29,40008.421875,412.9060363769531,356.0558166503906,141.96282958984375,123.58201599121094,171.1699981689453,1.1845955848693848
2021-07-30,42235.546875,410.9007873535156,354.2000732421875,142.1772918701172,126.01852416992188,169.82000732421875,1.1892997026443481
2021-07-31,41626.1953125,,,,,,
2021-08-01,39974.89453125,,,,,,
2021-08-02,39201.9453125,410.0386657714844,354.229248046875,141.8458709716797,125.70846557617188,169.61000061035156,1.186704158782959
2021-08-03,38152.98046875,413.37457275390625,356.37640380859375,143.63946533203125,127.54251098632812,169.49000549316406,1.1874650716781616
2021-08-04,39747.50390625,411.34112548828125,356.8912658691406,143.2397918701172,126.19573974609375,169.52999877929688,1.1869436502456665
2021-08-05,40869.5546875,413.9461669921875,359.155029296875,143.34701538085938,126.25774383544922,168.86000061035156,1.1837401390075684
2021-08-06,42816.5,414.63018798828125,357.5810852050781,142.6636505126953,125.29202270507812,164.63999938964844,1.1835720539093018
2021-08-07,44555.80078125,,,,,,
2021-08-08,43798.1171875,,,,,,
2021-08-09,46365.40234375,414.29290771484375,358.2418212890625,142.61488342285156,125.97425079345703,161.72000122070312,1.1749500036239624
2021-08-10,45585.03125,414.8081970214844,356.4055480957031,142.1365509033203,126.05401611328125,161.77000427246094,1.17384672164917
2021-08-11,45593.63671875,415.83905029296875,355.7934265136719,142.3903350830078,126.36412811279297,164.0,1.172333002090454
2021-08-12,44428.2890625,417.0852966308594,357.0758972167969,145.3482666015625,126.65648651123047,164.0399932861328,1.1741899251937866
2021-08-13,47793.3203125,417.84423828125,358.3292236328125,145.5532989501953,127.26785278320312,166.38999938964844,1.173626184463501
2021-08-14,47096.9453125,,,,,,
2021-08-15,47047.00390625,,,,,,
2021-08-16,46004.484375,418.82818603515625,358.4847106933594,147.52517700195312,128.15386962890625,167.22000122070312,1.179467797279358
2021-08-17,44695.359375,416.08258056640625,355.3271789550781,146.6173095703125,128.36648559570312,166.97000122070312,1.177994966506958
2021-08-18,44801.1875,411.528564453125,351.9072265625,142.8784637451172,126.96662902832031,167.10000610351562,1.1709738969802856
2021-08-19,46717.578125,412.165771484375,353.6074523925781,143.21034240722656,128.4639892578125,166.61000061035156,1.1703298091888428
2021-08-20,49339.17578125,415.4454345703125,357.27020263671875,144.66488647460938,128.55255126953125,166.6999969482422,1.1676595211029053
2021-08-21,48905.4921875,,,,,,
2021-08-22,49321.65234375,,,,,,
2021-08-23,49546.1484375,419.09991455078125,362.61376953125,146.1487579345703,127.89688873291016,168.72999572753906,1.1697548627853394
2021-08-24,47706.1171875,419.7651672363281,363.72137451171875,146.06088256835938,126.86024475097656,168.64999389648438,1.1744533777236938
2021-08-25,48960.7890625,420.64599609375,364.1390686035156,144.83087158203125,126.40837860107422,167.47999572753906,1.175309181213379
2021-08-26,46942.21875,418.1628723144531,361.82684326171875,144.03038024902344,126.18687438964844,167.6699981689453,1.1774401664733887
2021-08-27,49058.66796875,421.9016418457031,365.3438415527344,145.06517028808594,126.08943176269531,170.19000244140625,1.1756407022476196
2021-08-28,48902.40234375,,,,,,
2021-08-29,48829.83203125,,,,,,
2021-08-30,47054.984375,423.7569885253906,369.44378662109375,149.4776153564453,126.63874816894531,169.35000610351562,1.1799006462097168
2021-08-31,47166.6875,423.1291198730469,369.14263916015625,148.2183074951172,126.16031646728516,169.69000244140625,1.1796904802322388
2021-09-01,48847.02734375,423.35400390625,369.7547302246094,148.88214111328125,127.44507598876953,169.6999969482422,1.1810280084609985
2021-09-02,49327.72265625,424.656494140625,369.5798034667969,149.99501037597656,127.54251098632812,169.25,1.1840906143188477
2021-09-03,50025.375,424.55340576171875,370.71661376953125,150.62954711914062,127.63111114501953,171.05999755859375,1.1876484155654907
2021-09-04,49944.625,,,,,,
2021-09-05,51753.41015625,,,,,,
2021-09-06,52633.53515625,,,,,,1.1885942220687866
2021-09-07,46811.12890625,423.035400390625,371.24114990234375,152.9626922607422,127.15264892578125,167.7100067138672,1.1875073909759521
2021-09-08,46091.390625,422.5200500488281,369.9490966796875,151.4202880859375,128.11842346191406,167.2899932861328,1.184356927871704
2021-09-09,46391.421875,420.7115478515625,368.67633056640625,150.40504455566406,127.57794952392578,168.02999877929688,1.1819101572036743
2021-09-10,44883.91015625,417.39447021484375,365.8782043457031,145.4263458251953,127.70199584960938,167.17999267578125,1.1825922727584839
2021-09-11,45201.45703125,,,,,,
2021-09-12,46063.26953125,,,,,,
2021-09-13,44963.07421875,418.4626159667969,365.62554931640625,145.9925537109375,129.0753173828125,167.74000549316406,1.1811953783035278
2021-09-14,47092.4921875,416.2044677734375,364.5860595703125,144.59652709960938,128.8538360595703,168.82000732421875,1.1811953783035278
2021-09-15,48176.34765625,419.68084716796875,367.29669189453125,145.4849395751953,128.57911682128906,167.8300018310547,1.1804981231689453
2021-09-16,47783.359375,419.0155334472656,367.5492248535156,145.25064086914062,127.68425750732422,164.02999877929688,1.1819995641708374
2021-09-17,47267.51953125,414.93389892578125,363.19671630859375,142.58558654785156,127.88803100585938,163.77000427246094,1.176747441291809
2021-09-18,48278.36328125,,,,,,
2021-09-19,47260.21875,,,,,,
2021-09-20,42843.80078125,408.0152282714844,355.6919250488281,139.5398406982422,126.60332489013672,164.94000244140625,1.1729930639266968
2021-09-21,40693.67578125,407.6297607421875,356.1295166015625,140.01812744140625,126.79825592041016,166.0399932861328,1.1730204820632935
2021-09-22,43574.5078125,411.60614013671875,359.4559326171875,142.38058471679688,127.2323989868164,165.4199981689453,1.17229163646698
2021-09-23,44895.09765625,416.60711669921875,362.7726745605469,143.33724975585938,127.75515747070312,163.50999450683594,1.168770432472229
2021-09-24,42839.75,417.2933654785156,363.1130065917969,143.4250946044922,127.1881103515625,163.3000030517578,1.1740258932113647
2021-09-25,42716.59375,,,,,,
2021-09-26,43208.5390625,,,,,,
2021-09-27,42235.73046875,416.0995788574219,360.21466064453125,141.91201782226562,125.51351928710938,163.63999938964844,1.1723054647445679
2021-09-28,41034.54296875,407.71441650390625,350.02142333984375,138.5343017578125,124.56550598144531,162.0500030517578,1.1696795225143433
2021-09-29,41564.36328125,408.400634765625,349.4476013183594,139.43240356445312,125.83248901367188,161.32000732421875,1.1686338186264038
2021-09-30,43790.89453125,403.4090270996094,348.1636047363281,138.13401794433594,123.86555480957031,164.22000122070312,1.1601601839065552
2021-10-01,48116.94140625,408.20318603515625,350.3229675292969,139.25669860839844,123.67060089111328,164.58999633789062,1.1574475765228271
2021-10-02,47711.48828125,,,,,,
2021-10-03,48199.953125,,,,,,
2021-10-04,49112.90234375,402.93896484375,342.9698791503906,135.8302001953125,122.97064208984375,165.36000061035156,1.160725712776184
2021-10-05,51514.8125,407.1315612792969,347.5995788574219,137.75332641601562,123.44911193847656,164.58999633789062,1.1618449687957764
2021-10-06,55361.44921875,408.8236389160156,349.8268737792969,138.62216186523438,125.09707641601562,165.02999877929688,1.1596084833145142
2021-10-07,53805.984375,412.3581848144531,353.03656005859375,139.88145446777344,126.09832000732422,164.16000366210938,1.1555349826812744
2021-10-08,53967.84765625,411.60614013671875,351.276123046875,139.50074768066406,125.57555389404297,164.22999572753906,1.1559758186340332
2021-10-09,54968.22265625,,,,,,
2021-10-10,54771.578125,,,,,,
2021-10-11,57484.7890625,408.6262512207031,348.58197021484375,139.41290283203125,126.09832000732422,163.9199981689453,1.1566041707992554
2021-10-12,56041.05859375,407.6203918457031,347.3662109375,138.14378356933594,125.91224670410156,164.66000366210938,1.1553747653961182
2021-10-13,57401.09765625,409.0867614746094,350.1479187011719,137.55809020996094,126.2046127319336,167.58999633789062,1.15340256690979
2021-10-14,57321.5234375,415.9679260253906,356.5964660644531,140.34027099609375,127.63111114501953,168.0,1.1599582433700562
2021-10-15,61593.94921875,419.1358337402344,358.8431701660156,141.39456176757812,127.95895385742188,165.3300018310547,1.159151554107666
2021-10-16,60892.1796875,,,,,,
2021-10-17,61553.6171875,,,,,,
2021-10-18,62026.078125,420.3766784667969,362.45166015625,143.06393432617188,126.11602020263672,164.9199981689453,1.1597026586532593
2021-10-19,64261.9921875,423.61981201171875,365.1945495605469,145.22132873535156,124.62753295898438,165.4499969482422,1.161386251449585
2021-10-20,65992.8359375,425.2837829589844,364.71783447265625,145.70947265625,125.11483001708984,166.89999389648438,1.1631964445114136
2021-10-21,62210.171875,426.3930358886719,366.9452819824219,145.92420959472656,124.21437072753906,166.75,1.1655012369155884
2021-10-22,60692.265625,425.95123291015625,363.86199951171875,145.1530303955078,125.55167388916016,167.77000427246094,1.1625338792800903
2021-10-23,61393.6171875,,,,,,
2021-10-24,60930.8359375,,,,,,
2021-10-25,63039.82421875,428.2355041503906,367.587158203125,145.10418701171875,125.5694580078125,168.92999267578125,1.1640088558197021
2021-10-26,60363.79296875,428.6208801269531,368.74462890625,145.76800537109375,127.35253143310547,167.67999267578125,1.161170482635498
2021-10-27,58482.38671875,426.7220458984375,369.6005554199219,145.30921936035156,126.44316864013672,168.1199951171875,1.1598236560821533
2021-10-28,60622.13671875,430.83935546875,373.7050476074219,148.9407196044922,127.20093536376953,168.0800018310547,1.1600120067596436
2021-10-29,62227.96484375,431.7136535644531,375.5433654785156,146.23660278320312,127.47732543945312,166.64999389648438,1.1683608293533325
2021-10-30,61888.83203125,,,,,,
2021-10-31,61318.95703125,,,,,,
2021-11-01,61004.40625,432.4561767578125,376.82720947265625,145.4165802001953,127.16527557373047,167.52000427246094,1.1556684970855713
2021-11-02,63226.40234375,434.20465087890625,378.40289306640625,146.4513702392578,128.4312286376953,167.16000366210938,1.1599582433700562
2021-11-03,62970.046875,436.8556823730469,382.4198303222656,147.8864288330078,129.31385803222656,165.77000427246094,1.1579434871673584
2021-11-04,61452.23046875,438.914306640625,387.3218688964844,147.3690643310547,129.55455017089844,167.64999389648438,1.1615750789642334
2021-11-05,61125.67578125,440.4371643066406,387.6914978027344,147.89695739746094,130.1964569091797,169.83999633789062,1.1555349826812744
2021-11-06,61527.48046875,,,,,,
2021-11-07,63326.98828125,,,,,,
2021-11-08,67566.828125,440.81317138671875,387.1662902832031,147.07571411132812,129.22467041015625,170.4499969482422,1.1568851470947266
2021-11-09,66971.828125,439.35614013671875,384.50128173828125,147.43746948242188,129.61697387695312,171.2899932861328,1.159151554107666
2021-11-10,64995.23046875,435.8216247558594,378.85028076171875,144.61209106445312,130.89183044433594,173.14999389648438,1.1595547199249268
2021-11-11,64949.9609375,435.9626159667969,379.9007873535156,144.56317138671875,130.51739501953125,174.1199951171875,1.148593544960022
2021-11-12,64155.94140625,439.2527160644531,383.898193359375,146.63580322265625,130.66004943847656,174.4499969482422,1.145081877708435
2021-11-13,64469.52734375,,,,,,
2021-11-14,65466.83984375,,,,,,
2021-11-15,63557.87109375,439.4031982421875,383.81072998046875,146.64556884765625,131.40887451171875,174.17999267578125,1.144164800643921
2021-11-16,60161.24609375,441.1422119140625,386.5438537597656,147.6232147216797,131.22164916992188,172.9199981689453,1.1366478204727173
2021-11-17,60368.01171875,440.070556640625,386.7481384277344,150.05752563476562,131.14146423339844,174.5,1.1321182250976562
2021-11-18,56942.13671875,441.5653381347656,390.7552795410156,154.33953857421875,131.15924072265625,173.94000244140625,1.1321182250976562
2021-11-19,58119.578125,440.7756652832031,392.93389892578125,156.9596405029297,130.89183044433594,172.61000061035156,1.1368415355682373
2021-11-20,59697.1953125,,,,,,
2021-11-21,58730.4765625,,,,,,
2021-11-22,56289.2890625,439.5347900390625,388.37237548828125,157.4191436767578,131.7655029296875,168.74000549316406,1.1275737285614014
2021-11-23,57569.07421875,440.1175842285156,386.60211181640625,157.80039978027344,133.22760009765625,167.27999877929688,1.12421452999115
2021-11-24,56280.42578125,441.2926025390625,387.8470764160156,158.3185577392578,132.53221130371094,167.1199951171875,1.1244926452636719
2021-11-25,57274.6796875,,,,,,1.1202975511550903
2021-11-26,53569.765625,431.450439453125,380.4940185546875,153.30328369140625,131.47129821777344,166.85000610351562,1.1209630966186523
2021-11-27,54815.078125,,,,,,
2021-11-28,57248.45703125,,,,,,
2021-11-29,57806.56640625,436.74285888671875,388.7516784667969,156.65658569335938,132.85313415527344,166.6199951171875,1.1293182373046875
2021-11-30,57005.42578125,428.2449645996094,383.0423278808594,161.60340881347656,128.8948211669922,165.5,1.1293437480926514
2021-12-01,57229.828125,423.48822021484375,376.5256042480469,161.08529663085938,130.51739501953125,166.16000366210938,1.1330289840698242
2021-12-02,56477.81640625,429.9744873046875,379.2392883300781,160.0978546142578,131.28408813476562,165.24000549316406,1.1319515705108643
2021-12-03,53598.24609375,426.2331848144531,372.6448669433594,158.2207794189453,133.61985778808594,166.6300048828125,1.1306205987930298
2021-12-04,49200.703125,,,,,,
2021-12-05,49368.84765625,,,,,,
2021-12-06,50582.625,431.2812805175781,375.6308288574219,161.6229705810547,135.64358520507812,166.22000122070312,1.1304799318313599
2021-12-07,50700.0859375,440.2021789550781,386.9425354003906,167.3518829345703,135.28697204589844,166.80999755859375,1.128668189048767
2021-12-08,50504.796875,441.3677978515625,388.67388916015625,171.16473388671875,135.89317321777344,166.89999389648438,1.1276500225067139
2021-12-09,47672.12109375,438.38787841796875,382.95477294921875,170.65638732910156,136.68666076660156,165.8800048828125,1.1345586776733398
2021-12-10,47243.3046875,442.5146789550781,387.11767578125,175.4369659423828,138.59449768066406,166.5800018310547,1.1293309926986694
2021-12-11,49362.5078125,,,,,,
2021-12-12,50098.3359375,,,,,,
2021-12-13,46737.48046875,438.5947570800781,381.5250549316406,171.80996704101562,140.56475830078125,167.0,1.131183385848999
2021-12-14,46612.6328125,435.5771484375,377.5760803222656,170.43145751953125,141.08177185058594,165.44000244140625,1.1285407543182373
2021-12-15,48896.72265625,442.3831481933594,386.1838684082031,175.2903289794922,141.6256103515625,166.14999389648438,1.1261261701583862
2021-12-16,47665.42578125,438.48193359375,376.2533264160156,168.4077911376953,143.6315155029297,168.16000366210938,1.1290758848190308
2021-12-17,46202.14453125,433.8151550292969,374.3761901855469,167.3128204345703,140.3775177001953,167.8000030517578,1.1334141492843628
2021-12-18,46848.77734375,,,,,,
2021-12-19,46707.015625,,,,,,
2021-12-20,46880.27734375,429.2022399902344,370.7445983886719,165.9539031982422,140.73411560058594,167.08999633789062,1.1243535280227661
2021-12-21,48936.61328125,436.824462890625,379.0419921875,169.1214141845703,140.6449432373047,167.02000427246094,1.1277517080307007
2021-12-22,48628.51171875,441.192138671875,383.6581115722656,171.71218872070312,142.0357208251953,168.58999633789062,1.128757357597351
2021-12-23,50784.5390625,443.9372863769531,386.5506286621094,172.33787536621094,142.73110961914062,168.97000122070312,1.1328877210617065
2021-12-24,50822.1953125,,,,,,1.132733702659607
2021-12-25,50429.859375,,,,,,
2021-12-26,50809.515625,,,,,,
2021-12-27,50640.41796875,450.2199401855469,392.939208984375,176.29730224609375,144.39825439453125,169.3699951171875,1.1324259042739868
2021-12-28,47588.85546875,449.8520202636719,391.1180419921875,175.2805633544922,145.17384338378906,168.63999938964844,1.1330032348632812
2021-12-29,46444.7109375,450.4275207519531,391.0595703125,175.36854553222656,146.3773651123047,168.58999633789062,1.1314777135849
2021-12-30,47178.125,449.1822814941406,389.8909606933594,174.21495056152344,145.11143493652344,169.8000030517578,1.1360150575637817
2021-12-31,46306.4453125,448.0501708984375,387.4562683105469,173.59901428222656,145.83352661132812,170.9600067138672,1.132502794265747
2022-01-01,47686.8125,,,,,,
2022-01-02,47345.21875,,,,,,
2022-01-03,46458.1171875,450.6444396972656,391.186279296875,177.93971252441406,145.22731018066406,168.3300018310547,1.1373459100723267
2022-01-04,45897.57421875,450.49346923828125,386.1123962402344,175.68138122558594,145.7355194091797,169.57000732421875,1.1302244663238525
2022-01-05,43569.00390625,441.8431091308594,374.25048828125,171.00827026367188,146.3952178955078,169.05999755859375,1.1283625364303589
2022-01-06,43160.9296875,441.42803955078125,373.9875793457031,168.15359497070312,145.16494750976562,166.99000549316406,1.1313496828079224
2022-01-07,41557.90234375,439.6828308105469,369.936279296875,168.31976318359375,145.08468627929688,167.75,1.1296881437301636
2022-01-08,41733.94140625,,,,,,
2022-01-09,41911.6015625,,,,,,
2022-01-10,41821.26171875,439.1357116699219,370.1796875,168.3393096923828,143.10556030273438,168.25999450683594,1.1353960037231445
2022-01-11,42735.85546875,443.13543701171875,375.74053955078125,171.16473388671875,141.44729614257812,170.2899932861328,1.1330417394638062
2022-01-12,43949.1015625,444.33349609375,377.23052978515625,171.60462951660156,141.7593231201172,170.74000549316406,1.1366478204727173
2022-01-13,42591.5703125,438.21112060546875,367.793701171875,168.3393096923828,141.11746215820312,170.16000366210938,1.144164800643921
2022-01-14,43099.69921875,438.39044189453125,370.08233642578125,169.19964599609375,142.47251892089844,169.6699981689453,1.1457115411758423
2022-01-15,43177.3984375,,,,,,
2022-01-16,43113.87890625,,,,,,
2022-01-17,42250.55078125,,,,,,1.1410704851150513
2022-01-18,42375.6328125,430.62677001953125,360.869384765625,166.00279235839844,139.7266845703125,169.38999938964844,1.1410574913024902
2022-01-19,41744.328125,426.1552429199219,356.90576171875,162.51260375976562,144.42498779296875,172.0800018310547,1.1329647302627563
2022-01-20,40680.41796875,421.43853759765625,352.27020263671875,160.83108520507812,145.2047882080078,171.64999389648438,1.1343399286270142
2022-01-21,36457.31640625,413.1654357910156,342.502197265625,158.77804565429688,145.76048278808594,171.08999633789062,1.1313753128051758
2022-01-22,35030.25,,,,,,
2022-01-23,36276.8046875,,,,,,
2022-01-24,36654.328125,414.9200439453125,344.0701599121094,158.00570678710938,144.5773468017578,172.02999877929688,1.1341469287872314
2022-01-25,36954.00390625,409.8542785644531,336.0940246582031,156.20684814453125,142.99981689453125,172.5800018310547,1.1324130296707153
2022-01-26,36852.12109375,408.8260192871094,335.5682067871094,156.1188507080078,141.75392150878906,169.7899932861328,1.130454421043396
2022-01-27,37138.234375,406.80731201171875,332.18878173828125,155.6593475341797,142.63230895996094,167.60000610351562,1.1243535280227661
2022-01-28,37784.33203125,416.9104919433594,342.609375,166.52093505859375,143.8602752685547,167.10000610351562,1.1147029399871826
2022-01-29,38138.1796875,,,,,,
2022-01-30,37917.6015625,,,,,,
2022-01-31,38483.125,424.4195251464844,353.5653991699219,170.8714141845703,143.81544494628906,168.08999633789062,1.1152374744415283
2022-02-01,38743.2734375,427.28729248046875,355.9708251953125,170.70516967773438,143.1790771484375,168.22999572753906,1.12296462059021
2022-02-02,36952.984375,431.43798828125,358.8633117675781,171.9076690673828,145.7425994873047,168.83999633789062,1.1273956298828125
2022-02-03,37154.6015625,421.2969970703125,344.3135681152344,169.033447265625,147.1229248046875,168.60000610351562,1.1299946308135986
2022-02-04,41500.875,423.27801513671875,348.65716552734375,168.7495880126953,144.7835235595703,168.86000061035156,1.14357590675354
2022-02-05,41441.1640625,,,,,,
2022-02-06,42412.43359375,,,,,,
2022-02-07,43840.28515625,421.91961669921875,345.8523254394531,168.03500366210938,143.698974609375,170.11000061035156,1.145514726638794
2022-02-08,44118.4453125,425.3911437988281,349.73809814453125,171.13807678222656,143.3762969970703,170.6300048828125,1.1442956924438477
2022-02-09,44338.796875,431.61724853515625,357.1493225097656,172.5574493408203,143.05357360839844,171.2100067138672,1.142126202583313
2022-02-10,43565.11328125,423.8629455566406,349.06610107421875,168.48526000976562,140.87547302246094,170.55999755859375,1.142152190208435
2022-02-11,42407.9375,415.5049133300781,337.9931335449219,165.0787811279297,140.0867156982422,173.80999755859375,1.1415525674819946
2022-02-12,42244.46875,,,,,,
2022-02-13,42197.515625,,,,,,
2022-02-14,42586.91796875,414.146484375,338.411865234375,165.31369018554688,140.49009704589844,174.74000549316406,1.1365057229995728
2022-02-15,44575.203125,420.8254089355469,346.82623291015625,169.14112854003906,140.5618133544922,173.0800018310547,1.1306334733963013
2022-02-16,43961.859375,421.2969970703125,346.7385559082031,168.90618896484375,141.62843322753906,174.86000061035156,1.1356796026229858
2022-02-17,40538.01171875,412.29754638671875,336.4253234863281,165.31369018554688,143.2508087158203,177.25,1.1375269889831543
2022-02-18,40030.9765625,409.6279296875,332.588134765625,163.76707458496094,143.32247924804688,177.1199951171875,1.1366478204727173
2022-02-19,40122.15625,,,,,,
2022-02-20,38431.37890625,,,,,,
2022-02-21,37075.28125,,,,,,1.131721019744873
2022-02-22,38286.02734375,405.23193359375,329.24774169921875,160.85000610351562,141.5566864013672,177.49000549316406,1.1309658288955688
2022-02-23,37296.5703125,398.0436706542969,320.8140563964844,156.6897430419922,139.7909698486328,178.2899932861328,1.13291335105896
2022-02-24,38332.609375,404.0337829589844,331.5947570800781,159.30335998535156,136.02638244628906,177.13999938964844,1.1305694580078125
2022-02-25,39214.21875,412.9484558105469,336.73687744140625,161.36883544921875,141.83456420898438,176.5500030517578,1.11906898021698
2022-02-26,39105.1484375,,,,,,
2022-02-27,37709.78515625,,,,,,
2022-02-28,43193.234375,411.8919372558594,337.7398986816406,161.63311767578125,139.72824096679688,178.3800048828125,1.118105411529541
2022-03-01,44354.63671875,405.6186828613281,332.5686340332031,159.75363159179688,137.4156951904297,181.6199951171875,1.1215918064117432
2022-03-02,43924.1171875,413.0805358886719,338.14898681640625,163.04269409179688,137.84593200683594,179.72999572753906,1.1132758855819702
2022-03-03,42451.7890625,411.0239562988281,333.3185119628906,162.7196502685547,138.35684204101562,180.8000030517578,1.1112345457077026
2022-03-04,39137.60546875,407.6846008300781,328.4881286621094,159.7242889404297,139.0559844970703,183.67999267578125,1.1066844463348389
2022-03-05,39400.5859375,,,,,,
2022-03-06,38419.984375,,,,,,
2022-03-07,38062.0390625,395.6663818359375,316.373046875,155.93597412109375,136.99441528320312,186.41000366210938,1.087453007698059
2022-03-08,38737.26953125,392.6665344238281,314.902587890625,154.1153106689453,131.57168579101562,191.50999450683594,1.0865312814712524
2022-03-09,41982.92578125,403.1942443847656,326.2383728027344,159.50892639160156,133.3463592529297,185.82000732421875,1.0898232460021973
2022-03-10,39437.4609375,401.3736267089844,322.6156311035156,155.1724853515625,129.9134521484375,186.39999389648438,1.107382893562317
2022-03-11,38794.97265625,396.2701721191406,315.9250793457031,151.46250915527344,128.3717498779297,185.08999633789062,1.1013944149017334
2022-03-12,38904.01171875,,,,,,
2022-03-13,37849.6640625,,,,,,
2022-03-14,39666.75390625,393.3740539550781,309.85784912109375,147.43931579589844,130.0120849609375,182.3000030517578,1.093206763267517
2022-03-15,39338.78515625,402.0245666503906,319.5771179199219,151.8148956298828,134.6908721923828,178.88999938964844,1.0943193435668945
2022-03-16,41143.9296875,410.9391174316406,331.4292297363281,156.2198944091797,134.2337646484375,180.00999450683594,1.0969363451004028
2022-03-17,40951.37890625,416.0803527832031,335.4415283203125,157.22813415527344,134.65501403808594,180.88999938964844,1.1021955013275146
2022-03-18,41801.15625,420.6376037597656,342.3074645996094,160.51715087890625,134.58331298828125,179.3000030517578,1.1099518537521362
2022-03-19,42190.65234375,,,,,,
2022-03-20,41247.82421875,,,,,,
2022-03-21,41077.99609375,420.5146179199219,341.355712890625,161.88760375976562,135.09420776367188,180.6699981689453,1.1043134927749634
2022-03-22,42358.80859375,425.4352111816406,348.0643005371094,165.2549591064453,136.13397216796875,179.36000061035156,1.101722002029419
2022-03-23,42892.95703125,419.9562683105469,343.0621643066406,166.6156005859375,135.18382263183594,181.80999755859375,1.1029735803604126
2022-03-24,43960.93359375,426.2868347167969,350.68719482421875,170.3940887451172,135.41688537597656,183.1300048828125,1.1006306409835815
2022-03-25,44348.73046875,428.36865234375,350.394775390625,171.03036499023438,136.98550415039062,182.3800048828125,1.1009578704833984
2022-03-26,44500.828125,,,,,,
2022-03-27,46820.4921875,,,,,,
2022-03-28,47128.00390625,431.4156494140625,355.816162109375,171.8917999267578,137.92657470703125,179.05999755859375,1.098189115524292
2022-03-29,47465.73046875,436.75262451171875,361.93963623046875,175.18084716796875,139.3428192138672,179.13999938964844,1.0993843078613281
2022-03-30,47062.6640625,434.0557861328125,357.94189453125,174.01596069335938,138.3837432861328,180.5800018310547,1.1091516017913818
2022-03-31,45538.67578125,427.3750305175781,353.5052795410156,170.92266845703125,136.9585723876953,180.64999389648438,1.1161835193634033
2022-04-01,46281.64453125,428.5863342285156,352.8324279785156,170.62905883789062,139.01116943359375,179.5,1.1072357892990112
2022-04-02,45868.94921875,,,,,,
2022-04-03,46453.56640625,,,,,,
2022-04-04,46622.67578125,432.2577819824219,360.0967712402344,174.67185974121094,138.10585021972656,180.3699951171875,1.1047282218933105
2022-04-05,45555.9921875,426.7978515625,352.10113525390625,171.36318969726562,138.5898895263672,179.24000549316406,1.0975863933563232
2022-04-06,43206.73828125,422.5301818847656,344.4564208984375,168.20138549804688,140.57077026367188,179.66000366210938,1.090643286705017
2022-04-07,43503.84765625,424.6592712402344,345.2756042480469,168.5048828125,142.39028930664062,180.33999633789062,1.0898232460021973
2022-04-08,42287.6640625,423.52374267578125,340.448974609375,166.49815368652344,143.50177001953125,181.47000122070312,1.0864840745925903
2022-04-09,42782.13671875,,,,,,
2022-04-10,42207.671875,,,,,,
2022-04-11,39521.90234375,416.28472900390625,332.39483642578125,162.2498016357422,142.95498657226562,182.3699951171875,1.0884946584701538
2022-04-12,40127.18359375,414.74237060546875,330.99066162109375,164.1194610595703,142.52474975585938,183.77000427246094,1.0877959728240967
2022-04-13,41166.73046875,419.49267578125,337.7187194824219,166.8015899658203,142.92811584472656,184.64999389648438,1.0826143026351929
2022-04-14,39935.515625,414.2691345214844,329.9960021972656,161.7995147705078,142.13038635253906,184.0399932861328,1.089656949043274
2022-04-15,40553.46484375,,,,,,1.0820988416671753
2022-04-16,40424.484375,,,,,,
2022-04-17,39716.953125,,,,,,
2022-04-18,40826.21484375,414.43951416015625,330.2496032714844,161.58413696289062,140.7769317626953,184.61000061035156,1.081525444984436
2022-04-19,41502.75,421.1296691894531,337.6309814453125,163.8649444580078,142.88328552246094,181.82000732421875,1.0781787633895874
2022-04-20,41374.37890625,420.8174133300781,332.7067565917969,163.6985321044922,146.6837158203125,182.7100067138672,1.0794472694396973
2022-04-21,40527.36328125,414.5246887207031,325.8227844238281,162.9056396484375,146.5692596435547,182.05999755859375,1.0849870443344116
2022-04-22,39740.3203125,403.15045166015625,317.2908020019531,158.3734130859375,145.34336853027344,180.2899932861328,1.0835175514221191
2022-04-23,39486.73046875,,,,,,
2022-04-24,39469.29296875,,,,,,
2022-04-25,40458.30859375,405.4877624511719,321.3666076660156,159.44039916992188,146.51515197753906,177.0500030517578,1.0811045169830322
2022-04-26,38117.4609375,393.7445373535156,309.2366638183594,153.48880004882812,144.02740478515625,177.32000732421875,1.0714209079742432
2022-04-27,39241.12109375,394.8516540527344,308.8661193847656,153.26365661621094,143.63986206054688,175.97999572753906,1.0643619298934937
2022-04-28,39773.828125,404.82537841796875,319.8357849121094,160.18434143066406,147.2903594970703,176.92999267578125,1.0555092096328735
2022-04-29,38609.82421875,389.86474609375,305.443603515625,154.32083129882812,144.7124481201172,176.91000366210938,1.0504201650619507
2022-04-30,37714.875,,,,,,
2022-05-01,38469.09375,,,,,,
2022-05-02,38529.328125,392.2115478515625,310.5432434082031,154.62432861328125,142.7565155029297,173.6300048828125,1.0535964965820312
2022-05-03,37750.453125,394.0094909667969,310.8747863769531,156.11219787597656,140.80055236816406,174.08999633789062,1.0509058237075806
2022-05-04,39698.37109375,406.00823974609375,321.3860778808594,162.51409912109375,141.83712768554688,175.8000030517578,1.0528532266616821
2022-05-05,36575.140625,391.5775451660156,305.1998596191406,153.45944213867188,139.2232208251953,175.1300048828125,1.0622477531433105
2022-05-06,36040.921875,389.2402038574219,301.54327392578125,154.1848602294922,140.6112823486328,175.4199981689453,1.0539740324020386
2022-05-07,35501.953125,,,,,,
2022-05-08,34059.265625,,,,,,
2022-05-09,30296.953125,376.77783203125,289.7448425292969,149.0675811767578,140.259765625,172.8800048828125,1.053219199180603
2022-05-10,31022.90625,377.6483459472656,293.2648620605469,151.4693603515625,139.52066040039062,171.4199981689453,1.056579828262329
2022-05-11,28936.35546875,371.64898681640625,284.5671081542969,143.6169891357422,137.5557098388672,172.82000732421875,1.0532968044281006
2022-05-12,29047.751953125,371.26104736328125,283.894287109375,139.75454711914062,136.9968719482422,170.1699981689453,1.05124831199646
2022-05-13,29283.103515625,380.13702392578125,294.4153747558594,144.21499633789062,138.46607971191406,168.7899932861328,1.0379581451416016
2022-05-14,30101.265625,,,,,,
2022-05-15,31305.11328125,,,,,,
2022-05-16,29862.91796875,378.5946044921875,291.00262451171875,142.6759033203125,139.8180694580078,170.39999389648438,1.0400632619857788
2022-05-17,30425.857421875,386.3824768066406,298.5400390625,146.3031005859375,139.4215087890625,169.3300018310547,1.0438958406448364
2022-05-18,28720.271484375,370.8067626953125,283.884521484375,138.0487823486328,130.73245239257812,169.4199981689453,1.0547856092453003
2022-05-19,30314.333984375,368.53582763671875,282.3634338378906,134.64706420898438,127.721923828125,171.91000366210938,1.0472739934921265
2022-05-20,29200.740234375,368.6966857910156,281.4858703613281,134.8823699951172,127.8030014038086,172.02999877929688,1.057898759841919
2022-05-21,29432.2265625,,,,,,
2022-05-22,30323.72265625,,,,,,
2022-05-23,29098.91015625,375.594970703125,286.16632080078125,140.2937469482422,130.74147033691406,172.8300018310547,1.0569819211959839
2022-05-24,29655.5859375,372.7276916503906,280.081787109375,137.5978240966797,133.0669403076172,174.1300048828125,1.0682048797607422
2022-05-25,29562.361328125,376.0207824707031,284.0015563964844,137.7546844482422,130.88568115234375,173.0800018310547,1.0736525058746338
2022-05-26,29267.224609375,383.5342102050781,291.8704528808594,140.95053100585938,132.0303955078125,172.75999450683594,1.0686614513397217
2022-05-27,28627.57421875,392.9496154785156,301.39703369140625,146.69522094726562,134.04945373535156,172.85000610351562,1.0732953548431396
2022-05-28,28814.900390625,,,,,,
2022-05-29,29445.95703125,,,,,,
2022-05-30,31726.390625,,,,,,1.0731456279754639
2022-05-31,31792.310546875,390.74481201171875,300.5974426269531,145.91098022460938,133.29229736328125,171.13999938964844,1.0773539543151855
2022-06-01,29799.080078125,387.5842590332031,298.3743591308594,145.78355407714844,131.27325439453125,172.22999572753906,1.0734105110168457
2022-06-02,30467.48828125,394.9652099609375,306.54547119140625,148.23431396484375,132.68838500976562,174.35000610351562,1.0654165744781494
2022-06-03,29704.390625,388.4832763671875,298.56927490234375,142.51904296875,131.4986114501953,172.5800018310547,1.0751069784164429
2022-06-04,29832.9140625,,,,,,
2022-06-05,29906.662109375,,,,,,
2022-06-06,31370.671875,389.66607666015625,299.5638732910156,143.26409912109375,130.9848175048828,171.82000732421875,1.0726046562194824
2022-06-07,31155.478515625,393.40386962890625,302.14776611328125,145.78355407714844,132.4450225830078,172.94000244140625,1.0691413879394531
2022-06-08,30214.35546875,389.1266784667969,299.9733581542969,145.04827880859375,130.79554748535156,172.77999877929688,1.0698620080947876
2022-06-09,30111.998046875,379.8721008300781,291.9387512207031,139.83297729492188,128.43397521972656,172.22999572753906,1.071765422821045
2022-06-10,29083.8046875,368.85748291015625,281.64190673828125,134.43141174316406,127.94722747802734,174.5399932861328,1.0619205236434937
2022-06-11,28360.810546875,,,,,,
2022-06-12,26762.6484375,,,,,,
2022-06-13,22487.388671875,354.8526611328125,268.54656982421875,129.2847442626953,124.5220947265625,169.92999267578125,1.0489987134933472
2022-06-14,22206.79296875,353.78338623046875,269.0340576171875,130.1474151611328,120.63726043701172,168.57000732421875,1.0415147542953491
2022-06-15,22572.83984375,358.8269958496094,275.75238037109375,132.76487731933594,119.43846130371094,170.77000427246094,1.0440592765808105
2022-06-16,20381.650390625,346.9512939453125,264.6268005371094,127.50050354003906,120.16860961914062,172.69000244140625,1.0456204414367676
2022-06-17,20471.482421875,347.6991882324219,267.8444519042969,128.9710235595703,119.30328369140625,171.27000427246094,1.0546854734420776
2022-06-18,19017.642578125,,,,,,
2022-06-19,20553.271484375,,,,,,
2022-06-20,20599.537109375,,,,,,1.049141764640808
2022-06-21,20710.59765625,356.4520263671875,274.60205078125,133.19619750976562,122.91770935058594,170.6300048828125,1.0520778894424438
2022-06-22,19987.029296875,355.8058166503906,274.2016296386719,132.68643188476562,124.83760833740234,171.30999755859375,1.053263545036316
2022-06-23,21085.876953125,359.2935791015625,278.2852783203125,135.54898071289062,128.2627410888672,170.25999450683594,1.0564124584197998
2022-06-24,21231.65625,370.7169189453125,287.8202209472656,138.87225341796875,130.11050415039062,170.08999633789062,1.052011489868164
2022-06-25,21502.337890625,,,,,,
2022-06-26,21027.294921875,,,,,,
2022-06-27,20735.478515625,369.3008728027344,285.7100830078125,138.87225341796875,129.11900329589844,169.89999389648438,1.0566133260726929
2022-06-28,20280.634765625,361.7550354003906,277.0054626464844,134.73529052734375,127.01884460449219,169.6199951171875,1.0580891370773315
2022-06-29,20104.0234375,361.4604797363281,277.25946044921875,136.49008178710938,128.172607421875,169.49000549316406,1.0523545742034912
2022-06-30,19784.7265625,358.5238342285156,273.82049560546875,134.02944946289062,129.60577392578125,168.4600067138672,1.04465913772583
2022-07-01,19269.3671875,362.31573486328125,275.6279296875,136.1959991455078,131.69686889648438,168.32000732421875,1.0477677583694458
2022-07-02,19242.255859375,,,,,,
2022-07-03,19297.076171875,,,,,,
2022-07-04,20231.26171875,,,,,,1.0433948040008545
2022-07-05,20190.115234375,362.9999694824219,280.3465881347656,138.7742156982422,130.42596435546875,164.75,1.0433186292648315
2022-07-06,20548.24609375,364.2259826660156,282.1441345214844,140.10743713378906,131.642822265625,162.13999938964844,1.0257673263549805
2022-07-07,21637.587890625,369.6810302734375,288.1817626953125,143.46995544433594,131.5977020263672,162.22999572753906,1.0186411142349243
2022-07-08,21731.1171875,369.3769836425781,288.5432434082031,144.14634704589844,130.71441650390625,162.3000030517578,1.0169836282730103
2022-07-09,21592.20703125,,,,,,
2022-07-10,20860.44921875,,,,,,
2022-07-11,19970.556640625,365.1572570800781,282.3786315917969,142.0190887451172,131.63380432128906,161.42999267578125,1.0166114568710327
2022-07-12,19323.9140625,361.92608642578125,279.6431579589844,142.98959350585938,130.4710693359375,160.8300018310547,1.004752516746521
2022-07-13,20212.07421875,360.02532958984375,279.0668029785156,142.6269073486328,131.32733154296875,161.60000610351562,1.0033109188079834
2022-07-14,20569.919921875,359.15106201171875,280.0632629394531,145.54823303222656,130.93975830078125,159.3300018310547,1.0032706260681152
2022-07-15,20836.328125,366.0127258300781,285.1434020996094,147.2147674560547,130.75949096679688,159.00999450683594,1.0025665760040283
2022-07-16,21190.31640625,,,,,,
2022-07-17,20779.34375,,,,,,
2022-07-18,22485.689453125,362.990478515625,282.7303771972656,144.17579650878906,129.173095703125,159.16000366210938,1.009631872177124
2022-07-19,23389.43359375,372.79827880859375,291.4252624511719,148.02847290039062,129.83108520507812,159.5399932861328,1.0145177841186523
2022-07-20,23231.732421875,375.1741027832031,296.0462341308594,150.02830505371094,127.58673095703125,158.0399932861328,1.0231330394744873
2022-07-21,23164.62890625,378.99462890625,300.2959899902344,152.29286193847656,127.70735168457031,160.27000427246094,1.0182781219482422
2022-07-22,22714.978515625,375.478271484375,295.0302734375,151.05763244628906,129.7486114501953,160.6699981689453,1.0221081972122192
2022-07-23,22465.478515625,,,,,,
2022-07-24,22609.1640625,,,,,,
2022-07-25,21361.701171875,375.9344787597656,293.3498229980469,149.94004821777344,130.6285858154297,160.22999572753906,1.0200231075286865
2022-07-26,21239.75390625,371.4867248535156,287.5858154296875,148.61663818359375,130.882568359375,160.0399932861328,1.022494912147522
2022-07-27,22930.548828125,381.1329345703125,299.7391052246094,153.70452880859375,132.12547302246094,161.6699981689453,1.0129557847976685
2022-07-28,23843.88671875,385.9132080078125,302.6699523925781,154.2534942626953,134.32089233398438,163.63999938964844,1.0209290981292725
2022-07-29,23804.6328125,391.5394287109375,308.1898498535156,159.3119659423828,126.01998901367188,164.10000610351562,1.0192328691482544
2022-07-30,23656.20703125,,,,,,
2022-07-31,23336.896484375,,,,,,
2022-08-01,23314.19921875,390.3799133300781,308.004150390625,158.3316192626953,129.6397247314453,165.02999877929688,1.0208247900009155
2022-08-02,22978.1171875,387.8044738769531,307.0858459472656,156.8611297607422,128.77784729003906,164.0500030517578,1.0261356830596924
2022-08-03,22846.5078125,393.8773193359375,315.4485778808594,162.8607177734375,131.4359893798828,164.4499969482422,1.015568733215332
2022-08-04,22630.95703125,393.6111755371094,316.92376708984375,162.54702758789062,131.22731018066406,167.1699981689453,1.015764594078064
2022-08-05,23289.314453125,392.9459533691406,314.3348693847656,162.32122802734375,131.29083251953125,165.2899932861328,1.024779200553894
2022-08-06,22961.279296875,,,,,,
2022-08-07,23175.890625,,,,,,
2022-08-08,23809.486328125,392.48974609375,313.31878662109375,161.85000610351562,131.78981018066406,166.69000244140625,1.0170871019363403
2022-08-09,23164.318359375,390.93115234375,309.7724609375,161.8990936279297,131.4813232421875,167.1999969482422,1.0197629928588867
2022-08-10,23947.642578125,399.14227294921875,318.4184875488281,166.13998413085938,132.72421264648438,166.77999877929688,1.0208144187927246
2022-08-11,23957.529296875,399.14227294921875,316.611083984375,165.40367126464844,131.7807159423828,166.33999633789062,1.0300782918930054
2022-08-12,24402.818359375,405.89935302734375,322.77569580078125,168.9475860595703,133.0598907470703,167.8699951171875,1.0316723585128784
2022-08-13,24424.068359375,,,,,,
2022-08-14,24319.333984375,,,,,,
2022-08-15,24136.97265625,407.57196044921875,325.3841552734375,170.017578125,134.7745361328125,165.7100067138672,1.0256409645080566
2022-08-16,23883.291015625,408.3702392578125,324.62213134765625,169.8605499267578,136.0173797607422,165.4199981689453,1.0161981582641602
2022-08-17,23335.998046875,405.4717102050781,320.9194641113281,171.35269165039062,135.3914031982422,164.35000610351562,1.0170663595199585
2022-08-18,23212.73828125,406.6501159667969,321.69122314453125,170.95999145507812,135.8722381591797,163.9199981689453,1.0180189609527588
2022-08-19,20877.552734375,401.185546875,315.4192810058594,168.3782196044922,135.83592224121094,162.72000122070312,1.0089900493621826
2022-08-20,21166.060546875,,,,,,
2022-08-21,21534.12109375,,,,,,
2022-08-22,21398.908203125,392.83184814453125,307.1151428222656,164.50054931640625,135.4730682373047,161.63999938964844,1.0035223960876465
2022-08-23,21528.087890625,391.8814697265625,306.8611145019531,164.166748046875,132.8603057861328,162.77000427246094,0.9939467906951904
2022-08-24,21395.01953125,393.135986328125,307.75018310546875,164.4613037109375,132.28875732421875,163.25,0.9966909885406494
2022-08-25,21600.904296875,398.6861572265625,313.1917419433594,166.91551208496094,132.1798858642578,163.75,0.9969095587730408
2022-08-26,20260.01953125,385.1909484863281,300.35455322265625,160.6228790283203,129.08628845214844,161.75999450683594,0.9971283078193665
2022-08-27,20041.73828125,,,,,,
2022-08-28,19616.814453125,,,,,,
2022-08-29,20297.994140625,382.64398193359375,297.3944396972656,158.4239044189453,128.54202270507812,161.86000061035156,0.993867814540863
2022-08-30,19796.80859375,378.4433898925781,294.0825500488281,155.99916076660156,127.17208862304688,160.50999450683594,1.0014019012451172
2022-08-31,20049.763671875,375.5638122558594,292.3728942871094,154.34014892578125,125.13996124267578,159.27000427246094,1.0025062561035156
2022-09-01,20127.140625,376.7423095703125,292.4999694824219,155.06661987304688,126.6822280883789,157.8699951171875,1.003905177116394
2022-09-02,19969.771484375,372.769775390625,288.367431640625,152.95596313476562,124.432373046875,159.25999450683594,0.995232880115509
2022-09-03,19832.087890625,,,,,,
2022-09-04,19986.712890625,,,,,,
2022-09-05,19812.37109375,,,,,,0.9909427762031555
2022-09-06,18837.66796875,371.36328125,286.2962951660156,151.69940185546875,123.04435729980469,158.3300018310547,0.9952229857444763
2022-09-07,19290.32421875,378.03472900390625,292.0798034667969,153.10321044921875,124.90409088134766,159.94000244140625,0.9897951483726501
2022-09-08,19329.833984375,380.5056457519531,293.5940856933594,151.63072204589844,125.06741333007812,158.97999572753906,0.9995701909065247
2022-09-09,21381.15234375,386.4169616699219,300.0126953125,154.48739624023438,126.97254180908203,159.82000732421875,1.0012015104293823
2022-09-10,21680.5390625,,,,,,
2022-09-11,21769.255859375,,,,,,
2022-09-12,22370.44921875,390.5700378417969,303.57861328125,160.43638610839844,128.0067596435547,160.6300048828125,1.0071406364440918
2022-09-13,20296.70703125,373.5870361328125,286.9313049316406,151.0220489501953,125.35772705078125,158.5399932861328,1.0129557847976685
2022-09-14,20241.08984375,375.0125732421875,289.20758056640625,152.46514892578125,125.65707397460938,157.92999267578125,0.9982032775878906
2022-09-15,19701.2109375,370.7550048828125,284.3911437988281,149.57896423339844,124.68636322021484,154.97999572753906,0.9984025359153748
2022-09-16,19772.583984375,367.926513671875,282.6522216796875,147.93955993652344,125.44841766357422,155.83999633789062,0.9988313317298889
2022-09-17,20127.576171875,,,,,,
2022-09-18,19419.505859375,,,,,,
2022-09-19,19544.12890625,370.7797546386719,284.8533020019531,151.65032958984375,125.1853256225586,155.9600067138672,1.002234935760498
2022-09-20,18890.7890625,366.5238037109375,282.58270263671875,154.02597045898438,124.74079895019531,155.07000732421875,1.0029587745666504
2022-09-21,18547.400390625,360.13018798828125,277.52288818359375,150.90423583984375,123.13506317138672,155.7899932861328,0.997078537940979
2022-09-22,19413.55078125,357.1051330566406,274.1071472167969,149.94219970703125,123.57051849365234,155.6999969482422,0.983071506023407
2022-09-23,19297.638671875,351.1219177246094,269.6441650390625,147.67449951171875,122.99897766113281,153.00999450683594,0.9841550588607788
2022-09-24,18937.01171875,,,,,,
2022-09-25,18802.09765625,,,,,,
2022-09-26,19222.671875,347.64837646484375,268.5284118652344,148.00827026367188,123.11691284179688,151.22999572753906,0.968992292881012
2022-09-27,19110.546875,346.7608642578125,268.6360778808594,148.98016357421875,119.7330322265625,151.5399932861328,0.9623712301254272
2022-09-28,19426.720703125,353.5839538574219,273.9798278808594,147.0952911376953,119.7330322265625,154.69000244140625,0.9596191644668579
2022-09-29,19573.05078125,346.1979064941406,266.08172607421875,139.87014770507812,116.75740051269531,154.66000366210938,0.9708172082901001
2022-09-30,19431.7890625,340.844482421875,261.56982421875,135.66854858398438,114.53473663330078,154.6699981689453,0.9829555749893188
2022-10-01,19312.095703125,,,,,,
2022-10-02,19044.107421875,,,,,,
2022-10-03,19623.580078125,349.8431701660156,267.7063903808594,139.8406524658203,116.58502197265625,158.42999267578125,0.9792688488960266
2022-10-04,20336.84375,360.6836242675781,276.12322998046875,143.42379760742188,118.02749633789062,160.6999969482422,0.9832068681716919
2022-10-05,20160.716796875,359.84381103515625,275.9764404296875,143.71829223632812,117.21099090576172,159.80999755859375,0.998432457447052
2022-10-06,19955.443359375,356.13177490234375,273.8036804199219,142.76609802246094,114.743408203125,159.6300048828125,0.9910998940467834
2022-10-07,19546.849609375,346.1979064941406,263.3706970214844,137.52391052246094,112.73847961425781,157.8800048828125,0.9789045453071594
2022-10-08,19416.568359375,,,,,,
2022-10-09,19446.42578125,,,,,,
2022-10-10,19141.484375,343.55450439453125,260.7379150390625,137.84788513183594,112.27579498291016,155.47999572753906,0.9735012650489807
2022-10-11,19051.41796875,341.37890625,257.1558837890625,136.43421936035156,112.70219421386719,155.16000366210938,0.9710057377815247
2022-10-12,19157.4453125,340.2528076171875,257.06781005859375,135.8059844970703,112.88362121582031,155.99000549316406,0.9700167775154114
2022-10-13,19382.904296875,349.23248291015625,263.0966796875,140.3708038330078,114.58916473388672,154.91000366210938,0.9707984328269958
2022-10-14,19185.65625,341.27392578125,255.18861389160156,135.84527587890625,113.47331237792969,152.97999572753906,0.975134015083313
2022-10-15,19067.634765625,,,,,,
2022-10-16,19268.09375,,,,,,
2022-10-17,19550.7578125,350.0436096191406,263.6153259277344,139.80140686035156,115.52359008789062,153.4199981689453,0.973937451839447
2022-10-18,19334.416015625,354.156494140625,265.7000427246094,141.11688232421875,116.4580078125,153.75,0.9846396446228027
2022-10-19,19139.53515625,351.646728515625,264.7310791015625,141.224853515625,117.53760528564453,151.69000244140625,0.9863878488540649
2022-10-20,19053.740234375,348.6980895996094,263.3804626464844,140.7634735107422,116.02368927001953,151.4499969482422,0.9766482710838318
2022-10-21,19172.46875,357.1719970703125,269.5561218261719,144.57240295410156,117.47638702392578,154.14999389648438,0.9778899550437927
2022-10-22,19208.189453125,,,,,,
2022-10-23,19567.0078125,,,,,,
2022-10-24,19345.572265625,361.54248046875,272.5216369628906,146.71249389648438,118.19815063476562,153.64999389648438,0.9860085844993591
2022-10-25,20095.857421875,367.3157653808594,278.1589050292969,149.5494842529297,119.55947875976562,154.0,0.9886503219604492
2022-10-26,20770.44140625,364.54840087890625,272.0126647949219,146.61431884765625,120.40003967285156,154.97999572753906,0.9963731169700623
2022-10-27,20285.8359375,362.6017150878906,267.0603942871094,142.14767456054688,120.49140930175781,154.74000549316406,1.009193778038025
2022-10-28,20595.3515625,371.2283020019531,275.23260498046875,152.88726806640625,123.5429916381836,153.16000366210938,0.9967803955078125
2022-10-29,20818.4765625,,,,,,
2022-10-30,20635.603515625,,,,,,
2022-10-31,20495.7734375,368.54681396484375,272.0322570800781,150.53118896484375,123.04047393798828,151.91000366210938,0.9955002665519714
2022-11-01,20485.2734375,366.9340515136719,269.2527160644531,147.8904571533203,123.23236846923828,153.4600067138672,0.9886307716369629
2022-11-02,20159.50390625,357.7254638671875,260.0234375,142.37342834472656,121.45987701416016,152.38999938964844,0.9877909421920776
2022-11-03,20209.98828125,354.0419616699219,254.94395446777344,136.33609008789062,120.62845611572266,151.80999755859375,0.9814409017562866
2022-11-04,21147.23046875,359.1377868652344,259.04473876953125,136.07058715820312,122.83035278320312,156.47000122070312,0.9749630093574524
2022-11-05,21282.69140625,,,,,,
2022-11-06,20926.486328125,,,,,,
2022-11-07,20602.81640625,362.57305908203125,261.892822265625,136.60157775878906,124.71244812011719,155.85000610351562,0.9928810596466064
2022-11-08,18541.271484375,364.5293273925781,263.80126953125,137.17189025878906,124.99566650390625,159.4499969482422,1.0018634796142578
2022-11-09,15880.7802734375,357.019287109375,257.71368408203125,132.61915588378906,124.69416046142578,158.64999389648438,1.008084774017334
2022-11-10,17586.771484375,376.63897705078125,276.73004150390625,144.4188995361328,128.98829650878906,163.47999572753906,1.0019538402557373
2022-11-11,17034.29296875,380.28424072265625,281.8291015625,147.20167541503906,128.79644775390625,164.55999755859375,1.0192224979400635
2022-11-12,16799.185546875,,,,,,
2022-11-13,16353.365234375,,,,,,
2022-11-14,16618.19921875,377.04931640625,279.36279296875,145.80535888671875,128.8055877685547,164.9199981689453,1.0328551530838013
2022-11-15,16884.61328125,380.26519775390625,283.22869873046875,147.5360107421875,128.35789489746094,165.5,1.0319278240203857
2022-11-16,16669.439453125,377.3642272949219,279.36279296875,146.3068389892578,129.4999237060547,165.1199951171875,1.0357863903045654
2022-11-17,16687.517578125,376.20953369140625,278.7462463378906,148.2046356201172,128.70504760742188,163.9199981689453,1.0395010709762573
2022-11-18,16697.77734375,377.91766357421875,278.7559509277344,148.76512145996094,130.25830078125,162.7899932861328,1.036172866821289
2022-11-19,16711.546875,,,,,,
2022-11-20,16291.83203125,,,,,,
2022-11-21,15787.2841796875,376.5435485839844,275.8883361816406,145.53988647460938,131.91197204589844,161.8800048828125,1.0330898761749268
2022-11-22,16189.76953125,381.61065673828125,279.8619384765625,147.6736602783203,133.04486083984375,162.07000732421875,1.0245691537857056
2022-11-23,16610.70703125,384.0154113769531,282.6707763671875,148.54879760742188,133.80320739746094,163.0800018310547,1.0311086177825928
2022-11-24,16604.46484375,,,,,,1.0416233539581299
2022-11-25,16521.841796875,383.9295349121094,280.811279296875,145.63821411132812,134.04991149902344,163.22000122070312,1.040810227394104
2022-11-26,16464.28125,,,,,,
2022-11-27,16444.626953125,,,,,,
2022-11-28,16217.322265625,377.80322265625,276.69085693359375,141.81312561035156,133.9402313232422,161.92999267578125,1.0367528200149536
2022-11-29,16444.982421875,377.1542663574219,274.5965270996094,138.8140106201172,132.9169464111328,162.72999572753906,1.034554123878479
2022-11-30,17168.56640625,389.03485107421875,287.1141357421875,145.5595245361328,136.27919006347656,164.80999755859375,1.0324499607086182
2022-12-01,16967.1328125,388.74859619140625,287.4664306640625,145.8348846435547,136.36138916015625,167.83999633789062,1.042535424232483
2022-12-02,17088.66015625,388.30010986328125,286.32135009765625,145.3432159423828,137.6039581298828,167.25999450683594,1.052842140197754
2022-12-03,16908.236328125,,,,,,
2022-12-04,17130.486328125,,,,,,
2022-12-05,16974.826171875,381.3148193359375,281.5159606933594,144.18289184570312,136.21522521972656,164.38999938964844,1.0544185638427734
2022-12-06,17089.50390625,375.81829833984375,275.6827697753906,140.5249786376953,136.38882446289062,164.83999633789062,1.0496923923492432
2022-12-07,16848.126953125,375.1789855957031,274.55731201171875,138.58787536621094,137.2659149169922,166.3300018310547,1.0469011068344116
2022-12-08,17233.474609375,378.1180725097656,277.806640625,140.26934814453125,138.2526397705078,166.47000122070312,1.051325798034668
2022-12-09,17133.15234375,375.29345703125,276.03515625,139.78750610351562,137.88719177246094,167.05999755859375,1.0559661388397217
2022-12-10,17128.724609375,,,,,,
2022-12-11,17104.193359375,,,,,,
2022-12-12,17206.4375,380.7041931152344,279.4997863769531,142.07859802246094,139.30332946777344,165.67999267578125,1.0522217750549316
2022-12-13,17781.318359375,383.5860595703125,282.50439453125,143.04225158691406,139.0932159423828,168.50999450683594,1.0541739463806152
2022-12-14,17815.650390625,381.133544921875,280.4100341796875,140.81997680664062,139.64138793945312,168.10000610351562,1.062665343284607
2022-12-15,17364.865234375,371.8103942871094,270.99481201171875,134.2219696044922,138.06077575683594,165.35000610351562,1.0676347017288208
2022-12-16,16647.484375,367.42071533203125,268.4110107421875,132.26515197753906,137.4486541748047,166.7899932861328,1.064056158065796
2022-12-17,16795.091796875,,,,,,
2022-12-18,16757.9765625,,,,,,
2022-12-19,16439.6796875,364.30511474609375,264.63885498046875,130.160888671875,137.412109375,166.32000732421875,1.05850350856781
2022-12-20,16906.3046875,364.8036193847656,264.4328918457031,130.09207153320312,137.46694946289062,169.0800018310547,1.0614584684371948
2022-12-21,16817.53515625,370.25836181640625,268.268798828125,133.18946838378906,138.72772216796875,168.8000030517578,1.062699317932129
2022-12-22,16830.341796875,364.9761657714844,261.70556640625,130.0232391357422,139.04751586914062,166.75999450683594,1.0610079765319824
2022-12-23,16796.953125,367.07562255859375,262.2941589355469,129.65939331054688,139.4403839111328,167.25999450683594,1.060333013534546
2022-12-24,16847.755859375,,,,,,
2022-12-25,16841.986328125,,,,,,
2022-12-26,16919.8046875,,,,,,1.0667804479599
2022-12-27,16717.173828125,365.6280822753906,258.58575439453125,127.85992431640625,140.65554809570312,168.6699981689453,1.064022183418274
2022-12-28,16552.572265625,361.0841064453125,255.17173767089844,123.93653869628906,138.83741760253906,167.91000366210938,1.0637166500091553
2022-12-29,16642.341796875,367.58367919921875,261.3915710449219,127.44696807861328,139.4129638671875,168.85000610351562,1.062925100326538
2022-12-30,16602.5859375,366.615478515625,261.2346496582031,127.76160430908203,138.47190856933594,169.63999938964844,1.066075325012207
2022-12-31,16547.49609375,,,,,,
2023-01-01,16625.080078125,,,,,,
2023-01-02,16688.470703125,,,,,,1.0709733963012695
2023-01-03,16679.857421875,365.0721130371094,259.46868896484375,122.98271942138672,138.48106384277344,171.05999755859375,1.0677714347839355
2023-01-04,16863.23828125,367.8905334472656,260.7048645019531,124.25118255615234,139.0840606689453,172.6699981689453,1.0546854734420776
2023-01-05,16836.736328125,363.6915588378906,256.6237487792969,122.93356323242188,137.3572540283203,170.52000427246094,1.0606365203857422
2023-01-06,16951.96875,372.03179931640625,263.7068176269531,127.4567642211914,140.6281280517578,173.7100067138672,1.0522217750549316
2023-01-07,16955.078125,,,,,,
2023-01-08,17091.14453125,,,,,,
2023-01-09,17196.5546875,371.8209228515625,265.4139404296875,127.9779281616211,138.9104766845703,174.10000610351562,1.0656323432922363
2023-01-10,17446.29296875,374.4284362792969,267.6605529785156,128.5482635498047,138.7734375,174.74000549316406,1.073318362236023
2023-01-11,17934.896484375,379.1641845703125,272.2911071777344,131.26219177246094,137.64964294433594,174.6199951171875,1.0738946199417114
2023-01-12,18869.587890625,380.5445861816406,273.7626037597656,131.18353271484375,136.87301635742188,176.63999938964844,1.0766000747680664
2023-01-13,19909.57421875,382.0209655761719,275.6463317871094,132.51101684570312,137.8506622314453,178.75999450683594,1.0860239267349243
2023-01-14,20976.298828125,,,,,,
2023-01-15,20880.798828125,,,,,,
2023-01-16,21169.6328125,,,,,,1.082461953163147
2023-01-17,21161.51953125,381.32110595703125,276.2054748535156,133.67132568359375,137.4486541748047,177.58999633789062,1.0830129384994507
2023-01-18,20688.78125,375.30078125,272.6148986816406,132.9534912109375,133.7666473388672,177.0800018310547,1.0793308019638062
2023-01-19,21086.79296875,372.5686340332031,269.9365234375,133.01248168945312,130.93775939941406,179.88999938964844,1.0797853469848633
2023-01-20,22676.552734375,379.50933837890625,277.3238830566406,135.56906127929688,131.4434051513672,179.2899932861328,1.083388328552246
2023-01-21,22777.625,,,,,,
2023-01-22,22720.416015625,,,,,,
2023-01-23,22934.431640625,384.0628967285156,283.4848937988281,138.75503540039062,129.67819213867188,179.6300048828125,1.086507797241211
2023-01-24,22636.46875,383.650634765625,282.9060363769531,140.15133666992188,130.3861083984375,180.27999877929688,1.0874292850494385
2023-01-25,23117.859375,383.79443359375,282.2781677246094,139.49252319335938,130.29417419433594,181.11000061035156,1.088814616203308
2023-01-26,23032.77734375,388.01251220703125,287.7818908691406,141.5574951171875,129.77011108398438,179.47000122070312,1.0922038555145264
2023-01-27,23078.728515625,388.904052734375,290.6466064453125,143.49459838867188,129.23690795898438,179.22000122070312,1.0894432067871094
2023-01-28,23031.08984375,,,,,,
2023-01-29,23774.56640625,,,,,,
2023-01-30,22840.138671875,384.0245361328125,284.7700500488281,140.6134796142578,129.64138793945312,178.75999450683594,1.0871455669403076
2023-01-31,23139.283203125,389.67095947265625,289.0376281738281,141.88194274902344,130.90097045898438,179.41000366210938,1.0850694179534912
2023-02-01,23723.76953125,393.81231689453125,295.2182922363281,143.00291442871094,131.6456298828125,181.6699981689453,1.0860947370529175
2023-02-02,23471.87109375,399.5450439453125,305.8135986328125,148.30300903320312,130.70787048339844,177.89999389648438,1.1012852191925049
2023-02-03,23449.322265625,395.2981872558594,300.3786315917969,151.9215545654297,131.11241149902344,173.4600067138672,1.0905125141143799
2023-02-04,23331.84765625,,,,,,
2023-02-05,22955.666015625,,,,,,
2023-02-06,22760.109375,392.88238525390625,297.83770751953125,149.19778442382812,129.99998474121094,173.82000732421875,1.079086184501648
2023-02-07,23264.291015625,398.020751953125,304.008544921875,152.0690460205078,128.73121643066406,173.97999572753906,1.0730764865875244
2023-02-08,22939.3984375,393.66851806640625,298.6029357910156,149.3846435546875,127.39813232421875,174.41000366210938,1.0729728937149048
2023-02-09,21819.0390625,390.2557373046875,295.96392822265625,148.3521728515625,126.00067138671875,173.02999877929688,1.0715816020965576
2023-02-10,21651.18359375,391.1664123535156,294.02142333984375,148.7165069580078,127.11310577392578,173.36000061035156,1.0742292404174805
2023-02-11,21870.875,,,,,,
2023-02-12,21788.203125,,,,,,
2023-02-13,21808.1015625,395.75836181640625,298.7304992675781,151.51341247558594,128.77720642089844,172.47999572753906,1.0677714347839355
2023-02-14,22220.8046875,395.5762023925781,300.9378356933594,150.87326049804688,128.0508575439453,172.61000061035156,1.0730419158935547
2023-02-15,24307.841796875,396.8608093261719,303.2433166503906,152.97091674804688,127.75667572021484,170.88999938964844,1.0735719203948975
2023-02-16,23623.474609375,391.396484375,297.55316162109375,151.37550354003906,126.08341217041016,170.75,1.0691757202148438
2023-02-17,24565.6015625,390.4186706542969,295.4537048339844,150.233154296875,128.72203063964844,171.25999450683594,1.0665756464004517
2023-02-18,24641.27734375,,,,,,
2023-02-19,24327.642578125,,,,,,
2023-02-20,24829.1484375,,,,,,1.0684444904327393
2023-02-21,24436.353515625,382.5865173339844,288.4588623046875,146.2249298095703,128.63009643554688,170.6199951171875,1.068261981010437
2023-02-22,24188.84375,382.0592956542969,288.6746826171875,146.6483917236328,129.17251586914062,169.66000366210938,1.065200924873352
2023-02-23,23947.4921875,384.0915832519531,291.1960144042969,147.13095092773438,128.75881958007812,169.57000732421875,1.0605803728103638
2023-02-24,23198.126953125,379.9886169433594,286.3200988769531,144.48182678222656,128.0325164794922,168.35000610351562,1.0598047971725464
2023-02-25,23175.375,,,,,,
2023-02-26,23561.212890625,,,,,,
2023-02-27,23522.87109375,381.2828063964844,288.3705139160156,145.67344665527344,127.92218017578125,169.00999450683594,1.0554758310317993
2023-02-28,23147.353515625,379.87359619140625,287.9977722167969,145.17123413085938,126.46955108642578,169.77999877929688,1.0611205101013184
2023-03-01,23646.55078125,378.4164123535156,285.68243408203125,143.1031494140625,126.56150817871094,170.75999450683594,1.0577309131622314
2023-03-02,23475.466796875,381.3594970703125,288.04681396484375,143.6940155029297,128.64846801757812,170.66000366210938,1.066894292831421
2023-03-03,22362.6796875,387.4756774902344,294.00177001953125,148.7362060546875,129.58624267578125,172.49000549316406,1.0599732398986816
2023-03-04,22353.349609375,,,,,,
2023-03-05,22435.513671875,,,,,,
2023-03-06,22429.7578125,387.7440490722656,294.3353271484375,151.4937286376953,129.03465270996094,171.6199951171875,1.0626201629638672
2023-03-07,22219.76953125,381.80047607421875,290.72503662109375,149.2975311279297,126.46955108642578,168.6199951171875,1.0688328742980957
2023-03-08,21718.080078125,382.4236145019531,292.1770324707031,150.54827880859375,126.4879379272461,168.5399932861328,1.05507493019104
2023-03-09,20363.021484375,375.36785888671875,287.11474609375,148.30291748046875,125.55939483642578,170.1999969482422,1.0549525022506714
2023-03-10,20187.244140625,369.95159912109375,283.0826416015625,146.2446746826172,126.12938690185547,173.8699951171875,1.0584698915481567
2023-03-11,20632.41015625,,,,,,
2023-03-12,22163.94921875,,,,,,
2023-03-13,24197.533203125,369.42431640625,285.1820983886719,148.1847381591797,127.00281524658203,177.86000061035156,1.0683646202087402
2023-03-14,24746.07421875,375.5308837890625,291.735595703125,150.2725372314453,128.57492065429688,176.8300018310547,1.0725010633468628
2023-03-15,24375.9609375,373.1822204589844,293.2659606933594,150.6664276123047,130.39529418945312,178.2100067138672,1.0727657079696655
2023-03-16,25052.7890625,379.729736328125,300.9967041015625,153.4830322265625,131.3698272705078,178.57000732421875,1.0583354234695435
2023-03-17,27423.9296875,375.2896728515625,299.5741271972656,152.64593505859375,131.4066162109375,183.77000427246094,1.0614134073257446
2023-03-18,26965.87890625,,,,,,
2023-03-19,28038.67578125,,,,,,
2023-03-20,27767.236328125,378.8983459472656,300.63726806640625,155.00949096679688,133.4292449951172,183.83999633789062,1.0678855180740356
2023-03-21,28175.81640625,383.8735046386719,304.93115234375,156.86093139648438,132.46389770507812,180.3699951171875,1.071914792060852
2023-03-22,27307.4375,377.32977294921875,300.78466796875,155.4329376220703,132.3811492919922,183.44000244140625,1.0774236917495728
2023-03-23,28333.97265625,378.3498229980469,304.35137939453125,156.51625061035156,132.19728088378906,185.74000549316406,1.0870392322540283
2023-03-24,27493.28515625,380.8326110839844,305.4715881347656,157.81619262695312,134.89105224609375,183.64999389648438,1.0835057497024536
2023-03-25,27494.70703125,,,,,,
2023-03-26,27994.330078125,,,,,,
2023-03-27,27139.888671875,381.544677734375,303.3786926269531,155.87612915039062,134.1831512451172,181.9499969482422,1.077818512916565
2023-03-28,27268.130859375,380.6882629394531,301.76727294921875,155.2556610107422,134.56008911132812,183.44000244140625,1.0807071924209595
2023-03-29,28348.44140625,386.22149658203125,307.2696533203125,158.32830810546875,134.97378540039062,182.52999877929688,1.0839520692825317
2023-03-30,28033.5625,388.4828796386719,310.1780090332031,159.8941650390625,135.5622100830078,184.17999267578125,1.0843634605407715
2023-03-31,28478.484375,393.95843505859375,315.3365783691406,162.39556884765625,136.7022247314453,183.22000122070312,1.0904649496078491
2023-04-01,28411.03515625,,,,,,
2023-04-02,28199.30859375,,,,,,
2023-04-03,27790.220703125,395.4595947265625,314.5701599121094,163.6462860107422,137.45608520507812,184.5399932861328,1.0803335905075073
2023-04-04,28168.08984375,393.2655944824219,313.509033203125,163.11451721191406,138.1180877685547,187.97999572753906,1.091226577758789
2023-04-05,28177.984375,392.2359619140625,310.4139099121094,161.27285766601562,139.06504821777344,187.8300018310547,1.0960105657577515
2023-04-06,28044.140625,393.7659606933594,312.5067138671875,162.1592559814453,139.94764709472656,186.49000549316406,1.090334177017212
2023-04-07,27925.859375,,,,,,1.0920130014419556
2023-04-08,27947.794921875,,,,,,
2023-04-09,28333.05078125,,,,,,
2023-04-10,29652.98046875,394.17010498046875,312.3299255371094,159.5691375732422,138.78919982910156,185.11000061035156,1.0913575887680054
2023-04-11,30235.05859375,394.2759704589844,310.3254699707031,158.35781860351562,138.51341247558594,186.27999877929688,1.086932897567749
2023-04-12,30139.052734375,392.66888427734375,307.5841064453125,157.66847229003906,138.89035034179688,187.19000244140625,1.0917507410049438
2023-04-13,30399.06640625,397.88458251953125,313.6072082519531,163.04554748535156,139.53392028808594,189.72000122070312,1.0999890565872192
2023-04-14,30485.69921875,396.9126892089844,313.0177307128906,162.70086669921875,138.82598876953125,186.36000061035156,1.1054610013961792
2023-04-15,30318.49609375,,,,,,
2023-04-16,30315.35546875,,,,,,
2023-04-17,29445.044921875,398.3369445800781,313.2829895019531,162.72056579589844,138.87196350097656,185.52999877929688,1.098659634590149
2023-04-18,30397.552734375,398.59674072265625,313.3026428222656,163.94174194335938,139.01907348632812,186.25,1.0925379991531372
2023-04-19,28822.6796875,398.5294494628906,313.15521240234375,165.08409118652344,139.04664611816406,185.36000061035156,1.0975382328033447
2023-04-20,28245.98828125,396.3545837402344,310.767578125,164.1190185546875,139.55638122558594,186.08999633789062,1.095218300819397
2023-04-21,27276.91015625,396.66253662109375,311.091796875,162.5137481689453,144.38558959960938,184.25,1.0970927476882935
2023-04-22,27817.5,,,,,,
2023-04-23,27591.384765625,,,,,,
2023-04-24,27525.33984375,397.0763244628906,310.44329833984375,162.81906127929688,144.64463806152344,184.80999755859375,1.0992271900177002
2023-04-25,28307.59765625,390.7732238769531,304.5872497558594,161.28274536132812,144.68161010742188,185.75,1.1059499979019165
2023-04-26,28422.701171875,389.1180114746094,306.4344177246094,161.27285766601562,143.00709533691406,184.74000549316406,1.0978394746780396
2023-04-27,29473.787109375,396.8646545410156,314.7667236328125,165.85226440429688,144.75564575195312,184.75,1.1047282218933105
2023-04-28,29340.26171875,400.2519836425781,316.9381408691406,167.1029510498047,144.67239379882812,184.8000030517578,1.1032048463821411
2023-04-29,29248.48828125,,,,,,
2023-04-30,29268.806640625,,,,,,
2023-05-01,28091.568359375,399.8477783203125,316.5746154785156,167.01434326171875,144.84815979003906,183.97000122070312,1.1010911464691162
2023-05-02,28680.537109375,395.3537902832031,313.8135986328125,165.9803009033203,144.7186279296875,187.52000427246094,1.0969241857528687
2023-05-03,29006.30859375,392.64007568359375,311.760009765625,164.90682983398438,144.5336151123047,189.11000061035156,1.1010911464691162
2023-05-04,28847.7109375,389.8590087890625,310.6595153808594,163.2720489501953,143.8675079345703,190.44000244140625,1.1068925857543945
2023-05-05,29534.384765625,397.0763244628906,317.26239013671875,170.93389892578125,144.34857177734375,187.4600067138672,1.102292776107788
2023-05-06,28904.623046875,,,,,,
2023-05-07,28454.978515625,,,,,,
2023-05-08,27694.2734375,397.18212890625,318.0483703613281,170.86492919921875,143.67324829101562,187.69000244140625,1.10186767578125
2023-05-09,27658.775390625,395.4403991699219,316.0342102050781,169.16123962402344,142.20225524902344,189.02000427246094,1.0996140241622925
2023-05-10,27621.755859375,397.2880554199219,319.47320556640625,170.92404174804688,142.498291015625,188.75,1.096467137336731
2023-05-11,27000.7890625,396.5951843261719,320.5146789550781,171.1111602783203,142.8313446044922,187.1300048828125,1.098406195640564
2023-05-12,26804.990234375,396.0755310058594,319.36505126953125,170.18414306640625,144.28382873535156,186.80999755859375,1.0912145376205444
2023-05-13,26784.078125,,,,,,
2023-05-14,26930.638671875,,,,,,
2023-05-15,27192.693359375,397.4420471191406,321.09442138671875,169.6910858154297,144.330078125,187.2100067138672,1.0852696895599365
2023-05-16,27036.650390625,394.7860412597656,321.4579772949219,169.6910858154297,144.08029174804688,184.8699951171875,1.0873701572418213
2023-05-17,27398.802734375,399.5783386230469,325.3489685058594,170.30247497558594,143.4696807861328,184.22999572753906,1.0865668058395386
2023-05-18,26832.208984375,403.42755126953125,331.3917236328125,172.62989807128906,141.11061096191406,181.83999633789062,1.0838346481323242
2023-05-19,26890.12890625,402.84051513671875,330.64501953125,172.73834228515625,141.7027130126953,183.63999938964844,1.0775396823883057
2023-05-20,27129.5859375,,,,,,
2023-05-21,26753.826171875,,,,,,
2023-05-22,26851.27734375,403.004150390625,331.7553405761719,171.79159545898438,137.992919921875,183.2100067138672,1.0822745561599731
2023-05-23,27225.7265625,398.4812927246094,327.5498962402344,169.1881103515625,136.50344848632812,183.42999267578125,1.0811045169830322
2023-05-24,26334.818359375,395.5943298339844,325.8697204589844,169.4642333984375,135.374755859375,181.9499969482422,1.076971173286438
2023-05-25,26476.20703125,399.0201721191406,333.79913330078125,170.59835815429688,134.50514221191406,180.1999969482422,1.0757315158843994
2023-05-26,26719.291015625,404.187744140625,342.32769775390625,173.00460815429688,134.51437377929688,180.9199981689453,1.0724436044692993
2023-05-27,26868.353515625,,,,,,
2023-05-28,28085.646484375,,,,,,
2023-05-29,27745.884765625,,,,,,1.0723055601119995
2023-05-30,27702.349609375,404.3417053222656,343.88031005859375,174.8487548828125,132.46060180664062,182.0399932861328,1.0707669258117676
2023-05-31,27219.658203125,402.0995178222656,341.92498779296875,174.79946899414062,131.83151245117188,182.32000732421875,1.073306918144226
2023-06-01,26819.97265625,405.919921875,345.87481689453125,177.6001739501953,133.18222045898438,183.75999450683594,1.0695186853408813
2023-06-02,27249.58984375,411.7900085449219,348.4688720703125,178.4483184814453,135.5505828857422,181.0500030517578,1.0760787725448608
2023-06-03,27075.12890625,,,,,,
2023-06-04,27119.06640625,,,,,,
2023-06-05,25760.09765625,411.0008850097656,348.71453857421875,177.0972442626953,135.0139923095703,182.13999938964844,1.0698620080947876
2023-06-06,27238.783203125,411.8958435058594,348.6555480957031,176.73236083984375,133.6725311279297,182.33999633789062,1.0711798667907715
2023-06-07,26345.998046875,410.4715881347656,342.7404479980469,175.361572265625,133.95933532714844,180.14999389648438,1.0698047876358032
2023-06-08,26508.216796875,412.95428466796875,346.9949035644531,178.07354736328125,135.47654724121094,182.52999877929688,1.0707440376281738
2023-06-09,26480.375,413.69537353515625,348.3215026855469,178.45819091796875,135.58755493164062,182.0399932861328,1.078271746635437
2023-06-10,25851.240234375,,,,,,
2023-06-11,25940.16796875,,,,,,
2023-06-12,25902.5,417.4482727050781,354.20709228515625,181.2490234375,134.523681640625,181.8800048828125,1.0750954151153564
2023-06-13,25918.728515625,420.20050048828125,356.9288024902344,180.77566528320312,134.19984436035156,180.5399932861328,1.0762988328933716
2023-06-14,25124.67578125,420.700927734375,359.5227966308594,181.4068145751953,135.45803833007812,180.63999938964844,1.078934907913208
2023-06-15,25576.39453125,425.9165954589844,363.8067626953125,183.43836975097656,137.33607482910156,181.91000366210938,1.084304690361023
2023-06-16,26327.462890625,424.46588134765625,361.51739501953125,182.3634033203125,138.34445190429688,181.6300048828125,1.0945948362350464
2023-06-17,26510.67578125,,,,,,
2023-06-18,26336.212890625,,,,,,
2023-06-19,26851.029296875,,,,,,1.0942115783691406
2023-06-20,28327.48828125,422.2636413574219,360.9999084472656,182.4521942138672,137.0677947998047,179.75,1.0924304723739624
2023-06-21,30027.296875,420.10009765625,356.0802917480469,181.41668701171875,138.25193786621094,179.49000549316406,1.0920368432998657
2023-06-22,29912.28125,421.6165466308594,360.2815856933594,184.41465759277344,138.7237548828125,177.7100067138672,1.0992635488510132
2023-06-23,30695.46875,418.4291076660156,356.7099914550781,184.0990753173828,137.34532165527344,178.1999969482422,1.0958904027938843
2023-06-24,30548.6953125,,,,,,
2023-06-25,30480.26171875,,,,,,
2023-06-26,30271.130859375,416.7195129394531,351.92803955078125,182.70855712890625,137.48406982421875,178.50999450683594,1.0906671285629272
2023-06-27,30688.1640625,421.28814697265625,357.97918701171875,185.45999145507812,138.7885284423828,177.69000244140625,1.091048002243042
2023-06-28,30086.24609375,421.5005798339844,358.6778564453125,186.63351440429688,138.7607879638672,177.27999877929688,1.0957223176956177
2023-06-29,30445.3515625,423.161865234375,357.95953369140625,186.9688262939453,138.19644165039062,177.08999633789062,1.0915838479995728
2023-06-30,30477.251953125,428.1554870605469,363.4794006347656,191.28829956054688,140.37977600097656,178.27000427246094,1.0868029594421387
2023-07-01,30590.078125,,,,,,
2023-07-02,30620.76953125,,,,,,
2023-07-03,31156.439453125,428.6481628417969,364.3353576660156,189.7991943359375,141.08285522460938,178.47000122070312,1.0907504558563232
2023-07-04,30777.58203125,,,,,,1.091309905052185
2023-07-05,30514.166015625,428.0106201171875,364.3254699707031,188.6847686767578,140.84234619140625,177.83999633789062,1.0884946584701538
2023-07-06,29909.337890625,424.6590270996094,361.5508728027344,189.15817260742188,140.61105346679688,177.30999755859375,1.0856584310531616
2023-07-07,30342.265625,423.5868835449219,360.35052490234375,188.0437774658203,137.65985107421875,178.63999938964844,1.0890636444091797
2023-07-08,30292.541015625,,,,,,
2023-07-09,30171.234375,,,,,,
2023-07-10,30414.470703125,424.6590270996094,360.468505859375,186.0023956298828,137.71536254882812,178.77999877929688,1.0969723463058472
2023-07-11,30620.951171875,427.36346435546875,362.24945068359375,185.47972106933594,136.9937744140625,179.4499969482422,1.100594401359558
2023-07-12,30391.646484375,430.80206298828125,366.82464599609375,187.14634704589844,137.7061004638672,181.8800048828125,1.101406455039978
2023-07-13,31476.048828125,434.22125244140625,373.0528869628906,187.9056854248047,137.79861450195312,182.00999450683594,1.1144545078277588
2023-07-14,30334.068359375,433.9507751464844,372.97418212890625,188.0536346435547,138.81629943847656,181.42999267578125,1.1223469972610474
2023-07-15,30295.806640625,,,,,,
2023-07-16,30249.1328125,,,,,,
2023-07-17,30145.888671875,435.45751953125,376.45721435546875,191.3080291748047,137.8356475830078,181.55999755859375,1.1227755546569824
2023-07-18,29856.5625,438.6932678222656,379.53692626953125,191.05157470703125,138.09469604492188,183.63999938964844,1.1237596273422241
2023-07-19,29913.923828125,439.6688537597656,379.4483642578125,192.4026641845703,139.03831481933594,183.6699981689453,1.1228890419006348
2023-07-20,29792.015625,436.7518615722656,370.7012939453125,190.4599151611328,140.1656951904297,182.74000549316406,1.120523452758789
2023-07-21,29908.744140625,436.7518615722656,369.5894775390625,189.286376953125,142.37208557128906,182.17999267578125,1.113709807395935
2023-07-22,29771.802734375,,,,,,
2023-07-23,30084.5390625,,,,,,
2023-07-24,29176.916015625,438.7029724121094,370.17987060546875,190.08514404296875,142.82827758789062,181.39999389648438,1.112532615661621
2023-07-25,29227.390625,439.9006042480469,372.6888122558594,190.94313049316406,143.1634063720703,182.41000366210938,1.1063170433044434
2023-07-26,29354.97265625,439.9682312011719,371.4490661621094,191.81092834472656,143.31236267089844,183.3000030517578,1.1050456762313843
2023-07-27,29210.689453125,437.05120849609375,370.56353759765625,190.54864501953125,141.60870361328125,180.4199981689453,1.1078368425369263
2023-07-28,29319.24609375,441.3301086425781,377.3132629394531,193.12257385253906,145.61184692382812,181.86000061035156,1.0978755950927734
2023-07-29,29356.91796875,,,,,,
2023-07-30,29275.30859375,,,,,,
2023-07-31,29230.111328125,442.1704406738281,377.5100402832031,193.73397827148438,145.50942993164062,182.35000610351562,1.1024264097213745
2023-08-01,29675.732421875,440.9051513671875,376.63433837890625,192.90562438964844,145.46287536621094,180.4600067138672,1.0997591018676758
2023-08-02,29151.958984375,434.77178955078125,368.3694763183594,189.91749572753906,145.77943420410156,179.60000610351562,1.1007881164550781
2023-08-03,29178.6796875,433.5258483886719,367.7791442871094,188.5270233154297,146.16110229492188,179.5399932861328,1.0944151878356934
2023-08-04,29074.091796875,431.5650634765625,366.0572204589844,179.4739227294922,144.55984497070312,180.19000244140625,1.095158338546753
2023-08-05,29042.126953125,,,,,,
2023-08-06,29041.85546875,,,,,,
2023-08-07,29180.578125,435.3320007324219,369.15655517578125,176.3773193359375,146.08660888671875,179.77999877929688,1.1002674102783203
2023-08-08,29765.4921875,433.4388732910156,366.0178527832031,177.314208984375,146.24488830566406,178.63999938964844,1.100315809249878
2023-08-09,29561.494140625,430.5412292480469,361.99359130859375,175.72645568847656,146.05870056152344,177.7899932861328,1.0958904027938843
2023-08-10,29429.591796875,430.69573974609375,362.6626281738281,175.50950622558594,145.33253479003906,177.60000610351562,1.0977671146392822
2023-08-11,29397.71484375,430.4446105957031,360.35052490234375,175.56874084472656,146.1797332763672,177.60000610351562,1.0981649160385132
2023-08-12,29415.96484375,,,,,,
2023-08-13,29282.9140625,,,,,,
2023-08-14,29408.443359375,432.8207702636719,364.3944091796875,177.2178955078125,145.0346221923828,177.05999755859375,1.094439148902893
2023-08-15,29170.34765625,427.77886962890625,360.5276184082031,175.2329864501953,144.1036834716797,176.58999633789062,1.0909883975982666
2023-08-16,28701.779296875,424.6397399902344,356.7099914550781,174.36398315429688,142.6327362060547,175.57000732421875,1.0904173851013184
2023-08-17,26664.55078125,421.404052734375,352.8136291503906,171.8260955810547,141.60870361328125,175.3000030517578,1.0874884128570557
2023-08-18,26049.556640625,421.6068420410156,352.37091064453125,172.3099822998047,142.00900268554688,175.3300018310547,1.0874648094177246
2023-08-19,26096.205078125,,,,,,
2023-08-20,26189.583984375,,,,,,
2023-08-21,26124.140625,424.3499755859375,358.048095703125,173.6431121826172,141.2921600341797,175.80999755859375,1.087559461593628
2023-08-22,26031.65625,423.2005310058594,357.53643798828125,175.01577758789062,141.3480224609375,176.10000610351562,1.0898351669311523
2023-08-23,26431.640625,427.9140319824219,363.17431640625,178.85714721679688,142.6699981689453,177.88999938964844,1.0846692323684692
2023-08-24,26162.373046875,421.9835510253906,355.4112548828125,174.1763916015625,142.00900268554688,177.85000610351562,1.086578607559204
2023-08-25,26047.66796875,424.95843505859375,358.1661376953125,176.37850952148438,142.93995666503906,177.6199951171875,1.07991361618042
2023-08-26,26008.462890625,,,,,,
2023-08-27,26089.693359375,,,,,,
2023-08-28,26106.150390625,427.6532287597656,360.86212158203125,177.9387969970703,143.1634063720703,178.1300048828125,1.0797386169433594
2023-08-29,27727.392578125,433.83489990234375,368.7432556152344,181.81967163085938,143.24717712402344,179.8699951171875,1.0825556516647339
2023-08-30,27297.265625,435.62176513671875,370.7996520996094,185.3055419921875,143.40542602539062,180.32000732421875,1.0869210958480835
2023-08-31,25931.47265625,434.9842834472656,371.9114990234375,185.52281188964844,143.6847381591797,180.02000427246094,1.0932546854019165
2023-09-01,25800.724609375,435.795654296875,371.51800537109375,187.09295654296875,143.84300231933594,180.11000061035156,1.0844104290008545
2023-09-02,25868.798828125,,,,,,
2023-09-03,25969.56640625,,,,,,
2023-09-04,25812.416015625,,,,,,1.07758629322052
2023-09-05,25779.982421875,433.91217041015625,371.9902038574219,187.32997131347656,141.91592407226562,178.63999938964844,1.0794472694396973
2023-09-06,25753.236328125,430.99517822265625,368.71380615234375,180.6248016357422,141.6366424560547,177.8300018310547,1.0726161003112793
2023-09-07,26240.1953125,429.67193603515625,366.0769348144531,175.34164428710938,142.98654174804688,178.02000427246094,1.0724204778671265
2023-09-08,25905.654296875,430.3191223144531,366.5884704589844,175.95387268066406,142.37208557128906,178.0800018310547,1.0697818994522095
2023-09-09,25895.677734375,,,,,,
2023-09-10,25832.2265625,,,,,,
2023-09-11,25162.654296875,433.149169921875,370.907958984375,177.11912536621094,144.06643676757812,178.41000366210938,1.071811318397522
2023-09-12,25833.34375,430.7730407714844,366.7951965332031,174.09738159179688,141.53421020507812,177.49000549316406,1.0750375986099243
2023-09-13,26228.32421875,431.2752380371094,368.1922912597656,172.03350830078125,142.52099609375,177.0800018310547,1.075326681137085
2023-09-14,26539.673828125,434.99395751953125,371.2030334472656,173.54434204101562,144.08506774902344,177.1699981689453,1.0734220743179321
2023-09-15,26608.693359375,429.7530212402344,364.84698486328125,172.823486328125,142.87481689453125,178.33999633789062,1.0637166500091553
2023-09-16,26568.28125,,,,,,
2023-09-17,26534.1875,,,,,,
2023-09-18,26754.28125,430.0050354003906,365.22735595703125,175.7465057373047,143.414794921875,179.38999938964844,1.0668259859085083
2023-09-19,27211.1171875,429.11328125,364.44891357421875,176.83277893066406,142.995849609375,179.22000122070312,1.0692671537399292
2023-09-20,27132.0078125,425.16827392578125,359.197021484375,173.29747009277344,142.87481689453125,179.35000610351562,1.0682048797607422
2023-09-21,26567.6328125,418.1409606933594,352.6148986816406,171.7569580078125,141.6366424560547,178.0500030517578,1.065303087234497
2023-09-22,26579.568359375,417.2008056640625,352.6641845703125,172.60621643066406,141.11529541015625,178.6199951171875,1.0661548376083374
2023-09-23,26579.390625,,,,,,
2023-09-24,26256.826171875,,,,,,
2023-09-25,26298.48046875,418.9551086425781,354.3392333984375,173.88009643554688,140.25880432128906,177.6999969482422,1.0648492574691772
2023-09-26,26217.25,412.80023193359375,349.0184020996094,169.8115997314453,139.01133728027344,176.27999877929688,1.0591648817062378
2023-09-27,26352.716796875,412.9649353027344,349.8363342285156,168.3007049560547,137.16799926757812,174.10000610351562,1.0569483041763306
2023-09-28,27021.546875,415.35906982421875,352.7627258300781,168.55746459960938,136.23704528808594,173.22999572753906,1.0505305528640747
2023-09-29,26911.720703125,414.35107421875,353.0189514160156,169.07098388671875,135.79019165039062,171.4499969482422,1.0562450885772705
2023-09-30,26967.916015625,,,,,,
2023-10-01,27983.75,,,,,,
2023-10-02,27530.78515625,414.1862487792969,355.9651184082031,171.57923889160156,135.1664581298828,169.64999389648438,1.0565240383148193
2023-10-03,27429.978515625,408.64190673828125,349.7180480957031,170.24609375,135.4457244873047,169.16000366210938,1.0480751991271973
2023-10-04,27799.39453125,411.61767578125,354.47723388671875,171.49032592773438,135.89259338378906,169.13999938964844,1.0472300052642822
2023-10-05,27415.912109375,411.46246337890625,353.4328308105469,172.72476196289062,133.87240600585938,168.8300018310547,1.0507071018218994
2023-10-06,27946.59765625,416.3477783203125,359.3547058105469,175.27252197265625,134.1423797607422,169.6999969482422,1.0546631813049316
2023-10-07,27968.83984375,,,,,,
2023-10-08,27935.08984375,,,,,,
2023-10-09,27583.677734375,419.0133361816406,361.1873779296875,176.75376892089844,133.4627685546875,172.82000732421875,1.056747317314148
2023-10-10,27391.01953125,421.1942443847656,363.1875915527344,176.16123962402344,134.7847442626953,172.52999877929688,1.0578875541687012
2023-10-11,26873.3203125,422.9195251464844,365.77911376953125,177.5536651611328,133.1276397705078,173.7899932861328,1.0604791641235352
2023-10-12,26756.798828125,420.3411865234375,364.5080261230469,178.45223999023438,133.42555236816406,173.25999450683594,1.0624282360076904
2023-10-13,26862.375,418.24755859375,359.9261779785156,176.61550903320312,134.70094299316406,178.8300018310547,1.0536741018295288
2023-10-14,26861.70703125,,,,,,
2023-10-15,27159.65234375,,,,,,
2023-10-16,28519.466796875,422.6481628417969,363.9956359863281,176.4871368408203,135.9857177734375,177.9600067138672,1.0521553754806519
2023-10-17,28415.748046875,422.6287536621094,362.80340576171875,174.93673706054688,136.16258239746094,178.2899932861328,1.0554312467575073
2023-10-18,28328.341796875,416.9971618652344,358.0441589355469,173.6431121826172,139.67230224609375,180.8699951171875,1.057305932044983
2023-10-19,28719.806640625,413.333251953125,354.6940002441406,173.26783752441406,138.88629150390625,183.08999633789062,1.053851842880249
2023-10-20,29682.94921875,408.2541809082031,349.4026794433594,170.72010803222656,138.6989288330078,183.58999633789062,1.0586491823196411
2023-10-21,29918.412109375,,,,,,
2023-10-22,29993.896484375,,,,,,
2023-10-23,33086.234375,407.546630859375,350.45709228515625,170.83860778808594,138.7926025390625,182.97000122070312,1.0589966773986816
2023-10-24,33901.52734375,410.6192626953125,353.8663635253906,171.27310180664062,140.43206787109375,182.9499969482422,1.0669853687286377
2023-10-25,34502.8203125,404.7259826660156,345.2051086425781,168.96231079101562,141.08786010742188,183.72000122070312,1.059535264968872
2023-10-26,34156.6484375,399.8795471191406,338.6230773925781,164.80491638183594,140.33839416503906,184.00999450683594,1.056725025177002
2023-10-27,33909.80078125,398.0669860839844,340.24884033203125,166.1183319091797,137.86512756347656,186.14999389648438,1.0564459562301636
2023-10-28,34089.57421875,,,,,,
2023-10-29,34538.48046875,,,,,,
2023-10-30,34502.36328125,402.82623291015625,344.0818786621094,168.16244506835938,139.83248901367188,185.10000610351562,1.0562450885772705
2023-10-31,34667.78125,405.35601806640625,345.7273864746094,168.63645935058594,140.55386352539062,184.08999633789062,1.061503529548645
2023-11-01,35437.25390625,409.6790771484375,351.7281494140625,171.79647827148438,140.16036987304688,183.50999450683594,1.0579099655151367
2023-11-02,34938.2421875,417.5303039550781,358.1131591796875,175.35150146484375,141.87478637695312,184.1199951171875,1.05870521068573
2023-11-03,34732.32421875,421.3395690917969,362.320556640625,174.4429931640625,140.59132385253906,184.7899932861328,1.0619093179702759
2023-11-04,35082.1953125,,,,,,
2023-11-05,35049.35546875,,,,,,
2023-11-06,35037.37109375,422.3088684082031,363.7986145019531,176.99075317382812,141.40640258789062,183.35000610351562,1.0732147693634033
2023-11-07,35443.5625,423.51080322265625,367.2374572753906,179.54840087890625,141.0784912109375,182.58999633789062,1.0721560716629028
2023-11-08,35655.27734375,423.8209533691406,367.4739685058594,180.60501098632812,140.5351104736328,180.77000427246094,1.0696102380752563
2023-11-09,36693.125,420.5157165527344,364.6459655761719,180.1310272216797,140.85365295410156,181.49000549316406,1.0710422992706299
2023-11-10,37313.96875,427.0777893066406,372.8441162109375,184.31369018554688,141.84671020507812,179.50999450683594,1.0667576789855957
2023-11-11,37138.05078125,,,,,,
2023-11-12,37054.51953125,,,,,,
2023-11-13,36502.35546875,426.670654296875,371.68133544921875,182.73159790039062,142.83038330078125,180.50999450683594,1.069015622138977
2023-11-14,35537.640625,434.9483947753906,379.6822814941406,185.342041015625,142.51185607910156,182.1199951171875,1.0701825618743896
2023-11-15,37880.58203125,435.86920166015625,379.96807861328125,185.9056854248047,141.85606384277344,181.63999938964844,1.0878314971923828
2023-11-16,36154.76953125,436.4023742675781,380.293212890625,187.58663940429688,143.17701721191406,183.69000244140625,1.0854581594467163
2023-11-17,36596.68359375,436.94512939453125,380.3819274902344,187.56687927246094,141.52818298339844,183.6699981689453,1.0853756666183472
2023-11-18,36585.703125,,,,,,
2023-11-19,37386.546875,,,,,,
2023-11-20,37476.95703125,440.30853271484375,385.0129699707031,189.30714416503906,140.77871704101562,183.3699951171875,1.090702772140503
2023-11-21,35813.8125,439.34893798828125,382.77630615234375,188.50619506835938,140.16036987304688,185.35000610351562,1.0945948362350464
2023-11-22,37432.33984375,441.04522705078125,384.34295654296875,189.168701171875,141.48135375976562,184.55999755859375,1.0918222665786743
2023-11-23,37289.62109375,,,,,,1.0890873670578003
2023-11-24,37720.28125,441.3166198730469,383.80108642578125,187.84371948242188,141.818603515625,185.52000427246094,1.0906314849853516
2023-11-25,37796.79296875,,,,,,
2023-11-26,37479.12109375,,,,,,
2023-11-27,37254.16796875,440.5218200683594,383.466064453125,187.6657257080078,141.68746948242188,186.77000427246094,1.0940439701080322
2023-11-28,37831.0859375,440.9580383300781,384.4710998535156,188.26890563964844,142.67111206054688,189.25999450683594,1.0958423614501953
2023-11-29,37858.4921875,440.6478271484375,384.09661865234375,187.2504425048828,141.5843963623047,189.5399932861328,1.100594401359558
2023-11-30,37712.74609375,442.3828125,383.13104248046875,187.823974609375,143.82345581054688,188.75,1.0973695516586304
2023-12-01,38688.75,444.99993896484375,384.2247619628906,189.09950256347656,143.0177459716797,192.00999450683594,1.0892059803009033
2023-12-02,39476.33203125,,,,,,
2023-12-03,39978.390625,,,,,,
2023-12-04,41980.09765625,442.6639404296875,380.6578369140625,187.3097381591797,142.45562744140625,187.86000061035156,1.088814616203308
2023-12-05,44080.6484375,442.57672119140625,381.61358642578125,191.25509643554688,137.4904022216797,187.14999389648438,1.0837758779525757
2023-12-06,43746.4453125,440.793212890625,379.4063720703125,190.1674346923828,137.38735961914062,187.83999633789062,1.0793657302856445
2023-12-07,43292.6640625,444.1566467285156,384.7075500488281,192.09559631347656,137.24681091308594,188.14999389648438,1.076669692993164
2023-12-08,44166.6015625,446.0661315917969,386.4220275878906,193.51947021484375,135.98208618164062,185.63999938964844,1.079214334487915
2023-12-09,43725.984375,,,,,,
2023-12-10,43779.69921875,,,,,,
2023-12-11,41243.83203125,447.8011474609375,389.72296142578125,191.0177764892578,136.6097869873047,183.58999633789062,1.0765769481658936
2023-12-12,41450.22265625,449.8462829589844,392.8267822265625,192.53067016601562,136.72218322753906,183.49000549316406,1.076658010482788
2023-12-13,42890.7421875,456.04974365234375,397.8224792480469,195.7443084716797,139.19546508789062,187.6300048828125,1.0798670053482056
2023-12-14,43023.97265625,457.513427734375,397.4776611328125,195.89259338378906,135.52304077148438,188.72999572753906,1.0886130332946777
2023-12-15,41929.7578125,456.7601013183594,399.3990173339844,195.35867309570312,134.86727905273438,187.0,1.0993602275848389
2023-12-16,42240.1171875,,,,,,
2023-12-17,41364.6640625,,,,,,
2023-12-18,42623.5390625,459.3294677734375,401.9147033691406,193.6974639892578,136.9376678466797,187.85000610351562,1.0895264148712158
2023-12-19,42270.52734375,462.1225280761719,403.9682922363281,194.73570251464844,136.9376678466797,189.1300048828125,1.092382788658142
2023-12-20,43652.25,455.7187805175781,397.9654235839844,192.64930725097656,134.8204345703125,188.10000610351562,1.0981045961380005
2023-12-21,43869.15234375,460.0398864746094,402.5959777832031,192.5010223388672,135.1483154296875,189.42999267578125,1.0945708751678467
2023-12-22,43997.90234375,460.9644470214844,403.19818115234375,191.43307495117188,136.1038818359375,190.27000427246094,1.100618600845337
2023-12-23,43739.54296875,,,,,,
2023-12-24,43016.1171875,,,,,,
2023-12-25,43613.140625,,,,,,1.102657437324524
2023-12-26,42520.40234375,462.9108581542969,405.66650390625,190.88925170898438,136.72218322753906,191.72000122070312,1.1020255088806152
2023-12-27,43442.85546875,463.747802734375,406.4923095703125,190.98814392089844,136.83460998535156,192.58999633789062,1.1043012142181396
2023-12-28,42627.85546875,463.9230041503906,406.2947692871094,191.41334533691406,136.52542114257812,191.47000122070312,1.110864281654358
2023-12-29,42099.40234375,462.5799560546875,404.5364074707031,190.37506103515625,137.2843017578125,191.1699981689453,1.1068191528320312
2023-12-30,42156.90234375,,,,,,
2023-12-31,42265.1875,,,,,,
2024-01-01,44167.33203125,,,,,,1.1055831909179688
2024-01-02,44957.96875,459.9911804199219,397.69073486328125,183.5621795654297,139.3453369140625,190.72000122070312,1.1038745641708374
2024-01-03,42848.17578125,456.2346496582031,393.48260498046875,182.187744140625,138.502197265625,189.1300048828125,1.0941756963729858
2024-01-04,44179.921875,454.7650451660156,391.4575500488281,179.87393188476562,139.26101684570312,189.32000732421875,1.0927767753601074
2024-01-05,44162.69140625,455.38787841796875,391.9217834472656,179.152099609375,138.1087188720703,189.35000610351562,1.0947387218475342
2024-01-06,43989.1953125,,,,,,
2024-01-07,43943.09765625,,,,,,
2024-01-08,46970.50390625,461.8890075683594,400.0220947265625,183.4830780029297,139.2985076904297,187.8699951171875,1.0942236185073853
2024-01-09,46139.73046875,461.1882629394531,400.81231689453125,183.06777954101562,139.86997985839844,187.92999267578125,1.095170259475708
2024-01-10,46627.77734375,463.7964782714844,403.5288391113281,184.1060333251953,140.46954345703125,187.5,1.0932426452636719
2024-01-11,46368.5859375,463.5921630859375,404.36846923828125,183.51275634765625,141.00352478027344,187.8699951171875,1.0975141525268555
2024-01-12,42853.16796875,463.91326904296875,404.575927734375,183.83905029296875,141.08786010742188,189.7100067138672,1.0981649160385132
2024-01-13,42842.3828125,,,,,,
2024-01-14,41796.26953125,,,,,,
2024-01-15,42511.96875,,,,,,1.0945708751678467
2024-01-16,43154.9453125,462.21014404296875,404.5364074707031,181.57470703125,140.3290252685547,187.91000366210938,1.0945708751678467
2024-01-17,42742.65234375,459.640869140625,402.2545471191406,180.6352996826172,140.46954345703125,185.83999633789062,1.087878942489624
2024-01-18,41262.05859375,463.72833251953125,407.9642028808594,186.5187225341797,139.6597137451172,187.3699951171875,1.0885775089263916
2024-01-19,41618.40625,469.50933837890625,416.05450439453125,189.41590881347656,139.12234497070312,187.92999267578125,1.0879143476486206
2024-01-20,41665.5859375,,,,,,
2024-01-21,41545.78515625,,,,,,
2024-01-22,39507.3671875,470.501953125,416.5978088378906,191.71983337402344,139.395751953125,187.22000122070312,1.089229702949524
2024-01-23,39845.55078125,471.8741455078125,418.3265380859375,192.99537658691406,145.16542053222656,187.9499969482422,1.088020920753479
2024-01-24,40077.07421875,472.3899841308594,420.6479187011719,192.32301330566406,143.4119110107422,186.39999389648438,1.0857881307601929
2024-01-25,39933.80859375,474.9593200683594,421.1615905761719,191.9967041015625,146.71153259277344,187.13999938964844,1.088174819946289
2024-01-26,41816.87109375,474.3559265136719,418.65252685546875,190.26629638671875,147.2017822265625,187.00999450683594,1.0847046375274658
2024-01-27,42120.0546875,,,,,,
2024-01-28,42035.59375,,,,,,
2024-01-29,43288.24609375,478.11248779296875,422.939697265625,189.58399963378906,147.2206268310547,188.3300018310547,1.0843517780303955
2024-01-30,42952.609375,477.7427062988281,420.1243591308594,185.935302734375,148.4744873046875,188.58999633789062,1.0834470987319946
2024-01-31,42582.60546875,469.94720458984375,411.895751953125,182.3360595703125,148.14453125,188.4499969482422,1.08433997631073
2024-02-01,43075.7734375,476.0979919433594,416.74603271484375,184.76852416992188,150.06771850585938,190.41000366210938,1.0803920030593872
2024-02-02,43185.859375,481.11004638671875,423.78924560546875,183.76983642578125,149.04013061523438,188.61000061035156,1.0874648094177246
2024-02-03,42992.25,,,,,,
2024-02-04,42583.58203125,,,,,,
2024-02-05,42658.66796875,479.3582763671875,423.236083984375,185.57933044433594,149.1532440185547,187.57000732421875,1.0780043601989746
2024-02-06,43084.671875,480.74993896484375,422.3865051269531,187.1812286376953,149.86033630371094,188.5500030517578,1.0741831064224243
2024-02-07,44318.22265625,484.7596130371094,426.7330017089844,187.29000854492188,150.01116943359375,188.5,1.075719952583313
2024-02-08,45301.56640625,484.9737548828125,427.5232849121094,186.21218872070312,149.5586395263672,188.3300018310547,1.077574610710144
2024-02-09,47147.19921875,487.776611328125,431.7314147949219,186.9745635986328,148.40846252441406,187.60000610351562,1.0777255296707153
2024-02-10,47771.27734375,,,,,,
2024-02-11,48293.91796875,,,,,,
2024-02-12,49958.22265625,487.56243896484375,430.0422058105469,185.29141235351562,148.11624145507812,187.11000061035156,1.0798202753067017
2024-02-13,49742.44140625,480.84722900390625,423.3348693847656,183.20236206054688,147.3243408203125,184.52999877929688,1.0772264003753662
2024-02-14,51826.6953125,485.2170104980469,427.947998046875,182.3212127685547,146.720947265625,184.4199981689453,1.0708931684494019
2024-02-15,51938.5546875,488.56488037109375,429.2223205566406,182.0341033935547,148.02194213867188,185.66000366210938,1.0732147693634033
2024-02-16,52160.203125,486.1318054199219,425.3302917480469,180.49949645996094,148.4933319091797,186.33999633789062,1.0773887634277344
2024-02-17,51662.99609375,,,,,,
2024-02-18,52122.546875,,,,,,
2024-02-19,51779.14453125,,,,,,1.0784927606582642
2024-02-20,52284.875,483.45550537109375,422.1197814941406,179.7569122314453,149.43609619140625,187.47000122070312,1.0775396823883057
2024-02-21,51839.1796875,483.8934326171875,420.4306335449219,180.50938415527344,151.21786499023438,187.47999572753906,1.0813149213790894
2024-02-22,51304.97265625,493.9078369140625,432.73895263671875,182.53903198242188,151.36871337890625,187.55999755859375,1.0820403099060059
2024-02-23,50731.94921875,494.24847412109375,431.46466064453125,180.70741271972656,151.8118438720703,188.6199951171875,1.0825674533843994
2024-02-24,51571.1015625,,,,,,
2024-02-25,51733.23828125,,,,,,
2024-02-26,54522.40234375,492.43829345703125,431.23748779296875,179.3609161376953,151.04820251464844,188.1999969482422,1.0820051431655884
2024-02-27,57085.37109375,493.35308837890625,432.27471923828125,180.81631469726562,150.1808624267578,188.0,1.0850930213928223
2024-02-28,62504.7890625,492.7010498046875,429.9729919433594,179.6183319091797,150.887939453125,188.33999633789062,1.084481120109558
2024-02-29,61198.3828125,494.4722900390625,433.6576843261719,178.95497131347656,149.8414764404297,189.30999755859375,1.0838816165924072
2024-03-01,62440.6328125,499.1145324707031,440.1871643066406,177.87582397460938,149.75665283203125,192.88999938964844,1.0804970264434814
2024-03-02,62029.84765625,,,,,,
2024-03-03,63167.37109375,,,,,,
2024-03-04,68330.4140625,498.57928466796875,438.6165771484375,173.361083984375,150.42601013183594,196.00999450683594,1.084269404411316
2024-03-05,63801.19921875,493.5963439941406,430.7435302734375,168.4305419921875,150.19972229003906,197.19000244140625,1.0855170488357544
2024-03-06,66106.8046875,496.0975646972656,433.4502258300781,167.44046020507812,150.4354248046875,198.80999755859375,1.0855995416641235
2024-03-07,66925.484375,501.0220642089844,440.0292053222656,167.32167053222656,151.42530822753906,199.94000244140625,1.089953899383545
2024-03-08,68300.09375,498.01483154296875,433.6773986816406,169.03448486328125,151.1707763671875,201.6300048828125,1.0950144529342651
2024-03-09,68498.8828125,,,,,,
2024-03-10,69019.7890625,,,,,,
2024-03-11,72123.90625,497.58660888671875,432.0672607421875,171.03443908691406,152.30206298828125,202.0,1.0942955017089844
2024-03-12,71481.2890625,502.9393310546875,438.260986328125,171.50965881347656,152.66029357910156,199.7899932861328,1.093135118484497
2024-03-13,73083.5,502.1510009765625,434.8924865722656,169.4305419921875,153.0091552734375,201.19000244140625,1.0927767753601074
2024-03-14,71396.59375,501.1583557128906,433.7959899902344,171.28195190429688,152.2549285888672,200.35000610351562,1.0955302715301514
2024-03-15,69403.7734375,497.7170715332031,428.6394958496094,170.90573120117188,152.14181518554688,199.7100067138672,1.0883406400680542
2024-03-16,65315.1171875,,,,,,
2024-03-17,68390.625,,,,,,
2024-03-18,67548.59375,500.6750793457031,432.7275695800781,171.9947967529297,151.98153686523438,200.02999877929688,1.0882576704025269
2024-03-19,61912.7734375,503.4573669433594,433.80572509765625,174.33135986328125,152.5660400390625,199.8000030517578,1.087393879890442
2024-03-20,67913.671875,508.114013671875,438.94927978515625,176.8956298828125,152.71690368652344,202.17999267578125,1.0863306522369385
2024-03-21,65491.390625,509.793212890625,441.02642822265625,169.66812133789062,152.59432983398438,201.97000122070312,1.0937210321426392
2024-03-22,63778.76171875,508.8267517089844,441.53094482421875,170.569091796875,152.40576171875,200.35000610351562,1.0862362384796143
2024-03-23,64062.203125,,,,,,
2024-03-24,67234.171875,,,,,,
2024-03-25,69958.8125,507.4209289550781,439.928466796875,169.1533203125,151.01991271972656,200.99000549316406,1.0807539224624634
2024-03-26,69987.8359375,506.4837341308594,438.50421142578125,168.02462768554688,151.35931396484375,201.63999938964844,1.0838228464126587
2024-03-27,69455.34375,510.7400817871094,439.99774169921875,171.58885192871094,153.30136108398438,203.10000610351562,1.0832358598709106
2024-03-28,70744.953125,510.6424255371094,439.18670654296875,169.77703857421875,152.96197509765625,205.72000122070312,1.0813382863998413
2024-03-29,69892.828125,,,,,,1.0794472694396973
2024-03-30,69645.3046875,,,,,,
2024-03-31,71333.6484375,,,,,,
2024-04-01,69702.1484375,509.754150390625,440.1164855957031,168.34144592285156,151.38760375976562,207.82000732421875,1.0792726278305054
2024-04-02,65446.97265625,506.5130310058594,436.3181457519531,167.1632537841797,151.37815856933594,210.88999938964844,1.0737217664718628
2024-04-03,65980.8125,507.0694580078125,437.2973937988281,167.96519470214844,147.211181640625,212.74000549316406,1.076855182647705
2024-04-04,68508.84375,500.880126953125,430.6108703613281,167.14346313476562,146.55125427246094,211.52000427246094,1.0838346481323242
2024-04-05,67837.640625,506.11273193359375,435.68511962890625,167.89588928222656,147.16404724121094,215.13999938964844,1.0837054252624512
2024-04-06,68896.109375,,,,,,
2024-04-07,69362.5546875,,,,,,
2024-04-08,71631.359375,506.395751953125,435.81378173828125,166.7771453857422,147.1074676513672,216.47999572753906,1.0830481052398682
2024-04-09,69139.015625,506.98162841796875,437.4260559082031,167.9850311279297,147.69200134277344,217.6699981689453,1.0863661766052246
2024-04-10,70587.8828125,501.9051208496094,433.60797119140625,166.11378479003906,148.23878479003906,215.61000061035156,1.0859296321868896
2024-04-11,70060.609375,505.6929626464844,440.5318603515625,173.30166625976562,146.9189453125,219.8000030517578,1.074171543121338
2024-04-12,67195.8671875,498.712890625,433.509033203125,174.7967071533203,146.4381561279297,216.88999938964844,1.0726851224899292
2024-04-13,63821.47265625,,,,,,
2024-04-14,65738.7265625,,,,,,
2024-04-15,63426.2109375,492.4649658203125,426.3773498535156,170.9750213623047,146.55125427246094,220.9499969482422,1.0649627447128296
2024-04-16,63811.86328125,491.5667724609375,426.4169006347656,167.69789123535156,147.02261352539062,221.22000122070312,1.0625749826431274
2024-04-17,61276.69140625,488.6575622558594,421.2140197753906,166.33157348632812,147.97483825683594,219.58999633789062,1.0621461868286133
2024-04-18,63512.75390625,487.6519775390625,418.8104248046875,165.38111877441406,149.24342346191406,220.33999633789062,1.0669398307800293
2024-04-19,63843.5703125,483.3956604003906,410.1456298828125,163.3613739013672,150.04995727539062,221.02999877929688,1.0644185543060303
2024-04-20,64994.44140625,,,,,,
2024-04-21,64926.64453125,,,,,,
2024-04-22,66837.6796875,487.8472900390625,414.27032470703125,164.19302368164062,152.32716369628906,215.57000732421875,1.065825343132019
2024-04-23,66407.2734375,493.6363830566406,420.4524230957031,165.24253845214844,153.23805236816406,215.0399932861328,1.065405249595642
2024-04-24,64276.8984375,493.4020690917969,421.8768005371094,167.3414764404297,154.28176879882812,214.63999938964844,1.0704345703125
2024-04-25,64481.70703125,491.5276794433594,419.83917236328125,168.2028350830078,154.23434448242188,215.9199981689453,1.0699878931045532
2024-04-26,63755.3203125,496.1843566894531,426.3179626464844,167.61866760253906,153.03878784179688,216.6199951171875,1.072961449623108
2024-04-27,63419.140625,,,,,,
2024-04-28,63113.23046875,,,,,,
2024-04-29,63841.12109375,497.94158935546875,428.0489807128906,171.77696228027344,153.3898468017578,216.17999267578125,1.0706866979599
2024-04-30,60636.85546875,490.0536193847656,419.9776306152344,168.6384735107422,154.85108947753906,211.8699951171875,1.0715701580047607
2024-05-01,58254.01171875,488.4622802734375,416.94097900390625,167.61866760253906,155.0408172607422,213.7899932861328,1.0666552782058716
2024-05-02,59123.43359375,493.0311279296875,422.26251220703125,171.3116455078125,155.4583282470703,213.1300048828125,1.0721560716629028
2024-05-03,62889.8359375,499.1424560546875,430.74932861328125,181.5588836669922,156.046630859375,212.9600067138672,1.073306918144226
2024-05-04,63891.47265625,,,,,,
2024-05-05,64031.1328125,,,,,,
2024-05-06,63161.94921875,504.2969665527344,435.467529296875,179.90545654296875,156.0276336669922,215.1999969482422,1.0758124589920044
2024-05-07,62334.81640625,504.8534240722656,435.5367126464844,180.58856201171875,157.28012084960938,214.2100067138672,1.0767507553100586
2024-05-08,61187.94140625,504.9021911621094,435.279541015625,180.92523193359375,156.6254425048828,213.5800018310547,1.0750491619110107
2024-05-09,63049.9609375,507.8114013671875,436.2291259765625,182.73704528808594,157.54579162597656,216.9499969482422,1.0746910572052002
2024-05-10,60792.77734375,508.4655456542969,437.2578430175781,181.47796630859375,158.31436157226562,218.7100067138672,1.078515887260437
2024-05-11,60793.7109375,,,,,,
2024-05-12,61448.39453125,,,,,,
2024-05-13,62901.44921875,508.5337829589844,438.26678466796875,184.6802215576172,157.38449096679688,216.25999450683594,1.077040672302246
2024-05-14,61552.7890625,510.8669738769531,441.0858154296875,185.82032775878906,157.28012084960938,218.08999633789062,1.079354166984558
2024-05-15,66267.4921875,517.1930541992188,447.9801330566406,188.0906982421875,157.99176025390625,220.88999938964844,1.0814552307128906
2024-05-16,65231.58203125,516.1289672851562,447.0700988769531,188.2096405029297,159.272705078125,220.02999877929688,1.0889805555343628
2024-05-17,67051.875,516.8709106445312,446.8525085449219,188.23936462402344,159.06394958496094,223.66000366210938,1.0867793560028076
2024-05-18,66940.8046875,,,,,,
2024-05-19,66278.3671875,,,,,,
2024-05-20,71448.1953125,517.4664306640625,449.9682312011719,189.39932250976562,158.75082397460938,224.55999755859375,1.0875475406646729
2024-05-21,70136.53125,518.7354736328125,450.84857177734375,190.69808959960938,159.7376251220703,224.22999572753906,1.086082935333252
2024-05-22,69122.3359375,517.241943359375,450.7595520019531,189.26051330566406,159.22523498535156,220.11000061035156,1.0855170488357544
2024-05-23,67929.5625,513.4638671875,448.73187255859375,185.27505493164062,157.02394104003906,215.72000122070312,1.0825204849243164
2024-05-24,68526.1015625,516.8612670898438,452.97528076171875,188.3484344482422,156.8721160888672,215.9199981689453,1.0812681913375854
2024-05-25,69265.9453125,,,,,,
2024-05-26,68518.09375,,,,,,
2024-05-27,69394.5546875,,,,,,1.0847634077072144
2024-05-28,68296.21875,517.2223510742188,454.6864318847656,188.3583526611328,154.7657012939453,218.19000244140625,1.0861891508102417
2024-05-29,67578.09375,513.6005859375,451.4816589355469,188.65577697753906,153.38037109375,216.16000366210938,1.0851871967315674
2024-05-30,68364.9921875,510.1933898925781,446.644775390625,189.64720153808594,154.26280212402344,216.57000732421875,1.0801819562911987
2024-05-31,67491.4140625,514.8403930664062,445.81390380859375,190.5989532470703,156.12254333496094,215.3000030517578,1.0835410356521606
2024-06-01,67706.9375,,,,,,
2024-06-02,67751.6015625,,,,,,
2024-06-03,68804.78125,515.2600708007812,448.2075500488281,192.3636474609375,156.2268829345703,217.22000122070312,1.0853049755096436
2024-06-04,70567.765625,515.8360595703125,449.43408203125,192.680908203125,158.46615600585938,215.27000427246094,1.0907385349273682
2024-06-05,71082.8203125,521.9668579101562,458.49462890625,194.1878662109375,157.5552978515625,217.82000732421875,1.0881866216659546
2024-06-06,70757.1640625,521.9571533203125,458.3363342285156,192.80978393554688,159.85145568847656,219.42999267578125,1.087453007698059
2024-06-07,69342.5859375,521.3226318359375,457.9308166503906,195.19911193847656,158.51361083984375,211.60000610351562,1.0894432067871094
2024-06-08,69305.7734375,,,,,,
2024-06-09,69647.9921875,,,,,,
2024-06-10,69512.28125,522.933349609375,459.7804870605469,191.4614715576172,158.78880310058594,213.5399932861328,1.0778882503509521
2024-06-11,67332.03125,524.1927490234375,462.935791015625,205.37098693847656,158.912109375,214.14999389648438,1.0764262676239014
2024-06-12,68241.1875,528.4979248046875,468.9992370605469,211.24014282226562,156.7297821044922,214.72000122070312,1.0740330219268799
2024-06-13,66756.3984375,529.5620727539062,471.5413513183594,212.4001007080078,157.89686584472656,212.97000122070312,1.0813149213790894
2024-06-14,66011.09375,529.88427734375,473.9844970703125,210.66514587402344,158.25741577148438,215.72999572753906,1.0738831758499146
2024-06-15,66191.0,,,,,,
2024-06-16,66639.046875,,,,,,
2024-06-17,66490.296875,534.1015625,479.79071044921875,214.80921936035156,158.9311065673828,214.61000061035156,1.0702168941497803
2024-06-18,65140.74609375,535.45849609375,479.9390869140625,212.44964599609375,159.9368896484375,215.47000122070312,1.0740677118301392
2024-06-19,64960.296875,,,,,,1.0742292404174805
2024-06-20,64828.65625,534.0038452148438,476.23968505859375,207.8792266845703,159.09242248535156,218.16000366210938,1.0751532316207886
2024-06-21,64096.19921875,533.2880859375,474.9637756347656,205.70806884765625,159.6522216796875,214.77999877929688,1.0706409215927124
2024-06-22,64252.578125,,,,,,
2024-06-23,63180.796875,,,,,,
2024-06-24,60277.4140625,531.554443359375,469.55645751953125,206.35247802734375,159.83248901367188,215.6300048828125,1.0687757730484009
2024-06-25,61804.640625,533.6015014648438,474.92608642578125,207.27450561523438,158.31436157226562,214.55999755859375,1.0732723474502563
2024-06-26,60811.27734375,534.2674560546875,475.90692138671875,211.41860961914062,158.88365173339844,212.5800018310547,1.0709619522094727
2024-06-27,61604.80078125,535.1096801757812,477.1353759765625,212.2613067626953,158.09609985351562,214.99000549316406,1.068010926246643
2024-06-28,60320.13671875,533.0040893554688,474.6585693359375,208.81118774414062,156.48309326171875,215.00999450683594,1.0708472728729248
2024-06-29,60887.37890625,,,,,,
2024-06-30,62678.29296875,,,,,,
2024-07-01,62851.98046875,534.1008911132812,477.4425354003906,214.8885498046875,154.39564514160156,215.57000732421875,1.0735257863998413
2024-07-02,62029.015625,537.6953125,482.4554748535156,218.3782958984375,155.5152587890625,215.55999755859375,1.0737102031707764
2024-07-03,60173.921875,540.0949096679688,486.4778137207031,219.6473388671875,155.44886779785156,217.99000549316406,1.0748412609100342
2024-07-04,56977.703125,,,,,,1.0793308019638062
2024-07-05,56662.375,543.209228515625,491.5501708984375,224.3961639404297,156.75827026367188,220.92999267578125,1.0810693502426147
2024-07-06,58303.5390625,,,,,,
2024-07-07,55849.109375,,,,,,
2024-07-08,56705.09765625,543.8360595703125,492.7192077636719,225.86346435546875,158.00125122070312,218.19000244140625,1.082602620124817
2024-07-09,58009.2265625,544.3649291992188,493.145263671875,226.716064453125,157.18524169921875,218.55999755859375,1.0830950736999512
2024-07-10,57742.49609375,549.7515258789062,498.2869873046875,230.97914123535156,158.26690673828125,219.36000061035156,1.0814785957336426
2024-07-11,57344.9140625,545.0112915039062,487.3594970703125,225.61563110351562,157.07138061523438,223.25,1.083329677581787
2024-07-12,57899.46484375,548.448974609375,490.22265625,228.5601043701172,158.08660888671875,223.11000061035156,1.0872756242752075
2024-07-13,59231.953125,,,,,,
2024-07-14,60787.79296875,,,,,,
2024-07-15,64870.15234375,549.9573364257812,491.5403137207031,232.38697814941406,156.1604766845703,223.8300018310547,1.0885539054870605
2024-07-16,65097.1484375,553.2185668945312,491.728515625,232.80335998535156,158.4092559814453,228.2899932861328,1.0901559591293335
2024-07-17,64118.79296875,545.4618530273438,477.29388427734375,226.9143829345703,160.77186584472656,227.22999572753906,1.0902509689331055
2024-07-18,63974.06640625,541.27001953125,475.0350646972656,222.2547149658203,159.82301330566406,225.77999877929688,1.094020128250122
2024-07-19,66710.15625,537.6757202148438,470.8245544433594,222.38363647460938,160.32608032226562,221.72999572753906,1.0901559591293335
2024-07-20,67163.6484375,,,,,,
2024-07-21,68154.5234375,,,,,,
2024-07-22,67585.25,543.2191162109375,477.8387451171875,222.03663635253906,160.60287475585938,221.8000030517578,1.0899182558059692
2024-07-23,65927.671875,542.3670654296875,476.154541015625,223.0775909423828,159.04696655273438,222.5800018310547,1.0889805555343628
2024-07-24,65372.1328125,530.0756225585938,459.0747985839844,216.66314697265625,160.36422729492188,221.8000030517578,1.0850694179534912
2024-07-25,65777.2265625,527.313720703125,454.01220703125,215.6221923828125,159.31423950195312,218.3300018310547,1.0839520692825317
2024-07-26,67912.0625,533.2195434570312,458.6685791015625,216.08815002441406,161.42381286621094,220.6300048828125,1.0851283073425293
2024-07-27,67813.3359375,,,,,,
2024-07-28,68255.8671875,,,,,,
2024-07-29,66819.9140625,533.5328979492188,459.5899658203125,216.36575317382812,162.20651245117188,220.32000732421875,1.0853756666183472
2024-07-30,66201.015625,530.8297119140625,453.27911376953125,216.9209442138672,154.3505859375,222.52000427246094,1.081946611404419
2024-07-31,64619.25,539.4581909179688,466.69329833984375,220.17276000976562,153.45330810546875,226.5500030517578,1.0816072225570679
2024-08-01,65357.5,531.8189697265625,455.3893127441406,216.48471069335938,158.15927124023438,225.77000427246094,1.082391619682312
2024-08-02,61415.06640625,521.9173583984375,444.5807189941406,217.97183227539062,162.3497314453125,225.33999633789062,1.0787602663040161
2024-08-03,60680.09375,,,,,,
2024-08-04,58116.9765625,,,,,,
2024-08-05,53991.45703125,506.7171936035156,431.3249816894531,207.47279357910156,160.42153930664062,222.47999572753906,1.0910836458206177
2024-08-06,56034.31640625,511.3888854980469,435.4463806152344,205.45028686523438,160.4501495361328,220.6999969482422,1.0950982570648193
2024-08-07,55027.4609375,507.9707336425781,430.7305603027344,208.01808166503906,162.2924346923828,220.5500030517578,1.0926215648651123
2024-08-08,61710.13671875,519.7137451171875,443.90704345703125,211.47808837890625,163.1038055419922,224.00999450683594,1.0928125381469727
2024-08-09,60880.11328125,522.0054321289062,446.2252502441406,214.3829345703125,162.78880310058594,224.55999755859375,1.0915720462799072
2024-08-10,60945.8125,,,,,,
2024-08-11,58719.484375,,,,,,
2024-08-12,59354.515625,522.2797241210938,447.1862487792969,215.91146850585938,159.22836303710938,228.41000366210938,1.091381311416626
2024-08-13,60609.56640625,530.8688354492188,458.2821960449219,219.62364196777344,159.68650817871094,228.05999755859375,1.0936251878738403
2024-08-14,58737.26953125,532.543701171875,458.4307556152344,220.0702667236328,161.12789916992188,226.1999969482422,1.0996986627578735
2024-08-15,57560.09765625,541.671630859375,470.0122375488281,223.04795837402344,160.2878875732422,226.91000366210938,1.1013215780258179
2024-08-16,58894.10546875,542.8860473632812,470.6165466308594,224.36810302734375,160.25926208496094,231.99000549316406,1.0972732305526733
2024-08-17,59478.97265625,,,,,,
2024-08-18,58483.96484375,,,,,,
2024-08-19,59493.453125,548.0767822265625,476.7985534667969,224.20925903320312,160.76515197753906,231.61000061035156,1.1024993658065796
2024-08-20,59012.79296875,547.185546875,475.7979431152344,224.8246612548828,162.66473388671875,232.4600067138672,1.1086474657058716
2024-08-21,61175.19140625,549.0660400390625,478.01708984375,224.71548461914062,162.42605590820312,232.14999389648438,1.112792730331421
2024-08-22,60381.9140625,544.756591796875,470.43817138671875,222.85939025878906,162.41653442382812,229.3699951171875,1.115536093711853
2024-08-23,64094.35546875,550.544921875,475.54034423828125,225.15219116210938,161.4810791015625,232.02000427246094,1.111716389656067
2024-08-24,64178.9921875,,,,,,
2024-08-25,64333.54296875,,,,,,
2024-08-26,62880.66015625,549.2324829101562,470.9236755371094,225.48965454101562,162.60743713378906,232.75999450683594,1.1187934875488281
2024-08-27,59504.1328125,549.986572265625,472.3304748535156,226.33335876464844,161.5574188232422,233.38999938964844,1.1164700984954834
2024-08-28,59027.625,546.7938842773438,466.9707336425781,224.80479431152344,161.3760986328125,231.75,1.117793083190918
2024-08-29,59388.1796875,546.8427124023438,466.2871398925781,228.08026123046875,162.30198669433594,232.9499969482422,1.1124955415725708
2024-08-30,59119.4765625,552.06298828125,471.84503173828125,227.29612731933594,163.74334716796875,231.2899932861328,1.1080454587936401
2024-08-31,58969.8984375,,,,,,
2024-09-01,57325.48828125,,,,,,
2024-09-02,59112.48046875,,,,,,1.1044842004776
2024-09-03,57431.0234375,540.7020874023438,457.51934814453125,221.11248779296875,166.58792114257812,230.2899932861328,1.1067456007003784
2024-09-04,57971.5390625,539.5952758789062,456.3304748535156,219.20677185058594,167.9051971435547,230.42999267578125,1.1048868894577026
2024-09-05,56160.48828125,538.2828979492188,456.7565002441406,220.7253875732422,167.49473571777344,232.35000610351562,1.1080454587936401
2024-09-06,53948.75390625,529.2235717773438,444.521240234375,219.177001953125,167.60926818847656,230.6300048828125,1.1111111640930176
2024-09-07,54139.6875,,,,,,
2024-09-08,54841.56640625,,,,,,
2024-09-09,57019.53515625,535.14892578125,450.2376403808594,219.26632690429688,168.05789184570312,231.60000610351562,1.1087212562561035
2024-09-10,57648.7109375,537.4798583984375,454.39862060546875,218.47227478027344,169.7092742919922,232.6199951171875,1.1037527322769165
2024-09-11,57343.171875,542.9938354492188,464.2660827636719,221.00331115722656,166.01519775390625,232.25,1.1020983457565308
2024-09-12,58127.01171875,547.5675048828125,468.8233337402344,221.11248779296875,165.5856170654297,236.3300018310547,1.1010911464691162
2024-09-13,60571.30078125,550.4273071289062,470.9236755371094,220.844482421875,166.1679229736328,238.67999267578125,1.1077877283096313
2024-09-14,60005.12109375,,,,,,
2024-09-15,59182.8359375,,,,,,
2024-09-16,58192.5078125,551.2403564453125,468.8431396484375,214.7104949951172,169.18431091308594,238.66000366210938,1.1088441610336304
2024-09-17,60308.5390625,551.4655151367188,469.0908203125,215.17697143554688,167.88609313964844,237.33999633789062,1.1129536628723145
2024-09-18,61649.6796875,549.8300170898438,467.05987548828125,219.04794311523438,166.01519775390625,235.50999450683594,1.1123099327087402
2024-09-19,62940.45703125,559.2124633789062,478.869140625,227.16709899902344,163.74334716796875,239.1699981689453,1.1114816665649414
2024-09-20,63192.9765625,558.2457885742188,477.9576721191406,226.5020751953125,166.30154418945312,242.2100067138672,1.1161960363388062
2024-09-21,63394.83984375,,,,,,
2024-09-22,63648.7109375,,,,,,
2024-09-23,63329.80078125,559.6408081054688,479.224609375,224.78494262695312,165.8719940185547,242.67999267578125,1.1160838603973389
2024-09-24,64301.96875,561.2420654296875,481.53619384765625,225.67825317382812,165.36611938476562,246.07000732421875,1.1111727952957153
2024-09-25,63143.14453125,560.0042724609375,481.9826354980469,224.6857147216797,164.4306182861328,245.72999572753906,1.1191190481185913
2024-09-26,65181.01953125,562.2244873046875,485.6037902832031,225.82713317871094,165.33746337890625,246.97999572753906,1.1131023168563843
2024-09-27,65790.6640625,561.4091186523438,482.9053039550781,226.0950927734375,165.66200256347656,245.02000427246094,1.117717981338501
2024-09-28,65887.6484375,,,,,,
2024-09-29,65635.3046875,,,,,,
2024-09-30,63329.5,563.6587524414062,484.21484375,231.266357421875,165.32791137695312,243.05999755859375,1.1169815063476562
2024-10-01,60837.0078125,558.6093139648438,477.4685974121094,224.52688598632812,165.1751708984375,245.61000061035156,1.113660216331482
2024-10-02,60632.78515625,558.8450927734375,478.1432189941406,225.09263610839844,164.1060791015625,245.66000366210938,1.1063904762268066
2024-10-03,60759.40234375,557.8234252929688,477.7860107421875,223.9908905029297,162.38787841796875,245.49000549316406,1.1048502922058105
2024-10-04,62067.4765625,562.892578125,483.47076416015625,225.1125030517578,161.20425415039062,245.0,1.103557825088501
2024-10-05,62089.94921875,,,,,,
2024-10-06,62818.953125,,,,,,
2024-10-07,62236.66015625,557.8037719726562,478.2919921875,220.04051208496094,159.52423095703125,244.1699981689453,1.0974539518356323
2024-10-08,62131.96875,563.0791625976562,485.4350891113281,224.09014892578125,160.51698303222656,242.3699951171875,1.0975743532180786
2024-10-09,60582.1015625,566.9793701171875,489.2547302246094,227.8321075439453,161.5765380859375,241.0500030517578,1.0975743532180786
2024-10-10,60274.5,565.9871215820312,488.6991271972656,227.3358154296875,161.2710418701172,242.82000732421875,1.0943313837051392
2024-10-11,62445.08984375,569.3764038085938,489.4630432128906,225.85691833496094,163.31378173828125,245.47000122070312,1.0933860540390015
2024-10-12,63193.0234375,,,,,,
2024-10-13,62851.375,,,,,,
2024-10-14,66046.125,574.0330200195312,493.57037353515625,229.57901000976562,164.66925048828125,245.07000732421875,1.0925379991531372
2024-10-15,67041.109375,569.5728759765625,486.9729309082031,232.11004638671875,165.6811065673828,245.9199981689453,1.0909169912338257
2024-10-16,67612.71875,572.0485229492188,487.03240966796875,230.05543518066406,164.54519653320312,247.14999389648438,1.0884116888046265
2024-10-17,67399.8359375,572.0975952148438,487.3697509765625,230.4226837158203,164.44970703125,248.6300048828125,1.0862481594085693
2024-10-18,68418.7890625,574.2982177734375,490.5643005371094,233.25148010253906,164.4564208984375,251.27000427246094,1.0829542875289917
2024-10-19,68362.734375,,,,,,
2024-10-20,69001.703125,,,,,,
2024-10-21,67367.8515625,573.3550415039062,491.50677490234375,234.720458984375,162.78575134277344,251.22000122070312,1.0868619680404663
2024-10-22,67361.40625,573.050537109375,492.0425109863281,234.1051025390625,162.9393768310547,253.92999267578125,1.0817828178405762
2024-10-23,66432.1953125,567.8142700195312,484.5025634765625,229.0430145263672,162.82415771484375,250.8699951171875,1.079727053642273
2024-10-24,68161.0546875,569.0423583984375,488.4312744140625,228.85443115234375,162.86256408691406,252.8000030517578,1.0780508518218994
2024-10-25,66642.4140625,568.8458251953125,491.4075927734375,229.6881866455078,161.51834106445312,253.32000732421875,1.0824151039123535
2024-10-26,67014.6953125,,,,,,
2024-10-27,67929.296875,,,,,,
2024-10-28,69907.7578125,570.6043090820312,491.4869384765625,231.66339111328125,162.5552978515625,253.3300018310547,1.0796570777893066
2024-10-29,72720.4921875,571.5278930664062,496.2093505859375,231.93136596679688,160.5101776123047,256.0899963378906,1.0816774368286133
2024-10-30,72339.5390625,569.798828125,492.4592590332031,228.38792419433594,159.54043579101562,257.5,1.0820636749267578
2024-10-31,70215.1875,558.6289672851562,480.0281677246094,224.2291259765625,158.59945678710938,253.50999450683594,1.0859178304672241
2024-11-01,69482.46875,560.9867553710938,483.5799255371094,221.25146484375,158.52264404296875,252.47000122070312,1.0886130332946777
2024-11-02,69289.2734375,,,,,,
2024-11-03,68741.1171875,,,,,,
2024-11-04,67811.5078125,559.7783813476562,482.171142578125,220.35813903808594,158.50343322753906,252.8300018310547,1.087453007698059
2024-11-05,69359.5625,566.547119140625,488.3221130371094,221.78741455078125,159.15634155273438,253.39999389648438,1.0874056816101074
2024-11-06,75639.078125,580.634521484375,501.5865478515625,221.06285095214844,154.6339874267578,245.6999969482422,1.093445897102356
2024-11-07,75904.859375,585.1242065429688,509.4836730957031,225.78741455078125,156.8999786376953,249.64999389648438,1.073306918144226
2024-11-08,76545.4765625,587.6587524414062,510.0789489746094,225.51914978027344,161.02867126464844,247.9600067138672,1.0795172452926636
2024-11-09,76778.8671875,,,,,,
2024-11-10,80474.1875,,,,,,
2024-11-11,88701.484375,588.2186889648438,509.7813415527344,222.80648803710938,159.4156036376953,242.13999938964844,1.0714898109436035
2024-11-12,87955.8125,586.3914184570312,508.8586120605469,222.80648803710938,159.233154296875,240.0500030517578,1.066439151763916
2024-11-13,90584.1640625,586.67626953125,508.203857421875,223.6908416748047,159.94366455078125,237.6300048828125,1.061672568321228
2024-11-14,87250.4296875,582.9039306640625,504.6720275878906,226.77114868164062,160.42376708984375,237.00999450683594,1.0564124584197998
2024-11-15,91066.0078125,575.437744140625,492.6477355957031,223.5715789794922,162.78575134277344,236.58999633789062,1.0530084371566772
2024-11-16,90558.4765625,,,,,,
2024-11-17,89845.8515625,,,,,,
2024-11-18,90542.640625,577.7955932617188,496.0704345703125,226.57241821289062,163.94757080078125,241.08999633789062,1.0533745288848877
2024-11-19,92343.7890625,579.9075317382812,499.4832458496094,226.83074951171875,163.9571533203125,243.25,1.059490442276001
2024-11-20,94339.4921875,580.10400390625,499.195556640625,227.54620361328125,164.08197021484375,244.6199951171875,1.0607603788375854
2024-11-21,98504.7265625,583.21826171875,500.99127197265625,227.0692596435547,165.86788940429688,246.66000366210938,1.0546187162399292
2024-11-22,98997.6640625,585.02587890625,501.79486083984375,228.41067504882812,169.25723266601562,249.83999633789062,1.0469341278076172
2024-11-23,97777.28125,,,,,,
2024-11-24,98013.8203125,,,,,,
2024-11-25,93102.296875,587.0103759765625,502.5885314941406,231.39161682128906,170.32302856445312,242.47999572753906,1.0479873418807983
2024-11-26,91985.3203125,590.0753784179688,505.28704833984375,233.56771850585938,172.16651916503906,242.9499969482422,1.0444300174713135
2024-11-27,95962.53125,588.2874755859375,501.3087158203125,233.4385528564453,172.2145233154297,243.49000549316406,1.0491198301315308
2024-11-28,95652.46875,,,,,,1.0562450885772705
2024-11-29,97461.5234375,591.9420166015625,505.7136535644531,235.82330322265625,172.1185302734375,245.58999633789062,1.0563008785247803
2024-11-30,96449.0546875,,,,,,
2024-12-01,97279.7890625,,,,,,
2024-12-02,95865.3046875,593.0029296875,511.21990966796875,238.06893920898438,172.54100036621094,243.44000244140625,1.0545074939727783
2024-12-03,96002.1640625,593.2780151367188,512.7872924804688,241.1095428466797,168.43150329589844,243.92999267578125,1.0501223802566528
2024-12-04,98768.53125,596.9619750976562,519.126953125,241.4672393798828,168.13385009765625,244.6699981689453,1.0510826110839844
2024-12-05,96593.5703125,595.9795532226562,517.688232421875,241.49703979492188,169.01719665527344,242.86000061035156,1.051414132118225
2024-12-06,99920.7109375,597.1094360351562,522.3214111328125,241.29830932617188,166.89524841308594,242.9499969482422,1.058559536933899
2024-12-07,99923.3359375,,,,,,
2024-12-08,101236.015625,,,,,,
2024-12-09,97432.71875,594.0344848632812,518.2538452148438,245.18350219726562,163.98594665527344,245.36000061035156,1.0565463304519653
2024-12-10,96675.4296875,592.1876220703125,516.4878540039062,246.19705200195312,165.41659545898438,248.58999633789062,1.0555204153060913
2024-12-11,101173.03125,596.765625,525.7341918945312,244.92515563964844,163.83233642578125,250.9600067138672,1.0532968044281006
2024-12-12,100043.0,593.6907348632812,522.34130859375,246.38583374023438,164.0435791015625,247.27999877929688,1.0506850481033325
2024-12-13,101459.2578125,593.5726928710938,526.3395385742188,246.55474853515625,164.24520874023438,244.2899932861328,1.0474056005477905
2024-12-14,101372.96875,,,,,,
2024-12-15,104298.6953125,,,,,,
2024-12-16,106029.71875,596.1073608398438,533.9190673828125,249.44625854492188,164.32200622558594,244.8800048828125,1.051005244255066
2024-12-17,106140.6015625,593.6513671875,531.5678100585938,251.8707733154297,163.54428100585938,243.94000244140625,1.0517348051071167
2024-12-18,100041.5390625,575.9584350585938,512.3905029296875,246.4752655029297,162.3440704345703,239.25999450683594,1.0495051145553589
2024-12-19,97490.953125,575.7816162109375,510.108642578125,248.20420837402344,162.44970703125,239.60000610351562,1.0350252389907837
2024-12-20,97755.9296875,582.6973266601562,514.563232421875,252.87437438964844,161.36473083496094,242.10000610351562,1.0364949703216553
2024-12-21,97224.7265625,,,,,,
2024-12-22,95104.9375,,,,,,
2024-12-23,94686.2421875,586.1865844726562,519.5765380859375,253.64944458007812,161.41273498535156,240.9600067138672,1.0433076620101929
2024-12-24,98676.09375,592.7021484375,526.621826171875,256.5608215332031,162.20965576171875,241.44000244140625,1.0405826568603516
2024-12-25,99299.1953125,,,,,,1.0402579307556152
2024-12-26,95795.515625,592.7415771484375,526.2639770507812,257.3756103515625,163.38104248046875,243.07000732421875,1.0399551391601562
2024-12-27,94164.859375,586.5020751953125,519.2683715820312,253.9674072265625,162.77615356445312,241.39999389648438,1.0423181056976318
2024-12-28,95163.9296875,,,,,,
2024-12-29,93530.2265625,,,,,,
2024-12-30,92643.2109375,579.80908203125,512.3621215820312,250.5989227294922,160.433349609375,240.6300048828125,1.0429377555847168
2024-12-31,93429.203125,577.6997680664062,508.0097961425781,248.83021545410156,160.97103881835938,242.1300048828125,1.040615200996399
2025-01-01,94419.7578125,,,,,,
2025-01-02,96886.875,576.2802734375,507.01605224609375,242.30194091796875,159.36756896972656,245.4199981689453,1.0351860523223877
2025-01-03,98107.4296875,583.4857788085938,515.3134765625,241.81503295898438,158.55145263671875,243.49000549316406,1.0268205404281616
2025-01-04,98236.2265625,,,,,,
2025-01-05,98314.9609375,,,,,,
2025-01-06,102078.0859375,586.8470458984375,521.2359008789062,243.4446258544922,154.20191955566406,243.19000244140625,1.0305347442626953
2025-01-07,96922.703125,580.2132568359375,511.93487548828125,240.67233276367188,154.87405395507812,244.55999755859375,1.0386372804641724
2025-01-08,95043.5234375,581.0609741210938,512.0242919921875,241.15921020507812,155.64215087890625,245.86000061035156,1.034554123878479
2025-01-09,92484.0390625,,,,,,1.0314701795578003
2025-01-10,94701.453125,572.1896362304688,503.99517822265625,235.34637451171875,152.24317932128906,248.2100067138672,1.0297601222991943
2025-01-11,94566.59375,,,,,,
2025-01-12,94488.4375,,,,,,
2025-01-13,94516.5234375,573.0768432617188,502.37548828125,232.9119110107422,152.5120391845703,245.74000549316406,1.0244431495666504
2025-01-14,96534.046875,573.8653564453125,501.89849853515625,231.79901123046875,153.3761749267578,247.02999877929688,1.0265253782272339
2025-01-15,100504.4921875,584.303955078125,513.4453125,236.35987854003906,153.2897491455078,248.8800048828125,1.0306835174560547
2025-01-16,99756.90625,583.1802368164062,509.84814453125,226.81089782714844,154.10589599609375,250.60000610351562,1.0295268297195435
2025-01-17,104462.0390625,589.035400390625,518.4535522460938,228.51998901367188,154.71080017089844,249.27000427246094,1.0301949977874756
2025-01-18,104408.0703125,,,,,,
2025-01-19,101089.609375,,,,,,
2025-01-20,102016.6640625,,,,,,1.0277386903762817
2025-01-21,106146.265625,594.4271240234375,521.4942626953125,221.2265625,155.2772979736328,253.1300048828125,1.0420682430267334
2025-01-22,103653.0703125,597.7686767578125,528.162109375,222.4090118408203,158.17698669433594,254.42999267578125,1.0405935049057007
2025-01-23,103960.171875,601.03125,529.2849731445312,222.24009704589844,159.53082275390625,254.07000732421875,1.0410159826278687
2025-01-24,104819.484375,599.2766723632812,526.2938842773438,221.36569213867188,158.54257202148438,255.64999389648438,1.041601538658142
2025-01-25,104714.6484375,,,,,,
2025-01-26,102682.5,,,,,,
2025-01-27,102087.6875,590.7997436523438,510.9709777832031,228.40072631835938,163.89430236816406,252.99000549316406,1.0467586517333984
2025-01-28,101332.4765625,595.8760375976562,518.5231323242188,236.7473907470703,160.542236328125,255.17999267578125,1.0445064306259155
2025-01-29,103703.2109375,593.204833984375,517.5493774414062,237.84042358398438,160.5808563232422,254.1999969482422,1.0429050922393799
2025-01-30,104735.3046875,596.3886108398438,519.7553100585938,236.08164978027344,161.7207489013672,258.04998779296875,1.0425245761871338
2025-01-31,102405.0234375,593.2147216796875,519.0000610351562,234.50177001953125,160.34901428222656,258.55999755859375,1.0397279262542725
2025-02-01,100655.90625,,,,,,
2025-02-02,97688.9765625,,,,,,
2025-02-03,101405.421875,589.2225952148438,514.8464965820312,226.56246948242188,163.02487182617188,259.94000244140625,1.024779200553894
2025-02-04,97871.8203125,593.17529296875,521.1663208007812,231.32208251953125,162.41632080078125,262.5,1.0327378511428833
2025-02-05,96615.4453125,595.5803833007812,523.5313720703125,230.99417114257812,163.26638793945312,264.1300048828125,1.0372798442840576
2025-02-06,96593.296875,597.6503295898438,526.2639770507812,231.73941040039062,163.14080810546875,263.42999267578125,1.0400848388671875
2025-02-07,96529.0859375,592.1798095703125,519.626220703125,226.1848907470703,162.26173400878906,263.8999938964844,1.0385725498199463
2025-02-08,96482.453125,,,,,,
2025-02-09,96500.09375,,,,,,
2025-02-10,97437.5546875,596.2013549804688,525.916259765625,226.45347595214844,161.83670043945312,268.3699951171875,1.0311616659164429
2025-02-11,95747.4296875,596.65478515625,524.6642456054688,231.39735412597656,163.672119140625,267.3900146484375,1.0301525592803955
2025-02-12,97885.859375,594.7327270507812,524.9722290039062,235.625,163.8170166015625,267.6700134277344,1.0364949703216553
2025-02-13,96623.8671875,601.0115356445312,532.5243530273438,240.26051330566406,165.20809936523438,270.30999755859375,1.039198637008667
2025-02-14,97508.96875,600.98193359375,534.76025390625,243.31439208984375,157.3543701171875,266.2900085449219,1.0461673736572266
2025-02-15,97580.3515625,,,,,,
2025-02-16,96175.03125,,,,,,
2025-02-17,95773.3828125,,,,,,1.0489217042922974
2025-02-18,95539.546875,602.7463989257812,535.9725341796875,243.18507385253906,159.80804443359375,270.70001220703125,1.048536777496338
2025-02-19,96635.609375,604.1658325195312,536.12158203125,243.58297729492188,160.83206176757812,270.8500061035156,1.044833779335022
2025-02-20,98333.9375,601.65234375,533.8460083007812,244.5379180908203,161.527587890625,270.989990234375,1.0421009063720703
2025-02-21,96125.546875,591.3616333007812,522.7662353515625,244.25938415527344,164.44493103027344,270.739990234375,1.0500562191009521
2025-02-22,96577.7578125,,,,,,
2025-02-23,96273.921875,,,,,,
2025-02-24,91418.171875,588.6705932617188,516.5952758789062,245.80125427246094,164.744384765625,272.2099914550781,1.0474823713302612
2025-02-25,88736.171875,585.7431030273438,510.0865478515625,245.74156188964844,166.78268432617188,268.6199951171875,1.0461344718933105
2025-02-26,84347.0234375,586.0386962890625,511.3188171386719,239.09666442871094,165.47857666015625,269.0299987792969,1.0524100065231323
2025-02-27,84704.2265625,576.6844482421875,497.11883544921875,236.05274963378906,166.12579345703125,264.92999267578125,1.0488777160644531
2025-02-28,84373.0078125,585.6839599609375,504.96905517578125,240.56887817382812,167.9322509765625,263.2699890136719,1.039511799812317
2025-03-01,86031.9140625,,,,,,
2025-03-02,94248.3515625,,,,,,
2025-03-03,86065.671875,575.4227294921875,493.9190368652344,236.77891540527344,169.62277221679688,266.739990234375,1.0413846969604492
2025-03-04,87222.1953125,568.611572265625,492.42852783203125,234.68992614746094,167.294677734375,269.05999755859375,1.0485037565231323
2025-03-05,90623.5625,574.7228393554688,498.8478698730469,234.50096130371094,168.6760711669922,269.6199951171875,1.062699317932129
2025-03-06,89961.7265625,564.52099609375,485.1248474121094,234.09312438964844,168.72439575195312,268.25,1.0794938802719116
2025-03-07,86742.671875,567.6849975585938,488.6922302246094,237.81346130371094,169.9705352783203,268.3900146484375,1.0787951946258545
2025-03-08,86154.59375,,,,,,
2025-03-09,80601.0390625,,,,,,
2025-03-10,78532.0,552.564453125,469.7523193359375,226.28436279296875,170.27001953125,266.0400085449219,1.086059331893921
2025-03-11,82862.2109375,547.970947265625,468.6293640136719,219.67926025390625,167.2366943359375,269.1600036621094,1.0839403867721558
2025-03-12,83722.359375,550.8788452148438,473.9158935546875,215.83956909179688,162.6481475830078,270.3299865722656,1.0914170742034912
2025-03-13,81066.703125,543.5352783203125,465.38995361328125,208.57791137695312,162.8606719970703,275.1300048828125,1.0886249542236328
2025-03-14,83969.1015625,554.7625122070312,476.6386413574219,212.36788940429688,162.26173400878906,275.239990234375,1.085564136505127
2025-03-15,84343.109375,,,,,,
2025-03-16,82579.6875,,,,,,
2025-03-17,84075.6875,559.0404052734375,479.72900390625,212.87522888183594,163.9908905029297,276.7300109863281,1.0881274938583374
2025-03-18,82718.5,552.9981079101562,471.55084228515625,211.5720977783203,162.01058959960938,279.9599914550781,1.091917634010315
2025-03-19,86854.2265625,559.0206909179688,477.86090087890625,214.10870361328125,162.8413543701172,281.1099853515625,1.093948245048523
2025-03-20,84167.1953125,557.4042358398438,476.24114990234375,212.97470092773438,161.85601806640625,280.75,1.0911908149719238
2025-03-21,84043.2421875,557.5880126953125,477.8111877441406,217.12277221679688,161.02523803710938,278.489990234375,1.0856702327728271
2025-03-22,83832.484375,,,,,,
2025-03-23,86054.375,,,,,,
2025-03-24,87498.9140625,567.5736083984375,488.29644775390625,219.56982421875,160.02056884765625,277.25,1.0835762023925781
2025-03-25,87471.703125,568.93798828125,491.08294677734375,222.573974609375,157.3157501220703,278.4700012207031,1.0803569555282593
2025-03-26,86900.8828125,562.1458129882812,482.04669189453125,220.36563110351562,160.91896057128906,278.239990234375,1.0787487030029297
2025-03-27,87177.1015625,560.6528930664062,479.2999572753906,222.67344665527344,162.9766082763672,281.9700012207031,1.0742061138153076
2025-03-28,84353.1484375,549.3623046875,466.68109130859375,216.7547149658203,162.31968688964844,284.05999755859375,1.080100178718567
2025-03-29,82597.5859375,,,,,,
2025-03-30,82334.5234375,,,,,,
2025-03-31,82548.9140625,553.0501098632812,466.6611633300781,220.96246337890625,164.6284637451172,288.1400146484375,1.082391619682312
2025-04-01,85169.171875,554.6121826171875,470.4229736328125,222.01693725585938,164.7637176513672,287.57000732421875,1.0818880796432495
2025-04-02,82485.7109375,558.1219482421875,473.8563537597656,222.7132568359375,163.73974609375,288.1600036621094,1.0795987844467163
2025-04-03,83102.828125,530.6171875,448.4891052246094,202.12203979492188,166.5315399169922,286.4200134277344,1.090869426727295
2025-04-04,83843.8046875,499.5533752441406,420.63397216796875,187.38987731933594,158.18515014648438,279.7200012207031,1.1043744087219238
2025-04-05,83504.796875,,,,,,
2025-04-06,78214.484375,,,,,,
2025-04-07,79235.3359375,498.66357421875,421.6490783691406,180.50625610351562,154.78475952148438,273.7099914550781,1.098454475402832
2025-04-08,76271.953125,490.85308837890625,414.0557556152344,171.51376342773438,153.00730895996094,275.20001220703125,1.0915361642837524
2025-04-09,82573.953125,542.4021606445312,463.7552185058594,197.8048553466797,156.80374145507812,285.3800048828125,1.0980443954467773
2025-04-10,79626.140625,518.6346435546875,444.03070068359375,189.4191436767578,158.00160217285156,292.3500061035156,1.0952062606811523
2025-04-11,83404.8359375,527.8884887695312,452.2110900878906,197.1085205078125,161.23776245117188,297.92999267578125,1.1257838010787964
2025-04-12,85287.109375,,,,,,
2025-04-13,83684.9765625,,,,,,
2025-04-14,84542.390625,533.009765625,455.2762756347656,201.45556640625,163.38232421875,296.2300109863281,1.1343141794204712
2025-04-15,83668.9921875,531.5169067382812,455.7838134765625,201.0775604248047,162.7447509765625,297.7799987792969,1.1339668035507202
2025-04-16,84033.8671875,519.7023315429688,442.0403137207031,193.24893188476562,160.7354278564453,307.4700012207031,1.1292672157287598
2025-04-17,84895.75,520.44384765625,441.9607238769531,195.94468688964844,164.8313446044922,306.1199951171875,1.1396790742874146
2025-04-18,84450.8046875,,,,,,
2025-04-19,85063.4140625,,,,,,
2025-04-20,85174.3046875,,,,,,
2025-04-21,87518.90625,508.055908203125,431.02362060546875,192.14476013183594,161.11524963378906,315.5899963378906,
2025-04-22,93441.890625,521.2743530273438,442.3388977050781,198.690185546875,163.18569946289062,311.1099853515625,1.1512778997421265
2025-04-23,93699.109375,529.3516845703125,452.37030029296875,203.52462768554688,161.09580993652344,303.6499938964844,1.1351252794265747
2025-04-24,93943.796875,540.4940185546875,465.0987243652344,207.2748260498047,155.06918334960938,308.07000732421875,1.132733702659607
2025-04-25,94720.5,544.3992919921875,470.28363037109375,208.18002319335938,156.51748657226562,304.7300109863281,1.1371906995773315
2025-04-26,94646.9296875,,,,,,
2025-04-27,93754.84375,,,,,,
2025-04-28,94978.75,544.6068725585938,470.1343688964844,209.03549194335938,157.32431030273438,309.07000732421875,1.1343141794204712
2025-04-29,94284.7890625,548.0375366210938,473.23931884765625,210.0998992919922,157.72280883789062,306.05999755859375,1.1409143209457397
2025-04-30,94207.3125,548.2550659179688,473.1795959472656,211.3831024169922,158.02415466308594,303.7699890136719,1.1389262676239014
2025-05-01,96492.3359375,552.1404418945312,479.35968017578125,212.1988067626953,155.506591796875,297.4599914550781,1.1324899196624756
2025-05-02,96910.0703125,560.3366088867188,486.4752197265625,204.27069091796875,156.03147888183594,297.9800109863281,1.1296498775482178
2025-05-03,95891.796875,,,,,,
2025-05-04,94315.9765625,,,,,,
2025-05-05,94748.0546875,557.1233520507812,483.5892028808594,197.84463500976562,154.3887481689453,306.8800048828125,1.1323232650756836
2025-05-06,96802.4765625,552.4667358398438,479.09100341796875,197.46661376953125,154.7969970703125,315.4800109863281,1.1313369274139404
2025-05-07,97032.3203125,554.7901611328125,480.9718933105469,195.218505859375,154.83587646484375,310.75,1.1342755556106567
2025-05-08,103241.4609375,558.65576171875,485.9378662109375,196.45199584960938,154.21376037597656,304.6300048828125,1.1306205987930298
2025-05-09,102970.8515625,557.9440307617188,485.6194152832031,197.48654174804688,153.25144958496094,306.8399963378906,1.122422695159912
2025-05-10,104696.328125,,,,,,
2025-05-11,104106.359375,,,,,,
2025-05-12,102812.953125,576.3826293945312,505.40362548828125,209.95704650878906,156.40086364746094,298.19000244140625,1.12296462059021
2025-05-13,104169.8125,580.1890258789062,513.1063842773438,212.08859252929688,154.29151916503906,299.4599914550781,1.1095577478408813
2025-05-14,103539.4140625,580.9304809570312,516.1814575195312,211.490966796875,153.60137939453125,293.1600036621094,1.1185556650161743
2025-05-15,103744.640625,583.7679443359375,516.7487182617188,210.61444091796875,157.86863708496094,297.8399963378906,1.1181930303573608
2025-05-16,103489.2890625,587.465576171875,518.9978637695312,210.42520141601562,158.7143096923828,294.239990234375,1.1192693710327148
2025-05-17,103191.0859375,,,,,,
2025-05-18,106446.0078125,,,,,,
2025-05-19,105606.1796875,588.108154296875,519.4954223632812,207.95498657226562,160.1626434326172,298.0299987792969,1.1187559366226196
2025-05-20,106791.0859375,586.1307983398438,517.7638549804688,206.04258728027344,161.00831604003906,303.5799865722656,1.1233429908752441
2025-05-21,109678.078125,576.2540283203125,510.568603515625,201.2914276123047,160.80418395996094,305.82000732421875,1.1287955045700073
2025-05-22,111673.28125,576.4815063476562,511.5239562988281,200.56431579589844,160.41539001464844,303.1099853515625,1.133118748664856
2025-05-23,107287.796875,572.5465698242188,506.78692626953125,194.49838256835938,161.22216796875,309.75,1.1281843185424805
2025-05-24,107791.15625,,,,,,
2025-05-25,109035.390625,,,,,,
2025-05-26,109440.3671875,,,,,,1.1372811794281006
2025-05-27,108994.640625,584.4501953125,518.709228515625,199.4188690185547,163.0690155029297,304.5,1.1388484239578247
2025-05-28,107802.328125,581.0689086914062,516.4102783203125,199.62803649902344,162.6802215576172,303.80999755859375,1.1337097883224487
2025-05-29,105641.7578125,583.362548828125,517.4254150390625,199.15989685058594,163.8466796875,305.6099853515625,1.123368263244629
2025-05-30,103998.5703125,582.7101440429688,516.609375,200.0563507080078,165.13946533203125,303.6000061035156,1.1378376483917236
2025-05-31,104638.09375,,,,,,
2025-06-01,105652.1015625,,,,,,
2025-06-02,105881.53125,585.9924926757812,520.689697265625,200.90298461914062,163.08848571777344,311.6700134277344,1.1353315114974976
2025-06-03,105432.46875,589.3341064453125,524.7598876953125,202.46676635742188,162.1844940185547,308.9100036621094,1.1453442573547363
2025-06-04,104731.984375,589.1759033203125,526.2228393554688,202.0185546875,161.30966186523438,310.8999938964844,1.1384464502334595
2025-06-05,101575.953125,586.3285522460938,522.261962890625,199.83721923828125,158.24774169921875,309.3299865722656,1.1422044038772583
2025-06-06,104390.34375,592.3495483398438,527.3672485351562,203.11419677734375,159.43362426757812,305.17999267578125,1.1453834772109985
2025-06-07,105615.625,,,,,,
2025-06-08,105793.6484375,,,,,,
2025-06-09,110294.1015625,592.8834228515625,528.1435546875,200.6539764404297,158.0144500732422,306.6199951171875,1.1407841444015503
2025-06-10,110257.234375,596.244873046875,531.63671875,201.86912536621094,158.28660583496094,306.7099914550781,1.1428048610687256
2025-06-11,108686.625,594.54443359375,529.8453369140625,197.9945068359375,157.5770263671875,308.3699951171875,1.143746018409729
2025-06-12,105929.0546875,596.9072875976562,531.0892333984375,198.41285705566406,158.61709594726562,312.20001220703125,1.1509333848953247
2025-06-13,106090.96875,590.23388671875,524.4215698242188,195.6737060546875,155.79818725585938,316.2900085449219,1.1600254774093628
2025-06-14,105472.40625,,,,,,
2025-06-15,105552.0234375,,,,,,
2025-06-16,106796.7578125,595.8494262695312,531.7161865234375,197.6359405517578,156.38140869140625,311.7799987792969,1.1556684970855713
2025-06-17,104601.1171875,590.7578125,526.5314331054688,194.86692810058594,154.08741760253906,311.94000244140625,1.1551345586776733
2025-06-18,104883.328125,590.6688232421875,526.4417724609375,195.80319213867188,153.60137939453125,310.260009765625,1.1482638120651245
2025-06-19,104684.2890625,,,,,,1.1477497816085815
2025-06-20,103309.6015625,589.2816772460938,524.292236328125,200.20574951171875,154.6317596435547,310.1300048828125,1.1512778997421265
2025-06-21,102257.40625,,,,,,
2025-06-22,100987.140625,,,,,,
2025-06-23,105577.7734375,595.1022338867188,529.6832275390625,200.70376586914062,156.5272216796875,311.0799865722656,1.1500862836837769
2025-06-24,106045.6328125,601.6764526367188,537.7831420898438,199.5084991455078,155.87594604492188,306.19000244140625,1.1599044799804688
2025-06-25,107361.2578125,602.0136108398438,539.157958984375,200.76353454589844,154.52484130859375,307.1199951171875,1.161224365234375
2025-06-26,106960.0,606.7236328125,544.1992797851562,200.20574951171875,154.19435119628906,306.7799987792969,1.1683744192123413
2025-06-27,107088.4296875,609.738037109375,546.0623779296875,200.28543090820312,155.3899383544922,301.2200012207031,1.1692214012145996
2025-06-28,107327.703125,,,,,,
2025-06-29,108385.5703125,,,,,,
2025-06-30,107135.3359375,612.6533203125,549.5992431640625,204.3592529296875,154.86505126953125,304.8299865722656,1.1727453470230103
2025-07-01,105698.28125,612.455078125,544.9664306640625,206.998779296875,156.7119140625,307.54998779296875,1.178717017173767
2025-07-02,108859.3203125,615.2315673828125,548.7623291015625,211.6005401611328,156.69247436523438,309.25,1.180553913116455
2025-07-03,109647.9765625,620.0804443359375,554.1622314453125,212.70616149902344,156.33282470703125,307.1400146484375,1.18002450466156
2025-07-04,108034.3359375,,,,,,1.1771491765975952
2025-07-05,108231.1796875,,,,,,
2025-07-06,109232.0703125,,,,,,
2025-07-07,108299.8515625,615.45947265625,549.9878540039062,209.120361328125,156.01205444335938,307.3699951171875,1.178078293800354
2025-07-08,108950.2734375,615.1224365234375,550.2966918945312,209.1801300048828,153.47503662109375,304.1600036621094,1.1736538410186768
2025-07-09,111326.5546875,618.8110961914062,554.1921997070312,210.30567932128906,153.11537170410156,305.5199890136719,1.1724566221237183
2025-07-10,115987.203125,620.5562744140625,553.3951416015625,211.5706329345703,154.05825805664062,306.20001220703125,1.17311692237854
2025-07-11,117516.9921875,618.3748779296875,552.1497802734375,210.3256072998047,152.6585235595703,309.1400146484375,1.1702749729156494
2025-07-12,117435.2265625,,,,,,
2025-07-13,119116.1171875,,,,,,
2025-07-14,119849.703125,619.5548095703125,554.1524047851562,207.79562377929688,149.46051025390625,308.010009765625,1.1682106256484985
2025-07-15,117777.1875,616.9072875976562,554.660400390625,208.28369140625,148.41070556640625,306.7300109863281,1.1666297912597656
2025-07-16,118738.5078125,618.9697265625,555.228271484375,209.32955932617188,149.4313507080078,308.260009765625,1.1607391834259033
2025-07-17,119289.84375,622.7576293945312,559.7216186523438,209.1901092529297,151.26849365234375,307.5899963378906,1.1635754108428955
2025-07-18,118003.2265625,622.301513671875,559.1836547851562,210.3455047607422,151.7940673828125,308.3900146484375,1.161548137664795
2025-07-19,117939.9765625,,,,,,
2025-07-20,117300.7890625,,,,,,
2025-07-21,117439.5390625,623.4815063476562,562.0828857421875,211.64036560058594,151.72555541992188,313.1300048828125,1.1630746126174927
2025-07-22,119995.4140625,623.5707397460938,559.1737060546875,213.55279541015625,154.94541931152344,316.1000061035156,1.1694538593292236
2025-07-23,118754.9609375,628.875732421875,561.7242431640625,213.30377197265625,154.90626525878906,312.17999267578125,1.1739156246185303
2025-07-24,118368.0,629.083984375,562.9197387695312,212.91531372070312,155.4249725341797,310.2699890136719,1.1774264574050903
2025-07-25,117635.8828125,631.741455078125,564.2747192382812,213.0348358154297,154.92584228515625,307.3999938964844,1.1756131649017334
2025-07-26,117947.3671875,,,,,,
2025-07-27,119448.4921875,,,,,,
2025-07-28,117924.4765625,631.5828247070312,566.0382080078125,213.20419311523438,153.76121520996094,305.4100036621094,1.1756821870803833
2025-07-29,117922.1484375,629.9169311523438,565.1614990234375,210.43516540527344,153.27186584472656,306.25,1.1596757173538208
2025-07-30,117831.1875,629.1236572265625,565.9186401367188,208.2239227294922,149.62136840820312,300.9599914550781,1.1550945043563843
2025-07-31,115758.203125,626.763671875,562.9197387695312,206.74978637695312,147.2627410888672,302.9599914550781,1.1429355144500732
2025-08-01,113320.0859375,616.49072265625,551.8309936523438,201.58030700683594,147.4389190673828,309.1099853515625,1.142374038696289
2025-08-02,112526.9140625,,,,,,
2025-08-03,114217.671875,,,,,,
2025-08-04,115071.8828125,625.861328125,562.0131225585938,202.5464630126953,147.5465545654297,310.9100036621094,1.158668041229248
2025-08-05,114141.4453125,622.688232421875,558.1973266601562,202.11814880371094,147.3018798828125,311.1600036621094,1.1584129333496094
2025-08-06,115028.0,627.457763671875,565.2212524414062,212.40733337402344,149.60179138183594,310.5,1.1579166650772095
2025-08-07,117496.8984375,626.9322509765625,567.1340942382812,219.16053771972656,150.21836853027344,313.1199951171875,1.1663167476654053
2025-08-08,116688.7265625,631.8207397460938,572.4244995117188,228.44374084472656,150.23794555664062,313.04998779296875,1.1676650047302246
2025-08-09,116500.359375,,,,,,
2025-08-10,119306.7578125,,,,,,
2025-08-11,118731.4453125,630.5713500976562,570.7307739257812,226.5391082763672,151.67660522460938,308.54998779296875,1.1647952795028687
2025-08-12,120172.90625,637.284423828125,577.904052734375,229.0021209716797,151.7842559814453,308.2699890136719,1.1618449687957764
2025-08-13,123344.0625,639.4659423828125,578.1930541992188,232.6717529296875,152.0974578857422,309.2099914550781,1.1677058935165405
2025-08-14,118359.578125,639.525390625,577.7448120117188,232.12330627441406,150.4630584716797,307.25,1.171289324760437
2025-08-15,117398.3515625,638.028076171875,575.2041625976562,230.9366455078125,151.06982421875,307.42999267578125,1.1651345491409302
2025-08-16,117491.3515625,,,,,,
2025-08-17,117453.0625,,,,,,
2025-08-18,116252.3125,637.8893432617188,574.9749755859375,230.23861694335938,152.40084838867188,306.95001220703125,1.1706587076187134
2025-08-19,112831.1796875,634.4286499023438,567.1739501953125,229.90956115722656,155.02371215820312,305.2699890136719,1.1668338775634766
2025-08-20,114274.7421875,632.742919921875,563.8065185546875,225.3723907470703,156.1100616455078,308.3599853515625,1.164252758026123
2025-08-21,112419.03125,630.2045288085938,561.1962280273438,224.26551818847656,155.34666442871094,307.2900085449219,1.165175199508667
2025-08-22,116874.0859375,639.8824462890625,569.85400390625,227.11746215820312,155.28794860839844,310.5799865722656,1.16130530834198
2025-08-23,115374.328125,,,,,,
2025-08-24,113458.4296875,,,,,,
2025-08-25,110124.3515625,637.0662841796875,568.2101440429688,226.5191650390625,152.82167053222656,309.8299865722656,1.1709601879119873
2025-08-26,111802.65625,639.733642578125,570.4916381835938,228.6630859375,152.6455078125,312.0799865722656,1.1618449687957764
2025-08-27,111222.0625,641.1912841796875,571.3684692382812,229.8397674560547,153.61441040039062,312.7099914550781,1.1639411449432373
2025-08-28,112544.8046875,643.4619750976562,574.9451904296875,231.9039306640625,152.3323211669922,315.0299987792969,1.1647952795028687
2025-08-29,108410.8359375,639.6245727539062,568.2898559570312,231.485107421875,153.69268798828125,318.07000732421875,1.1681560277938843
2025-08-30,108808.0703125,,,,,,
2025-08-31,108236.7109375,,,,,,
2025-09-01,109250.59375,,,,,,1.1691803932189941
2025-09-02,111200.5859375,634.8848266601562,563.527587890625,229.0719451904297,154.62245178222656,325.5899963378906,1.1715912818908691
2025-09-03,111723.2109375,638.3255615234375,567.9610595703125,237.79725646972656,154.79861450195312,328.1400146484375,1.163602590560913
2025-09-04,110723.6015625,643.6603393554688,573.1019897460938,239.1035614013672,155.796875,326.69000244140625,1.16604483127594
2025-09-05,110650.984375,641.796142578125,573.9288940429688,239.0137939453125,156.60919189453125,331.04998779296875,1.1656913757324219
2025-09-06,110224.6953125,,,,,,
2025-09-07,111167.6171875,,,,,,
2025-09-08,112071.4296875,643.372802734375,576.728515625,237.2089080810547,155.62071228027344,334.82000732421875,1.1713168621063232
2025-09-09,111530.546875,644.8601684570312,578.3624877929688,233.68887329101562,156.06112670898438,334.05999755859375,1.1769136190414429
2025-09-10,113955.359375,646.7243041992188,578.5517578125,226.1501922607422,153.99609375,335.260009765625,1.1702749729156494
2025-09-11,115507.5390625,652.0988159179688,581.919189453125,229.3810577392578,155.2488250732422,334.760009765625,1.1703435182571411
2025-09-12,116101.578125,651.8805541992188,584.4896240234375,233.40968322753906,154.5343780517578,335.4200134277344,1.1734747886657715
2025-09-13,115950.5078125,,,,,,
2025-09-14,115407.65625,,,,,,
2025-09-15,115444.875,655.3511352539062,589.4910888671875,236.0322265625,153.4871826171875,338.9100036621094,1.1726491451263428
2025-09-16,116843.1875,654.4488525390625,588.9929809570312,237.4781494140625,154.68118286132812,339.5899963378906,1.1763737201690674
2025-09-17,116468.5078125,653.6357421875,587.8173217773438,238.3157958984375,156.91258239746094,336.9700012207031,1.1871408224105835
2025-09-18,117137.203125,656.6897583007812,593.11767578125,237.2089080810547,153.9667510986328,335.6199951171875,1.1826341152191162
2025-09-19,115688.859375,659.9423217773438,597.1326904296875,244.8074188232422,152.71400451660156,339.17999267578125,1.1791062355041504
2025-09-20,115721.9609375,,,,,,
2025-09-21,115306.09375,,,,,,
2025-09-22,112748.5078125,663.0645141601562,600.667724609375,255.35755920410156,149.8073272705078,345.04998779296875,1.1736950874328613
2025-09-23,112014.5,659.4551391601562,596.6779174804688,253.71221923828125,149.24948120117188,346.4599914550781,1.1801080703735352
2025-09-24,113328.6328125,657.3569946289062,594.583251953125,251.59820556640625,149.1711883544922,343.32000732421875,1.1814465522766113
2025-09-25,109049.2890625,654.3242797851562,592.0198364257812,256.14532470703125,148.9069366455078,344.75,1.1744670867919922
2025-09-26,109712.828125,658.072998046875,594.4535522460938,254.73931884765625,149.24948120117188,346.739990234375,1.166275978088379
2025-09-27,109681.9453125,,,,,,
2025-09-28,112122.640625,,,,,,
2025-09-29,114400.3828125,659.9224243164062,597.20654296875,253.71221923828125,150.2575225830078,352.4599914550781,1.170823097229004
2025-09-30,114056.0859375,662.4082641601562,598.8424072265625,253.9116668701172,150.37496948242188,355.4700012207031,1.1731443405151367
2025-10-01,118648.9296875,664.6654663085938,601.7150268554688,254.72933959960938,149.91497802734375,356.0299987792969,1.1735849380493164
2025-10-02,120681.2578125,665.4309692382812,604.188720703125,256.40460205078125,148.80908203125,354.7900085449219,1.1734058856964111
2025-10-03,122266.53125,665.421142578125,601.645263671875,257.2920837402344,149.02438354492188,357.6400146484375,1.1725116968154907
2025-10-04,122425.4296875,,,,,,
2025-10-05,123513.4765625,,,,,,
2025-10-06,124752.53125,667.8074951171875,606.1636962890625,255.9658660888672,147.20401000976562,364.3800048828125,1.171248197555542
2025-10-07,121451.3828125,665.3316040039062,602.9718627929688,255.75643920898438,149.2886199951172,366.260009765625,1.171028733253479
2025-10-08,123354.8671875,669.2990112304688,609.88427734375,257.33197021484375,147.47805786132812,372.29998779296875,1.1654603481292725
2025-10-09,121705.5859375,667.3600463867188,609.1461181640625,253.32330322265625,147.3704071044922,365.42999267578125,1.1631964445114136
2025-10-10,113214.3671875,649.32275390625,588.0000610351562,244.57806396484375,146.49937438964844,369.1199951171875,1.156644344329834
2025-10-11,110807.8828125,,,,,,
2025-10-12,115169.765625,,,,,,
2025-10-13,115271.078125,659.2860107421875,600.4782104492188,246.96133422851562,144.34628295898438,378.0899963378906,1.160240888595581
2025-10-14,113118.6640625,658.4805908203125,596.4783935546875,247.07101440429688,145.9806671142578,380.7900085449219,1.1566845178604126
2025-10-15,110783.1640625,661.4039916992188,600.6876220703125,248.63656616210938,144.2777557373047,387.3900146484375,1.1602274179458618
2025-10-16,108186.0390625,656.899658203125,598.4633178710938,246.7519073486328,146.41128540039062,396.45001220703125,1.1646324396133423
2025-10-17,106467.7890625,660.62841796875,602.393310546875,251.5782470703125,148.17291259765625,388.989990234375,1.1699601411819458
2025-10-18,107198.265625,,,,,,
2025-10-19,108666.7109375,,,,,,
2025-10-20,110588.9296875,667.499267578125,609.98388671875,261.50018310546875,148.7209930419922,403.1499938964844,1.165745735168457
2025-10-21,108476.890625,667.4892578125,609.8244018554688,262.0286865234375,148.38821411132812,377.239990234375,1.164442539215088
2025-10-22,107688.5859375,664.0191040039062,603.9493408203125,257.72088623046875,148.9558563232422,377.2799987792969,1.160038948059082
2025-10-23,110069.7265625,667.9566650390625,609.0264282226562,258.84765625,148.96566772460938,378.7900085449219,1.1608469486236572
2025-10-24,111033.921875,673.4155883789062,615.52978515625,262.07855224609375,150.28330993652344,377.5199890136719,1.1618045568466187
2025-10-25,111641.7265625,,,,,,
2025-10-26,114472.4453125,,,,,,
2025-10-27,114119.328125,681.3603515625,626.4918823242188,268.0516662597656,149.54417419433594,367.010009765625,1.1631693840026855
2025-10-28,112956.1640625,683.1700439453125,631.3095703125,268.2411193847656,149.1795196533203,364.3800048828125,1.165175199508667
2025-10-29,110055.3046875,683.4981689453125,634.15234375,268.93914794921875,146.6171417236328,363.0,1.1657865047454834
2025-10-30,108305.546875,675.98095703125,624.45703125,270.63433837890625,147.41542053222656,370.1300048828125,1.1603351831436157
2025-10-31,109556.1640625,678.1983642578125,627.4693603515625,269.6072692871094,148.19398498535156,368.1199951171875,1.157246708869934
2025-11-01,110064.015625,,,,,,
2025-11-02,110639.625,,,,,,
2025-11-03,106547.5234375,679.4711303710938,630.4716796875,268.29095458984375,145.8780059814453,368.7799987792969,1.1528042554855347
2025-11-04,101590.5234375,671.4169921875,617.6743774414062,269.2781982421875,145.040283203125,362.32000732421875,1.1519144773483276
2025-11-05,103891.8359375,673.7437133789062,621.6941528320312,269.3779296875,143.6802520751953,366.510009765625,1.1485539674758911
2025-11-06,101301.2890625,666.514892578125,610.1136474609375,269.0089416503906,144.01535034179688,366.07000732421875,1.1496764421463013
2025-11-07,103372.40625,667.1710815429688,608.1885375976562,267.7126159667969,144.85304260253906,368.30999755859375,1.1549211740493774
2025-11-08,102282.1171875,,,,,,
2025-11-09,104719.640625,,,,,,
2025-11-10,105996.59375,677.5819091796875,621.6442260742188,268.93035888671875,143.3944549560547,378.3800048828125,1.1543878316879272
2025-11-11,102997.46875,679.1329956054688,619.9884643554688,274.73956298828125,146.3904571533203,379.8699951171875,1.1557220220565796
2025-11-12,101663.1875,679.5108642578125,619.4996948242188,272.9628601074219,145.86813354492188,385.989990234375,1.1587486267089844
2025-11-13,99697.4921875,668.2350463867188,606.8519897460938,272.44384765625,145.81886291503906,382.8699951171875,1.159218668937683
2025-11-14,94397.7890625,668.125732421875,607.310791015625,271.9048156738281,145.53305053710938,375.9599914550781,1.1631964445114136
2025-11-15,95549.1484375,,,,,,
2025-11-16,94177.078125,,,,,,
2025-11-17,92093.875,661.901123046875,602.1240234375,266.9639892578125,143.7098388671875,371.6499938964844,1.1615345478057861
2025-11-18,92948.875,656.3428344726562,594.792724609375,266.9440612792969,144.8629150390625,374.3500061035156,1.159057378768921
2025-11-19,91465.9921875,658.87841796875,598.3436889648438,268.06195068359375,144.8629150390625,374.9599914550781,1.1581177711486816
2025-11-20,86631.8984375,648.8355712890625,584.1798095703125,265.7562561035156,146.0455322265625,374.8500061035156,1.154068112373352
2025-11-21,85090.6875,655.2987670898438,588.568603515625,270.98651123046875,148.73602294921875,374.2699890136719,1.1534557342529297
2025-11-22,84648.359375,,,,,,
2025-11-23,86805.0078125,,,,,,
2025-11-24,88270.5625,664.9437866210938,603.6201782226562,275.4083251953125,144.85304260253906,380.20001220703125,1.1507612466812134
2025-11-25,87341.890625,671.1981811523438,607.3406982421875,276.4563903808594,146.34120178222656,380.0799865722656,1.1520073413848877
2025-11-26,90518.3671875,675.8318481445312,612.70703125,277.0352783203125,146.1046600341797,383.1199951171875,1.156483769416809
2025-11-27,91285.375,,,,,,1.1602139472961426
2025-11-28,90919.265625,679.5208129882812,617.6743774414062,278.3328857421875,146.01597595214844,387.8800048828125,1.1599851846694946
2025-11-29,90851.7578125,,,,,,
2025-11-30,90394.3125,,,,,,
2025-12-01,86321.5703125,676.4185180664062,615.599609375,282.57501220703125,145.306396484375,389.75,1.1601465940475464
2025-12-02,91350.203125,677.67138671875,620.4173583984375,285.6592712402344,143.74925231933594,387.239990234375,1.1607661247253418
2025-12-03,93527.8046875,680.0180053710938,621.9335327148438,283.623046875,144.5869598388672,386.8800048828125,1.1627906560897827
2025-12-04,92141.625,680.51513671875,621.35498046875,280.179443359375,143.25648498535156,387.1300048828125,1.1666841506958008
2025-12-05,89387.7578125,681.8078002929688,623.8884887695312,278.26300048828125,141.37411499023438,386.44000244140625,1.1642799377441406
2025-12-06,89272.375,,,,,,
2025-12-07,90405.640625,,,,,,
2025-12-08,90640.203125,679.7594604492188,622.6915893554688,277.3746643066406,136.33807373046875,385.4200134277344,1.164022445678711
2025-12-09,92691.7109375,679.1727294921875,623.4595947265625,276.66595458984375,137.60940551757812,387.3999938964844,1.1641442775726318
2025-12-10,92020.9453125,683.6771850585938,626.0130615234375,278.26300048828125,137.79666137695312,389.04998779296875,1.1628313064575195
2025-12-11,92511.3359375,685.26806640625,623.98828125,277.514404296875,138.72305297851562,393.239990234375,1.1701242923736572
2025-12-12,90270.4140625,677.9000244140625,612.0587158203125,277.7639465332031,140.77294921875,395.44000244140625,1.1739431619644165
2025-12-13,90298.7109375,,,,,,
2025-12-14,88175.1796875,,,,,,
2025-12-15,86419.78125,676.8758544921875,608.9865112304688,273.6016540527344,143.02981567382812,395.79998779296875,1.1737639904022217
2025-12-16,87843.984375,675.0264282226562,610.1934204101562,274.1007385253906,143.10865783691406,395.8900146484375,1.1754610538482666
2025-12-17,86143.7578125,667.5986938476562,598.8822631835938,271.33587646484375,145.67103576660156,399.2900085449219,1.1749500036239624
2025-12-18,85462.5078125,672.6399536132812,607.5601806640625,271.68524169921875,143.4141845703125,398.57000732421875,1.1742326021194458
2025-12-19,88103.3828125,678.7363891601562,615.4799194335938,273.1625061035156,142.36952209472656,399.0199890136719,1.1725666522979736
2025-12-20,88344.0,,,,,,
2025-12-21,88621.75,,,,,,
2025-12-22,88490.015625,682.96484375,618.4302368164062,270.4674987792969,140.6251220703125,408.2300109863281,1.1708093881607056
2025-12-23,87414.0,686.0863037109375,621.3265380859375,271.85491943359375,141.1080322265625,413.6400146484375,1.1765950918197632
2025-12-24,87611.9609375,688.4996948242188,623.144287109375,273.3022155761719,142.3990936279297,411.92999267578125,1.179551362991333
2025-12-25,87234.7421875,,,,,,
2025-12-26,87301.4296875,688.4298706054688,623.1043090820312,272.8929748535156,142.6454620361328,416.739990234375,1.1785364151000977
2025-12-27,87802.15625,,,,,,
2025-12-28,87835.8359375,,,,,,
2025-12-29,87138.140625,685.9765625,620.088134765625,273.2523498535156,142.47793579101562,398.6000061035156,1.1772738695144653
2025-12-30,88430.1328125,685.138916015625,618.64990234375,272.5735778808594,141.9654541015625,398.8900146484375,1.1772878170013428
2025-12-31,87508.828125,680.062744140625,613.536376953125,271.3558349609375,141.2361602783203,396.30999755859375,1.1747292280197144
2026-01-01,88731.984375,,,,,,
2026-01-02,89944.6953125,681.309326171875,612.347900390625,270.5074157714844,139.73814392089844,398.2799987792969,1.175046682357788
2026-01-03,90603.1875,,,,,,
2026-01-04,91413.4921875,,,,,,
2026-01-05,93882.5546875,685.846923828125,617.2117309570312,266.7643737792969,138.33868408203125,408.760009765625,1.1704667806625366
2026-01-06,93729.03125,689.92578125,622.6348876953125,261.8734436035156,137.88536071777344,413.17999267578125,1.1714951992034912
2026-01-07,91308.0546875,687.701904296875,623.2341918945312,259.8471984863281,136.04241943359375,409.2300109863281,1.1688251495361328
2026-01-08,91027.125,687.632080078125,619.6885986328125,258.55963134765625,139.48190307617188,411.489990234375,1.1676785945892334
2026-01-09,90513.1015625,692.1796264648438,625.86083984375,258.8890075683594,139.81698608398438,414.4700012207031,1.1657865047454834
2026-01-10,90386.6484375,,,,,,
2026-01-11,90827.4609375,,,,,,
2026-01-12,91192.9921875,693.2666625976562,626.3801879882812,259.76739501953125,141.38400268554688,422.2300109863281,1.1623716354370117
2026-01-13,95321.78125,691.8804931640625,625.4513549804688,260.5658874511719,142.15269470214844,421.6300048828125,1.1666978597640991
2026-01-14,96929.328125,688.479736328125,618.769775390625,259.4779052734375,144.23216247558594,425.94000244140625,1.164252758026123
2026-01-15,95551.1875,690.3546142578125,620.9970092773438,257.73114013671875,142.5370635986328,423.3299865722656,1.1646324396133423
2026-01-16,95525.1171875,689.7761840820312,620.4776611328125,255.05613708496094,142.43849182128906,421.2900085449219,1.1609008312225342
2026-01-17,95099.921875,,,,,,
2026-01-18,93634.4296875,,,,,,
2026-01-19,92553.59375,,,,,,1.162493348121643
2026-01-20,88310.90625,675.7345581054688,607.2942504882812,246.2425079345703,144.8727569580078,437.2300109863281,1.1639139652252197
2026-01-21,89376.9609375,683.5332641601562,615.50390625,247.1907501220703,143.94635009765625,443.6000061035156,1.1727865934371948
2026-01-22,89462.453125,687.103515625,619.978271484375,247.8894500732422,147.76034545898438,451.7900085449219,1.1672970056533813
2026-01-23,89503.875,687.352783203125,621.935791015625,247.58001708984375,149.02780151367188,458.0,1.1754610538482666
2026-01-24,89110.734375,,,,,,
2026-01-25,86572.21875,,,,,,
2026-01-26,88267.140625,690.84326171875,624.67236328125,254.9363555908203,148.3727569580078,464.70001220703125,1.1858457326889038
2026-01-27,89102.5703125,693.5957641601562,630.335205078125,257.791015625,147.23133850097656,476.1000061035156,1.1876484155654907
2026-01-28,89184.5703125,693.5259399414062,632.4225463867188,255.96446228027344,146.2388153076172,494.55999755859375,1.2017642259597778
2026-01-29,84561.5859375,692.1497192382812,628.6373291015625,257.801025390625,148.77967834472656,495.8999938964844,1.1977769136428833
2026-01-30,84128.65625,690.0853271484375,621.0868530273438,258.9988098144531,150.63571166992188,444.95001220703125,1.19657301902771
2026-01-31,78621.1171875,,,,,,
2026-02-01,76974.4453125,,,,,,
2026-02-02,78688.765625,693.5159912109375,625.3515014648438,269.5093078613281,152.0450897216797,427.1300048828125,1.1849182844161987
2026-02-03,75633.546875,687.6520385742188,615.7435913085938,268.98028564453125,154.1591796875,454.2900085449219,1.1798714399337769
2026-02-04,73019.703125,684.3211059570312,604.9871826171875,275.97723388671875,155.6975860595703,453.9700012207031,1.1816140413284302
2026-02-05,62702.09765625,675.7744750976562,596.2781982421875,275.3983459472656,157.42459106445312,441.8800048828125,1.180163860321045
2026-02-06,70555.390625,688.739013671875,608.8822631835938,277.6042175292969,157.9803924560547,455.4599914550781,1.177786946296692
2026-02-07,69281.96875,,,,,,
2026-02-08,70264.7265625,,,,,,
2026-02-09,70120.78125,692.0599975585938,613.54638671875,274.3672180175781,156.15415954589844,467.0299987792969,1.182578206062317
2026-02-10,68793.9609375,690.2349243164062,610.699951171875,273.4280700683594,157.8910675048828,462.3999938964844,1.1904053688049316
2026-02-11,66991.96875,690.075439453125,612.337890625,275.24639892578125,158.80419921875,467.6300048828125,1.1889617443084717
2026-02-12,66221.84375,679.41455078125,599.8836059570312,261.4891052246094,160.00515747070312,451.3900146484375,1.1876062154769897
2026-02-13,68857.84375,679.8931884765625,601.1619873046875,255.5445556640625,158.87368774414062,462.6199951171875,1.1868449449539185
2026-02-14,69767.625,,,,,,
2026-02-15,68788.1875,,,,,,
2026-02-16,68843.15625,,,,,,1.1867464780807495
2026-02-17,67494.21875,680.9901733398438,600.542724609375,263.6371154785156,158.35755920410156,448.20001220703125,1.1849884986877441
2026-02-18,66425.3203125,684.4208374023438,605.027099609375,264.106689453125,155.6876678466797,458.2799987792969,1.185185194015503
2026-02-19,66957.5234375,682.61572265625,602.7100219726562,260.3401184082031,157.3749542236328,459.55999755859375,1.1788839101791382
2026-02-20,68005.421875,687.5523071289062,608.0433349609375,264.3364562988281,159.578369140625,468.6199951171875,1.1769136190414429
2026-02-21,68003.765625,,,,,,
2026-02-22,67659.390625,,,,,,
2026-02-23,64616.73828125,680.531494140625,600.652587890625,265.9349670410156,163.93556213378906,481.2799987792969,1.1834739446640015
2026-02-24,64080.04296875,685.4779052734375,607.1044921875,271.8895263671875,164.04473876953125,474.6099853515625,1.1793843507766724
2026-02-25,67960.125,691.26220703125,615.9033813476562,273.97760009765625,162.16885375976562,473.4200134277344,1.1775233745574951
2026-02-26,67453.7734375,687.422607421875,608.4727783203125,272.6987609863281,162.5261688232422,477.4800109863281,1.181516408920288
2026-02-27,65881.796875,684.1216430664062,606.5252075195312,263.93682861328125,165.95037841796875,483.75,1.1803030967712402
2026-02-28,66995.859375,,,,,,
2026-03-01,65738.1015625,,,,,,
2026-03-02,68775.8515625,684.5106201171875,607.32421875,264.476318359375,162.2879638671875,490.0,1.1759449243545532
2026-03-03,68293.6484375,678.4771118164062,600.8224487304688,263.5072326660156,158.5262908935547,468.1400146484375,1.1697274446487427
2026-03-04,72710.578125,683.2639770507812,609.9808959960938,262.2783508300781,157.11691284179688,471.79998779296875,1.161224365234375
2026-03-05,70841.125,679.4544067382812,608.1431274414062,260.0504150390625,152.83912658691406,466.1300048828125,1.1635618209838867
2026-03-06,68136.4921875,670.5487060546875,598.9946899414062,257.2229919433594,152.4818115234375,473.510009765625,1.1608065366744995
2026-03-07,67272.59375,,,,,,
2026-03-08,65969.78125,,,,,,
2026-03-09,68402.3828125,676.4227294921875,606.99462890625,259.6407775878906,154.05992126464844,472.5299987792969,1.152325987815857
2026-03-10,69926.921875,675.3356323242188,607.004638671875,260.58990478515625,154.84400939941406,477.8599853515625,1.1617234945297241
2026-03-11,70204.8828125,674.4879760742188,606.9247436523438,260.5699157714844,152.17413330078125,476.239990234375,1.1611299514770508
2026-03-12,70493.4609375,664.2459106445312,596.5078735351562,255.52456665039062,149.3751983642578,466.8800048828125,1.1543211936950684
2026-03-13,70968.265625,660.4862060546875,592.9722900390625,249.8897705078125,149.52407836914062,460.8399963378906,1.1521666049957275
2026-03-14,71214.625,,,,,,
2026-03-15,72789.9140625,,,,,,
2026-03-16,74861.0859375,667.2078857421875,599.6239013671875,252.58729553222656,150.98309326171875,460.42999267578125,1.1435105800628662
2026-03-17,73922.4765625,668.9630126953125,602.5502319335938,253.99598693847656,150.34786987304688,459.2699890136719,1.1499539613723755
2026-03-18,71245.578125,659.6285400390625,594.15087890625,249.70994567871094,145.613525390625,444.739990234375,1.153948187828064
2026-03-19,69912.7890625,658.0029907226562,592.273193359375,248.73085021972656,143.7574920654297,426.4100036621094,1.1464471817016602
2026-03-20,70522.5859375,648.5700073242188,581.3269653320312,247.76173400878906,143.20169067382812,413.3800048828125,1.157755732536316
2026-03-21,68711.5234375,,,,,,
2026-03-22,67845.2109375,,,,,,
2026-03-23,70914.859375,655.3800048828125,588.0,251.25851440429688,142.9138641357422,404.0400085449219,1.1560158729553223
2026-03-24,70517.859375,653.1799926757812,583.97998046875,251.4083709716797,142.09005737304688,404.1300048828125,1.1607122421264648
2026-03-25,71309.8828125,656.8200073242188,587.8200073242188,252.38746643066406,142.84437561035156,416.2900085449219,1.16146719455719
2026-03-26,68791.625,645.0900268554688,573.7899780273438,252.6572265625,141.3555908203125,400.6400146484375,1.1561496257781982
2026-03-27,66338.375,634.0900268554688,562.5800170898438,248.57098388671875,141.6434326171875,414.70001220703125,1.1535090208053589
2026-03-28,66319.6953125,,,,,,
2026-03-29,65954.921875,,,,,,
2026-03-30,66691.4453125,631.969970703125,558.280029296875,246.40298461914062,143.63839721679688,414.5799865722656,1.149200677871704
2026-03-31,68233.3125,650.3400268554688,577.1799926757812,253.55638122558594,143.36048889160156,430.2900085449219,1.1460003852844238
2026-04-01,68078.5546875,655.239990234375,584.3099975585938,255.3946990966797,143.0131072998047,437.82000732421875,1.1574207544326782
2026-04-02,66888.5703125,655.8300170898438,584.97998046875,255.68443298339844,142.05035400390625,429.4100036621094,1.159057378768921
2026-04-03,66931.1015625,,,,,,1.1541746854782104
2026-04-04,67290.515625,,,,,,
2026-04-05,68981.8984375,,,,,,
2026-04-06,68859.828125,658.9299926757812,588.5,258.6217041015625,141.70297241210938,427.6499938964844,1.150999665260315
2026-04-07,71940.703125,659.219970703125,588.5900268554688,253.26666259765625,140.24395751953125,431.80999755859375,1.1541212797164917
2026-04-08,71123.359375,676.010009765625,606.0900268554688,258.66168212890625,143.81704711914062,434.5299987792969,1.1686612367630005
2026-04-09,71767.828125,679.9099731445312,610.1900024414062,260.2502136230469,145.56390380859375,437.9100036621094,1.16593599319458
2026-04-10,72979.046875,679.4600219726562,611.0700073242188,260.240234375,144.0751190185547,437.1300048828125,1.1691256761550903
2026-04-11,73054.2734375,,,,,,
2026-04-12,70753.40625,,,,,,
2026-04-13,74484.640625,686.0999755859375,617.3900146484375,258.96142578125,142.5069122314453,435.3599853515625,1.1675150394439697
2026-04-14,74181.609375,694.4600219726562,628.5999755859375,258.59173583984375,143.3009490966797,445.0899963378906,1.176885962486267
2026-04-15,74805.078125,699.9400024414062,637.4000244140625,266.18475341796875,142.30841064453125,440.4599914550781,1.179940938949585
2026-04-16,75152.1328125,701.6599731445312,640.469970703125,263.15753173828125,142.04043579101562,440.0799865722656,1.1809163093566895
2026-04-17,77126.875,710.1400146484375,648.8499755859375,269.98126220703125,145.83187866210938,445.92999267578125,1.1782727241516113
2026-04-18,75726.2109375,,,,,,
2026-04-19,73856.3515625,,,,,,
2026-04-20,75872.5234375,708.719970703125,646.7899780273438,272.79864501953125,143.41012573242188,442.0899963378906,1.1741223335266113
2026-04-21,76352.7734375,704.0800170898438,644.3300170898438,265.9250183105469,141.25634765625,429.57000732421875,1.1784392595291138
2026-04-22,78203.1015625,711.2100219726562,655.1099853515625,272.9185791015625,141.78237915039062,435.260009765625,1.174425721168518
2026-04-23,78268.953125,708.4500122070312,651.4199829101562,273.1783142089844,144.62100219726562,431.0400085449219,1.1706037521362305
2026-04-24,77455.3125,713.9400024414062,663.8800048828125,270.81048583984375,148.17999267578125,433.25,1.16838800907135
2026-04-25,77612.015625,,,,,,
2026-04-26,78657.5390625,,,,,,
2026-04-27,77366.625,715.1699829101562,664.22998046875,267.3636474609375,148.39999389648438,429.8900146484375,1.1706448793411255
2026-04-28,76350.671875,711.6900024414062,657.5499877929688,270.4608154296875,149.1699981689453,421.9100036621094,1.1723467111587524
2026-04-29,75776.1328125,711.5800170898438,661.5700073242188,269.92132568359375,146.4600067138672,417.4100036621094,1.171783447265625
2026-04-30,76304.3203125,718.6599731445312,667.739990234375,271.1002502441406,147.08999633789062,423.6600036621094,1.168470025062561
2026-05-01,78179.0,720.6500244140625,674.1500244140625,279.88214111328125,147.25999450683594,423.17999267578125,1.172910451889038
2026-05-02,78657.25,,,,,,
2026-05-03,78538.2265625,,,,,,
2026-05-04,79827.90625,718.010009765625,672.8800048828125,276.5751647949219,143.4199981689453,414.7099914550781,1.1726628541946411
2026-05-05,80927.0546875,723.77001953125,681.6099853515625,283.9184265136719,144.89999389648438,418.2699890136719,1.1691941022872925
2026-05-06,81427.53125,733.8300170898438,695.77001953125,287.245361328125,147.89999389648438,430.9599914550781,1.1715774536132812
2026-05-07,80009.9921875,731.5800170898438,694.9400024414062,287.1754150390625,146.05999755859375,431.67999267578125,1.1747430562973022
2026-05-08,80186.765625,737.6199951171875,711.22998046875,293.0500183105469,146.4199981689453,433.7699890136719,1.1731581687927246
2026-05-09,80664.3671875,,,,,,
2026-05-10,82138.9296875,,,,,,
2026-05-11,81728.296875,739.2999877929688,713.2899780273438,292.67999267578125,143.36000061035156,434.6499938964844,1.176885962486267
2026-05-12,80477.4921875,738.1799926757812,707.239990234375,294.79998779296875,143.91000366210938,432.92999267578125,1.177994966506958
2026-05-13,79277.1171875,742.3099975585938,714.7100219726562,298.8699951171875,142.24000549316406,430.5,1.1735436916351318
2026-05-14,81051.25,748.1699829101562,719.7899780273438,298.2099914550781,142.7100067138672,427.2099914550781,1.1716049909591675
2026-05-15,79065.6796875,739.1699829101562,708.9299926757812,300.2300109863281,141.57000732421875,417.2900085449219,1.166208028793335
2026-05-16,78131.4375,,,,,,
2026-05-17,77429.3515625,,,,,,
2026-05-18,76954.171875,738.6500244140625,705.8800048828125,297.8399963378906,142.38999938964844,418.42999267578125,1.161440134048462
2026-05-19,76750.90625,733.72998046875,701.530029296875,298.9700012207031,141.3000030517578,411.5,1.1655147075653076
2026-05-20,77457.7734375,741.25,713.1500244140625,302.25,142.44000244140625,417.3999938964844,1.1607122421264648
2026-05-21,77539.171875,742.719970703125,714.510009765625,304.989990234375,143.39999389648438,416.989990234375,1.1625338792800903
2026-05-22,75488.2421875,745.6400146484375,717.5399780273438,308.82000732421875,144.44000244140625,413.82000732421875,1.1621150970458984
2026-05-23,76673.3671875,,,,,,
2026-05-24,76981.125,,,,,,
2026-05-25,77279.9296875,,,,,,1.164225697517395
2026-05-26,75825.734375,750.5900268554688,730.280029296875,308.3299865722656,142.9600067138672,414.0,1.1637378931045532
2026-05-27,74344.703125,750.4600219726562,729.4500122070312,310.8500061035156,147.49000549316406,408.489990234375,1.1636837720870972
2026-05-28,73536.5546875,754.5999755859375,735.5999755859375,312.510009765625,145.91000366210938,412.7699890136719,1.1617909669876099
2026-05-29,73372.5234375,756.47998046875,738.3099975585938,312.05999755859375,143.55999755859375,417.1199951171875,1.1652837991714478
2026-05-30,73754.8359375,,,,,,
2026-05-31,73579.6875,,,,,,
2026-06-01,71319.7734375,758.5399780273438,742.739990234375,306.30999755859375,140.27999877929688,411.260009765625,1.164890170097351
2026-06-02,66703.65625,759.5700073242188,746.1599731445312,315.20001220703125,140.82000732421875,411.95001220703125,1.1635483503341675
2026-06-03,64014.3671875,754.239990234375,744.2100219726562,310.260009765625,140.19000244140625,407.8699951171875,1.1622096300125122
2026-06-04,63801.57421875,757.0900268554688,740.6099853515625,311.2300109863281,140.77999877929688,411.2699890136719,1.160941243171692
2026-06-05,60922.66796875,737.5499877929688,705.0599975585938,307.3399963378906,146.5399932861328,396.239990234375,1.1612648963928223
2026-06-06,60867.4140625,,,,,,
2026-06-07,63239.51953125,,,,,,
2026-06-08,63090.58984375,739.219970703125,716.0700073242188,301.5400085449219,145.10000610351562,397.2699890136719,1.1522595882415771
2026-06-09,61643.78125,737.0499877929688,707.8300170898438,290.54998779296875,148.6699981689453,390.7799987792969,1.1528440713882446
2026-06-10,61449.2890625,725.4299926757812,693.6900024414062,291.5799865722656,149.0500030517578,374.5799865722656,1.1535356044769287
2026-06-11,63561.0546875,737.760009765625,717.1199951171875,295.6300048828125,148.33999633789062,386.32000732421875,1.1535621881484985
2026-06-12,63543.19921875,741.75,721.3400268554688,291.1300048828125,149.61000061035156,386.5400085449219,1.157594919204712
2026-06-13,64421.32421875,,,,,,
2026-06-14,65710.3984375,,,,,,
2026-06-15,66289.5,754.8300170898438,744.0,296.4200134277344,150.4600067138672,396.54998779296875,1.1603081226348877
2026-06-16,65600.640625,750.3300170898438,729.8599853515625,299.239990234375,152.49000549316406,397.6300048828125,1.1594202518463135
2026-06-17,64418.4453125,740.9600219726562,722.510009765625,295.95001220703125,150.55999755859375,388.6000061035156,1.1609952449798584
2026-06-18,62775.0703125,746.739990234375,740.6199951171875,298.010009765625,150.3800048828125,387.1199951171875,1.150734782218933
2026-06-19,,,,,,,1.1463946104049683
