Date,BTC-USD,SPY,QQQ,AAPL,PG,GLD,EURUSD=X
2018-01-01,14112.2001953125,,,,,,1.2015043497085571
2018-01-02,15444.599609375,236.59734793924068,150.2600596903924,40.27642306888876,73.30132072865034,125.18000030517578,1.2080942392349243
2018-01-03,15572.7998046875,238.20806589594875,151.81451986809927,40.80238628352514,72.63154529932814,125.08999633789062,1.2067092657089233
2018-01-04,15739.7001953125,239.5459512266381,152.4021606757109,40.54991732565844,73.17377844972435,125.8499984741211,1.209189772605896
2018-01-05,17705.19921875,240.77817751822775,153.57751364212655,40.99407050276175,72.79900542766244,125.4800033569336,1.2084592580795288
2018-01-06,17712.400390625,,,,,,
2018-01-07,17579.599609375,,,,,,
2018-01-08,16537.900390625,241.25343986955644,154.14617143542628,41.05016756597909,73.17376024345901,125.31999969482422,1.2054002285003662
2018-01-09,15497.5,242.26565732120056,154.5347747774991,40.921591854561065,73.0780700975784,124.86000061035156,1.1975760459899902
2018-01-10,14973.2998046875,241.53515354969787,153.74811384467054,40.74394752463994,72.48801693982305,125.30999755859375,1.2016342878341675
2018-01-11,15018.7998046875,243.03138732910156,154.78123136669927,41.02211693438228,72.17702308494104,125.66000366210938,1.2059234380722046
2018-01-12,14229.900390625,244.78291419901413,156.07032496499838,41.459245154422774,72.03352375203949,127.12999725341797,1.2156133651733398
2018-01-13,14659.5,,,,,,
2018-01-14,14511.7998046875,,,,,,
2018-01-15,14445.5,,,,,,1.2299003601074219
2018-01-16,13843.099609375,246.52557706687966,157.73847912655555,41.933760953052094,72.37640316566105,127.18000030517578,1.2281240224838257
2018-01-17,11678.0,246.49048565078004,157.37827002359023,41.90104426428869,73.14182889446373,127.22000122070312,1.2321492433547974
2018-01-18,12107.2998046875,246.41116854603143,157.52993620847784,42.09974042023661,72.83174173635179,126.5199966430664,1.2262566089630127
2018-01-19,11992.7998046875,246.8073272705078,157.91851671307145,41.97818075507873,73.32183717926789,126.7300033569336,1.2294830083847046
2018-01-20,13103.0,,,,,,
2018-01-21,12895.900390625,,,,,,
2018-01-22,11966.400390625,248.81414794921875,159.34979248046875,41.5574183478053,73.85208985310305,126.75,1.2266627550125122
2018-01-23,11377.599609375,249.6326059650939,160.80946583435835,41.94545785474811,72.47822003656728,127.3499984741211,1.2306995391845703
2018-01-24,11501.400390625,250.5832152829012,161.35920157646174,41.44521633156787,71.63461097229883,129.25999450683594,1.240199327468872
2018-01-25,11785.7001953125,250.20474464268864,160.78103604424942,40.8958692665599,71.54625434543203,129.50999450683594,1.2529915571212769
2018-01-26,11656.7001953125,252.28200049326455,162.03217483569614,40.20630887024904,70.83921915575658,128.52000427246094,1.2490164041519165
2018-01-27,11614.900390625,,,,,,
2018-01-28,12040.2998046875,,,,,,
2018-01-29,11875.599609375,252.10585700381694,161.9942137054199,39.77617524811732,70.49372905932557,127.62999725341797,1.243193507194519
2018-01-30,11307.2001953125,250.61839069835986,160.58202349926373,39.124003921961055,70.25269825720605,127.91999816894531,1.245221495628357
2018-01-31,10381.599609375,249.35100136441295,161.1222516589373,39.374124613366014,70.2286126993535,127.8499984741211,1.2476606369018555
2018-02-01,10288.7998046875,249.1396603088238,160.87579040901403,39.416204154709504,69.4974715466236,128.14999389648438,1.2487823963165283
2018-02-02,9142.2802734375,246.648903414558,158.95167496706958,38.99075870726561,68.78238192732509,126.8499984741211,1.251799464225769
2018-02-03,9430.75,,,,,,
2018-02-04,9334.8701171875,,,,,,
2018-02-05,8364.83984375,242.79375870651555,157.10341972228463,38.30819507475602,67.78614960801085,127.30999755859375,1.2478163242340088
2018-02-06,7850.7001953125,237.38079044207066,154.03242881236292,38.27079419819336,66.24354211972143,126.55000305175781,1.2428536415100098
2018-02-07,8509.1103515625,239.7220247078525,155.01814637393312,38.19599039124016,66.99877368381982,125.7699966430664,1.2403254508972168
2018-02-08,8558.76953125,236.03408117347925,152.41163537022285,37.634965863191155,66.05877514383847,125.44000244140625,1.2294527292251587
2018-02-09,8736.98046875,232.0205129539918,149.03733188641527,37.0584569628266,65.10265602754313,125.13999938964844,1.2285465002059937
2018-02-10,9122.5498046875,,,,,,
2018-02-11,8616.1298828125,,,,,,
2018-02-12,8985.919921875,235.0130863835661,151.60593711495687,38.46672273816519,65.61687823977303,125.81999969482422,1.2297097444534302
2018-02-13,8958.4697265625,234.6698135169629,151.66282677453245,38.668562658760024,65.74540669402748,126.18000030517578,1.2371996641159058
2018-02-14,9518.5400390625,237.64483737410043,154.4305314132488,39.323408669280425,65.28744530273612,128.58999633789062,1.2416189908981323
2018-02-15,10234.7998046875,240.32053205712512,157.05601501464844,40.62606519891659,66.21141815185547,128.57000732421875,1.2511996030807495
2018-02-16,10324.099609375,242.32723516288615,158.06071834449668,41.03211125006785,66.88629601848125,128.6999969482422,1.2558081150054932
2018-02-17,11139.5,,,,,,
2018-02-18,11349.7998046875,,,,,,
2018-02-19,11273.7998046875,,,,,,1.2437996864318848
2018-02-20,11958.5,240.87503866881957,157.98489225651699,40.900675720101226,66.05875293219346,127.4000015258789,1.2409104108810425
2018-02-21,11418.5,241.7991526348577,158.97063518273274,40.867811539145606,65.72934800149663,126.76000213623047,1.2347005605697632
2018-02-22,11039.099609375,240.32922934550533,157.73853518364982,40.82791670005755,65.30351202148769,126.37000274658203,1.2353304624557495
2018-02-23,10487.2998046875,241.7903289794922,159.397216796875,41.226916584183606,65.17496911839054,126.30000305175781,1.233500361442566
2018-02-24,10597.2001953125,,,,,,
2018-02-25,9923.2197265625,,,,,,
2018-02-26,10475.0,244.69491570673415,161.51084899902344,42.10473494491624,65.63293493528303,126.62000274658203,1.2354830503463745
2018-02-27,10878.5,245.49589334997782,161.82362633010698,42.360569950834076,65.88199693100172,126.1500015258789,1.2345678806304932
2018-02-28,11089.7998046875,243.09305288834784,160.94215990175962,42.39343632161307,64.90984298286834,125.45999908447266,1.224289894104004
2018-03-01,11052.2998046875,240.43494648514266,159.30242282189553,42.196284246743396,63.69663261226971,125.30999755859375,1.2221801280975342
2018-03-02,11189.0,237.39835632114153,157.60581333217914,41.37947957033199,64.0019548264253,125.69000244140625,1.2330456972122192
2018-03-03,11528.2001953125,,,,,,
2018-03-04,11512.599609375,,,,,,
2018-03-05,11704.099609375,240.18848404862402,159.48249747297828,41.71746684872899,64.5884450715767,125.4800033569336,1.2348270416259766
2018-03-06,11500.099609375,240.6285654402573,160.28815115779622,41.837167053383304,64.61255261704527,126.95999908447266,1.2419891357421875
2018-03-07,10929.5,240.44373582436765,160.25023378171315,41.27385859802717,63.98586692624685,126.29000091552734,1.2440595626831055
2018-03-08,10147.400390625,241.37667299607364,161.11275884674902,41.57195506621224,64.26706552900126,125.69999694824219,1.24447762966156
2018-03-09,9466.349609375,245.45184326171875,164.1268768310547,42.24791649869535,64.87768353188224,125.69000244140625,1.2333801984786987
2018-03-10,9531.3203125,,,,,,
2018-03-11,9711.8896484375,,,,,,
2018-03-12,9937.5,246.36719632748682,165.37802908306125,42.80887083210406,64.77326653284379,125.56999969482422,1.2342007160186768
2018-03-13,9470.3798828125,246.80729267739554,166.06996651891782,43.069399648429766,64.42776526176014,125.98999786376953,1.2398948669433594
2018-03-14,9355.849609375,244.70377582920128,163.7287604367043,42.369969694227,64.14655007022917,125.76000213623047,1.2416189908981323
2018-03-15,8428.349609375,243.46264729648829,163.5297428550604,42.30424579003283,63.58414491946297,125.20999908447266,1.2386969327926636
2018-03-16,8585.150390625,243.3596846887556,163.2169013863359,42.0413712517957,63.78503284196756,124.87000274658203,1.23350191116333
2018-03-17,8346.5302734375,,,,,,
2018-03-18,8245.509765625,,,,,,
2018-03-19,8675.8701171875,242.48479112275547,160.65258527445582,41.65409318133053,63.929639314431085,125.16000366210938,1.2332433462142944
2018-03-20,9051.01953125,240.0723548139247,159.53230246431488,41.49683953309172,63.552037939509646,124.55000305175781,1.2354220151901245
2018-03-21,9177.3701171875,241.48624182819262,160.21589488576797,41.09547953238162,62.86104325520657,126.76000213623047,1.229619026184082
2018-03-22,9100.7099609375,237.59795331535972,157.3773281847875,40.529820619288714,62.28257763770381,126.33999633789062,1.2386815547943115
2018-03-23,8879.6201171875,233.771610570164,155.03234491785557,39.88203087822492,62.009408800805346,128.05999755859375,1.2360174655914307
2018-03-24,8996.1796875,,,,,,
2018-03-25,8682.009765625,,,,,,
2018-03-26,8530.080078125,234.55807137654898,156.26651548002832,40.62840784209897,61.760347283280254,128.5800018310547,1.2448959350585938
2018-03-27,8232.7802734375,235.7421981357411,157.23485166004454,41.10955946368787,63.02174052780044,127.62000274658203,1.2478163242340088
2018-03-28,8122.89013671875,232.0926327220534,151.69058996998365,39.90550460608626,63.58415852850514,126.61000061035156,1.2422360181808472
2018-03-29,7994.330078125,234.40782975700319,153.5228355037262,40.31155469263699,64.66880429736044,125.80999755859375,1.2338062524795532
2018-03-30,7276.66015625,,,,,,1.2333498001098633
2018-03-31,7207.85009765625,,,,,,
2018-04-01,7060.9501953125,,,,,,
2018-04-02,7135.47021484375,232.52562014188928,151.65256959147425,39.65201509761951,63.76894419748783,127.54000091552734,1.2345678806304932
2018-04-03,7530.93994140625,230.91729468859214,149.92476072723855,39.60741083952156,63.310976012635024,126.58999633789062,1.2336997985839844
2018-04-04,7469.8798828125,233.6125205677921,152.1177858964119,40.37256933160999,63.889451914624715,127.52999877929688,1.2310571670532227
2018-04-05,6933.81982421875,235.62729725260604,153.39938690553416,40.893625455435775,63.72877108153252,126.08000183105469,1.2291052341461182
2018-04-06,6857.490234375,234.2752870709953,152.33612118808048,40.48289180544125,63.760916126670075,126.5999984741211,1.2280033826828003
2018-04-07,7050.5400390625,,,,,,
2018-04-08,7111.56005859375,,,,,,
2018-04-09,7178.10986328125,234.03671112210202,152.7348985607515,40.62606688890287,63.351144388690386,126.86000061035156,1.2330456972122192
2018-04-10,6872.41015625,235.09715158909322,153.54180408614096,40.839645319686824,63.343103283283945,127.30999755859375,1.2377768754959106
2018-04-11,6968.31982421875,234.7436951143563,153.79814187018226,40.82087000785947,63.22259985722283,129.47000122070312,1.2393723726272583
2018-04-12,7899.22998046875,235.94549479836687,154.5291583857069,41.074364121464306,63.230630199377224,127.33999633789062,1.2379761934280396
2018-04-13,8183.9599609375,236.42268803495486,154.99432303510775,41.271511425086416,63.02173271156163,127.75,1.234872817993164
2018-04-14,8140.7099609375,,,,,,
2018-04-15,8338.419921875,,,,,,
2018-04-16,8371.150390625,237.00595546518431,154.92787756716356,41.35366842078155,63.3591887241671,128.0500030517578,1.2394031286239624
2018-04-17,8285.9599609375,239.36538401645197,158.0323259468159,41.99911650197846,63.423473235824325,127.77999877929688,1.2415003776550293
2018-04-18,8197.7998046875,239.7453888452664,158.5450123269451,41.9709475967017,63.21456798143545,128.5399932861328,1.2396950721740723
2018-04-19,8298.6904296875,238.49055293668692,157.5860981795749,41.16589060178529,61.399366385018496,127.87999725341797,1.240199327468872
2018-04-20,8880.23046875,237.76602227332592,156.27599190478645,40.18714062906674,60.750662007891464,126.97000122070312,1.2352694272994995
2018-04-21,8997.5703125,,,,,,
2018-04-22,9001.6396484375,,,,,,
2018-04-23,8958.5498046875,236.73195385379043,155.44058080628807,39.17789672189711,59.988418595327545,125.76000213623047,1.2289692163467407
2018-04-24,9732.6103515625,236.81153690795716,154.66217131085787,39.039408754872795,59.46136429982164,126.33999633789062,1.223466157913208
2018-04-25,9745.3203125,233.4093443478293,151.24434061457575,38.82582771877816,58.99105028794367,125.51000213623047,1.2236157655715942
2018-04-26,9281.509765625,236.16641080171698,154.3013199117636,38.89859360300027,59.20188340360716,125.56999969482422,1.2210012674331665
2018-04-27,9375.4697265625,236.2459337414099,156.08615454709528,38.57000322169767,59.25866184434288,125.62000274658203,1.2116997241973877
2018-04-28,9412.08984375,,,,,,
2018-04-29,9531.490234375,,,,,,
2018-04-30,9477.1396484375,236.73199710984161,155.20322114779478,39.25770178412414,59.12890038861377,125.19999694824219,1.2138574123382568
2018-05-01,9255.8798828125,234.26646950425766,154.55765725446156,39.71303647925035,58.65048932813632,123.9800033569336,1.2084592580795288
2018-05-02,9256.51953125,234.7790304291084,155.28867336528526,41.71980496672397,58.39101486124552,124.54000091552734,1.2031089067459106
2018-05-03,9798.330078125,232.72888925449539,154.17789044479082,41.661129382006536,58.155871522347844,124.76000213623047,1.2009127140045166
2018-05-04,9779.2001953125,235.7598964903456,156.88359284474112,43.245428609444815,58.88565444977309,124.6500015258789,1.1997599601745605
2018-05-05,9964.5,,,,,,
2018-05-06,9940.1396484375,,,,,,
2018-05-07,9665.849609375,236.84685543367848,158.33612513547843,44.04814493310454,59.37216160289235,124.69999694824219,1.1978917121887207
2018-05-08,9462.75,236.23710647767695,158.00383857550727,43.707815723321396,58.48021209955018,124.94999694824219,1.1938873529434204
2018-05-09,9374.759765625,238.4816854756761,159.49436730016512,43.98476297690126,58.82887220465941,124.87000274658203,1.1896122694015503
2018-05-10,9396.0400390625,240.70862592564802,161.14626776518557,44.68185174084153,59.46947623019693,125.37000274658203,1.1942437887191772
2018-05-11,9052.9599609375,241.38014773448955,161.260205362008,44.781124079827364,60.085735408951415,125.58999633789062,1.1967878341674805
2018-05-12,8664.8603515625,,,,,,
2018-05-13,8773.5498046875,,,,,,
2018-05-14,8881.1201171875,242.20203432090474,162.17161121439403,44.656243653269094,59.82624746044337,125.20999908447266,1.1996996402740479
2018-05-15,8836.1904296875,240.01925223966236,159.9690802950281,44.076627354090526,59.52623223444403,122.81999969482422,1.1940299272537231
2018-05-16,8508.4296875,241.03557113568027,160.79505902229994,44.404133352868826,59.947889670833234,122.61000061035156,1.1853959560394287
2018-05-17,8445.5400390625,241.45090685639775,161.02287236999885,44.510151372329275,60.00464561637328,122.43000030517578,1.1836841106414795
2018-05-18,8274.1201171875,240.39039913594385,159.74120540115013,44.250987512042556,60.06141011187771,122.6500015258789,1.182228684425354
2018-05-19,8372.0595703125,,,,,,
2018-05-20,8562.41015625,,,,,,
2018-05-21,8557.51953125,242.11360457256123,160.91842917466076,44.594989665645436,60.20737839274221,122.52999877929688,1.1778979301452637
2018-05-22,8423.25,242.35225076806103,160.87100437249342,44.50309483483212,60.76687444521454,122.73999786376953,1.1828161478042603
2018-05-23,8054.66015625,241.59233252189594,161.03232843316243,44.41355932680517,60.24791512861651,122.73999786376953,1.1791006326675415
2018-05-24,7738.60009765625,241.44208498193186,161.2506955898503,44.49366824387088,60.28846548237835,123.81999969482422,1.174936294555664
2018-05-25,7659.14013671875,241.12387291474323,161.70640585710885,44.68451813500634,60.50737931081458,123.69999694824219,1.1733232736587524
2018-05-26,7595.16015625,,,,,,
2018-05-27,7381.740234375,,,,,,
2018-05-28,7419.0498046875,,,,,,1.1730204820632935
2018-05-29,7526.419921875,239.63048690313875,161.31719846125847,44.47245338801161,60.57224791440139,123.63999938964844,1.1639816761016846
2018-05-30,7573.77001953125,241.34483010823462,161.84880963884973,44.29574820963541,60.8317373341166,123.61000061035156,1.1670994758605957
2018-05-31,7608.89990234375,240.79697172773785,162.53234379620272,44.34994419353032,60.564150587393335,123.77999877929688,1.1724016666412354
2018-06-01,7604.72998046875,242.07822258559747,164.0893742634687,44.82824564504332,59.79382032661636,123.08999633789062,1.1715501546859741
2018-06-02,7695.830078125,,,,,,
2018-06-03,7754.89013671875,,,,,,
2018-06-04,7753.81982421875,243.18294421745537,165.5133713060274,45.57278250226014,60.50739445113447,122.93000030517578,1.174425721168518
2018-06-05,7643.22998046875,243.4833894856977,166.26337812056613,45.69530640222667,60.31278260084292,123.2300033569336,1.171385407447815
2018-06-06,7680.43017578125,245.24193338774694,166.98494665989838,45.72828636153599,60.34523214557633,123.3499984741211,1.1797001361846924
2018-06-07,7741.27001953125,245.91347583257166,167.02287275628242,45.756563841147845,61.94263757007989,123.1500015258789,1.1841003894805908
2018-06-08,7698.18994140625,245.8869884117893,166.02606310604946,45.23821166989341,62.60756191716379,123.12000274658203,1.181199550628662
2018-06-09,7683.580078125,,,,,,
2018-06-10,7499.5498046875,,,,,,
2018-06-11,6910.18017578125,246.87678313097916,166.46280350009977,45.23113865191412,62.996789137077855,123.41999816894531,1.1820330619812012
2018-06-12,6907.9599609375,246.84133917851108,167.08936991867273,45.381933746768155,63.15893545935552,123.18000030517578,1.1808466911315918
2018-06-13,6631.66015625,246.97398979103377,168.17160415179833,45.44555554341027,62.761612323552164,123.33999633789062,1.1789672374725342
2018-06-14,6707.14013671875,246.84136544703483,168.88366397068955,45.13690377351365,62.080476173241664,123.86000061035156,1.1841607093811035
2018-06-15,6681.080078125,246.3342630036423,168.35203065469668,44.80467436726028,62.850801722274014,122.19999694824219,1.1626555919647217
2018-06-16,6592.490234375,,,,,,
2018-06-17,6589.10986328125,,,,,,
2018-06-18,6781.14013671875,245.61522152460049,168.0653425897221,44.583210209144134,62.51835316137718,121.44000244140625,1.1623716354370117
2018-06-19,6822.5,244.77202466352017,167.48505597576812,43.90227017955534,62.177797946266566,121.02999877929688,1.164686679840088
2018-06-20,6821.56005859375,245.63307538812606,169.33078143782703,44.10724819574322,61.91019369851716,120.80999755859375,1.1600120067596436
2018-06-21,6810.93994140625,244.97615528081644,169.23562497810494,44.37820998177126,62.47781439894191,120.31999969482422,1.1628313064575195
2018-06-22,6747.080078125,244.80756204376263,167.79896472044868,43.859859393539764,62.9481181449683,120.4000015258789,1.1675995588302612
2018-06-23,6224.81982421875,,,,,,
2018-06-24,6223.77978515625,,,,,,
2018-06-25,6327.3701171875,242.88126540868595,165.53467890876078,43.5700546843232,63.199497892370424,120.2300033569336,1.1700011491775513
2018-06-26,6290.16015625,241.9404021278414,164.6498726433185,43.94938411540659,63.49950725463434,119.58999633789062,1.17205810546875
2018-06-27,6180.0,243.10315106426856,165.14462943363276,44.12609945793199,63.8238495322578,119.05000305175781,1.1671879291534424
2018-06-28,6170.41015625,241.22130516686488,163.42255848627252,43.874003367746724,63.507617987624116,118.66999816894531,1.1596999168395996
2018-06-29,6261.66015625,242.91680177360362,164.51660496624947,44.10489961774891,63.686009287572716,118.94000244140625,1.1682379245758057
2018-06-30,6465.509765625,,,,,,
2018-07-01,6432.85009765625,,,,,,
2018-07-02,6683.85986328125,241.47876893898498,164.45005414406296,44.130811570292906,63.4995036242179,118.20999908447266,1.1678422689437866
2018-07-03,6671.3701171875,242.31318873303871,165.02090789079148,44.283965391794474,63.864424281569136,119.08000183105469,1.1675423383712769
2018-07-04,6771.919921875,,,,,,1.1681833267211914
2018-07-05,6749.5400390625,242.49063993582052,164.64984321244071,43.92112541341989,64.26172950795751,119.33000183105469,1.1719757318496704
2018-07-06,6700.93994140625,244.8518512865387,167.19964534436153,44.39705458505111,64.56174637545874,119.02999877929688,1.1767336130142212
2018-07-07,6863.990234375,,,,,,
2018-07-08,6885.91015625,,,,,,
2018-07-09,6838.68017578125,246.7337230786658,168.6171818197497,44.92719634335544,63.921165206992946,119.7300033569336,1.179078459739685
2018-07-10,6767.740234375,247.66572602641563,169.08335999831203,45.0685700292257,64.8212297769339,119.0,1.1762906312942505
2018-07-11,6444.9599609375,246.804736738426,168.46497843265436,44.7151511888342,64.74014697372463,118.52999877929688,1.1755163669586182
2018-07-12,6397.10009765625,248.03859368641244,170.7388458251953,45.09919391389085,64.48068163919059,118.26000213623047,1.169700026512146
2018-07-13,6310.5498046875,248.48235803679225,171.15744658785678,45.20051167231687,64.44011412055228,117.75,1.1675423383712769
2018-07-14,6298.18994140625,,,,,,
2018-07-15,6403.4599609375,,,,,,
2018-07-16,6741.75,248.36699478287807,171.20499661114164,45.391360903359555,64.56986328428319,117.62999725341797,1.1726078987121582
2018-07-17,7387.240234375,249.35234894826192,171.87099908763918,45.20758548689798,65.27533005735535,116.93000030517578,1.1745359897613525
2018-07-18,7534.990234375,249.59200365975133,171.6712449596522,45.191093088092565,65.04017916662912,116.3499984741211,1.166534423828125
2018-07-19,7494.4599609375,249.2012923568487,171.13845642602922,45.36779246822645,64.79586575737687,116.47000122070312,1.1657049655914307
2018-07-20,7594.669921875,248.97067220661148,171.4143206117939,45.339538579970196,64.68948917275273,116.70999908447266,1.172236680984497
2018-07-21,7437.64013671875,,,,,,
2018-07-22,7537.9501953125,,,,,,
2018-07-23,7771.5,248.92623593154934,170.91012891676868,45.22879109031837,64.59131185804087,116.30999755859375,1.1750881671905518
2018-07-24,8424.26953125,250.8169809217829,173.20298074537237,45.62932309432081,64.64856266771841,116.43000030517578,1.1716599464416504
2018-07-25,8416.8701171875,252.42359393047738,174.04020256253918,45.90971329334485,65.13133139844845,116.83999633789062,1.1713716983795166
2018-07-26,8290.330078125,252.19279556653194,172.1279024749389,46.17125386401282,66.08867098073115,116.51000213623047,1.174315333366394
2018-07-27,8262.66015625,251.9354148965734,172.49893125777714,45.9898264659988,66.13776286368808,116.23999786376953,1.1663167476654053
2018-07-28,8222.849609375,,,,,,
2018-07-29,8272.259765625,,,,,,
2018-07-30,8235.5,250.04467060857164,169.09293799803797,45.285331624624746,65.86773335816851,116.0199966430664,1.1719207763671875
2018-07-31,8181.52978515625,250.33769161449706,168.5220685945954,45.271190836033,66.26048579460169,116.3499984741211,1.1748120784759521
2018-08-01,7769.0400390625,250.4352361042399,169.01673938354568,47.53781746675014,66.12958424297635,115.69999694824219,1.169864296913147
2018-08-02,7712.77001953125,250.83481385746742,171.00520571019754,49.09758725034946,67.27511264663474,115.2300033569336,1.1669973134994507
2018-08-03,7562.14013671875,251.79335441859888,171.33818312132206,49.18242620477099,67.99514115417261,115.52999877929688,1.1612001657485962
2018-08-04,7497.490234375,,,,,,
2018-08-05,7102.77001953125,,,,,,
2018-08-06,7166.5498046875,252.97395857459247,172.38479231392662,49.302579077921635,67.85607796598262,114.72000122070312,1.1570056676864624
2018-08-07,7146.56005859375,253.87947108393425,173.28856146311443,49.36148405297779,67.65148158381487,114.94000244140625,1.1609008312225342
2018-08-08,6746.85009765625,253.79067761960602,173.48837274514455,48.96328879634437,67.7496782315617,114.94999694824219,1.1629259586334229
2018-08-09,6625.72998046875,253.8438859790857,173.7548053015407,49.427461016071646,67.45510396955564,115.12000274658203,1.1621150970458984
2018-08-10,6591.259765625,252.14834425026606,172.4133091259497,49.44002134910859,66.89873391177696,115.2300033569336,1.1539349555969238
2018-08-11,6455.740234375,,,,,,
2018-08-12,6409.85009765625,,,,,,
2018-08-13,6537.0498046875,252.23717515726742,173.1649428226533,49.877435128986555,67.16054613145222,113.80999755859375,1.143379807472229
2018-08-14,6287.93994140625,252.24613980123695,172.83192693505626,49.7852369637203,66.8659730724757,113.4800033569336,1.1431001424789429
2018-08-15,6588.490234375,250.79918701865486,171.80440449578785,49.827800496523814,67.39782932262652,112.18000030517578,1.1349449157714844
2018-08-16,6473.5,253.01833784391988,172.19448469889258,50.55366708451775,68.7315707600113,111.87999725341797,1.140836238861084
2018-08-17,6582.5,253.47993184740568,171.5475286107296,51.53253931119231,68.89521486001003,112.1500015258789,1.1422044038772583
2018-08-18,6617.35009765625,,,,,,
2018-08-19,6537.97998046875,,,,,,
2018-08-20,6536.919921875,253.8438625660107,171.56659772270126,51.82335904051192,68.69065430862838,112.73999786376953,1.1449376344680786
2018-08-21,6500.8701171875,255.03324078972926,172.62257933730274,51.35283870270329,68.73154889164178,113.0999984741211,1.1539082527160645
2018-08-22,6816.7900390625,254.54513897210413,172.4608484069788,51.15658978265497,68.6088081542131,113.48999786376953,1.162520408630371
2018-08-23,6546.5400390625,254.70483853839855,173.20297176328586,51.319730857894314,68.4042673996586,112.87999725341797,1.1589634418487549
2018-08-24,6719.9599609375,255.35295097336603,173.7548255583614,51.28426728810176,68.36335196962614,114.41999816894531,1.1636972427368164
2018-08-25,6789.6298828125,,,,,,
2018-08-26,6774.75,,,,,,
2018-08-27,6884.64013671875,257.33243641704127,175.38165283203125,51.719324763645,68.58428748818335,114.77999877929688,1.1680878400802612
2018-08-28,7109.56005859375,257.7939577065519,176.028628610762,52.14492238496493,68.61700226263322,114.87000274658203,1.1732999086380005
2018-08-29,7113.2998046875,258.96551402872353,177.76021647316557,52.84243146580002,68.5351734586607,114.20999908447266,1.1706311702728271
2018-08-30,7072.68994140625,258.62835549143284,178.40716305206467,53.97024574907113,68.51880661039192,113.93000030517578,1.1717559099197388
2018-08-31,7057.169921875,258.1400574341752,178.08363398573417,54.114467137744704,68.34698251230637,114.05999755859375,1.1689343452453613
2018-09-01,7242.2900390625,,,,,,
2018-09-02,7306.31005859375,,,,,,
2018-09-03,7317.93994140625,,,,,,1.1627906560897827
2018-09-04,7388.259765625,257.6075301326266,177.34155850915607,54.18777322429528,67.88058894498462,113.06999969482422,1.1615750789642334
2018-09-05,7388.43017578125,257.10157520760544,176.53289547999546,54.30363609852174,68.2979016796575,113.44000244140625,1.1632641553878784
2018-09-06,6755.14013671875,256.9684011158249,174.8203647052899,53.75509216076385,68.16697592401081,114.26000213623047,1.165623426437378
2018-09-07,6555.2900390625,256.2671866291312,173.7927954616217,53.28692866048203,67.25875885296695,113.5999984741211,1.1650937795639038
2018-09-08,6534.25,,,,,,
2018-09-09,6446.259765625,,,,,,
2018-09-10,6374.97998046875,256.56899033274806,173.39323484898486,52.45466385736109,67.9951343871677,113.43000030517578,1.161440134048462
2018-09-11,6398.919921875,257.0216493185275,174.50641697704322,53.033941819572114,67.43873600771933,113.37000274658203,1.1642799377441406
2018-09-12,6363.8701171875,257.24361638204505,174.0877545721822,53.19944457305624,68.0605948247289,114.38999938964844,1.1648223400115967
2018-09-13,6535.41015625,258.3442953348075,175.89542061848957,53.99153884293053,68.31426235236695,114.77999877929688,1.1700832843780518
2018-09-14,6596.10009765625,258.5484434532182,175.96201445618786,53.63450455616086,68.4615217690976,113.9000015258789,1.1721267700195312
2018-09-15,6561.72021484375,,,,,,
2018-09-16,6544.330078125,,,,,,
2018-09-17,6540.2099609375,258.18446743841525,174.87744852961472,52.71475044000342,68.952465727774,114.02999877929688,1.1695905923843384
2018-09-18,6384.18017578125,258.82365936916335,174.80133826799178,52.454660523096074,68.96884037451846,113.91000366210938,1.1720443964004517
2018-09-19,6448.4599609375,258.9212290907196,174.39221309523774,51.927396096554034,68.96884037451846,114.1500015258789,1.1716461181640625
2018-09-20,6529.259765625,260.9184787850341,175.98109121070456,52.55633231761007,70.07346456312968,114.37000274658203,1.1776995658874512
2018-09-21,6794.330078125,261.45764333870767,176.4662762086537,52.33880492393241,70.59712762493191,113.68000030517578,1.180163860321045
2018-09-22,6814.56005859375,,,,,,
2018-09-23,6766.14990234375,,,,,,
2018-09-24,6713.56005859375,259.9239561004905,175.33514242751608,52.315153292233006,70.13074151124142,113.95999908447266,1.1815024614334106
2018-09-25,6603.64013671875,260.05763093211067,175.64010366426112,52.68400905547717,69.0670415679479,113.88999938964844,1.1792453527450562
2018-09-26,6585.91015625,260.58377660882445,177.2699290219979,52.90391443461936,68.72336689723484,113.5999984741211,1.1776995658874512
2018-09-27,6712.10009765625,260.2895994190448,177.74646065171643,53.53993343518666,68.42878046831298,112.41999816894531,1.1759172677993774
2018-09-28,6785.02978515625,259.72785290918523,177.546331698249,53.398062202116094,68.15060105768181,113.0,1.1653001308441162
2018-09-29,6643.10009765625,,,,,,
2018-09-30,6643.77978515625,,,,,,
2018-10-01,6653.2998046875,261.1990247523705,178.73771999861006,54.244518335419805,68.50246199516903,112.62000274658203,1.1621285676956177
2018-10-02,6611.83984375,260.69071730657924,178.40414687311264,54.38166815008611,69.09156789920105,114.33000183105469,1.1582117080688477
2018-10-03,6571.4599609375,261.448677055501,178.20399333541255,55.20211876466658,69.15701576337368,114.05000305175781,1.159326195716858
2018-10-04,6603.31005859375,259.69207482332916,176.63135474734338,54.93730520599613,67.50421679588146,114.19000244140625,1.153599500656128
2018-10-05,6623.6201171875,258.82714050010605,174.39151229184202,54.00572550581806,67.46328528435838,114.0999984741211,1.1542545557022095
2018-10-06,6628.5400390625,,,,,,
2018-10-07,6641.490234375,,,,,,
2018-10-08,6675.06005859375,256.9992130580816,172.17076924439954,53.15216918862936,67.7005899949316,112.58999633789062,1.1531364917755127
2018-10-09,6661.41015625,257.56981570752436,172.53295975294034,53.73617671665903,67.6842355765363,112.66999816894531,1.150483250617981
2018-10-10,6640.2900390625,255.83113366704777,170.24549332972154,53.5186463057796,67.65150909358188,112.95999908447266,1.1541999578475952
2018-10-11,6586.740234375,248.68885373600907,165.2702033234154,51.89901940310349,67.07054768501469,116.04000091552734,1.1597565412521362
2018-10-12,6328.5,247.07489349625513,166.6617400661088,52.69819370350563,64.95134087160939,115.70999908447266,1.1609547138214111
2018-10-13,6308.509765625,,,,,,
2018-10-14,6363.2099609375,,,,,,
2018-10-15,6965.06005859375,247.03028008323682,165.88017446642007,52.44993197126722,65.90048093920491,116.52999877929688,1.1605640649795532
2018-10-16,6673.58984375,250.40079202327806,169.3209349116958,52.72420684082225,66.35048805268337,116.5999984741211,1.1620069742202759
2018-10-17,6601.2099609375,250.69505007361667,169.9023521144067,52.64145089276612,67.24236400126428,116.33000183105469,1.1582117080688477
2018-10-18,6567.5400390625,249.73210870124333,168.39642022440344,51.95577081093266,67.14313808939546,116.41000366210938,1.1527377367019653
2018-10-19,6493.68017578125,249.04544086380105,167.81502471204567,52.315160495072206,72.44263949579401,116.23999786376953,1.151450276374817
2018-10-20,6497.72021484375,,,,,,
2018-10-21,6556.3798828125,,,,,,
2018-10-22,6543.7998046875,247.31560422320294,167.03347301911688,52.81169226211933,72.01338796169394,115.77999877929688,1.1551998853683472
2018-10-23,6506.009765625,245.0952931537513,165.96596572023884,52.78568203373293,72.06292913407478,117.25,1.1489763259887695
2018-10-24,6521.990234375,244.1056085152865,165.23207819317656,53.01738767953561,74.86948133520004,116.72000122070312,1.1475785970687866
2018-10-25,6504.64990234375,242.3668457953821,164.01205271701934,52.34353810184047,73.73862137971446,116.7300033569336,1.143079161643982
2018-10-26,6498.2900390625,241.64450544969924,161.99149020779925,52.06216571984942,73.60652373352654,117.6500015258789,1.139847993850708
2018-10-27,6507.41015625,,,,,,
2018-10-28,6502.27978515625,,,,,,
2018-10-29,6503.60009765625,240.97581624058947,161.89621803037588,51.94394934491909,73.81288303868824,116.54000091552734,1.1415785551071167
2018-10-30,6364.990234375,239.07657316630778,158.25523830850156,50.87759111597405,73.82116388124818,116.04000091552734,1.1387057304382324
2018-10-31,6349.16015625,243.63300269297002,163.22099538570356,52.12364167690508,73.73036036946964,115.16999816894531,1.1360150575637817
2018-11-01,6547.14013671875,244.07886054298197,164.16461033574083,52.57523887892228,74.15132452892341,117.06999969482422,1.1413179636001587
2018-11-02,6396.85986328125,245.4163859611681,164.46006424111607,50.51585025975896,74.25037568852935,116.9800033569336,1.1455409526824951
2018-11-03,6400.06982421875,,,,,,
2018-11-04,6388.6298828125,,,,,,
2018-11-05,6480.58984375,244.3285008443668,161.70555369048105,48.32638701675462,75.48034987553838,116.66999816894531,1.1406410932540894
2018-11-06,6463.5498046875,245.47868687033352,163.16383383080117,48.4044096899324,75.55463820520718,116.52999877929688,1.1438113451004028
2018-11-07,6552.16015625,250.65048389424823,167.3479766845703,49.667019055603284,75.6289182638832,116.3499984741211,1.149993658065796
2018-11-08,6536.919921875,250.75744135561771,167.08114634872362,49.85454290419516,75.55461856398973,116.1500015258789,1.144426703453064
2018-11-09,6456.4599609375,248.99190590980118,165.12726407570324,48.87937043055105,76.49565221558329,114.75,1.1369191408157349
2018-11-10,6437.27978515625,,,,,,
2018-11-11,6423.25,,,,,,
2018-11-12,6434.2099609375,247.40475152616438,162.63961771461013,47.417819511836335,77.13950580795591,114.05000305175781,1.1332728862762451
2018-11-13,6395.27001953125,245.50543485704537,161.53397182360374,46.784299734622806,77.23858142676765,113.93000030517578,1.1291906833648682
2018-11-14,6371.5498046875,244.86347075293764,160.79058572498357,46.14369273389911,77.51098163065583,115.05999755859375,1.1339668035507202
2018-11-15,5774.81982421875,243.9093835190534,160.6380359115758,45.54814450930108,77.51096818670503,114.98999786376953,1.1351124048233032
2018-11-16,5657.02001953125,244.98837386289333,160.4188565023855,46.259942766410056,78.2621221392415,115.87999725341797,1.141422152519226
2018-11-17,5578.580078125,,,,,,
2018-11-18,5653.60986328125,,,,,,
2018-11-19,5620.77978515625,243.7667253541707,159.07494299988707,45.24680559068968,77.75034886445823,115.91999816894531,1.1462894678115845
2018-11-20,4951.60986328125,238.0778310334612,153.8137936826276,43.05684633458593,77.42017330016851,115.94999694824219,1.1472758054733276
2018-11-21,4675.72998046875,238.21156320405137,154.3760797097478,42.772124438484425,76.2479869027477,116.3499984741211,1.1422044038772583
2018-11-22,4629.64013671875,,,,,,1.1434059143066406
2018-11-23,4396.419921875,236.13399448911932,153.2990821764563,41.90135851863127,75.9343602899759,115.87999725341797,1.1419435739517212
2018-11-24,4413.08984375,,,,,,
2018-11-25,4120.8701171875,,,,,,
2018-11-26,4107.14013671875,238.74664678840992,155.32918064641794,41.50986670109431,76.27276327622576,115.87000274658203,1.1383557319641113
2018-11-27,3862.9599609375,239.326171875,156.16795668917055,41.46715900960743,76.65249057952082,115.62999725341797,1.1344943046569824
2018-11-28,4385.89990234375,244.8367462158203,160.79058837890625,43.01412876378861,76.94964495912501,116.06999969482422,1.130799651145935
2018-11-29,4413.0205078125,245.70163980786214,161.32430079571813,43.37240554234032,77.01570900293986,116.23999786376953,1.1401468515396118
2018-11-30,4322.9765625,246.3525782564014,161.5244708013898,42.78636446319983,78.13005250428735,115.66000366210938,1.1401208639144897
2018-12-01,4309.37744140625,,,,,,
2018-12-02,4301.51953125,,,,,,
2018-12-03,4155.9794921875,250.0263523495367,165.1844305057429,43.8801592662894,78.14655419868724,116.7699966430664,1.1380059719085693
2018-12-04,4075.627685546875,248.64423007681054,163.85008940719186,43.2751317110597,78.30343432015209,117.38999938964844,1.14177405834198
2018-12-05,3969.535888671875,,,,,,1.1360280513763428
2018-12-06,3874.966064453125,240.7261213773136,159.08449606778777,41.469527189200136,77.28809340662592,117.69000244140625,1.1412267684936523
2018-12-07,3512.59033203125,241.84078267168243,159.28465531850662,41.40070964091711,77.41192376363375,118.2300033569336,1.1410704851150513
2018-12-08,3506.04345703125,,,,,,
2018-12-09,3685.3056640625,,,,,,
2018-12-10,3647.33251953125,236.4371042215448,156.10123379623136,40.35674848800182,77.0982473762989,117.94000244140625,1.1445575952529907
2018-12-11,3513.18505859375,238.8535713534547,157.99797263033292,40.760106616561835,78.02275266297954,117.88999938964844,1.1399389505386353
2018-12-12,3534.228515625,239.86121163503108,159.7421848167697,40.79093620431171,78.04752275489962,117.94999694824219,1.138044834136963
2018-12-13,3489.739501953125,238.51471032050128,158.9987194070988,40.9451659993989,79.89655190244791,117.62000274658203,1.139250636100769
2018-12-14,3329.555908203125,235.42955700710894,156.1298175117384,40.1171098380698,79.98736536688662,117.30000305175781,1.1366219520568848
2018-12-15,3275.3779296875,,,,,,
2018-12-16,3305.753173828125,,,,,,
2018-12-17,3597.91796875,232.4156821266384,154.09019605980717,39.94389299264908,79.65716524519125,118.02999877929688,1.1353960037231445
2018-12-18,3701.349365234375,230.0081586162255,152.4508038364742,39.74934669174223,77.02394047710571,118.19999694824219,1.1403002738952637
2018-12-19,3949.322998046875,231.30111553755748,153.1846825122004,39.73035619895045,77.05697480970387,118.95999908447266,1.1439684629440308
2018-12-20,4191.228515625,224.36378864020185,148.56207200337482,38.463348216247596,76.1324373326997,119.73999786376953,1.1484880447387695
2018-12-21,4198.4296875,223.96093956024654,146.86553105729587,37.52614787017046,76.9083851353726,119.25,1.147446870803833
2018-12-22,4014.1826171875,,,,,,
2018-12-23,4085.7236328125,,,,,,
2018-12-24,4271.79248046875,216.00565237267747,141.44551398558542,35.95781008841347,74.8364801203425,120.13999938964844,1.143837571144104
2018-12-25,4089.5615234375,,,,,,1.1422044038772583
2018-12-26,3893.359619140625,220.7949981689453,145.80416144969186,37.305483760117355,74.36595153808594,121.0,1.1419435739517212
2018-12-27,3874.4169921875,222.68742954792995,146.41589079472936,37.19634811223778,75.98385273109314,120.9000015258789,1.1434321403503418
2018-12-28,3956.135986328125,225.4767323217771,148.7194812877948,37.61155388635195,76.99920320249507,121.08000183105469,1.147315263748169
2018-12-29,3963.7587890625,,,,,,
2018-12-30,3901.908935546875,,,,,,
2018-12-31,3868.742919921875,224.3915156531046,148.13643454675594,37.81086594612177,76.09114793298858,121.26000213623047,1.1465917825698853
2019-01-01,3850.913818359375,,,,,,1.155001163482666
2019-01-02,3947.981201171875,225.30635670743422,148.87244118745846,37.689867977237725,75.43905276419619,121.75,1.1497001647949219
2019-01-03,3935.68505859375,222.93858465556823,146.4923695676552,34.57455965521732,76.35529200026329,122.45999908447266,1.1409143209457397
2019-01-04,3865.9345703125,227.01039710544208,150.06724044455302,35.24601741169735,76.34706115722656,121.5999984741211,1.14177405834198
2019-01-05,3904.903076171875,,,,,,
2019-01-06,4093.29736328125,,,,,,
2019-01-07,4092.613525390625,229.55751518261582,151.84511830357516,35.31244611659193,76.35533017793996,122.22000122070312,1.147446870803833
2019-01-08,4109.02099609375,230.77730922015044,153.03995680812395,36.02187515169098,76.84232780167581,121.70999908447266,1.1486331224441528
2019-01-09,4068.403564453125,232.21232088082903,154.38762294237773,36.66487039683081,76.73502590562457,122.33999633789062,1.1540148258209229
2019-01-10,4064.066650390625,232.43658187833222,154.24424067555054,36.53199984154206,75.56288513052947,122.18000030517578,1.157139539718628
2019-01-11,3713.8818359375,232.30205192325036,153.75679075487486,36.46792429593541,75.92608408289776,122.05000305175781,1.1539002656936646
2019-01-12,3698.978271484375,,,,,,
2019-01-13,3674.760009765625,,,,,,
2019-01-14,3727.836181640625,231.6652226884312,152.89654832388396,35.89137599820077,75.86831285636745,122.23999786376953,1.148369312286377
2019-01-15,3720.1533203125,233.81779076904533,155.42000332313137,36.3943821085161,76.44613565380483,122.37999725341797,1.1491611003875732
2019-01-16,3685.777099609375,234.95680020292303,156.5478472133815,36.98517753374155,76.06642182112918,122.44000244140625,1.14223051071167
2019-01-17,3680.135986328125,236.70574002421503,157.1022407746182,37.407500302787064,76.17715875321072,122.26000213623047,1.1407711505889893
2019-01-18,3682.52001953125,239.4502384089013,158.68892922791906,37.45971241403209,76.4101345443055,121.5199966430664,1.1410315036773682
2019-01-19,3758.533447265625,,,,,,
2019-01-20,3743.387939453125,,,,,,
2019-01-21,3608.8408203125,,,,,,1.1388224363327026
2019-01-22,3620.74658203125,237.72814599602768,156.89194300600556,37.186855683764556,76.3352301581758,121.5,1.1375269889831543
2019-01-23,3623.06787109375,237.4860110376435,156.28979926656677,36.80960767396495,80.21231508973625,121.54000091552734,1.1393154859542847
2019-01-24,3616.08740234375,236.95686760170713,156.22287665381435,36.65300204893597,78.67315384384831,121.36000061035156,1.1393414735794067
2019-01-25,3612.927734375,239.19904694280078,158.3352667176428,37.519027508765205,78.94768246296805,122.91000366210938,1.1411616802215576
2019-01-26,3654.93310546875,,,,,,
2019-01-27,3612.67138671875,,,,,,
2019-01-28,3586.7509765625,236.62501697032374,155.91699335807385,37.09194514242652,78.18226906940873,123.29000091552734,1.1445575952529907
2019-01-29,3476.0654296875,237.27074018486155,156.0316640453145,37.51904038821024,78.30705004959576,124.0,1.1450556516647339
2019-01-30,3495.1748046875,240.83143121657014,158.93749450551698,39.421909052183295,78.75633147081983,125.06999969482422,1.1450294256210327
2019-01-31,3504.804931640625,242.5802876902036,161.52780218584712,40.09812176355808,80.54511167023585,125.2300033569336,1.1513707637786865
2019-02-01,3501.9541015625,243.23504674650184,161.15498277358793,40.09337555178489,81.21070133973778,125.05000305175781,1.1488442420959473
2019-02-02,3523.287353515625,,,,,,
2019-02-03,3521.38818359375,,,,,,
2019-02-04,3476.223876953125,243.97947549210747,162.04393005371094,40.72924978051158,81.71823061003903,124.29000091552734,1.1462632417678833
2019-02-05,3478.148193359375,245.2440700989235,163.66882662170738,41.54070999970741,81.55183294864156,124.41999816894531,1.1442956924438477
2019-02-06,3469.091796875,245.154454028719,163.8026609157595,41.65697335385666,81.80142588814856,124.19000244140625,1.141096591949463
2019-02-07,3427.945556640625,243.5489456994387,161.96745922695396,41.27021921626802,81.20239470909765,123.94999694824219,1.1370097398757935
2019-02-08,3695.614013671875,242.6789358806665,161.14540383033855,40.665654071185585,81.30222885974284,124.33000183105469,1.1350995302200317
2019-02-09,3679.94140625,,,,,,
2019-02-10,3695.0361328125,,,,,,
2019-02-11,3695.613037109375,243.49512877232434,162.0917074309813,40.79670082315533,81.8596603167992,123.81999969482422,1.133144497871399
2019-02-12,3668.5869140625,246.2127051877354,163.58287846232437,40.74666280397595,82.65005823965123,124.02999877929688,1.1319899559020996
2019-02-13,3669.74658203125,247.47730509020485,164.55776896617306,41.099320945808756,82.94957181315804,124.55000305175781,1.134429931640625
2019-02-14,3646.256591796875,247.21724136156533,164.2423967063331,40.80861781758018,82.21741759818227,124.19999694824219,1.130825161933899
2019-02-15,3647.795166015625,248.80463608167037,164.9401517629514,40.91346345759115,82.53357613107289,125.0,1.1298158168792725
2019-02-16,3652.84130859375,,,,,,
2019-02-17,3680.537353515625,,,,,,
2019-02-18,3936.6650390625,,,,,,1.1334141492843628
2019-02-19,4010.87939453125,249.8540642265437,165.16952735612665,40.85150410234934,83.19917099862512,126.79000091552734,1.1341854333877563
2019-02-20,4000.486328125,250.1589883686266,165.43719550430995,41.29948509114437,83.38222544369481,127.20999908447266,1.1369578838348389
2019-02-21,4010.009521484375,249.4235344355389,164.65334905668107,41.07311568683924,83.08269703315268,126.22000122070312,1.1365832090377808
2019-02-22,4006.538330078125,250.55361153324364,165.3702964019551,41.22322795767942,83.53198082989518,125.94999694824219,1.1355764865875244
2019-02-23,4166.2861328125,,,,,,
2019-02-24,4210.6416015625,,,,,,
2019-02-25,3913.707275390625,252.30252839097093,166.94738647304288,41.90710967168657,83.57355813778997,125.9000015258789,1.1367511749267578
2019-02-26,3891.578857421875,251.39670575174057,166.55550127670475,41.77128217748678,83.34893510546337,125.62000274658203,1.1378635168075562
2019-02-27,3888.802490234375,250.7599116821965,166.12538538880867,41.69979376594638,82.89134139073016,125.2300033569336,1.140380859375
2019-02-28,3906.058349609375,250.63431345494496,166.1349454311057,41.678363048433425,82.5335797863463,124.70999908447266,1.1422044038772583
2019-03-01,3907.79541015625,251.916877369195,166.93782951002686,41.735543135571554,82.1841421469783,123.95999908447266,1.1408882141113281
2019-03-02,3874.607421875,,,,,,
2019-03-03,3875.483642578125,,,,,,
2019-03-04,3867.3818359375,252.80481372706458,168.02751690404506,42.35509069759693,82.26734092085877,121.8499984741211,1.1375269889831543
2019-03-05,3903.916748046875,250.91240084489138,167.35843360799603,41.938089634020294,82.93292547890502,121.7300033569336,1.1339154243469238
2019-03-06,3919.510498046875,250.3742544670684,167.03346618836568,41.81656650222476,82.45036649228344,121.63999938964844,1.132502794265747
2019-03-07,3939.373291015625,248.42800478246298,165.5327550777942,41.566360471567705,82.86637775878991,121.70999908447266,1.1319899559020996
2019-03-08,3950.43212890625,246.3293152689879,163.69754879677805,41.23992389992285,82.51695849713828,122.88999938964844,1.1244546175003052
2019-03-09,3987.23779296875,,,,,,
2019-03-10,3966.17431640625,,,,,,
2019-03-11,3966.384765625,249.88991772435608,167.1289931937322,42.68153514499979,82.9329446163268,122.54000091552734,1.1257457733154297
2019-03-12,3926.88916015625,251.19045065167552,168.36205664596056,43.527449985065225,83.63178385182981,123.02999877929688,1.129433035850525
2019-03-13,3926.59765625,253.26223526485666,170.0730225046714,43.677566237487994,84.52202911002037,123.87999725341797,1.1313753128051758
2019-03-14,3946.50439453125,252.77799640312696,169.50909219683973,43.86819325045519,84.68012452452122,122.55000305175781,1.133594036102295
2019-03-15,3968.54296875,254.2246406646661,170.98109788261237,44.63785139707803,85.60361885557164,123.4000015258789,1.1343011856079102
2019-03-16,4077.036376953125,,,,,,
2019-03-17,4054.1220703125,,,,,,
2019-03-18,4071.556640625,254.62997826920073,171.3975802858128,44.89042547105156,85.10442733016195,123.4000015258789,1.1359764337539673
2019-03-19,4082.216064453125,256.16142662656773,172.36476285899167,45.033397616371296,84.97964452245064,123.79000091552734,1.1363636255264282
2019-03-20,4089.4619140625,255.3866282220678,173.18823345009122,45.15255128641642,85.12107534097025,124.41999816894531,1.1367511749267578
2019-03-21,4097.35986328125,256.9000185209722,175.0747106771811,46.782420346635014,85.62028490939413,124.37000274658203,1.1439945697784424
2019-03-22,4053.90673828125,255.65692362450096,174.53842877078407,47.106478547794836,85.81995778662449,124.22000122070312,1.139211654663086
2019-03-23,4049.882568359375,,,,,,
2019-03-24,4040.69970703125,,,,,,
2019-03-25,4038.8408203125,252.40491207106848,171.25394390648805,45.74587473890536,85.14602668908752,125.11000061035156,1.1331701278686523
2019-03-26,3985.080810546875,254.19758910713398,173.02549678779786,45.96033805607303,86.09450614059527,124.51000213623047,1.1328877210617065
2019-03-27,4087.066162109375,253.8192174616098,172.09664235509828,45.2168779833319,85.71176576963947,124.37999725341797,1.1285535097122192
2019-03-28,4094.902099609375,253.32376949182066,171.3879922588454,45.169232459544084,86.26091238906878,122.36000061035156,1.1262998580932617
2019-03-29,4113.5009765625,254.79215237439305,172.20191066301882,45.29313941789581,86.65194638378073,122.75,1.1246063709259033
2019-03-30,4296.806640625,,,,,,
2019-03-31,4113.0234375,,,,,,
2019-04-01,4164.953125,257.7828560258759,174.52887597903614,45.67438790998863,86.71851675633837,122.43000030517578,1.1250239610671997
2019-04-02,4905.95458984375,257.8460423310676,175.15129994355448,46.33682517645646,86.54377253591363,122.01000213623047,1.1214005947113037
2019-04-03,5307.00341796875,259.224174396354,177.07598691701872,46.822926454826096,86.43562952829912,122.01000213623047,1.125499963760376
2019-04-04,5063.15966796875,258.9540454679294,176.6738722379836,46.79194893860823,86.25259374756256,122.23999786376953,1.124985933303833
2019-04-05,5053.509765625,260.00796634856,176.93237619827036,46.965892290363215,86.26923471951581,122.12999725341797,1.1241512298583984
2019-04-06,5205.82177734375,,,,,,
2019-04-07,5235.1865234375,,,,,,
2019-04-08,5318.83642578125,260.26016486067243,177.4207768290129,47.7117225101516,87.47560454234728,123.0199966430664,1.1274083852767944
2019-04-09,5289.91796875,259.51248056467637,177.25792890520634,48.33603179875124,87.15946133687119,123.3499984741211,1.1287955045700073
2019-04-10,5421.6513671875,259.791749130335,177.660144218615,47.833245973912184,87.35912795256289,123.7699966430664,1.1282861232757568
2019-04-11,5354.2255859375,260.19707734799096,177.8995829851585,47.895195644215804,87.40073072559673,122.75,1.1287446022033691
2019-04-12,5103.2744140625,261.6655176093397,178.0623386157482,47.69026426888971,87.4090347290039,122.30999755859375,1.132502794265747
2019-04-13,5127.1220703125,,,,,,
2019-04-14,5184.01611328125,,,,,,
2019-04-15,5196.60693359375,261.55750121194006,178.1772796679688,47.62117718246721,88.00807221271583,121.81999969482422,1.1322463750839233
2019-04-16,5238.9453125,262.15197615867913,178.98164714343756,47.98336111335143,88.60711108762821,120.62999725341797,1.1314995288848877
2019-04-17,5274.275390625,262.53030909690517,179.95830776220538,48.462323072559556,89.24101282845734,120.51000213623047,1.13237464427948
2019-04-18,5319.986328125,261.53042935403886,179.824295830443,48.64580305696875,89.40858610433905,120.54000091552734,1.130600094795227
2019-04-19,5336.68017578125,,,,,,1.125112533569336
2019-04-20,5358.49072265625,,,,,,
2019-04-21,5359.9248046875,,,,,,
2019-04-22,5422.6875,261.6385972068362,180.01581398694407,48.83405239829377,89.81914537333215,120.5,1.1263798475265503
2019-04-23,5633.80224609375,264.07074319403506,182.45762069329092,49.50362313511346,87.23015063429393,120.19999694824219,1.1261261701583862
2019-04-24,5642.04443359375,264.0887769848535,182.6204542336212,49.67756704213216,87.68259229776613,120.72000122070312,1.1224603652954102
2019-04-25,5542.23828125,263.74651726930773,183.10880811151216,49.506010596011244,86.77768010990022,121.0999984741211,1.1164003610610962
2019-04-26,5383.63427734375,264.386019537816,182.60128447874771,48.84833992518488,88.71315036258704,121.66999816894531,1.1172809600830078
2019-04-27,5310.75,,,,,,
2019-04-28,5326.23193359375,,,,,,
2019-04-29,5311.27490234375,265.2508627045785,183.20454428809413,49.079476422813116,88.60424177375343,120.91000366210938,1.116994023323059
2019-04-30,5363.25732421875,265.15182977044486,181.79689312076962,48.467090089008494,89.33319723264808,121.36000061035156,1.12296462059021
2019-05-01,5418.00390625,265.70128514541994,183.20454316991572,51.30504329397284,89.14044969850161,121.55000305175781,1.1249985694885254
2019-05-02,5522.2626953125,263.67440146767416,181.79693512182047,50.671215281428715,88.61262998480878,120.11000061035156,1.1218183040618896
2019-05-03,5865.8818359375,265.15172364225464,183.1375093466171,50.47820133000278,89.15724964667024,121.08000183105469,1.1200717687606812
2019-05-04,5886.8935546875,,,,,,
2019-05-05,5833.86279296875,,,,,,
2019-05-06,5802.95751953125,264.22393212526833,182.13206844261538,49.763352940920356,88.66288623706298,121.12000274658203,1.1204482316970825
2019-05-07,5988.17822265625,261.9717275781503,180.66697436420225,49.42498651293276,88.46182818762456,121.41999816894531,1.121956706047058
2019-05-08,5989.98095703125,260.7286094294374,179.2306082482554,48.92935347903369,88.62098787007059,121.54000091552734,1.1214998960494995
2019-05-09,6183.0390625,258.8368508052138,177.5452094326984,48.057246252491176,88.00936026022852,121.62000274658203,1.1250998973846436
2019-05-10,6434.61767578125,260.28727674235887,178.00489621993557,47.56536833430933,88.93939076356183,121.7300033569336,1.1252391338348389
2019-05-11,7333.0029296875,,,,,,
2019-05-12,7503.8720703125,,,,,,
2019-05-13,8047.4130859375,255.377637933495,173.57125582175775,45.32403587911326,89.3080402087412,122.8499984741211,1.126341700553894
2019-05-14,8268.712890625,256.8280459897245,173.92559599943024,45.37666024246978,89.23264133905123,122.66000366210938,1.1246063709259033
2019-05-15,8216.423828125,257.4315772634387,175.76411765250205,45.86701816748591,89.65159257001345,122.7699966430664,1.1222715377807617
2019-05-16,8320.82421875,260.53049981387437,178.1772284203662,46.03925685450639,91.0591868949193,122.06999969482422,1.122435212135315
2019-05-17,7929.1455078125,259.98097268898067,177.70805360092467,45.66370365738736,90.48943863133557,121.05999755859375,1.1184431314468384
2019-05-18,7447.27197265625,,,,,,
2019-05-19,8261.94140625,,,,,,
2019-05-20,8200.9677734375,257.60272784879845,173.49465496082107,44.09692550943149,90.59835068144912,120.73999786376953,1.1177005767822266
2019-05-21,8062.16796875,258.47654081398997,174.5959021356391,44.970013454882476,90.10401123923364,120.36000061035156,1.11831796169281
2019-05-22,7997.6123046875,258.2603637668367,174.34692499194378,44.422238802588666,89.69350459628143,120.5,
2019-05-23,7943.79150390625,255.12541714671232,171.42633760924,43.185566421251686,89.6767060073993,121.5199966430664,1.1172809600830078
2019-05-24,8140.7197265625,256.01732650077423,172.22111424539477,43.568287143398116,90.02022927552044,121.30999755859375,1.1212018728256226
2019-05-25,8117.92578125,,,,,,
2019-05-26,8687.5205078125,,,,,,
2019-05-27,8907.1748046875,,,,,,1.1218308210372925
2019-05-28,8807.0166015625,255.97226710547216,172.03913218171135,43.19752052189283,89.86103623042175,120.83999633789062,1.1199462413787842
2019-05-29,8755.8525390625,251.65724556949357,169.49198113919002,42.900916127061286,87.8166448513564,121.26000213623047,1.1175681352615356
2019-05-30,9008.314453125,252.26977622966643,169.75056529216405,42.87220986761559,88.28586523118781,121.69000244140625,1.1146035194396973
2019-05-31,8586.6591796875,249.63940495701888,167.85452157082278,42.575606305283934,87.89203514109947,123.4000015258789,1.1179429292678833
2019-06-01,8625.6005859375,,,,,,
2019-06-02,8809.3037109375,,,,,,
2019-06-03,8743.5,249.12582873979784,166.57134858380263,42.55885600339575,87.10443775579633,125.33999633789062,1.1211000680923462
2019-06-04,8210.9853515625,252.8463776951236,167.54812946400958,43.01573251076257,88.05962735921095,125.41999816894531,1.1277772188186646
2019-06-05,7901.84912109375,254.92726198471507,169.1185463390486,44.25001543111583,89.4421008641238,126.37000274658203,1.130454421043396
2019-06-06,7937.3408203125,257.2333959536874,170.48789460812574,44.36483519131341,90.22130988982835,126.44999694824219,1.1307867765426636
2019-06-07,8126.1533203125,260.2061348157699,174.05965622976674,45.90769148933359,91.64569607734249,127.25,1.1348161697387695
2019-06-08,8076.89111328125,,,,,,
2019-06-09,7975.97412109375,,,,,,
2019-06-10,8031.90966796875,261.98091227201684,177.00900428982698,46.73293577866847,91.3440757962095,125.52999877929688,1.1326953172683716
2019-06-11,8026.39404296875,262.5031850306238,177.53567770838893,46.8836349896468,91.83001463527324,125.4000015258789,1.1332728862762451
2019-06-12,8196.6484375,260.57550049432666,175.50559801513248,46.87645558984888,92.71815190373356,126.19999694824219,1.1343011856079102
2019-06-13,8311.5673828125,261.22412549987916,176.07057261267022,47.072602406865755,92.96115944085363,126.7699966430664,1.1305004358291626
2019-06-14,8710.63671875,261.17904444955684,175.34279530554207,46.30715958311369,93.63142927448162,127.62999725341797,1.1290504932403564
2019-06-15,8859.1279296875,,,,,,
2019-06-16,9335.8671875,,,,,,
2019-06-17,9416.4072265625,261.44027562181344,176.43445217137113,46.634877325421186,93.17896021782747,126.7699966430664,1.1246000528335571
2019-06-18,9348.3740234375,264.4581639561096,179.75725266823966,47.90980815375586,93.4722319797071,127.75,1.12440025806427
2019-06-19,9299.62109375,264.5302076436877,179.57530881218102,47.811746732774715,92.77681714585968,127.98999786376953,1.1222084760665894
2019-06-20,9594.419921875,266.92644391683694,181.7106979336642,47.986358104546575,93.85765573471883,131.49000549316406,1.1315160989761353
2019-06-21,10144.556640625,267.50952485915224,181.7203541103773,48.04377253215675,94.23469319728972,132.1699981689453,1.1333370208740234
2019-06-22,11157.345703125,,,,,,
2019-06-23,11246.14453125,,,,,,
2019-06-24,11065.896484375,266.6586172021475,181.11440972719873,47.87871430604713,94.25983667540156,134.0399932861328,1.1401208639144897
2019-06-25,11790.9169921875,265.8891769398379,180.55773622706448,47.663437821269206,94.36874666379492,135.5500030517578,1.141396164894104
2019-06-26,13796.4892578125,264.6037045888523,179.78043505629498,48.07726142928263,93.37168278799184,133.5500030517578,1.1389521360397339
2019-06-27,13311.14453125,264.37752449052414,179.4061413817557,48.21599213856582,92.3913794302984,132.97000122070312,1.1383039951324463
2019-06-28,12445.1748046875,265.7262515028233,179.6076836477667,47.720846929488616,93.80736865319943,133.33999633789062,1.1393414735794067
2019-06-29,12400.91015625,,,,,,
2019-06-30,12178.3837890625,,,,,,
2019-07-01,11206.439453125,268.7768423916626,182.889862763101,48.91445958647006,92.7516726610396,131.75999450683594,1.1367511749267578
2019-07-02,10912.1884765625,268.38765429052165,182.37159981367654,48.58915232452939,93.42194400087546,133.6300048828125,1.1321053504943848
2019-07-03,11968.078125,270.4967597025448,183.72474670410156,48.90250429660593,95.7428539822448,134.10000610351562,1.1305310726165771
2019-07-04,12006.0751953125,,,,,,1.1298158168792725
2019-07-05,11395.6611328125,270.333797324257,183.68639553063215,49.05558773477184,95.05578377063814,132.32000732421875,1.1287955045700073
2019-07-06,11620.96484375,,,,,,
2019-07-07,11541.6201171875,,,,,,
2019-07-08,12345.8330078125,269.9898848326591,182.21805487962766,48.17533053234699,95.70934871300743,132.33999633789062,1.123721718788147
2019-07-09,12779.1318359375,269.31994946484144,183.20654520962464,48.201644052257606,95.44122054224111,132.10000610351562,1.1222084760665894
2019-07-10,13129.529296875,271.25707311636285,185.30827613860768,48.73266491650779,95.93554291777559,133.8699951171875,1.1262998580932617
2019-07-11,12144.623046875,271.18464500017757,185.5482198737703,48.89054991349479,95.8517904876033,133.6999969482422,1.1287955045700073
2019-07-12,11905.4873046875,272.22566152144543,185.74015202167354,48.79725497916496,96.53044647440996,133.69000244140625,1.1278001070022583
2019-07-13,11841.95703125,,,,,,
2019-07-14,11451.2041015625,,,,,,
2019-07-15,11052.7666015625,272.587791549062,186.36392716146943,49.244555859075206,97.09180137330434,133.52999877929688,1.1285994052886963
2019-07-16,10996.6328125,272.3614354132492,186.26794874170096,49.301962895972956,97.62804960942644,133.3000030517578,1.126633644104004
2019-07-17,9963.134765625,271.5015299968323,185.69219798838856,49.05798660085317,97.43535667958628,134.60000610351562,1.1233429908752441
2019-07-18,10736.8427734375,270.885909692556,185.02038244172417,49.24696836240016,97.62781427277051,136.6300048828125,1.1247328519821167
2019-07-19,10716.98046875,271.6282034568177,186.0184460341607,49.39526551603992,97.77962026666114,136.02999877929688,1.1271415948867798
2019-07-20,11048.662109375,,,,,,
2019-07-21,10841.8876953125,,,,,,
2019-07-22,10651.791015625,270.20698401807,185.1643541848725,49.5698803325022,97.35796436030074,134.82000732421875,1.12271249294281
2019-07-23,10346.748046875,271.59210205078125,185.99925484235203,49.97173629421098,97.86393414967806,134.9499969482422,1.121076226234436
2019-07-24,9908.796875,272.8683776855469,187.29486942404915,50.029145578681785,96.03400928931951,134.83999633789062,1.1155734062194824
2019-07-25,10154.25390625,272.470066019694,186.68064530094802,50.05067106733842,95.27504298143354,134.27999877929688,1.1186933517456055
2019-07-26,9916.517578125,273.5835481165805,187.6691325394075,50.1678817358878,96.87728961791993,134.2899932861328,1.1153244972229004
2019-07-27,10167.3203125,,,,,,
2019-07-28,9575.544921875,,,,,,
2019-07-29,9681.6484375,273.3843295333311,187.31407102081408,50.38555001894711,97.99886772033341,134.72999572753906,1.1144545078277588
2019-07-30,9701.759765625,272.62400266829127,186.69984022390932,50.270732049563634,102.6791292942758,135.17999267578125,1.1158099174499512
2019-07-31,10085.6279296875,272.6511473201297,186.59425250929502,52.95219547888276,101.76837956364722,135.4199981689453,1.1164453029632568
2019-08-01,10446.919921875,272.35243534985585,187.1221188527464,52.15326516054023,100.49501173200109,136.42999267578125,1.1072970628738403
2019-08-02,10657.953125,266.24216256795125,181.37351203459949,49.37851470178692,98.73253114831152,136.60000610351562,1.1114197969436646
2019-08-03,10946.78125,,,,,,
2019-08-04,11009.20703125,,,,,,
2019-08-05,11895.091796875,260.8924035858546,176.114373411468,47.517511782159396,98.07475812996336,138.63999938964844,1.1199462413787842
2019-08-06,12273.8212890625,260.73854147453096,176.3927270023786,47.37878135711824,96.97847032640831,139.02999877929688,1.1249732971191406
2019-08-07,12036.990234375,261.4445491572325,177.07407093089796,47.73519932999547,98.02416285344925,142.47000122070312,1.1240994930267334
2019-08-08,11979.419921875,265.78961181640625,180.73053736073297,48.684817978543656,99.0782858847814,142.3699951171875,1.1228384971618652
2019-08-09,11970.4580078125,265.44560238852426,180.42341391523954,48.6849121066314,99.54209430981912,142.02999877929688,1.1219818592071533
2019-08-10,11915.6552734375,,,,,,
2019-08-11,11523.5791015625,,,,,,
2019-08-12,11528.189453125,263.9701629838489,178.40805409365007,48.51444257030938,99.23008119960804,143.3800048828125,1.1230276823043823
2019-08-13,11420.0498046875,266.26939667676976,182.03571963848822,50.937165649678846,99.56739116188582,143.2899932861328,1.1228259801864624
2019-08-14,10889.556640625,261.372118364232,178.45600353309004,49.56852452960049,99.4577533410835,143.75,1.1191002130508423
2019-08-15,10437.4111328125,258.5659520526638,176.19113470920718,49.25637851041577,99.58425881025771,144.02000427246094,1.1158995628356934
2019-08-16,10524.349609375,261.90622687818694,178.45606468178448,49.74140568988817,100.80702618969313,143.1300048828125,1.1113580465316772
2019-08-17,10452.625,,,,,,
2019-08-18,10487.0703125,,,,,,
2019-08-19,10916.0537109375,265.30079947919467,181.2199326315347,51.078824190677665,101.57443690169302,141.7899932861328,1.1110000610351562
2019-08-20,10947.0419921875,264.6490081776248,181.03764761024544,51.2276951856261,101.41418748424132,142.25999450683594,1.1099001169204712
2019-08-21,10798.7294921875,265.1016441746903,181.6038410198232,51.29972366781528,100.89978669403224,142.1699981689453,1.1107407808303833
2019-08-22,10232.99609375,266.0702441995334,181.8245806097128,51.48941498513007,101.0178611478732,141.89999389648438,1.1114000082015991
2019-08-23,10442.443359375,265.01118735203045,180.85527637150741,50.91555099493653,101.28767319234764,144.3300018310547,1.1149004697799683
2019-08-24,10418.0205078125,,,,,,
2019-08-25,10304.6220703125,,,,,,
2019-08-26,10512.328125,260.7023010253906,177.41954000483295,49.74861290398016,100.85762624392149,144.97000122070312,1.1152499914169312
2019-08-27,10381.328125,262.46749470133955,178.90705941788497,50.07515584403641,102.08041334568131,145.67999267578125,1.1118524074554443
2019-08-28,10279.3662109375,261.67080579140867,177.9281958872516,49.395650682194926,102.40085465337583,145.67999267578125,1.1100010871887207
2019-08-29,9756.7861328125,265.37321597709513,180.86487957050298,50.260053051987526,102.88153920106677,145.49000549316406,1.1090162992477417
2019-08-30,9656.1240234375,266.35084714437403,181.35431283790857,50.53136108890802,102.88152330506148,144.8800048828125,1.106096863746643
2019-08-31,9673.220703125,,,,,,
2019-09-01,9796.755859375,,,,,,
2019-09-02,10396.591796875,,,,,,1.0997470617294312
2019-09-03,10736.1044921875,263.94302628282526,179.63649047012254,49.69818812822895,102.49361243537354,146.1300048828125,1.0977309942245483
2019-09-04,10762.64453125,266.18792470473994,180.8936982009125,50.29847047880786,103.96093136793885,146.82000732421875,1.103499412536621
2019-09-05,10627.26953125,270.50577188502655,184.57893914546423,51.376568957870155,104.08742631372267,145.00999450683594,1.1082788705825806
2019-09-06,10898.76171875,270.4424060217157,184.4253711221857,51.484607253260535,104.04526246392815,144.05999755859375,1.10574209690094
2019-09-07,10558.673828125,,,,,,
2019-09-08,10595.6376953125,,,,,,
2019-09-09,10450.3115234375,270.8768908116145,184.52130932010823,51.969628837304214,103.53930291275992,142.4600067138672,1.106525182723999
2019-09-10,10394.353515625,269.93553364138535,183.052991748338,52.051279485915714,102.1900465931329,141.52999877929688,1.1059499979019165
2019-09-11,10215.9482421875,271.8726038304123,184.7708414771703,53.71525152055803,102.32496030772963,141.25999450683594,1.1058276891708374
2019-09-12,10442.25390625,273.7917537690513,186.8629919652485,54.365938262129696,103.9019034420954,143.10000610351562,1.1077508926391602
2019-09-13,10441.4892578125,273.5291931620798,185.60581367394954,53.01411307002046,103.37064790162957,141.99000549316406,1.110913634300232
2019-09-14,10422.1337890625,,,,,,
2019-09-15,10387.03515625,,,,,,
2019-09-16,10386.8671875,272.5968692967688,184.3389817619421,52.85563939626761,102.847788277192,142.0500030517578,1.1084262132644653
2019-09-17,10296.771484375,272.4882046094224,184.83804321289062,53.02132375192014,102.87310653379349,142.11000061035156,1.1068068742752075
2019-09-18,10275.9287109375,272.6692294359746,184.8380234007061,53.50875705605579,102.84781671719742,142.52999877929688,1.1077877283096313
2019-09-19,10295.6689453125,273.9456128239517,186.21994923310754,53.72724341657254,103.07549071625176,141.74000549316406,1.107499361038208
2019-09-20,10285.8720703125,273.4283237750673,185.51940431242397,53.43911377467882,103.38749340889444,143.02999877929688,1.1068999767303467
2019-09-21,10188.09765625,,,,,,
2019-09-22,10074.4443359375,,,,,,
2019-09-23,10074.23828125,271.9095626216198,183.7395144510633,52.78601688512093,104.3741379768405,143.94000244140625,1.102803349494934
2019-09-24,9804.3173828125,272.67341519548154,184.43184313184844,53.42230937106519,105.18370807059561,144.77000427246094,1.1013944149017334
2019-09-25,8744.828125,271.10022805596975,183.2682316088357,53.18460696208919,104.42474654948512,144.2899932861328,1.1019283533096313
2019-09-26,8515.685546875,270.8728881544537,182.71051214353994,53.05013674812319,105.41140947711857,142.57000732421875,1.0967316627502441
2019-09-27,8271.5205078125,270.95459697676046,182.5470716147801,53.05494473156102,105.31019290801574,141.67999267578125,1.0958423614501953
2019-09-28,8285.6171875,,,,,,
2019-09-29,8261.70703125,,,,,,
2019-09-30,8314.2314453125,270.5909199632974,181.85468588784218,53.92413970007018,105.71498564327302,140.2100067138672,1.0948106050491333
2019-10-01,8497.6923828125,271.4185301350152,183.2778844769089,54.79814079095974,105.10782073162909,140.19000244140625,1.0937328338623047
2019-10-02,8393.0419921875,265.09824519659725,178.89283189945732,53.68402648733403,104.27295570736669,141.8800048828125,1.0957943201065063
2019-10-03,8414.2275390625,264.13430593978995,179.06596369001966,53.05493574126126,103.33690513044344,143.25,1.0998317003250122
2019-10-04,8260.0556640625,267.93550760720115,181.82583802909096,54.62287009035569,104.61870301758584,142.30999755859375,1.0992271900177002
2019-10-05,8215.5263671875,,,,,,
2019-10-06,8161.41015625,,,,,,
2019-10-07,8308.4501953125,268.50841485168297,182.46051801954022,55.20873272385884,104.47534787362041,141.77000427246094,1.1001100540161133
2019-10-08,8332.71484375,265.40738677887896,180.65261865759763,54.75973164617533,103.66580013529943,142.2899932861328,1.0998003482818604
2019-10-09,8627.7060546875,265.81662125732413,180.86417846056915,54.694896109411246,103.21040821267752,142.5800018310547,1.0991994142532349
2019-10-10,8625.2724609375,267.55359417676493,182.16238787185353,55.33119457436902,103.04175542053007,141.66000366210938,1.1033873558044434
2019-10-11,8721.7802734375,271.67314311799345,185.23962714444755,57.059993724351415,102.93212929505353,140.19000244140625,1.1061996221542358
2019-10-12,8415.2421875,,,,,,
2019-10-13,8470.98828125,,,,,,
2019-10-14,8390.208984375,269.79069193177,184.34529502814203,57.17764399561088,102.56108864532358,140.82000732421875,1.1043000221252441
2019-10-15,8410.71484375,272.54615738895194,186.52826792149884,57.062396724114954,101.66718389101527,140.3000030517578,1.1045451164245605
2019-10-16,8216.8125,272.0550723707066,186.1051020067386,56.48373281401713,99.31438756926828,140.52999877929688,1.1076282262802124
2019-10-17,8134.83154296875,273.03716682784426,187.03787829754015,56.70222353757521,99.83848223004497,141.1199951171875,1.1139951944351196
2019-10-18,8138.41357421875,272.2733001769917,186.23970987284147,57.04558173135252,99.9318426906803,140.7100067138672,1.1161960363388062
2019-10-19,8082.62939453125,,,,,,
2019-10-20,8281.818359375,,,,,,
2019-10-21,8296.6943359375,273.0098827692464,186.09549140944398,57.864370947488375,101.0945252894312,140.75999450683594,1.118067979812622
2019-10-22,8296.6513671875,273.637415698397,186.96095573235365,58.15488888679274,105.42277875502968,140.3000030517578,1.116071343421936
2019-10-23,8092.99951171875,272.76436991569955,184.88381108978436,58.40461130875165,105.00694325209568,141.0,1.1133378744125366
2019-10-24,7532.86767578125,273.79207586258536,186.75900655943067,58.77918378053314,106.73822544289824,141.74000549316406,1.1165698766708374
2019-10-25,8691.5400390625,274.8196608389771,188.23033985031984,59.24260012348222,105.93200325405388,142.8300018310547,1.1125946044921875
2019-10-26,10021.744140625,,,,,,
2019-10-27,9749.529296875,,,,,,
2019-10-28,9805.1181640625,276.3200392949273,190.2401014043932,59.84768120784419,105.337922725389,141.25,1.1106668710708618
2019-10-29,9516.1806640625,276.66579217386277,189.9612504090606,59.96772566344124,105.71133660222972,140.6300048828125,1.1118770837783813
2019-10-30,9426.8740234375,276.9567515614426,189.74969888757255,58.89925636183099,106.22902104451754,141.0399932861328,1.1125946044921875
2019-10-31,9383.1611328125,276.5747016616146,190.06702960686923,59.82848412244298,106.46666013976524,142.69000244140625,1.1176930665969849
2019-11-01,9275.6572265625,278.4481381708568,191.24982959114587,61.451629192015126,106.20356590698177,142.89999389648438,1.1174432039260864
2019-11-02,9377.486328125,,,,,,
2019-11-03,9379.806640625,,,,,,
2019-11-04,9505.0517578125,280.0941951369652,192.83653038528533,61.912638359081036,105.16817274606876,142.4499969482422,1.1177005767822266
2019-11-05,9457.41796875,280.02144303161515,192.85577601703204,61.99427850362642,101.49338208708384,140.88999938964844,1.1138995885849
2019-11-06,9423.2373046875,279.5485647690466,192.3268363043389,61.82620208877956,102.1384124941614,140.7899932861328,1.1095085144042969
2019-11-07,9368.4765625,281.59465715586936,193.9808575571645,62.7005915790344,102.12990255530799,140.1999969482422,1.109139323234558
2019-11-08,9272.759765625,281.0035667061069,193.52891086760508,62.72226723714008,102.34208443211836,138.3300018310547,1.103813648223877
2019-11-09,8891.818359375,,,,,,
2019-11-10,9103.826171875,,,,,,
2019-11-11,9081.279296875,280.5852326412768,193.3269636119335,63.211155396483534,101.84137892496955,137.7899932861328,1.1043622493743896
2019-11-12,8853.7685546875,281.9038031468933,194.4520929765145,63.2882239296663,101.50188994670907,137.58999633789062,1.1041183471679688
2019-11-13,8836.841796875,281.4946191287311,194.03856307994656,63.76746735630996,102.73246256788887,138.22000122070312,1.1020498275756836
2019-11-14,8826.943359375,281.585562739211,193.82699773922377,63.79155922463415,102.83432935635439,138.94000244140625,1.1017826795578003
2019-11-15,8730.873046875,283.58626073546037,195.12525939941406,64.00832351523762,102.68156228694835,138.4199981689453,1.1055831909179688
2019-11-16,8591.9970703125,,,,,,
2019-11-17,8727.7890625,,,,,,
2019-11-18,8653.2802734375,283.9863298938384,195.58682916174388,64.40568896392628,104.01396329662751,138.85000610351562,1.1090999841690063
2019-11-19,8408.5166015625,284.35917997236,196.01956580793004,64.54293920172968,104.20069626630678,138.97000122070312,1.1085245609283447
2019-11-20,8237.240234375,283.5953536303308,195.6445062561508,64.08055626785473,103.86120609424862,139.0,1.1082788705825806
2019-11-21,8110.09814453125,282.83145015014986,194.3174693673635,63.58205151905622,103.99700115433673,138.55999755859375,1.1096439361572266
2019-11-22,7697.3828125,283.04057963659153,194.55786075768012,63.3821231346873,102.3590476923094,138.4600067138672,1.1078613996505737
2019-11-23,7442.2587890625,,,,,,
2019-11-24,7408.5771484375,,,,,,
2019-11-25,7319.85693359375,284.9776306152344,196.42340764438418,64.16725062153702,102.6221474408604,137.6199951171875,1.1033873558044434
2019-11-26,7320.23046875,285.80505930077095,197.00999886398475,64.34066544148382,103.83575443971812,137.8000030517578,1.102657437324524
2019-11-27,7619.693359375,286.8963928222656,198.144742310713,64.53817558131168,103.91214621438701,137.2100067138672,1.1022076606750488
2019-11-28,7730.07275390625,,,,,,1.1019283533096313
2019-11-29,7781.1796875,286.57817040881315,197.93315947745904,64.54297445955625,104.07338397205379,138.1300048828125,1.102669596672058
2019-11-30,7836.10205078125,,,,,,
2019-12-01,7571.6162109375,,,,,,
2019-12-02,7474.81884765625,286.1507255365374,197.30810176743094,64.60316965655018,104.20069125571654,138.08999633789062,1.1089179515838623
2019-12-03,7418.85888671875,281.585562739211,193.75973281064663,62.503100445159816,104.35345166715489,139.57000732421875,1.1092623472213745
2019-12-04,7539.78466796875,283.8408055521402,195.12526089863965,63.413470229056855,105.72829616586966,139.1699981689453,1.1113457679748535
2019-12-05,7743.431640625,283.9590491097116,195.3559941417842,64.03478579186594,105.77073492553865,139.4499969482422,1.1104941368103027
2019-12-06,7546.99658203125,286.7418114894914,197.2792337554189,65.26547627703798,106.4666686473398,137.8300018310547,1.1112345457077026
2019-12-07,7589.95166015625,,,,,,
2019-12-08,7634.6064453125,,,,,,
2019-12-09,7618.091796875,286.62361071654885,197.7024116297453,65.21728148518294,106.20357413096086,137.80999755859375,1.108033299446106
2019-12-10,7424.02294921875,286.0506518116673,197.01960623078728,65.04146825890689,105.97442192999286,138.3300018310547,1.1097548007965088
2019-12-11,7324.15625,286.1871250585876,197.31776388825116,65.28955405101115,106.31386824120982,139.3000030517578,1.1098779439926147
2019-12-12,7266.6396484375,289.1790404773349,199.3660486076282,65.64113724354316,106.72973930410558,139.85000610351562,1.1153370141983032
2019-12-13,7293.560546875,289.79748490813944,199.93340575356623,66.30103115854632,106.71277517107808,139.2100067138672,1.1186933517456055
2019-12-14,7308.83642578125,,,,,,
2019-12-15,7181.07568359375,,,,,,
2019-12-16,7171.1689453125,291.14331781947243,201.4912611246866,67.62320261796066,107.23046156974972,139.38999938964844,1.115785002708435
2019-12-17,6964.0751953125,291.2342276828815,201.6643890364467,67.85922045100963,106.91648155362381,139.3000030517578,1.1173185110092163
2019-12-18,7324.98486328125,291.23423824222414,202.06823247690332,67.89052873128885,106.82309409059624,139.25,1.1151504516601562
2019-12-19,7346.6025390625,291.8981151659742,202.8375094054234,67.71713300190731,106.25447448808251,139.5500030517578,1.1142433881759644
2019-12-20,7257.921875,294.2380150219777,204.36652213025462,68.07114122602003,107.44264835915936,139.52000427246094,1.1125946044921875
2019-12-21,7223.22607421875,,,,,,
2019-12-22,7518.033203125,,,,,,
2019-12-23,7656.17626953125,293.94562987745803,204.45304250069861,68.45647110065944,106.78066009471841,139.9600067138672,1.1097548007965088
2019-12-24,7535.716796875,293.8266775283828,204.39518424523357,68.61062571090498,106.34786230442595,141.3300018310547,1.1097548007965088
2019-12-25,7357.02001953125,,,,,,1.110864281654358
2019-12-26,7388.302734375,295.13353724845075,206.05278680101776,69.8364629694818,106.7212827813548,142.47000122070312,1.1104941368103027
2019-12-27,7363.529296875,295.91030727604016,206.7755919566795,70.79737094783557,107.1880394884212,142.72999572753906,1.118067979812622
2019-12-28,7399.041015625,,,,,,
2019-12-29,7513.9482421875,,,,,,
2019-12-30,7454.82421875,295.2706214297429,205.8793591606107,70.4890977572307,106.91646200941473,142.8000030517578,1.1220699548721313
2019-12-31,7335.2900390625,294.38415221906047,205.04089904900556,70.7275386917613,106.07625583772578,143.60000610351562,1.1241008043289185
2020-01-01,7254.33056640625,,,,,,1.1228384971618652
2020-01-02,7212.1552734375,296.9064177570936,208.3175506591797,72.39407027941263,105.85561393679454,144.2100067138672,1.12271249294281
2020-01-03,7413.71533203125,295.76411231173057,207.6525840959463,72.38925722098051,104.83720166503824,146.32000732421875,1.118067979812622
2020-01-04,7427.3857421875,,,,,,
2020-01-05,7544.4970703125,,,,,,
2020-01-06,7781.8671875,295.84634385164514,207.76819872687014,72.23995000976231,104.54866766569238,148.47999572753906,1.120824933052063
2020-01-07,8178.2158203125,295.6726644399904,208.29827275799474,72.46631471524569,104.56561585965795,148.13999938964844,1.1199462413787842
2020-01-08,8396.73828125,297.71973440629677,210.22570902104238,73.31886979288494,104.75232455515147,148.61000061035156,1.1165200471878052
2020-01-09,8082.2958984375,298.58795656529105,211.449651692195,74.76145686133366,105.13423921388339,146.41000366210938,1.1122233867645264
2020-01-10,8166.55419921875,299.2550911321721,211.89294605629414,75.30092656417412,105.5076607337201,146.99000549316406,1.1120996475219727
2020-01-11,8218.359375,,,,,,
2020-01-12,8200.0634765625,,,,,,
2020-01-13,8197.7880859375,299.7120310890485,212.96270251897704,76.36059415429726,105.99989497342655,146.3800048828125,1.114466905593872
2020-01-14,8879.51171875,300.3152730869389,213.18432904848552,76.48098568839895,106.25447636443957,145.80999755859375,1.1145787239074707
2020-01-15,8890.1171875,300.6807697217704,213.17471286340694,75.98249090201921,107.03528195742163,146.72999572753906,1.1163455247879028
2020-01-16,8846.4609375,302.4171142578125,214.25404161880957,76.03064882750155,107.59540427840041,146.47000122070312,1.117193579673767
2020-01-17,8958.1220703125,303.56857016247767,215.4490971914688,76.76278692814752,107.78211189794416,146.99000549316406,1.1145004034042358
2020-01-18,9012.1982421875,,,,,,
2020-01-19,9164.3623046875,,,,,,
2020-01-20,8745.5908203125,,,,,,1.1104941368103027
2020-01-21,8755.7060546875,303.5685206625626,215.71887956128603,76.83019183971173,107.45961620335638,146.86000061035156,1.1119760274887085
2020-01-22,8792.994140625,304.2721527391562,216.98136207756176,77.06380603496487,107.51052348893532,146.80999755859375,1.1097793579101562
2020-01-23,8687.7470703125,303.55941441938006,216.53807397110154,76.96025438766408,108.03827437501785,147.6199951171875,1.1103215217590332
2020-01-24,8514.6669921875,303.88845281451574,217.68487362293035,77.86819933392093,108.24318090091633,148.3800048828125,1.1060845851898193
2020-01-25,8458.453125,,,,,,
2020-01-26,8602.4013671875,,,,,,
2020-01-27,8977.7265625,297.1166611579254,211.32431522635616,75.08416976822737,107.90168626100028,149.32000732421875,1.1039965152740479
2020-01-28,9358.58984375,299.6115581923156,213.907140405245,76.68088393464757,108.40537542345218,148.55999755859375,1.102657437324524
2020-01-29,9406.431640625,300.3243402372707,214.84188813321373,78.95674202148273,107.6285175633076,148.55999755859375,1.1030223369598389
2020-01-30,9553.1259765625,299.6663763797536,214.62025835852046,78.05122092954578,107.61996412347024,149.30999755859375,1.1036553382873535
2020-01-31,9521.7060546875,298.99005740584477,215.4490842623696,77.7116783691715,108.37977278361754,149.67999267578125,1.1090162992477417
2020-02-01,9439.3232421875,,,,,,
2020-02-02,9468.7978515625,,,,,,
2020-02-03,9540.3720703125,298.0670871911225,214.8033811677759,75.498389394716,107.52605124936005,148.77999877929688,1.108905553817749
2020-02-04,9331.265625,301.5854705749679,219.5930281943599,76.9795201431656,108.72126319930774,147.02999877929688,1.1065618991851807
2020-02-05,9701.2998046875,304.4001715229161,221.89632050035885,78.21257356762338,108.47367630674495,146.80999755859375,1.1048502922058105
2020-02-06,9824.619140625,305.4053748205114,221.89633703223683,78.32337167005116,109.3530161341741,147.6300048828125,1.1012852191925049
2020-02-07,9834.716796875,305.22262540475447,222.07944699148595,78.06988383321008,108.65298484866247,148.17999267578125,1.0986994504928589
2020-02-08,9876.7490234375,,,,,,
2020-02-09,10129.435546875,,,,,,
2020-02-10,10165.765625,305.91718787642037,223.56355645784163,77.62329864501953,108.27732559944766,148.4499969482422,1.0961307287216187
2020-02-11,10210.052734375,307.991627648604,225.52953771779826,78.1906145236601,107.79922224795122,148.16000366210938,1.0927003622055054
2020-02-12,10393.611328125,308.5673799444257,225.87654804776622,78.9920538114317,105.83568463219763,147.80999755859375,1.0924997329711914
2020-02-13,10457.626953125,308.9969568539677,226.40651583934624,78.7506551305069,106.95404494804234,148.5800018310547,1.0890873670578003
2020-02-14,10321.99609375,308.6405052446944,226.3390945982549,78.69271421468866,107.69679433499316,149.1300048828125,1.0862481594085693
2020-02-15,10341.5556640625,,,,,,
2020-02-16,10053.96875,,,,,,
2020-02-17,9938.8154296875,,,,,,1.0854003429412842
2020-02-18,10161.935546875,308.5856306420383,226.63784495777347,77.18877358272158,107.7224134134713,151.08999633789062,1.0839003324508667
2020-02-19,10191.67578125,309.87428181296707,228.85442991285313,78.35233737517142,107.96999082724103,151.82000732421875,1.0808473825454712
2020-02-20,9643.216796875,309.4721423570291,228.3532623150544,78.37163210197758,108.21755842368735,152.8300018310547,1.0821000337600708
2020-02-21,9723.0146484375,306.8858296734732,225.5199812318525,77.3577728316972,109.33595690010391,155.22000122070312,1.0863661766052246
2020-02-22,9698.2314453125,,,,,,
2020-02-23,9937.404296875,,,,,,
2020-02-24,9951.74609375,304.82967088286625,216.11404097728206,73.43012593023869,108.07242826255774,158.52999877929688,1.0863661766052246
2020-02-25,9652.7373046875,296.65055194836293,215.86348344199496,73.03180163978591,105.8271472290892,156.0800018310547,1.088174819946289
2020-02-26,9354.7783203125,290.7104209886197,212.28805120420077,71.90927916190874,104.48681548303273,155.27999877929688,1.090358018875122
2020-02-27,8932.892578125,284.7246265399028,208.56813833041292,69.04139705399142,102.37812969625602,156.27000427246094,1.1005700826644897
2020-02-28,8890.4560546875,272.2320096468705,199.65374115548076,67.20915102510166,96.6667251586914,152.77000427246094,1.10527765750885
2020-02-29,8775.6318359375,,,,,,
2020-03-01,8726.796875,,,,,,
2020-03-02,8921.30859375,282.53135414421934,208.71269721221475,72.76865844299596,102.2671440352947,150.72999572753906,1.116407871246338
2020-03-03,8901.5986328125,286.8082134931983,211.6423624780626,73.38667475068135,104.01726877973356,155.24000549316406,1.120749592781067
2020-03-04,8843.3662109375,286.1319448399597,210.4088509049717,73.24181619852034,106.4503940727644,154.9600067138672,1.1185681819915771
2020-03-05,9142.0546875,281.9007705498337,208.5102901136209,72.31241302487865,104.92221044368328,157.6199951171875,1.1204482316970825
2020-03-06,9167.6953125,273.04527026734036,201.56189324076735,70.2049720207652,104.67462557264905,159.25,1.135473370552063
2020-03-07,9163.220703125,,,,,,
2020-03-08,8914.34375,,,,,,
2020-03-09,8177.79345703125,259.71210113998825,193.8617279544367,67.1319051551366,102.47202599521063,159.3699951171875,1.1495838165283203
2020-03-10,8136.9453125,263.6691537844827,196.8878361743078,69.14763308452109,103.1464714303302,156.41000366210938,1.1422958374023438
2020-03-11,7950.814453125,257.6558306839711,193.46660281611494,67.88749740945617,101.11462054343404,156.5,1.1365960836410522
2020-03-12,7929.1162109375,243.6919805975519,183.85832345301824,65.17894700154001,95.25810303805491,151.5500030517578,1.1332857608795166
2020-03-13,5838.11474609375,248.09675988860485,187.4241139595875,67.5736832780311,97.86193126226611,149.60000610351562,1.1221328973770142
2020-03-14,5625.2265625,,,,,,
2020-03-15,5836.64501953125,,,,,,
2020-03-16,5385.2294921875,234.7726107780124,177.97966086952732,62.54280864814437,98.98885193564028,142.9600067138672,1.1235400438308716
2020-03-17,5371.3486328125,234.1055159225691,177.70016732884383,62.1879493594709,102.1903089280532,146.1999969482422,1.1189061403274536
2020-03-18,5331.833984375,226.97733101558407,172.7177340746913,60.350871115595204,103.7270013860879,142.8800048828125,1.1045000553131104
2020-03-19,6329.73583984375,226.07260768556657,176.8328243726953,61.03646337436918,100.73896925043591,140.5,1.0945589542388916
2020-03-20,6844.26171875,224.72697702090403,176.23532749391617,60.79263606329375,93.65309877741076,141.1699981689453,1.0829894542694092
2020-03-21,6378.13525390625,,,,,,
2020-03-22,6359.697265625,,,,,,
2020-03-23,6443.9345703125,211.13132933151837,168.2473045273458,55.160697700443244,88.57346433636683,146.92999267578125,1.0824854373931885
2020-03-24,6789.02294921875,224.38682507267387,177.53806576241072,59.79323446043245,88.78690731729661,155.66000366210938,1.0888501405715942
2020-03-25,6892.51123046875,235.6475644145072,183.02362417647132,62.34245572079971,89.38448563781044,152.8800048828125,1.0849517583847046
2020-03-26,6735.4638671875,241.57667533640435,186.12377381961826,62.446266859922645,92.46642242098585,154.80999755859375,1.1025480031967163
2020-03-27,6793.83642578125,239.74734053233655,183.98941773147106,61.7679252857542,97.57169716507595,153.5500030517578,1.1086474657058716
2020-03-28,6467.5009765625,,,,,,
2020-03-29,6250.46728515625,,,,,,
2020-03-30,6517.19580078125,241.23649258023633,185.90165065620462,61.68342585318123,98.85228105106128,153.0800018310547,1.1137841939926147
2020-03-31,6504.51513671875,242.06386477792154,188.56716814577018,63.365989810091186,97.5716939655032,151.8000030517578,1.1043622493743896
2020-04-01,6612.57373046875,236.85174851191033,181.23692824668043,60.04186986399155,95.77033585479639,150.0800018310547,1.1037527322769165
2020-04-02,7088.24755859375,232.27393107275833,183.5934086522492,59.18006218576405,98.1692801508723,152.5,1.0962989330291748
2020-04-03,7003.220703125,232.86224312191504,180.66715220952585,59.31284498948773,98.94616690216642,153.08999633789062,1.085894227027893
2020-04-04,6878.95361328125,,,,,,
2020-04-05,6883.4140625,,,,,,
2020-04-06,7271.78125,245.43751218467895,190.88500315636537,63.51567759082076,101.59268830571355,157.22000122070312,1.083435297012329
2020-04-07,7427.939453125,252.8190070197748,195.7235748051807,65.58933753055518,102.49762981437283,156.13999938964844,1.0923351049423218
2020-04-08,7356.2236328125,253.7106259149399,194.28450241570687,64.54404618126709,100.14137174827037,155.94000244140625,1.0896213054656982
2020-04-09,7341.4482421875,258.4906954182596,196.26437792469775,65.19584133375365,101.30243866914698,159.0800018310547,1.0943553447723389
2020-04-10,7303.8154296875,,,,,,1.0954102277755737
2020-04-11,6926.06982421875,,,,,,
2020-04-12,7119.947265625,,,,,,
2020-04-13,6965.61669921875,255.09864265720722,196.45753771334861,66.07212784753266,99.67182453010626,162.3800048828125,1.0968520641326904
2020-04-14,6958.55712890625,261.89192674380104,205.22675193563566,69.58454027985593,103.70139032234752,164.4199981689453,1.0983941555023193
2020-04-15,6928.66455078125,261.0093649327239,204.5797203933306,69.12104145125336,105.36614259798249,162.5399932861328,1.0989010334014893
2020-04-16,7134.45068359375,257.4151293397029,207.03277198178967,69.57246062788307,104.5807021341206,163.14999389648438,1.0907741785049438
2020-04-17,7167.18310546875,264.098007563754,209.09950889848074,69.27074378183441,106.70649058100472,160.07000732421875,1.0893245935440063
2020-04-18,7269.95654296875,,,,,,
2020-04-19,7280.52197265625,,,,,,
2020-04-20,7240.29052734375,263.6293107862759,208.49105284757647,67.9985265094596,105.20392904661743,160.22000122070312,1.0897043943405151
2020-04-21,6934.5517578125,255.58587661831038,203.9326128448136,66.92913374203486,102.70254956599827,159.2100067138672,1.0879971981048584
2020-04-22,7145.86572265625,258.30679448549233,205.08184026547036,67.08602016909022,102.68546024197511,161.74000549316406,1.0883169174194336
2020-04-23,7491.78515625,261.0093977789953,207.1003732293298,68.0154433517939,102.84602958343329,163.60000610351562,1.0843987464904785
2020-04-24,7574.19580078125,260.7887625327662,206.9651513344646,68.31960998543786,102.92338214459103,163.30999755859375,1.0817711353302002
2020-04-25,7641.36376953125,,,,,,
2020-04-26,7700.59423828125,,,,,,
2020-04-27,7795.60107421875,264.9897006956838,209.21537559218325,68.68896753125865,102.43351000877853,162.0,1.0860357284545898
2020-04-28,7814.52734375,267.86696016171067,209.88180785305164,69.0003506347447,101.33346901889435,160.97999572753906,1.0889687538146973
2020-04-29,8871.75390625,271.06593788395355,212.44105805908904,69.92733815857098,101.45376457623256,161.85000610351562,1.0874292850494385
2020-04-30,9440.650390625,269.63182069737235,212.50862579006332,71.10056648651737,101.6514513611802,160.82000732421875,1.0969964265823364
2020-05-01,9048.0234375,267.1867582133852,209.25400693430515,72.17966741995511,101.72877625953458,160.4499969482422,1.101624846458435
2020-05-02,9007.1875,,,,,,
2020-05-03,9167.78125,,,,,,
2020-05-04,8956.90625,260.97270997271914,208.07580715386814,70.89779524622708,100.72327789180873,160.9499969482422,1.0957822799682617
2020-05-05,9062.4150390625,265.89063587333334,212.6052568351252,72.66245995311394,100.77484381681755,161.10000610351562,1.092132329940796
2020-05-06,9411.4677734375,265.1643710660051,213.47442736050868,73.2031872790944,99.81230246994907,159.80999755859375,1.084481120109558
2020-05-07,9992.6640625,266.37783119413643,215.10656418584696,73.6690955962119,98.09349802323818,161.9600067138672,1.08157217502594
2020-05-08,9996.7431640625,269.2917896381727,217.29890390647665,75.1223827731926,99.94980972635666,162.0,1.0873347520828247
2020-05-09,9913.86328125,,,,,,
2020-05-10,9595.5810546875,,,,,,
2020-05-11,9033.470703125,270.2569749098558,220.12859048250655,76.74416477518758,99.70056956516045,160.7100067138672,1.0853049755096436
2020-05-12,8949.8984375,270.4776190002841,220.2927725126206,77.38319101183461,99.60605379546678,160.9499969482422,1.08804452419281
2020-05-13,9317.87890625,263.9969859100772,216.92228495071166,76.4779036027934,99.13336549656626,161.6199951171875,1.0893363952636719
2020-05-14,9793.2685546875,262.08485594358507,214.27603593227283,74.98682954910396,98.35989208412276,163.33999633789062,1.0824854373931885
2020-05-15,9755.828125,263.2063512347929,215.68610259598825,74.52932881095421,98.65209309483467,164.8000030517578,1.0849517583847046
2020-05-16,9564.205078125,,,,,,
2020-05-17,9823.001953125,,,,,,
2020-05-18,9906.0302734375,272.78481952214645,220.85298357675953,76.61103581678174,100.54280100907533,164.5,1.0912741422653198
2020-05-19,9836.0478515625,272.28847402813193,221.98291169913122,77.0999976554672,99.3825901284568,164.42999267578125,1.0975141525268555
2020-05-20,9804.7939453125,273.81446769296434,223.8275308564137,77.34204942619355,97.77551158862906,164.9600067138672,1.0999042987823486
2020-05-21,9555.2421875,273.63057861267043,224.19455043797876,77.6736518116283,97.28561815618825,163.5800018310547,1.1008729934692383
2020-05-22,9232.9365234375,271.75531605411203,222.0022425612029,77.27184315466477,97.62938738779795,163.47000122070312,1.0955302715301514
2020-05-23,9302.501953125,,,,,,
2020-05-24,9288.404296875,,,,,,
2020-05-25,8951.005859375,,,,,,1.0914647579193115
2020-05-26,8991.9677734375,277.78549035766025,225.5756029934186,78.48455279572174,98.10207257656722,162.5800018310547,1.0991548299789429
2020-05-27,9203.3203125,279.0541420158943,222.52375495081657,77.14598335609439,97.9473557265058,161.33999633789062,1.1029858589172363
2020-05-28,9546.3193359375,282.06002314727544,225.4790193977128,78.29090607267398,100.5427927937527,162.4600067138672,1.1071866750717163
2020-05-29,9573.6669921875,280.3318301412633,225.60450192791848,77.73658783652532,100.31074816769572,163.39999389648438,1.114466905593872
2020-05-30,9704.0302734375,,,,,,
2020-05-31,9700.34375,,,,,,
2020-06-01,10199.5654296875,281.4808480836038,226.42547900904276,78.02707250180976,100.98109637750491,163.74000549316406,1.115200161933899
2020-06-02,10182.3408203125,283.24583851794176,227.62303801560597,78.29091555107586,101.5311112215957,164.0800018310547,1.1195701360702515
2020-06-03,9682.859375,287.92476883249293,229.34209257938343,78.95898884323296,102.43351866657369,160.89999389648438,1.1249985694885254
2020-06-04,9887.6103515625,287.722596417164,229.6511235103212,78.81859097042819,102.1241236870696,161.8699951171875,1.1360538005828857
2020-06-05,9869.2373046875,295.32463552707304,232.07522127740808,80.30240419943048,102.12412669041478,158.72000122070312,1.1383945941925049
2020-06-06,9773.431640625,,,,,,
2020-06-07,9768.498046875,,,,,,
2020-06-08,9782.306640625,297.291848746868,233.4080264390754,80.75022301034842,102.37336060002305,159.86000061035156,1.131874680519104
2020-06-09,9836.369140625,297.17238620785696,235.8224348833329,83.65730597576551,102.92339839552211,161.77999877929688,1.1363377571105957
2020-06-10,9908.896484375,296.3542484031599,239.33789113400474,85.87454732273147,103.03511279624486,163.6300048828125,1.1388872861862183
2020-06-11,9938.2978515625,286.9411512707297,235.2526324617041,84.97653085136815,102.76009295992367,164.05999755859375,1.1400169134140015
2020-06-12,9540.4658203125,284.11909577413104,232.17175484075247,84.18742419889422,101.45379309944092,163.8800048828125,1.1339796781539917
2020-06-13,9493.2119140625,,,,,,
2020-06-14,9482.2705078125,,,,,,
2020-06-15,9504.8603515625,283.38375938311225,231.25434627093335,83.67424321088224,100.79203167943723,162.55999755859375,1.12920343875885
2020-06-16,9579.4306640625,290.1493485974371,236.02527841860515,85.4945368687229,102.2444327760814,162.69000244140625,1.1349835395812988
2020-06-17,9540.4228515625,289.0003228615567,237.09727418720422,86.02705683600927,102.36475529155743,162.6199951171875,1.1296881437301636
2020-06-18,9482.7822265625,287.0791002022098,236.16044957625311,85.55504835135272,103.0952735042469,162.32000732421875,1.1262530088424683
2020-06-19,9440.8759765625,290.26282089573067,238.54591434124347,86.30783714893171,104.69375468044255,164.08999633789062,1.1252998113632202
2020-06-20,9394.9716796875,,,,,,
2020-06-21,9401.107421875,,,,,,
2020-06-22,9655.0732421875,287.18829677421513,238.83495676520212,87.00979422869749,102.33899048415473,165.72999572753906,1.1267732381820679
2020-06-23,9670.541015625,290.37354343471566,242.97565734413317,90.1371727058119,102.43351511574684,166.52000427246094,1.1348998546600342
2020-06-24,9680.3671875,286.6897503140339,241.2149566534414,89.26818923809188,101.37643050977019,166.99000549316406,1.1326310634613037
2020-06-25,9340.1611328125,284.03991677797876,238.32221622606886,88.35078749388231,101.43658630052197,165.91000366210938,1.1259993314743042
2020-06-26,9310.5166015625,282.8857657278593,237.95459496475345,88.42825657527817,101.81474929860886,166.55999755859375,1.1238985061645508
2020-06-27,9207.810546875,,,,,,
2020-06-28,9197.546875,,,,,,
2020-06-29,9237.5732421875,281.24230815078425,234.94581068032628,87.66578639039905,101.45376968964975,166.8000030517578,1.1289230585098267
2020-06-30,9217.8359375,286.4035230684894,240.08301554399114,88.58802392767775,103.12106117413872,167.99000549316406,1.126164197921753
2020-07-01,9309.7548828125,287.9638703985175,243.33361767760738,88.92204587845694,103.46481347828738,167.05999755859375,1.1274592876434326
2020-07-02,9274.962890625,291.4816073233506,245.99412957590692,89.67484690422407,105.33832106639875,167.24000549316406,1.1303266286849976
2020-07-03,9202.3447265625,,,,,,1.125112533569336
2020-07-04,9183.2958984375,,,,,,
2020-07-05,9162.18359375,,,,,,
2020-07-06,9375.474609375,293.3096107192115,250.5024751273051,90.9601720457748,105.20082758293275,168.0,1.1346874237060547
2020-07-07,9360.6171875,293.16203774566503,252.38897502047544,91.64762315168353,105.92273931903503,169.0399932861328,1.1336582899093628
2020-07-08,9450.3359375,292.03559459185783,251.55696123366448,92.34473915860562,105.91412809835222,170.86000061035156,1.1345586776733398
2020-07-09,9431.37890625,292.7742193790963,254.31421200982007,93.25729463316677,106.55011452094855,170.63999938964844,1.137268304824829
2020-07-10,9287.4716796875,293.49429293476067,255.6300108686425,92.93052759776583,106.9970136114705,170.14999389648438,1.1324771642684937
2020-07-11,9293.5322265625,,,,,,
2020-07-12,9319.4189453125,,,,,,
2020-07-13,9306.4052734375,297.9538536311134,261.00899212379306,96.77922651804644,107.93375118758858,170.4199981689453,1.1370484828948975
2020-07-14,9283.841796875,295.2301472460135,252.3019424005483,94.16498216403883,107.99390795920718,170.1999969482422,1.140706181526184
2020-07-15,9275.3251953125,298.2585339487308,254.14004253075106,96.09420527190387,109.05960353862973,170.42999267578125,1.1452995538711548
2020-07-16,9214.3125,296.6334621237526,251.32480146997742,94.31023318785083,107.8736163753243,170.0,1.1442996263504028
2020-07-17,9182.25390625,297.82459424337384,251.83753401428459,94.06092201052024,108.34628377068543,170.27000427246094,1.144164800643921
2020-07-18,9230.9833984375,,,,,,
2020-07-19,9201.3984375,,,,,,
2020-07-20,9214.2705078125,300.18813689215324,258.72579251120857,95.37046481228467,108.14861197322601,171.07000732421875,1.1467890739440918
2020-07-21,9407.2626953125,301.8501178028075,259.6738778951112,96.09661884897764,108.83613359102502,173.25,1.1498006582260132
2020-07-22,9530.5185546875,302.099434231955,257.2359349932183,94.86211761268852,108.62987483663606,175.77000427246094,1.160092830657959
2020-07-23,9610.2470703125,302.12711406913473,256.6070736888156,93.99314144318696,109.98995696578415,178.41000366210938,1.1624257564544678
2020-07-24,9623.3369140625,297.28908645899844,248.56756217519336,90.01615612762265,110.50020524129383,179.16000366210938,1.1640088558197021
2020-07-25,9704.556640625,,,,,,
2020-07-26,10023.8076171875,,,,,,
2020-07-27,11298.2216796875,298.60007878193284,252.04067681924838,91.88969709527478,109.52293281731671,182.8300018310547,1.1779533624649048
2020-07-28,11204.3271484375,298.8125323008997,251.39254095177097,91.54594911832494,111.09694281801428,184.25999450683594,1.1775789260864258
2020-07-29,11304.3974609375,300.7420828692673,252.1761714056983,92.20433612820618,111.7715216415558,186.13999938964844,1.1778993606567383
2020-07-30,11169.3564453125,299.5233698245188,253.1920299679903,93.2379404686909,114.18440370753652,184.3300018310547,1.1807351112365723
2020-07-31,11415.8642578125,301.573133804093,257.2940171421187,103.03400057454317,113.4752452455762,185.75,1.1907994747161865
2020-08-01,11794.775390625,,,,,,
2020-08-02,12034.14453125,,,,,,
2020-08-03,11453.0791015625,304.3336982264849,261.3573241424333,108.09052270549662,114.08928507701836,185.82000732421875,1.1787587404251099
2020-08-04,11385.3818359375,304.73992919921875,261.67655461862273,107.26998160372126,115.82757380347621,189.60000610351562,1.1804981231689453
2020-08-05,11786.6171875,306.89123771970355,262.6826395559107,106.88510690463526,116.45028438001158,193.1300048828125,1.190532922744751
2020-08-06,11902.3359375,308.8025269217391,266.030102185925,110.77735994512233,115.34330435295631,194.4499969482422,1.1911852359771729
2020-08-07,11898.0380859375,309.19026937092656,265.9333241341228,110.26175680038186,115.57678691613332,192.9600067138672,1.1883541345596313
2020-08-08,11800.064453125,,,,,,
2020-08-09,11806.056640625,,,,,,
2020-08-10,12045.140625,310.0118803738786,263.1276822270447,110.35875275642206,116.26868128748471,192.61000061035156,1.1801999807357788
2020-08-11,11932.7109375,311.64617312266336,261.6378411480263,109.10504953060087,116.52812587865705,183.97999572753906,1.1804981231689453
2020-08-12,11748.396484375,312.3294209653016,263.9597719206163,109.87377217439806,117.59187230233272,183.10000610351562,1.181265115737915
2020-08-13,11796.396484375,312.3017105491452,265.8849705795628,112.55817011651827,117.50538342210697,184.6999969482422,1.186400055885315
2020-08-14,12150.994140625,311.5353999760587,264.50148089636525,111.54697388434195,117.30649134681234,183.72000122070312,1.183800458908081
2020-08-15,11963.203125,,,,,,
2020-08-16,11934.9013671875,,,,,,
2020-08-17,12359.056640625,312.38476890654016,266.86204284619555,112.60181637912858,117.3583437381673,187.00999450683594,1.1880717277526855
2020-08-18,12335.70703125,313.08656928621576,269.3968022647834,112.5169308684593,118.93235434780283,189.39999389648438,1.1965157985687256
2020-08-19,12028.923828125,313.5573533060185,269.9385922940173,113.64455185030188,117.89458541050803,187.4600067138672,1.1954572200775146
2020-08-20,11900.4111328125,312.8094445236258,271.3027265459482,114.83760501028006,118.46537088848113,183.7100067138672,1.1868449449539185
2020-08-21,11899.259765625,313.65889664211295,273.1504740176178,121.11817195845913,119.4339852378408,182.80999755859375,1.1886366605758667
2020-08-22,11689.4072265625,,,,,,
2020-08-23,11713.4296875,,,,,,
2020-08-24,11807.6318359375,316.68734541310374,276.69141729040325,124.91804835697145,120.02206098282159,182.92999267578125,1.1852554082870483
2020-08-25,11778.2998046875,317.8045584997105,276.7494410173016,121.42131690614454,120.3420533478604,181.25,1.184413194656372
2020-08-26,11530.052734375,321.17450165786835,282.7089445354077,123.17937664467517,120.48906611212308,183.5800018310547,1.1839923858642578
2020-08-27,11570.7861328125,323.0579957694621,284.28594177799596,123.65708422717836,120.8090686867007,185.1699981689453,1.1898529529571533
2020-08-28,11545.615234375,323.8149730699144,283.6376882543655,122.64589153107447,120.13450438001263,185.39999389648438,1.1920371055603027
2020-08-29,11585.640625,,,,,,
2020-08-30,11715.2646484375,,,,,,
2020-08-31,11768.876953125,324.35060666428654,287.0914797713417,127.06656032182518,119.97883357493765,185.52999877929688,1.1963582038879395
2020-09-01,12067.0810546875,325.6523902806764,290.2743842249935,130.75245576113278,119.53778233070722,186.99000549316406,1.2011290788650513
2020-09-02,11964.8232421875,331.22908325949226,293.6218196745437,133.83698109172641,122.3225087534057,183.86000061035156,1.1924351453781128
2020-09-03,11443.0224609375,329.0408299804579,288.90067685198176,124.97139321089942,122.54740634628436,182.82000732421875,1.184805989265442
2020-09-04,10663.919921875,321.14678232846006,279.5260664086072,119.98573625952378,120.37667314063583,182.10000610351562,1.186352252960205
2020-09-05,10581.5712890625,,,,,,
2020-09-06,10353.927734375,,,,,,
2020-09-07,10399.1533203125,,,,,,1.1848621368408203
2020-09-08,10414.775390625,316.35492934972956,269.1645771285318,115.41715402612338,119.90101361924482,182.27000427246094,1.1828720569610596
2020-09-09,10350.54296875,316.1887312996784,270.93507941244224,115.56267714207601,120.69663417978248,183.22000122070312,1.183053970336914
2020-09-10,10503.912109375,316.25336585308577,273.01514191283803,116.88184747247477,119.97017211600294,184.67999267578125,1.1914690732955933
2020-09-11,10434.9228515625,311.11987273507737,266.2622594432859,111.77005705290503,119.91827045396857,183.5500030517578,1.1876484155654907
2020-09-12,10578.837890625,,,,,,
2020-09-13,10577.21484375,,,,,,
2020-09-14,10800.0107421875,314.2682976219797,268.19720409347343,112.4490333059739,120.71393401540705,184.3000030517578,1.188800573348999
2020-09-15,10938.6318359375,315.7824287686118,271.32200674248566,115.26197700807842,120.87825513500728,184.6699981689453,1.1900993585586548
2020-09-16,11100.1240234375,316.74269857760834,271.2349710635181,112.51695412354394,121.22417596380936,185.00999450683594,1.1883004903793335
2020-09-17,11037.4208984375,311.79395770580686,265.46898310217205,108.83105303274593,119.24371485575544,183.08999633789062,1.1830118894577026
2020-09-18,11034.908203125,310.9933360912378,263.23421712157796,107.55065948223604,119.28694938337601,184.08999633789062,1.1871000528335571
2020-09-19,11134.0927734375,,,,,,
2020-09-20,11095.8701171875,,,,,,
2020-09-21,10988.3046875,303.2437490415965,258.93871171805404,106.88138640178967,118.88912091515986,180.2899932861328,1.187300205230713
2020-09-22,10568.0771484375,306.73847660305466,264.1919286218145,109.47121104759135,120.23829604316323,180.02000427246094,1.1773016452789307
2020-09-23,10537.828125,307.01660211722344,263.4760259522478,108.74373815268274,119.71071633290364,177.25999450683594,1.172000527381897
2020-09-24,10771.056640625,302.9379378728557,259.9544931293643,106.93960365288808,118.6123685581142,176.24000549316406,1.168100118637085
2020-09-25,10777.6962890625,305.5148717009548,263.534030994483,109.06382969318265,119.33881261700473,175.3000030517578,1.168510913848877
2020-09-26,10772.9990234375,,,,,,
2020-09-27,10803.9765625,,,,,,
2020-09-28,10945.34765625,310.5020659374077,268.1778259277344,111.85735453793174,121.02527454013077,176.80999755859375,1.167965054512024
2020-09-29,10860.0009765625,310.3259488282698,268.67126345851136,111.84764500982021,119.71073359861843,178.3300018310547,1.1741636991500854
2020-09-30,10847.2568359375,313.5889914411936,271.9412485466263,113.73911550361659,120.94744218577702,178.61000061035156,1.1756407022476196
2020-10-01,10933.6240234375,314.0060289873834,273.67300696591815,114.18530951408272,121.06850367340269,179.5,1.1767003536224365
2020-10-02,10657.837890625,312.40235285633963,273.0537255295672,111.90588643755389,120.31612334559328,179.2899932861328,1.1747002601623535
2020-10-03,10598.9404296875,,,,,,
2020-10-04,10686.0,,,,,,
2020-10-05,10793.5078125,315.1370397279588,271.3606585893646,113.14742776439395,120.77446679406091,180.13999938964844,1.1796625852584839
2020-10-06,10797.578125,317.1856469045774,272.03799199821265,112.63334341918222,121.74307434292294,180.3699951171875,1.1807351112365723
2020-10-07,10680.5078125,316.6850714131168,271.60258420390795,112.0804462459722,122.2792880920926,177.4199981689453,1.178139328956604
2020-10-08,10945.7373046875,318.7429656383515,273.2762906768677,112.90492288741173,122.74629603980401,178.4499969482422,1.1781338453292847
2020-10-09,11102.671875,321.9873559657683,276.48820983920064,113.48689220853392,124.22517693564396,181.1699981689453,1.1824523210525513
2020-10-10,11442.2109375,,,,,,
2020-10-11,11428.8134765625,,,,,,
2020-10-12,11698.4677734375,328.1703711128486,287.77841538987593,121.42129686008033,125.68674115990171,180.8300018310547,1.182732105255127
2020-10-13,11548.984375,326.7335584990035,287.381797083209,121.62499394990238,125.26296261609023,178.60000610351562,1.1814186573028564
2020-10-14,11539.9775390625,326.2328927919299,286.7045481035689,119.33586502763562,125.48782113385109,179.58999633789062,1.177024483680725
2020-10-15,11569.9140625,322.60839393885817,281.2481213833502,117.56079523723751,124.87381007273359,179.14999389648438,1.1760554313659668
2020-10-16,11540.0615234375,325.13911424772533,283.72480514243966,117.90030584427576,126.1537571299763,179.32000732421875,1.1746740341186523
2020-10-17,11386.26171875,,,,,,
2020-10-18,11483.359375,,,,,,
2020-10-19,11799.0927734375,323.82278285072874,281.9930140510619,116.80421323996534,125.73864034804356,179.47999572753906,1.1795234680175781
2020-10-20,11999.91796875,321.55165885307974,278.25865110562756,115.4074757022461,125.99807872161495,179.6699981689453,1.1839923858642578
2020-10-21,13184.56640625,320.43004263717467,277.9684692915658,115.14558807058964,124.83054741472006,181.30999755859375,1.1882128715515137
2020-10-22,13161.59375,320.03139112703093,276.6720349800974,114.49569279996962,124.14094729574231,179.02999877929688,1.1869436502456665
2020-10-23,13015.9619140625,320.7266408105194,275.6368920231041,113.05043193781697,124.2540104295332,179.1999969482422,1.1859582662582397
2020-10-24,13145.06640625,,,,,,
2020-10-25,13329.18359375,,,,,,
2020-10-26,13225.2978515625,317.9365067637999,276.0141826669079,113.05043475532885,123.5322111843354,179.13999938964844,1.1851009130477905
2020-10-27,13759.6689453125,315.2852783983385,274.2823927954523,113.7585204355671,124.6540153314145,179.42999267578125,1.183800458908081
2020-10-28,13837.6953125,313.55189240092136,269.5709647553025,111.96406058991157,122.56691510703433,176.85000610351562,1.178828239440918
2020-10-29,13612.0478515625,309.0559761451705,270.3933053778075,113.41902674173545,120.95804890846037,176.13999938964844,1.1759172677993774
2020-10-30,13651.5166015625,305.61691969344054,266.2816545248934,108.6273463236584,120.00147902143647,177.36000061035156,1.1703435182571411
2020-10-31,14028.2138671875,,,,,,
2020-11-01,13862.033203125,,,,,,
2020-11-02,13808.3232421875,308.09188741481535,264.61760122108484,107.35668150297613,121.74944275122688,177.92999267578125,1.1656994819641113
2020-11-03,13984.9814453125,313.55185999385526,267.81023104252813,108.14235394209176,124.06266859432787,179.38999938964844,1.1741995811462402
2020-11-04,14218.7666015625,322.5343454427772,279.37119395772714,112.1192260110622,124.35837111775079,179.19000244140625,1.176885962486267
2020-11-05,15706.404296875,326.4739785623512,285.7757714676253,116.0282591074031,124.81927040736664,183.2899932861328,1.1856770515441895
2020-11-06,15903.4375,325.843686899162,285.7466768198445,115.82031028925553,125.28886389006465,183.52999877929688,1.1890605688095093
2020-11-07,15737.095703125,,,,,,
2020-11-08,15637.3203125,,,,,,
2020-11-09,15785.13671875,337.77387297534375,289.4037862454674,118.53121707167843,127.76731684503523,176.4499969482422,1.1919234991073608
2020-11-10,15450.3291015625,329.2456185696468,277.329909878657,114.25598657554706,122.28860302852375,176.91000366210938,1.184356927871704
2020-11-11,15916.2607421875,331.4518918826983,280.80308279556846,116.23813418126791,124.35838717819283,175.27999877929688,1.1832919120788574
2020-11-12,16305.00390625,330.6731507511697,282.56377674646967,117.1126214574974,123.96703468353863,176.77000427246094,1.182300090789795
2020-11-13,16463.177734375,332.69399774467473,282.080090662229,116.27699537989376,125.64541406418539,177.8000030517578,1.1833899021148682
2020-11-14,16317.80859375,,,,,,
2020-11-15,16123.1103515625,,,,,,
2020-11-16,16816.181640625,336.2906972148393,283.9568902266767,117.55959167779801,125.90630449968656,177.91000366210938,1.186873197555542
2020-11-17,17782.919921875,335.49348521603423,284.1794805378679,117.24865091924097,124.76711467964195,177.44000244140625,1.1892727613449097
2020-11-18,18393.94921875,335.1041695450707,283.8215068214784,116.42275908285534,123.57571282362298,176.86000061035156,1.1891002655029297
2020-11-19,18119.546875,332.02657957234703,283.1733614202111,115.68430461397098,121.85378193907208,175.22000122070312,1.1855363845825195
2020-11-20,18773.2265625,331.6002372367879,283.53125152891744,115.40250938194856,122.05380173118476,176.3800048828125,1.1890889406204224
2020-11-21,18936.62109375,,,,,,
2020-11-22,18688.96875,,,,,,
2020-11-23,18711.42578125,332.61984167212626,283.2216804949819,114.28512261237464,121.70596928291943,175.24000549316406,1.1905895471572876
2020-11-24,19348.271484375,337.2454941499389,285.3791218456151,112.56530706965945,121.61031652724641,169.69000244140625,1.1893858909606934
2020-11-25,19390.96484375,336.643026242167,287.27527129063463,113.43979858279869,121.218966183531,170.52000427246094,1.1928049325942993
2020-11-26,18866.28515625,,,,,,1.1940997838974
2020-11-27,17445.0234375,337.5885255934708,290.40020243829326,114.15880846315034,120.78413960161299,167.8300018310547,1.1961865425109863
2020-11-28,17853.939453125,,,,,,
2020-11-29,18283.62890625,,,,,,
2020-11-30,19749.263671875,336.6057984090239,290.20674784840224,117.5401594833683,121.05372894256827,167.42999267578125,1.2002063989639282
2020-12-01,19845.974609375,340.8329840925718,295.20856459471554,119.96929026603713,121.34941326207526,170.47999572753906,1.2053565979003906
2020-12-02,19308.330078125,340.16550576049775,294.2990329472495,119.87208764992158,121.69726556476627,171.75999450683594,1.210741639137268
2020-12-03,19566.19140625,341.30563466169116,295.9244255282771,120.27049531657391,120.31454678200876,172.85000610351562,1.2175003290176392
2020-12-04,19511.404296875,342.8444519042969,295.7212523508224,119.37657225081612,119.88839869426964,173.32000732421875,1.2177746295928955
2020-12-05,19160.44921875,,,,,,
2020-12-06,19390.5,,,,,,
2020-12-07,19411.828125,342.6312837481267,297.6174841686004,121.038083362331,119.7840773024259,175.2899932861328,1.2163525819778442
2020-12-08,19283.478515625,343.7065284410971,298.55573665923015,121.43647940149512,120.68851324748093,175.92999267578125,1.213415503501892
2020-12-09,18626.29296875,343.9567854109432,298.32367239555253,122.37896912827428,120.04493602001764,174.0399932861328,1.214900016784668
2020-12-10,18553.298828125,340.99979809475724,293.7959544453921,120.35793100204793,119.07098189186983,173.5800018310547,1.2158055305480957
2020-12-11,18268.453125,339.961585539684,292.1513167618586,119.27940607418536,118.96660395665303,173.32000732421875,1.2163970470428467
2020-12-12,18919.55078125,,,,,,
2020-12-13,19381.53515625,,,,,,
2020-12-14,19305.099609375,342.7981536293505,296.0888159756463,119.85268774115538,119.94927126088828,172.52000427246094,1.2174040079116821
2020-12-15,19525.0078125,342.6034851074219,297.2884826660156,124.27364851643785,119.6101215390348,173.97999572753906,1.2166485786437988
2020-12-16,21458.908203125,344.05878627456207,299.7071572141739,124.73034594931227,120.24499764955524,175.02000427246094,1.2212995290756226
2020-12-17,23642.66015625,345.263965399899,301.1098646667226,125.90604917528667,120.98415112428057,177.8699951171875,1.2263002395629883
2020-12-18,23238.6015625,345.5161309651634,301.8258445629671,125.43963827870924,121.81031384709881,176.97999572753906,1.2268433570861816
2020-12-19,24085.85546875,,,,,,
2020-12-20,24209.66015625,,,,,,
2020-12-21,24059.982421875,352.3212438699424,299.9401559146954,124.67204812925546,120.38406581922636,176.94000244140625,1.223466157913208
2020-12-22,23789.90234375,342.8909354359635,301.14198037145707,130.59908932336018,120.07103066380755,176.33999633789062,1.2259002923965454
2020-12-23,24024.490234375,344.0917832562604,300.62832914085624,128.67518682478877,119.61879690738176,176.2100067138672,1.2219412326812744
2020-12-24,23768.337890625,343.542544801245,300.4733229488622,129.67606189128196,120.12320240401567,176.3699951171875,1.2217471599578857
2020-12-25,24710.1015625,,,,,,1.2212995290756226
2020-12-26,26718.0703125,,,,,,
2020-12-27,28288.83984375,,,,,,
2020-12-28,27389.111328125,346.85661348489737,303.52629219348063,133.44601785068772,121.218966183531,177.91000366210938,1.2252004146575928
2020-12-29,27370.720703125,348.16926748527214,304.9993991652534,134.8549062093824,121.69727451149079,176.97000122070312,1.2275993824005127
2020-12-30,28937.740234375,347.33147772383484,304.8055799060059,132.13426190963798,120.81022184030083,177.72000122070312,1.2308752536773682
2020-12-31,29244.876953125,348.78371400805713,304.5633078720077,130.91973597132423,121.13199692404078,178.39999389648438,1.230950951576233
2021-01-01,29600.626953125,,,,,,1.2216993570327759
2021-01-02,33155.1171875,,,,,,
2021-01-03,34608.55859375,,,,,,
2021-01-04,33440.21875,349.5191455225328,305.5809886517187,129.82176713240116,121.62772615425689,182.39999389648438,1.23099946975708
2021-01-05,34437.58984375,346.7729211198693,302.52799789208564,128.00480720900393,120.81024100259265,183.2100067138672,1.2294830083847046
2021-01-06,36879.69921875,350.9434604581976,302.27596093217613,127.33435496235823,122.65386881589775,181.5800018310547,1.2350252866744995
2021-01-07,40180.3671875,353.6617584095082,306.1140511445384,127.89790663345559,121.86251889186384,179.9199981689453,1.2345678806304932
2021-01-08,41946.73828125,355.14201412513074,309.5547095596435,128.8695721666665,120.93198028488852,176.99000549316406,1.2282146215438843
2021-01-09,41436.3515625,,,,,,
2021-01-10,41420.19140625,,,,,,
2021-01-11,38346.53125,354.29472820622965,307.42251398648114,126.47928319135579,121.26245292032918,173.67999267578125,1.2199585437774658
2021-01-12,36568.52734375,353.6245779387695,305.86196847203695,126.01292826031991,120.22760047670215,174.17999267578125,1.217848777770996
2021-01-13,37599.9609375,354.55552607698144,307.10255714318254,127.722975761063,120.07106455804148,174.4600067138672,1.2224938869476318
2021-01-14,39966.40625,354.8068647184422,307.7519591297655,127.28576659581172,119.70577820004702,174.22000122070312,1.217285394668579
2021-01-15,39577.7109375,351.5020240301078,305.4162130604736,126.52789226757409,118.44480065169873,173.07000732421875,1.2162491083145142
2021-01-16,37864.3671875,,,,,,
2021-01-17,36722.3515625,,,,,,
2021-01-18,37299.28515625,,,,,,1.2086198329925537
2021-01-19,37755.890625,353.0380654699637,307.17038872417515,125.0607045202907,118.58394459407738,172.85000610351562,1.2144912481307983
2021-01-20,36378.328125,358.21405551285824,314.73999687481995,128.7335395413519,116.35769443493,175.47000122070312,1.2160005569458008
2021-01-21,35552.6796875,358.3629793057075,317.05636614976254,135.70998009916667,115.47598756406809,175.50999450683594,1.2171964645385742
2021-01-22,33811.8515625,357.5995496377505,316.407031469177,135.88483658611096,115.02104349151575,174.2899932861328,1.2188003063201904
2021-01-23,33360.9765625,,,,,,
2021-01-24,32944.0078125,,,,,,
2021-01-25,34802.7421875,358.1953752542542,320.14819254019943,140.97627022018892,116.35962474273006,174.9600067138672,1.218599796295166
2021-01-26,32794.55078125,359.20083303759526,319.60538909572153,140.20862884927783,116.77082246699038,174.25999450683594,1.2175003290176392
2021-01-27,32564.029296875,354.05278710492604,316.2229033857122,140.2087220647341,116.44712059328685,173.52000427246094,1.2171372175216675
2021-01-28,33858.3125,355.55158851320573,316.3681877018211,137.96412665197045,115.17851401389518,174.72999572753906,1.214399814605713
2021-01-29,38406.26171875,350.6548810290884,310.8437251270906,132.86305498594893,113.98867778102999,175.16000366210938,1.2157005071640015
2021-01-30,34834.70703125,,,,,,
2021-01-31,34288.33203125,,,,,,
2021-02-01,34638.21484375,351.2785927627981,313.57699184052035,131.54157860190338,113.43750410369015,175.25999450683594,1.2136069536209106
2021-02-02,35896.8828125,356.7524870405597,318.74274338725553,132.44522526454477,114.36487950651845,172.52999877929688,1.208795189857483
2021-02-03,37480.1875,357.19937586145977,320.0317801451322,131.92052618668296,113.0350433910196,172.58999633789062,1.204999327659607
2021-02-04,38592.17578125,359.56389983293474,320.1578121508223,133.5042942626405,113.26254452815638,168.39999389648438,1.2043839693069458
2021-02-05,38225.90625,361.63989189934597,322.16404935647347,133.7232884555335,113.82246757857999,170.17999267578125,1.2039779424667358
2021-02-06,40846.546875,,,,,,
2021-02-07,39621.8359375,,,,,,
2021-02-08,46203.9296875,363.58553679527535,323.4627852420299,133.2756324021585,113.82247672151982,172.39999389648438,1.2068549394607544
2021-02-09,48003.72265625,363.89283904052365,324.499793362467,134.1708861386868,113.6824721955993,173.02999877929688,1.211475133895874
2021-02-10,47145.56640625,365.1868298240842,325.1298974039891,133.3048434386966,113.00006677149894,173.22000122070312,1.2143733501434326
2021-02-11,48463.46875,364.637514691375,324.68402657650824,132.72095704438246,113.14877949698997,172.8699951171875,1.2150993347167969
2021-02-12,48745.734375,365.7639351240039,326.2541649835537,131.88409294253404,112.0989486750616,171.64999389648438,1.213592290878296
2021-02-13,48047.74609375,,,,,,
2021-02-14,49487.640625,,,,,,
2021-02-15,48875.5703125,,,,,,1.214699387550354
2021-02-16,50341.1015625,366.94625368053585,327.77575674947775,132.35120265140839,112.13392035718068,170.07000732421875,1.2171002626419067
2021-02-17,52533.9140625,365.54052650809217,325.32364843742187,128.6631634845205,113.28877934915006,167.33999633789062,1.2098335027694702
2021-02-18,52474.10546875,364.4791716714211,323.588724197162,126.50286477250336,113.60374566338574,167.3000030517578,1.2089003324508667
2021-02-19,56113.65234375,365.2798942259746,323.70520406272936,127.19378012757379,113.24504848577956,167.94000244140625,1.2147716283798218
2021-02-20,57505.2265625,,,,,,
2021-02-21,58330.5703125,,,,,,
2021-02-22,57533.390625,362.7104930424211,317.70570246324013,126.2304187991235,111.32027906731162,169.88999938964844,1.2155098915100098
2021-02-23,54204.9296875,362.08674292738397,313.2473882716304,123.30137584564321,113.67372211541219,169.74000549316406,1.2178784608840942
2021-02-24,51290.13671875,365.1401946066292,314.458926239365,122.18230093698557,112.19518635152284,169.13999938964844,1.2174040079116821
2021-02-25,51948.96875,364.81438610383606,314.05180431465607,123.0580814668372,112.85133330296713,167.66000366210938,1.224155068397522
2021-02-26,48370.78515625,358.9495032557424,309.2832947787823,121.49143122307309,111.04907102118261,165.10000610351562,1.2182493209838867
2021-02-27,48253.26953125,,,,,,
2021-02-28,46716.4296875,,,,,,
2021-03-01,49784.015625,363.92069420530373,313.96459422673973,124.48856634693102,109.78924616702398,163.35000610351562,1.2101556062698364
2021-03-02,50127.51171875,363.12942703807903,314.34256880454757,125.2572974809927,109.23807400905804,162.92999267578125,1.2080358266830444
2021-03-03,52535.13671875,360.11314003050495,308.4401177344463,122.32829506323422,108.66062912270996,161.69000244140625,1.2110495567321777
2021-03-04,51735.08984375,357.47863729094,302.431000946029,120.27504677444026,109.15933481414524,161.4600067138672,1.2064006328582764
2021-03-05,49396.4296875,358.18611506318695,300.0758233790927,118.65970219404976,110.5241265419834,159.82000732421875,1.196859359741211
2021-03-06,49147.21875,,,,,,
2021-03-07,51384.3671875,,,,,,
2021-03-08,52314.0703125,360.90449901744677,300.512003576939,117.74497601487798,112.7725860282886,158.74000549316406,1.1932177543640137
2021-03-09,54824.1171875,362.9804680067196,304.06900708490633,118.7764956848191,112.79009520452229,161.25,1.191599726676941
2021-03-10,57258.25390625,364.3675242968636,306.724620626328,118.88353130372107,112.35264493526192,161.77999877929688,1.1925063133239746
2021-03-11,58091.0625,368.3240087626398,310.01020925245535,119.89554261056912,111.85396482890008,161.97999572753906,1.1977769136428833
2021-03-12,57996.62109375,366.9834454384432,308.4304164004417,117.91040318694742,112.70260958061039,161.69000244140625,1.1990407705307007
2021-03-13,61683.86328125,,,,,,
2021-03-14,61597.91796875,,,,,,
2021-03-15,60540.9921875,369.292123945395,309.1767104053718,120.66429697426416,112.89506891747384,162.5500030517578,1.1965444087982178
2021-03-16,56833.1796875,370.35341719951157,314.2166196657638,123.79765430298438,113.71746049139071,163.1999969482422,1.1953001022338867
2021-03-17,58969.81640625,370.6234044689322,313.8773597153626,122.47423118424491,113.59497232700183,164.14999389648438,1.1917999982833862
2021-03-18,60116.25,369.32016304138693,308.0912516000334,119.86631097163686,112.8950832406734,162.82000732421875,1.1990997791290283
2021-03-19,59498.375,365.7197518785145,305.0381957585479,118.16341092060107,113.50750954974495,163.42999267578125,1.1937447786331177
2021-03-20,60031.28515625,,,,,,
2021-03-21,58767.8984375,,,,,,
2021-03-22,58471.48046875,368.0546989422797,311.2557415596167,120.53777713211232,114.51362224300954,163.1300048828125,1.1937447786331177
2021-03-23,55985.44140625,367.4849108087404,311.5954035747394,120.89781850320577,116.61334074954253,162.49000549316406,1.1943150758743286
2021-03-24,57262.3828125,366.8218139815274,309.24698344349076,119.59386443754735,116.48209728594915,162.88999938964844,1.1851149797439575
2021-03-25,53392.38671875,364.76703777153006,303.63792180700096,118.38723908571315,116.90203190885703,163.5800018310547,1.1830118894577026
2021-03-26,55137.3125,370.24025947344177,306.97620431068236,118.21205879522662,118.64308225181699,162.72999572753906,1.1804006099700928
2021-03-27,56568.21484375,,,,,,
2021-03-28,56610.3125,,,,,,
2021-03-29,58342.09765625,370.5577590931056,307.6165938416788,119.28248673827066,120.3840869531467,161.52000427246094,1.179356575012207
2021-03-30,59447.22265625,369.34358094645273,305.5981544684456,117.16112532326552,119.8591711182265,158.1999969482422,1.1775789260864258
2021-03-31,59930.02734375,371.7251997987825,311.25567626161677,120.19719278132602,119.64044959517956,160.67999267578125,1.1758618354797363
2021-04-01,59586.0703125,374.21890698843123,315.10840953726546,120.83942678607517,118.52933554560927,162.11000061035156,1.1775789260864258
2021-04-02,60267.1875,,,,,,1.1787004470825195
2021-04-03,60110.26953125,,,,,,
2021-04-04,58913.74609375,,,,,,
2021-04-05,59891.296875,380.07508186806007,322.0275734895839,122.7661761594041,120.0778779899595,162.39999389648438,1.1816140413284302
2021-04-06,59479.578125,380.35526059128404,322.988202846914,123.71007628588559,119.87665072800387,163.52999877929688,1.1855363845825195
2021-04-07,58731.14453125,380.0937075716996,322.6486417637379,124.4788169278638,120.14787720456003,163.30999755859375,1.1914690732955933
2021-04-08,58338.73828125,381.60675691392385,325.35598437073554,126.88237171232534,120.41035574098618,164.77000427246094,1.1914832592010498
2021-04-09,58937.046875,384.4927845941178,327.34547423273773,129.46109760648577,120.09540274121572,163.66000366210938,1.1923214197158813
2021-04-10,61276.6640625,,,,,,
2021-04-11,60790.5546875,,,,,,
2021-04-12,61253.03515625,384.73561726762654,327.1319384107249,129.27619297458608,119.89413589447099,162.8000030517578,1.1920371055603027
2021-04-13,63742.28515625,386.22993756231864,330.9943520410831,131.03752892907758,119.32546296062242,163.85000610351562,1.1953144073486328
2021-04-14,64863.09765625,386.6316009841835,330.89730297398444,131.36837696548068,118.80055521294574,163.0500030517578,1.198193073272705
2021-04-15,63821.671875,388.68632933197097,331.8967711284942,131.36840082898902,120.52407549910522,165.7899932861328,1.199313998222351
2021-04-16,63594.72265625,390.32076721988585,332.1102548083261,131.0472241792983,120.64655803063059,166.80999755859375,1.199472188949585
2021-04-17,62572.17578125,,,,,,
2021-04-18,61057.45703125,,,,,,
2021-04-19,57520.0546875,389.228034481116,331.47951864409623,131.82571884662076,119.92915633474921,166.44000244140625,1.2048193216323853
2021-04-20,57062.1484375,387.6869614412357,329.4804566209722,131.88410306298763,121.2501887743532,166.80999755859375,1.2081671953201294
2021-04-21,56757.97265625,388.8078639132317,329.44161675184677,130.15198139662152,121.23276120675443,168.38999938964844,1.204529047012329
2021-04-22,55410.23046875,389.26549578003414,329.8491811367838,130.54119550814494,119.56062486146821,167.52999877929688,1.2070006132125854
2021-04-23,52120.79296875,390.63838128168265,330.6934492560074,131.4851323617936,118.93551165038389,167.52999877929688,1.2077994346618652
2021-04-24,51167.5625,,,,,,
2021-04-25,50506.01953125,,,,,,
2021-04-26,54288.00390625,390.61033277407387,331.80944813703036,131.426751593288,117.77325680232234,166.8699951171875,1.2118273973464966
2021-04-27,55416.96484375,390.53563632822335,332.03268779719735,131.76736083305914,116.12674252460462,167.14999389648438,1.209189772605896
2021-04-28,56227.20703125,391.34820981136744,330.7711011449007,131.38779099688364,116.09153243458078,166.9600067138672,1.2102141380310059
2021-04-29,55115.84375,392.94535069156444,332.66342562514154,133.38270410909877,117.0952941888153,166.25999450683594,1.215214490890503
2021-04-30,57900.71875,390.90922633880604,330.19856182815215,129.96709820494203,117.69401268452711,166.0,1.2128562927246094
2021-05-01,58448.33984375,,,,,,
2021-05-02,57902.59375,,,,,,
2021-05-03,58973.30859375,392.12336135927444,329.9462685840966,130.4633727552625,119.46377248634343,168.42999267578125,1.2077994346618652
2021-05-04,57214.1796875,389.0973204297574,324.0170439512087,127.9528162936493,119.5958895934812,168.5500030517578,1.2063002586364746
2021-05-05,57911.36328125,390.05932889798106,323.2891119484255,126.94076551104096,118.83863220737692,167.30999755859375,1.2029350996017456
2021-05-06,58363.31640625,391.5350396849246,321.8625782847719,126.25959594495404,119.19083410766574,170.2899932861328,1.2070006132125854
2021-05-07,58606.6328125,394.9067598070732,326.69525424159224,127.94593245749884,119.77194441241869,172.5500030517578,1.2165449857711792
2021-05-08,59464.61328125,,,,,,
2021-05-09,59210.8828125,,,,,,
2021-05-10,59519.35546875,394.8319841776763,323.11446068167044,126.26935540308767,121.87627312845864,172.83999633789062,1.217730164527893
2021-05-11,56872.54296875,387.8550402733602,316.4864337699325,123.0819142652862,122.20206692964499,172.1699981689453,1.2179675102233887
2021-05-12,57939.36328125,385.35207938683834,313.08019964815134,121.4930768252382,120.62600924556125,171.83999633789062,1.2150667905807495
2021-05-13,51330.84375,385.12790123879364,312.8667004156544,122.96495825371117,121.97313680450515,171.27000427246094,1.2106537818908691
2021-05-14,51438.1171875,389.9285412046908,317.6508549788167,124.66102519199373,122.47503237626586,172.6999969482422,1.2147716283798218
2021-05-15,50639.6640625,,,,,,
2021-05-16,49720.04296875,,,,,,
2021-05-17,46623.55859375,388.90121223521504,316.7192956178089,123.72525662054227,122.44860115620233,175.0,1.2169995307922363
2021-05-18,45812.45703125,388.5929084065509,316.99089148147596,123.78375308679564,121.35680536619458,175.2100067138672,1.2232415676116943
2021-05-19,43546.1171875,383.91363455674485,313.35188688296495,121.76600548369002,120.47634894814458,177.0,1.2247997522354126
2021-05-20,42462.984375,389.1253542262279,319.96052014548815,124.49532449020155,122.13162528857356,176.4600067138672,1.2229005098342896
2021-05-21,42172.171875,390.59166843930177,321.0764948131622,124.76825004025154,122.33413232234307,176.86000061035156,1.2242000102996826
2021-05-22,38831.0546875,,,,,,
2021-05-23,38289.21875,,,,,,
2021-05-24,39835.140625,392.57169424932044,323.8034675119384,124.70975612799803,122.21086146724068,176.58999633789062,1.2229423522949219
2021-05-25,39776.3515625,392.9359980945385,324.90973352546797,125.08018314804377,121.92910520332981,177.9499969482422,1.2267003059387207
2021-05-26,40782.078125,391.90862721701114,324.7156349543194,124.17364475386753,122.26371352279693,178.61000061035156,1.2265002727508545
2021-05-27,40379.6171875,392.9453300641983,324.64775252730004,124.41734339161216,121.75302775648261,177.82000732421875,1.2216993570327759
2021-05-28,38856.96875,393.44035318988387,325.6471833857961,122.6237861257757,119.85998677396861,178.42999267578125,1.2201074361801147
2021-05-29,37234.5,,,,,,
2021-05-30,36400.66796875,,,,,,
2021-05-31,37468.25,,,,,,1.2233912944793701
2021-06-01,37896.734375,394.8132051933898,325.8607862429022,122.18515038351808,119.74551951076337,178.85000610351562,1.2254151105880737
2021-06-02,38231.33984375,393.4216927574089,324.4536445747608,122.07792145343016,117.65878979411784,178.77999877929688,1.2229423522949219
2021-06-03,39478.953125,392.26357557779556,322.0468984988941,121.6977752920281,119.6662758511762,175.8300018310547,1.2215979099273682
2021-06-04,39242.484375,395.0001143194918,326.1228117751915,122.9746892227133,120.291421142197,177.57000732421875,1.2187690734863281
2021-06-05,37917.71484375,,,,,,
2021-06-06,36436.421875,,,,,,
2021-06-07,36790.5703125,394.86931434784225,326.7050129897003,123.1306617200527,120.48513432558936,177.89999389648438,1.220199704170227
2021-06-08,34017.38671875,395.2709411073429,329.2572808014558,125.21664395698274,120.40587491685409,177.5399932861328,1.219660997390747
2021-06-09,37537.37109375,395.31766180851946,328.9466900273445,124.52456067367201,120.13295613200653,177.8000030517578,1.221899390220642
2021-06-10,38334.32421875,396.5971509849046,330.3926828218931,124.95345011953233,120.05373492836453,177.85000610351562,1.2192147970199585
2021-06-11,37608.6953125,396.41041324763955,331.1592804285053,124.22239799050632,119.63106497630785,176.57000732421875,1.2195003032684326
2021-06-12,37408.92578125,,,,,,
2021-06-13,39322.78125,,,,,,
2021-06-14,40978.36328125,397.2883323557152,334.3324685836462,127.24408300420586,118.89146590316567,175.05999755859375,1.2131506204605103
2021-06-15,41295.26953125,397.37243850900103,334.28407716789974,127.30258955054586,119.42855132922305,174.9199981689453,1.2149192094802856
2021-06-16,40516.77734375,396.82139377668875,333.6726958677757,127.58525904482703,119.37570596771069,174.47000122070312,1.2134994268417358
2021-06-17,39513.671875,395.0935248680887,336.137612619447,129.20336059736883,118.12546462483392,167.6199951171875,1.2007685899734497
2021-06-18,38187.26171875,391.52280806426444,334.61400465829917,128.18958451442367,117.4122654320884,166.72000122070312,1.1927480697631836
2021-06-19,36457.796875,,,,,,
2021-06-20,36059.484375,,,,,,
2021-06-21,35721.640625,394.54941864548533,334.88560197114685,129.06686377457612,117.33300597329199,167.22000122070312,1.1920514106750488
2021-06-22,33292.453125,397.30431488608144,338.1306232649226,130.69475593415476,118.00219677382185,166.9199981689453,1.1917530298233032
2021-06-23,34753.41015625,397.3512120232172,338.9952130924093,130.92869718078555,117.4210411838903,168.02999877929688,1.1969999074935913
2021-06-24,35228.8515625,398.756702636822,341.4629725682367,131.24058178501798,117.37703793676761,167.22999572753906,1.1956716775894165
2021-06-25,35487.24609375,400.1998499000936,340.7440673140973,130.50954241745376,119.34050351520705,167.52999877929688,1.1974470615386963
2021-06-26,32637.587890625,,,,,,
2021-06-27,34656.12890625,,,,,,
2021-06-28,35219.890625,400.7245682950884,343.78498832779104,131.83519451956099,119.88639862775,166.91000366210938,1.1946003437042236
2021-06-29,36542.109375,401.5772628150839,344.9217846528403,133.0438880631515,119.59584986184329,165.27999877929688,1.1930327415466309
2021-06-30,36074.7578125,401.78343362434913,345.1258343350431,133.94068011687085,119.12038740470727,166.10000610351562,1.1910432577133179
2021-07-01,35035.984375,403.48877689800884,344.98978702607894,133.8627124846623,119.86880621044705,166.8800048828125,1.188399314880371
2021-07-02,33939.58984375,406.7684327334074,348.7594431935655,136.46525305919846,120.30906275255317,167.72000122070312,1.1860989332199097
2021-07-03,34909.26171875,,,,,,
2021-07-04,35937.56640625,,,,,,
2021-07-05,35284.34375,,,,,,1.1882002353668213
2021-07-06,35038.53515625,406.68410626099694,350.2264005610299,139.53572463895688,120.0096735312049,169.64999389648438,1.1896264553070068
2021-07-07,34997.6640625,407.38690265779184,352.4415578919642,141.23180423568894,121.14551110647749,169.22999572753906,1.1841325759887695
2021-07-08,33907.90625,404.5476647115918,349.4200679163913,140.42274763655988,120.97819154455462,169.86000061035156,1.186633825302124
2021-07-09,34042.29296875,408.3988582078336,351.2174163723197,141.97261806281588,121.19835278058018,169.6199951171875,1.1874650716781616
2021-07-10,34209.0703125,,,,,,
2021-07-11,34584.703125,,,,,,
2021-07-12,34592.15625,409.8137486491912,352.56786894597764,142.62570970674338,121.03983581780356,169.16000366210938,1.1882128715515137
2021-07-13,33327.1015625,410.27294851905754,355.07446965411276,143.73688473062327,121.12789623698333,169.89999389648438,1.1877895593643188
2021-07-14,33061.3984375,410.34795874869207,355.0938850180123,145.79365573228569,121.70898915198451,171.0399932861328,1.1828006505966187
2021-07-15,33159.640625,408.10839135369446,352.85935636038874,146.2128286669575,122.61589504154854,171.3000030517578,1.1851149797439575
2021-07-16,32218.40625,408.60498202795424,352.10161833121697,145.97880173322068,123.95426376504719,170.9499969482422,1.182300090789795
2021-07-17,31935.9453125,,,,,,
2021-07-18,32398.99609375,,,,,,
2021-07-19,31885.859375,404.24778712950507,345.0771993956187,140.43250161447835,124.91396704882129,169.91000366210938,1.1823265552520752
2021-07-20,31006.1875,405.19418699140346,350.0322037168533,143.3859869898834,125.01081978894545,170.8000030517578,1.1804006099700928
2021-07-21,32752.326171875,407.33064212666307,351.27569580078125,142.4405072449087,123.44352332762975,169.0,1.1802752017974854
2021-07-22,32576.400390625,408.2864248103382,353.6074126807085,144.4582288663732,122.56308751582155,169.19000244140625,1.1829839944839478
2021-07-23,33581.55078125,412.5780122497424,358.00862805980915,144.9651069434816,124.0249895227641,168.8800048828125,1.178550362586975
2021-07-24,34490.390625,,,,,,
2021-07-25,35364.92578125,,,,,,
2021-07-26,40499.67578125,413.26215663692216,358.397282567666,146.0470440562457,124.76926005527721,168.86000061035156,1.1817537546157837
2021-07-27,39406.94140625,412.24085450951605,357.74629184182237,145.44275893789174,125.47810863014944,168.91000366210938,1.183712124824524
2021-07-28,40816.0703125,412.5781010183634,356.9982007174381,143.25929604709813,124.6363617734893,169.3800048828125,1.1830118894577026
2021-07-29,40593.0703125,413.9836250033735,357.2216659398344,142.8498571602335,124.2022270372483,171.52000427246094,1.189202070236206
2021-07-30,42235.546875,412.3531856804309,354.78301259962615,142.63542638578699,128.06522663715498,170.99000549316406,1.1911001205444336
2021-07-31,42231.44921875,,,,,,
2021-08-01,42541.6796875,,,,,,
2021-08-02,40419.1796875,413.1683708687938,356.4443940688661,143.23975875771586,126.19576554206088,170.25,1.1898996829986572
2021-08-03,39750.03125,413.49639234731455,356.4929857682527,144.30228959895823,127.7728847209014,169.8300018310547,1.1895995140075684
2021-08-04,39952.296875,413.34637278630044,357.84340112520624,144.058579914417,127.66653523084797,171.39999389648438,1.190199851989746
2021-08-05,41341.93359375,414.0304970317783,359.38819319042074,144.107320690727,127.18806675710029,169.44000244140625,1.1859005689620972
2021-08-06,43271.66015625,415.0518667835452,358.8635459227193,143.6105775396916,126.80710850287693,165.92999267578125,1.1835720539093018
2021-08-07,44689.859375,,,,,,
2021-08-08,45282.3515625,,,,,,
2021-08-09,46456.83203125,414.92070760379596,358.7664401326827,143.21037365568,126.33752204692081,163.2899932861328,1.177163004875183
2021-08-10,46637.98828125,415.5203554334606,359.0481812206712,144.19635994581478,126.26665217121656,162.11000061035156,1.174399495124817
2021-08-11,46735.6328125,415.93275988606405,358.164024939674,143.2298783064216,126.91346953239398,164.1699981689453,1.1746878623962402
2021-08-12,46228.91015625,417.2258753177017,357.43536811406886,145.50446416374155,126.83368770967817,164.10000610351562,1.175100564956665
2021-08-13,47831.9765625,417.86296875743454,358.6595490527327,145.88520764627282,127.57796504611545,166.4600067138672,1.1803003549575806
2021-08-14,48098.68359375,,,,,,
2021-08-15,47357.10546875,,,,,,
2021-08-16,47998.09765625,418.9593565822655,358.523551582133,147.59351900321374,128.19817331117298,167.38999938964844,1.18035888671875
2021-08-17,47139.5703125,416.9446399663895,356.706771841835,148.07185618392833,129.00442059854245,167.72999572753906,1.1784114837646484
2021-08-18,45952.0625,416.6354357523996,356.1917913024979,147.13475089008148,128.36654181321487,167.50999450683594,1.1731003522872925
2021-08-19,46970.76171875,413.36520830572493,355.27852960997615,144.4794213850425,128.72092899836835,167.2899932861328,1.1706860065460205
2021-08-20,49342.15234375,415.7734038110684,357.66854404771954,144.9675098694575,129.34110799332623,167.13999938964844,1.1690996885299683
2021-08-21,49717.01953125,,,,,,
2021-08-22,49471.609375,,,,,,
2021-08-23,50482.078125,420.00884318252696,363.30356582383774,146.61733569322215,128.77403916934122,168.91000366210938,1.174329161643982
2021-08-24,49878.76953125,420.2992860816183,364.32373442077983,147.27139120779157,127.71968460683541,169.27000427246094,1.17648446559906
2021-08-25,49202.87890625,421.16135587884156,364.712312564559,146.74425443123712,126.8159534492683,167.9199981689453,1.1760554313659668
2021-08-26,49347.58203125,420.599149899653,363.96424834530154,145.5727977281921,126.44382757249129,168.2100067138672,1.1781338453292847
2021-08-27,49112.78515625,422.2764515773078,365.8490398813782,145.2115961914639,126.49700667769493,170.19000244140625,1.18035888671875
2021-08-28,49283.50390625,,,,,,
2021-08-29,49644.11328125,,,,,,
2021-08-30,48925.60546875,424.544097540426,369.92956447983937,149.83882401907485,126.69192069015779,169.83999633789062,1.1811953783035278
2021-08-31,48189.55078125,424.0005588501911,369.75469441035887,149.16523456794167,127.1703781597288,169.9199981689453,1.1845533847808838
2021-09-01,49111.08984375,424.58152211457764,371.8241490290895,151.29338682527435,127.75518830519574,170.0,1.1860004663467407
2021-09-02,50343.421875,425.4623335511139,371.43547851776793,151.03956466217258,128.23360515087725,169.6300048828125,1.1872254610061646
2021-09-03,50982.2734375,425.068794112329,371.1149552699971,150.9516989362315,127.91463035364951,171.5500030517578,1.1907596588134766
2021-09-04,50545.58203125,,,,,,
2021-09-05,51868.6796875,,,,,,
2021-09-06,52700.94140625,,,,,,1.1886366605758667
2021-09-07,52853.765625,424.30040810634716,371.8921052945021,153.5191254698615,128.0298130657387,169.77999877929688,1.1887779235839844
2021-09-08,47334.0546875,423.2322084875442,371.0663801624214,153.30437064554417,128.41966684334372,168.0800018310547,1.185400128364563
2021-09-09,47261.94921875,424.0755125696742,371.2800933473203,152.39651120399355,128.3665063186839,168.27999877929688,1.1841325759887695
2021-09-10,47031.7421875,423.06354222411983,371.1051794247979,151.78148246152148,127.99438390922245,168.0800018310547,1.185300350189209
2021-09-11,45969.29296875,,,,,,
2021-09-12,46364.87890625,,,,,,
2021-09-13,46598.6796875,420.65531109155603,368.63737796393406,147.81806596111582,130.4486503448427,168.22000122070312,1.1817537546157837
2021-09-14,47218.125,420.1119029115105,367.84074796435834,147.47636462391318,129.67784139526734,169.16000366210938,1.1846994161605835
2021-09-15,48450.46875,420.17747647552517,367.64646743225006,145.88519025288556,129.1550374795231,168.36000061035156,1.183300256729126
2021-09-16,48486.828125,420.1305829932493,368.12243914353587,145.42636685232276,128.64116009091123,164.44000244140625,1.1823126077651978
2021-09-17,48160.921875,418.665861109797,367.1218103087527,145.27994241453277,129.60691072508294,164.32000732421875,1.1789672374725342
2021-09-18,48791.78125,,,,,,
2021-09-19,48328.3671875,,,,,,
2021-09-20,47328.19921875,410.3841202455259,359.14476056928754,141.39463880314457,128.33992904607845,165.27999877929688,1.1737089157104492
2021-09-21,43607.609375,411.6531328768098,358.71672357721854,141.16030897663776,128.05640203503899,166.6300048828125,1.1748948097229004
2021-09-22,43978.62109375,413.64604074631075,360.9148819048465,142.94677480134484,127.89691357723588,167.14999389648438,1.1744533777236938
2021-09-23,44942.17578125,418.2146065121486,363.8036631873685,143.5813028239796,128.19816723319556,164.1999969482422,1.175100564956665
2021-09-24,45080.4921875,418.00780541065916,363.5312612733417,143.96201429353556,127.98552254653484,164.0,1.1748120784759521
2021-09-25,42996.2578125,,,,,,
2021-09-26,43919.30078125,,,,,,
2021-09-27,44313.24609375,417.4250108387706,361.0900244643273,142.48799456461782,126.8514037976113,164.36000061035156,1.1728004217147827
2021-09-28,42775.14453125,413.655480073126,360.16597812722546,141.30674132874793,125.25660026367653,162.82000732421875,1.1705996990203857
2021-09-29,42545.2578125,410.8353363854079,353.4256669344048,141.0138627120859,126.41725158944698,162.74000549316406,1.1691995859146118
2021-09-30,44092.6015625,410.58151260645667,352.7544324226286,140.94551367693097,126.47045484960431,164.9499969482422,1.161170482635498
2021-10-01,48436.01171875,409.8858665977476,351.36369202460725,139.52028013802934,124.24650814644542,164.9600067138672,1.1608995199203491
2021-10-02,48282.0625,,,,,,
2021-10-03,49130.69140625,,,,,,
2021-10-04,49456.77734375,407.9399583912579,349.03910019916293,138.82717957779718,124.39713404457571,165.5399932861328,1.1640088558197021
2021-10-05,51839.984375,409.3782432393912,349.8463586647929,138.8564511470798,124.50347742089684,164.85000610351562,1.16225004196167
2021-10-06,55568.46484375,409.0304489893108,350.09920979277194,138.76858776803195,125.15909074143647,165.05999755859375,1.1599582433700562
2021-10-07,55338.625,415.1970969045478,355.6821226976073,140.7893396562003,126.72738637253985,164.85000610351562,1.157139539718628
2021-10-08,55922.98046875,413.51444998736724,354.3496467593131,140.75029837603776,126.36411079582481,166.4199981689453,1.1583727598190308
2021-10-09,55397.9453125,,,,,,
2021-10-10,56401.3046875,,,,,,
2021-10-11,57793.0390625,413.8622842543227,353.2603327728741,141.3653278052875,126.49702613619966,164.5800018310547,1.1587486267089844
2021-10-12,57627.87890625,409.951702812476,350.46888332011713,139.84239816609858,126.73623844798342,165.44000244140625,1.1570056676864624
2021-10-13,57688.66015625,409.9045920067545,350.81903791994165,138.03642474342516,126.48813192599889,167.9199981689453,1.1579005718231201
2021-10-14,58478.734375,416.1183359496485,356.810446526466,140.45742659800283,127.86147134700543,168.22000122070312,1.162500023841858
2021-10-15,62757.12890625,419.50246328838506,358.95988136016933,141.45313211222725,128.35765998860975,166.08999633789062,1.1619800329208374
2021-10-16,62274.4765625,,,,,,
2021-10-17,61645.5234375,,,,,,
2021-10-18,62614.66015625,420.7150792484789,362.66564059093747,143.347029376178,127.32100733811157,165.58999633789062,1.1612108945846558
2021-10-19,64434.53515625,423.6855930358415,365.24316934236003,145.62157933226285,124.76929935422062,166.5,1.1670000553131104
2021-10-20,66930.390625,425.58460284430237,366.2643169628817,146.1878221446277,125.77934469771695,167.11000061035156,1.1654006242752075
2021-10-21,66600.546875,426.61863646506237,367.1398204769915,146.0804071368253,125.84583934798975,166.94000244140625,1.1669973134994507
2021-10-22,63715.0234375,427.4083131924775,366.65345138258493,146.60757740087539,125.71213956719966,169.5399932861328,1.1654061079025269
2021-10-23,61743.87890625,,,,,,
2021-10-24,61505.8046875,,,,,,
2021-10-25,63729.32421875,428.56452411353644,368.5014355371204,145.8168177773373,125.6318567677699,169.2100067138672,1.1668611764907837
2021-10-26,63229.02734375,430.99918156529145,372.2363779156397,147.25183711393476,127.64671850710887,167.91000366210938,1.1629002094268799
2021-10-27,61435.18359375,429.74897787469854,372.66434356126393,146.16827612937263,128.09245793959755,168.1999969482422,1.162439227104187
2021-10-28,62128.6328125,430.91454608380144,373.9579416825158,149.52643805425132,127.37924866012888,169.25,1.1693171262741089
2021-10-29,62927.609375,432.005063860842,375.7087261717123,146.37327190681347,127.91415768065869,166.72999572753906,1.1691803932189941
2021-10-30,62330.14453125,,,,,,
2021-10-31,62406.171875,,,,,,
2021-11-01,62419.00390625,433.0766068401106,376.95365651633944,146.13896771640327,128.19943279463538,167.83999633789062,1.159326195716858
2021-11-02,64242.79296875,434.5148802730894,378.87950346614826,147.96450225059075,128.89481873030132,167.6300048828125,1.1614995002746582
2021-11-03,63516.9375,437.25989295856164,382.83805538248043,148.35500663634056,129.36734659210964,165.9499969482422,1.159900426864624
2021-11-04,63123.2890625,438.99890684181076,388.2750598100501,148.80408318474133,129.6169489466709,168.13999938964844,1.1617100238800049
2021-11-05,62541.46875,442.4300455313022,390.016075106371,148.7963818494452,130.49065761550733,169.94000244140625,1.1564704179763794
2021-11-06,61590.68359375,,,,,,
2021-11-07,63326.98828125,,,,,,
2021-11-08,67673.7421875,442.0352412122443,388.68359539126715,148.18044870579655,130.24991744146138,170.6999969482422,1.1595547199249268
2021-11-09,68530.3359375,441.41483115793073,388.63497195661483,148.04359979638906,130.00924146889872,171.30999755859375,1.1609008312225342
2021-11-10,68789.625,439.3561866436364,384.540159937135,146.77267581374304,131.3286627252087,174.64999389648438,1.1598236560821533
2021-11-11,65579.015625,437.3914960298939,382.0016785683842,146.0882826457482,131.0255635591535,174.27000427246094,1.1491611003875732
2021-11-12,65460.81640625,439.80733651939306,384.43312954777235,147.03662312152338,131.12363967510169,174.6699981689453,1.1459873914718628
2021-11-13,64915.67578125,,,,,,
2021-11-14,65495.1796875,,,,,,
2021-11-15,66281.5703125,440.70045894132767,385.39612666876246,148.483531417499,131.7209091795595,174.58999633789062,1.1464208364486694
2021-11-16,63721.1953125,442.27965290510997,387.0398764491549,148.1022623119589,132.46976048779237,174.47999572753906,1.1387006044387817
2021-11-17,60823.609375,441.0575876528418,388.780938224214,151.53375230300938,131.74768606528053,174.61000061035156,1.1334000825881958
2021-11-18,60948.5,441.82854838909435,391.26103797883917,155.12165110785514,132.0150982257725,174.36000061035156,1.1359764337539673
2021-11-19,58351.11328125,442.7027371018379,394.20804546585487,157.41913113659675,132.14885233378683,174.10000610351562,1.1370097398757935
2021-11-20,59859.87890625,,,,,,
2021-11-21,60004.42578125,,,,,,
2021-11-22,59266.359375,445.1468335661726,397.524856298027,161.99447854129045,132.78182627079028,170.44000244140625,1.1290504932403564
2021-11-23,57875.515625,440.9730245653836,389.2768521256282,158.18167763297342,133.2810886590359,167.60000610351562,1.1273448467254639
2021-11-24,57803.06640625,441.4148123907597,388.12911856511744,158.51408217991857,132.72834508247482,167.44000244140625,1.1254544258117676
2021-11-25,59367.96875,,,,,,1.1230907440185547
2021-11-26,59183.48046875,436.08483277035555,386.66050784137326,156.8618824271744,133.4772005609034,168.63999938964844,1.1322002410888672
2021-11-27,55329.2578125,,,,,,
2021-11-28,57393.84375,,,,,,
2021-11-29,58872.87890625,438.58533038960036,389.76322507789195,157.5853380225465,133.42370134313097,167.25999450683594,1.12980055809021
2021-11-30,59113.40234375,436.207110952137,390.21062820500714,161.8184901598309,132.42520146828417,169.00999450683594,1.1381744146347046
2021-12-01,59041.68359375,436.80860593500284,389.51999387229995,166.49162952296948,131.8279191862014,167.47000122070312,1.1358473300933838
2021-12-02,57349.234375,431.54436744671597,381.01919343331065,160.52801734787488,132.35391371012494,165.94000244140625,1.1348161697387695
2021-12-03,57482.16796875,432.7006394884692,381.60280810324537,161.27101721338744,133.7268349029212,166.92999267578125,1.1331830024719238
2021-12-04,53904.6796875,,,,,,
2021-12-05,49768.1484375,,,,,,
2021-12-06,50929.51953125,433.1613619164098,376.9925089483325,164.12571914002814,135.85755304515465,166.8000030517578,1.1310003995895386
2021-12-07,51934.78125,440.7662090115453,387.55529887951013,167.74294665807957,136.02692878076462,167.0800018310547,1.1299434900283813
2021-12-08,51171.375,441.8190276116101,388.87816347739977,172.02505945223345,136.09823078064798,166.9600067138672,1.1339025497436523
2021-12-09,50797.1640625,441.471210008513,389.24770917282194,172.79741568679762,137.46227204869692,166.5800018310547,1.1345586776733398
2021-12-10,50015.25390625,442.66508888548304,387.38027600962283,175.61294836881706,138.89760857496594,166.9199981689453,1.1322592496871948
2021-12-11,49458.2109375,,,,,,
2021-12-12,50724.8671875,,,,,,
2021-12-13,50205.0,442.3455099577305,387.42891506760265,178.05706815750167,141.1531597488654,167.25999450683594,1.1316057443618774
2021-12-14,48431.3984375,437.8144493976514,379.4143409548299,173.76520322122326,141.4205507585105,166.13999938964844,1.13275945186615
2021-12-15,49473.95703125,442.6275392616218,386.5437675026177,175.48585340924998,142.32098868951394,166.39999389648438,1.1278001070022583
2021-12-16,49425.57421875,444.5169779638093,387.5747881895297,177.08921488839127,143.81873903011152,168.17999267578125,1.1363636255264282
2021-12-17,48004.89453125,438.4092309837767,378.5390584450025,169.59071677301714,144.17535479398373,169.1300048828125,1.13490629196167
2021-12-18,47313.828125,,,,,,
2021-12-19,48089.6640625,,,,,,
2021-12-20,47401.71875,429.5984279577143,371.5334350211833,166.76534380811088,141.26902835876876,168.0,1.130454421043396
2021-12-21,49300.91796875,436.9659586009306,379.3536394122616,169.3267095815399,140.99263241028646,167.77999877929688,1.1303266286849976
2021-12-22,49544.796875,441.30533523820264,383.862617023732,171.92727008747283,142.2675090846189,168.63999938964844,1.134199619293213
2021-12-23,51332.33984375,445.4371985113299,388.02116027516325,172.8951357013555,143.4621425542799,169.16000366210938,1.1345586776733398
2021-12-24,51814.02734375,,,,,,1.134429931640625
2021-12-25,51176.59765625,,,,,,
2021-12-26,51196.37890625,,,,,,
2021-12-27,51956.328125,450.2670958254494,392.939208984375,176.3852860059842,144.41608845023305,169.4199981689453,1.1335002183914185
2021-12-28,50679.859375,451.6821081838997,394.0104527999988,177.27495155456995,145.65526758969315,169.64999389648438,1.1336004734039307
2021-12-29,48119.7421875,451.4463187392995,392.5203830962154,176.59059189162147,147.0816536436469,168.69000244140625,1.137000560760498
2021-12-30,47879.96484375,451.8613726077948,393.02684017439805,176.53196092937984,146.73397995867327,169.80999755859375,1.1359764337539673
2021-12-31,48472.52734375,449.84251679144165,390.5823994941913,175.22188041192248,145.9672479626525,171.0399932861328,1.1379153728485107
2022-01-01,47827.3125,,,,,,
2022-01-02,47881.40625,,,,,,
2022-01-03,47510.7265625,450.7765215542985,391.439496421577,178.79026689432098,145.26297828122236,169.00999450683594,1.1375917196273804
2022-01-04,47406.546875,452.7858147658463,391.7706101595512,178.84893075193062,146.55570910762913,169.72000122070312,1.1323001384735107
2022-01-05,46929.046875,450.8992099469346,385.54744592202803,176.14086475419518,147.38479693803055,170.92999267578125,1.1345586776733398
2022-01-06,43748.71875,444.1448726975174,377.2306007150052,171.37980064842037,147.27782727956313,167.75,1.1330673694610596
2022-01-07,43153.5703125,442.6166431471201,375.68216768645874,170.2457092977057,145.78897486361885,168.00999450683594,1.1359764337539673
2022-01-08,42228.94140625,,,,,,
2022-01-09,42663.94921875,,,,,,
2022-01-10,42199.484375,439.35266218590664,370.69586988679407,168.64237476166727,145.42348415467393,168.3000030517578,1.1359764337539673
2022-01-11,43001.15625,443.2297770827889,375.9060816926195,171.26248866253403,142.83805267578757,170.30999755859375,1.136899709701538
2022-01-12,44135.3671875,446.3900061138433,380.0060797925901,173.21772467571947,142.07135777225443,170.75,1.1433000564575195
2022-01-13,44278.421875,446.0880403766342,379.29516458019566,172.67023424322653,142.15161958971677,170.22000122070312,1.1479079723358154
2022-01-14,43346.6875,438.73947426347723,370.4134504382263,169.89375992557677,143.0787541052079,170.55999755859375,1.148369312286377
2022-01-15,43724.671875,,,,,,
2022-01-16,43436.80859375,,,,,,
2022-01-17,43179.390625,,,,,,1.143458366394043
2022-01-18,42534.40234375,433.90017239330075,366.391269328262,168.68150862321704,141.33140903592013,170.00999450683594,1.1423349380493164
2022-01-19,42478.3046875,433.5699058238336,364.9012680659936,167.25414945182573,146.37740184152844,172.19000244140625,1.1356796026229858
2022-01-20,43413.0234375,432.749212360242,364.1027825258744,165.88546757565922,147.293229087036,172.60000610351562,1.136893391609192
2022-01-21,41060.52734375,422.6743219055185,352.7181393726713,162.61038131219433,148.20746182714697,172.1199951171875,1.1361054182052612
2022-01-22,36688.8125,,,,,,
2022-01-23,36433.3125,,,,,,
2022-01-24,37247.51953125,415.4294573025682,344.73241775804007,158.67050778679211,147.10497831513732,172.13999938964844,1.1340954303741455
2022-01-25,37444.5703125,414.8068298485873,341.85937838139654,159.1202024043847,144.57735910844858,173.14999389648438,1.132502794265747
2022-01-26,38825.41015625,418.8820597450549,347.55660890710044,160.713741500623,143.0267161957635,171.72999572753906,1.1313496828079224
2022-01-27,37148.32421875,416.57091988117384,342.0930742412802,160.1760252131081,144.62215305150107,169.08999633789062,1.12447988986969
2022-01-28,37952.87890625,416.95764758264465,342.8236287900504,166.54049197821774,144.26361909935926,167.4600067138672,1.1170064210891724
2022-01-29,38576.26171875,,,,,,
2022-01-30,38266.33984375,,,,,,
2022-01-31,38647.26171875,424.7685575099905,354.14973026653894,171.0864955438015,143.99470733735427,168.13999938964844,1.121692419052124
2022-02-01,39115.1328125,427.9287589149775,356.6233346063741,170.9300219746101,144.57734310006117,168.85000610351562,1.1279042959213257
2022-02-02,38834.6171875,432.1643521308704,360.43126650749025,171.94678289724823,145.95770895407256,169.1199951171875,1.132939100265503
2022-02-03,37154.6015625,427.30608748130015,352.4746471186195,172.29876649074853,147.87583523794711,168.82000732421875,1.1450687646865845
2022-02-04,41527.78515625,427.12684190540676,351.9585879066283,170.4234840013588,147.43665427852258,169.10000610351562,1.148369312286377
2022-02-05,41847.1640625,,,,,,
2022-02-06,42500.78515625,,,,,,
2022-02-07,44401.86328125,425.4382678088837,351.61765032861587,170.2766384169295,145.43783536387613,170.3000030517578,1.1460003852844238
2022-02-08,45293.8671875,426.31563040935833,350.82883374138515,171.6471000057892,144.55048173789962,170.77999877929688,1.145081877708435
2022-02-09,44727.80078125,431.9379817631401,357.2272194618523,172.91963117728815,143.98574623008082,171.4199981689453,1.1447004079818726
2022-02-10,45661.171875,431.7775795121979,356.9155332644288,171.77430598076174,142.9639130168433,171.99000549316406,1.1494252681732178
2022-02-11,43810.83203125,426.0231836326423,350.6632597451943,169.4250227899619,142.13930888884846,174.1999969482422,1.1419005393981934
2022-02-12,42992.55078125,,,,,,
2022-02-13,42693.0546875,,,,,,
2022-02-14,42775.77734375,416.5803257355876,341.8107097063511,165.99890498473425,140.77691416182674,175.0,1.136893391609192
2022-02-15,44667.21875,420.99520380296383,347.0599534834927,169.29775335068365,142.80262777213036,173.33999633789062,1.1368803977966309
2022-02-16,44578.27734375,422.67426981407993,347.7611130431249,169.67949961629867,142.31860791571322,174.86000061035156,1.1393154859542847
2022-02-17,44132.97265625,421.2687487717077,344.22604649810773,168.27970312361404,143.7527490203574,177.52999877929688,1.1386927366256714
2022-02-18,40929.15234375,413.8069331704449,337.74966152600837,166.93864489391834,144.36222038085742,177.25,1.137669324874878
2022-02-19,40418.87890625,,,,,,
2022-02-20,40119.890625,,,,,,
2022-02-21,39394.4375,,,,,,1.1385631561279297
2022-02-22,38359.85546875,410.8259516984403,335.05205976865096,163.16995323151656,144.20085769394882,178.07000732421875,1.1363766193389893
2022-02-23,39122.39453125,408.7128798332859,333.2406866412764,162.64133603328534,142.15726927920304,178.38999938964844,1.1359764337539673
2022-02-24,38968.83984375,404.4677414533899,332.1304062718498,159.4110376690062,139.80887797046566,182.60000610351562,1.1305949687957764
2022-02-25,39630.32421875,413.0333532377554,336.94141266861925,161.63312305071847,142.46198937743105,176.7899932861328,1.1266082525253296
2022-02-26,40005.34765625,,,,,,
2022-02-27,39778.94140625,,,,,,
2022-02-28,43760.45703125,413.37299295759,339.43446169534934,161.92678549313706,140.89346734683912,178.99000549316406,1.1244546175003052
2022-03-01,44793.6015625,412.4013221597528,338.9864680636294,163.08184127413253,139.28901267976647,181.75999450683594,1.1232168674468994
2022-03-02,45077.578125,414.8068411449072,339.4831912377867,163.82580321014547,139.0021998911884,180.7100067138672,1.1141936779022217
2022-03-03,44021.578125,416.11800256549805,340.8952592959026,165.3430634011942,139.70133065361549,181.3000030517578,1.111605167388916
2022-03-04,42479.61328125,408.8165952787163,332.3933781477259,162.0540345545001,139.24421893346766,183.97999572753906,1.1069294214248657
2022-03-05,39566.3359375,,,,,,
2022-03-06,39640.17578125,,,,,,
2022-03-07,39430.2265625,407.80720269087345,329.63725054084455,161.5351828168675,138.50024955552797,186.63999938964844,1.0930753946304321
2022-03-08,39304.44140625,403.0055659240811,324.5049841954412,159.44043549933374,137.09305716081136,193.3000030517578,1.0922157764434814
2022-03-09,42465.671875,405.175270488169,327.5920733021461,159.95921898709753,134.8701099908407,187.22999572753906,1.1091147661209106
2022-03-10,42004.7265625,402.2697853678107,323.8232565774196,157.0029911685478,132.9071767731761,187.3800048828125,1.1116174459457397
2022-03-11,40081.6796875,404.4772404206204,325.89758066946933,155.91642822664025,131.00694925533443,185.77999877929688,1.104191541671753
2022-03-12,39308.59765625,,,,,,
2022-03-13,39209.3515625,,,,,,
2022-03-14,39742.5,400.4962825052735,318.0578607000289,150.86540543880508,130.89943891994523,183.2899932861328,1.0986958742141724
2022-03-15,39794.62890625,402.6565904451957,320.3562358559971,152.28477002224423,134.9328702937996,180.27000427246094,1.1018311977386475
2022-03-16,41465.453125,410.99571571466925,331.54609001020464,156.6212399212536,136.05330516908245,180.1199951171875,1.1038745641708374
2022-03-17,41287.53515625,416.0803527832031,335.499958446336,157.60011436017203,134.87013714246143,182.02999877929688,1.1110494136810303
2022-03-18,42195.74609375,420.95933337461315,342.5996450601348,161.00659213717293,135.2286686564582,180.92999267578125,1.1117905378341675
2022-03-19,42316.5546875,,,,,,
2022-03-20,42241.1640625,,,,,,
2022-03-21,41454.41015625,422.47338269242965,343.6959267738545,162.83712104497158,135.7216330051386,181.2899932861328,1.1066721677780151
2022-03-22,43124.70703125,426.37201295183075,348.93213540233734,165.8422796739602,137.67565369799462,179.7100067138672,1.1045695543289185
2022-03-23,42893.5078125,424.39429439850414,348.7468937416505,168.9942779440516,137.14676404865003,181.88999938964844,1.1042001247406006
2022-03-24,44131.85546875,426.29630669485863,350.73596663379254,170.46260275503545,135.84711787286125,183.50999450683594,1.101333737373352
2022-03-25,44999.4921875,428.64307980820996,351.68188729274743,171.578536843318,137.9624962074416,183.1300048828125,1.1038745641708374
2022-03-26,44735.99609375,,,,,,
2022-03-27,46827.546875,,,,,,
2022-03-28,48086.8359375,431.4156494140625,355.9136759828872,172.0190445148475,137.94449137001573,181.3300018310547,1.0996744632720947
2022-03-29,48022.2890625,437.24470532869987,362.56367141997544,175.22977935165113,140.24810337632107,179.3300018310547,1.1136353015899658
2022-03-30,47655.1484375,436.42147053755207,361.7349676928907,175.8171010585222,138.41959030124553,180.9199981689453,1.1170001029968262
2022-03-31,47512.02734375,434.11249405446523,358.4391787225342,174.2704447075952,138.3389079750182,181.9600067138672,1.1183055639266968
2022-04-01,46616.2421875,429.0973012788602,354.5485472014141,171.18702920461877,139.34281929033244,180.4600067138672,1.1075423955917358
2022-04-02,47028.28125,,,,,,
2022-04-03,47313.4765625,,,,,,
2022-04-04,46791.08984375,432.36188709811455,360.10653155542957,174.72080687147195,138.34786196147135,180.80999755859375,1.1057054996490479
2022-04-05,47106.140625,433.2325015603828,359.3557275043423,174.53477477488693,141.05478545336973,181.49000549316406,1.0991426706314087
2022-04-06,45544.35546875,424.81070528964915,347.88868830412457,169.96337702443967,140.98307245330454,180.30999755859375,1.0937448740005493
2022-04-07,43860.69921875,426.47612959296237,347.46953278848014,169.69912101079552,142.86534079364995,180.8800048828125,1.0935057401657104
2022-04-08,43903.01953125,426.4193379958125,344.2907899167895,168.15246782773184,143.8871835593043,181.82000732421875,1.0891940593719482
2022-04-09,42786.81640625,,,,,,
2022-04-10,43376.37890625,,,,,,
2022-04-11,42424.58984375,421.09178658035466,337.13370810446713,165.4605355802755,144.49666782463999,183.3300018310547,1.0932785272598267
2022-04-12,40617.5859375,421.8015653862198,339.0253050777088,166.28278325109693,143.97680674230264,184.63999938964844,1.0903936624526978
2022-04-13,41430.0546875,420.2496833419027,338.77179202700484,167.42807423573976,143.77962260600583,184.94000244140625,1.0873819589614868
2022-04-14,41451.48046875,420.836275728142,338.3231857789363,167.6532440657547,143.68102613172897,184.41000366210938,1.0922634601593018
2022-04-15,40617.72265625,,,,,,1.0823447704315186
2022-04-16,40633.6796875,,,,,,
2022-04-17,40570.7265625,,,,,,
2022-04-18,40986.3203125,416.1238802748247,332.54104552775783,163.08182595142617,142.49787570396387,186.10000610351562,1.081583857536316
2022-04-19,41672.9609375,421.8488175877449,338.20627468447685,164.2760883021938,143.4390030892167,183.64999389648438,1.081209659576416
2022-04-20,42126.30078125,423.5237714134591,338.89851529742356,165.31369734743882,147.42766789643525,182.72000122070312,1.08672034740448
2022-04-21,42893.58203125,425.83267191463915,339.2008753461121,167.90773030576432,148.63335545117644,182.32000732421875,1.0934697389602661
2022-04-22,40777.7578125,414.54356611501663,327.1976113773675,164.32502122927878,147.38944646849103,181.61000061035156,1.0854227542877197
2022-04-23,39935.859375,,,,,,
2022-04-24,39845.92578125,,,,,,
2022-04-25,40491.75390625,405.65808479066646,321.6786401692086,159.72426854560663,147.1821453925858,177.50999450683594,1.081221342086792
2022-04-26,40713.890625,403.15050131692556,319.49448735286336,158.91180327087787,147.49762451602152,178.3000030517578,1.0738831758499146
2022-04-27,39397.91796875,400.198124069915,314.83359976178053,156.41564486229873,145.52368977472773,176.63999938964844,1.0656436681747437
2022-04-28,40269.46484375,406.55707558525125,321.66893883860865,161.0457628626786,147.5607686296409,176.97000122070312,1.056222677230835
2022-04-29,39887.26953125,402.98955707599237,319.075223412998,162.69028026576657,146.87569312561016,178.6199951171875,1.0590416193008423
2022-04-30,38771.2109375,,,,,,
2022-05-01,38627.859375,,,,,,
2022-05-02,39074.97265625,393.5741843394114,310.7772529007873,154.8886162063275,146.0194140578936,174.64999389648438,1.056769609451294
2022-05-03,38629.99609375,396.4224776148035,313.16622865984607,157.31623426694395,143.30631606373066,175.2100067138672,1.0577645301818848
2022-05-04,39902.94921875,406.57600980928174,322.0588848416157,162.964376768375,142.00838722061155,176.35000610351562,1.0566357374191284
2022-05-05,39789.28125,402.16635092774,317.1445825595064,160.61507214954577,141.7740419332945,177.61000061035156,1.0639996528625488
2022-05-06,36624.359375,392.51430263534195,307.2377334745027,156.30235682996496,140.8276123496874,176.55999755859375,1.0598385334014893
2022-05-07,36129.92578125,,,,,,
2022-05-08,35502.94140625,,,,,,
2022-05-09,34222.07421875,384.5751184962438,301.64082330799135,152.7633948486293,141.29631773449435,174.27000427246094,1.0572165250778198
2022-05-10,32596.30859375,384.26278949238593,298.1402585982894,153.65548649022554,141.17014082598055,173.9600067138672,1.0585819482803345
2022-05-11,32013.40234375,382.3324247205916,296.51182827022683,152.39085681137783,140.52116007167723,173.32000732421875,1.0575631856918335
2022-05-12,30032.439453125,374.53514652082424,288.37965712769153,143.32291464808353,138.45706180023936,172.39999389648438,1.0529751777648926
2022-05-13,30924.802734375,381.5185752675218,295.448956182402,145.18551933414366,138.56522926122682,169.6199951171875,1.041938066482544
2022-05-14,30192.802734375,,,,,,
2022-05-15,31308.19140625,,,,,,
2022-05-16,31305.341796875,382.2661507129922,294.72743401415767,144.616949555646,140.5211246857913,170.42999267578125,1.0437977313995361
2022-05-17,30694.490234375,386.61904522716617,298.9203045116113,146.8226694807634,141.2873192235892,170.52999877929688,1.055375576019287
2022-05-18,30618.716796875,382.1052719010939,294.71763516349347,144.46007380411618,139.49361935109084,170.2100067138672,1.0564124584197998
2022-05-19,30430.751953125,372.9644114675759,287.0535923689451,138.87224434894858,129.27225459471754,172.52000427246094,1.0598047971725464
2022-05-20,30664.9765625,375.6991065243165,286.4782713533356,137.93116906609265,128.3978984554282,172.24000549316406,1.05988347530365
2022-05-21,29588.869140625,,,,,,
2022-05-22,30425.861328125,,,,,,
2022-05-23,30590.5859375,376.3614500919125,286.5465863034424,140.4407891232643,131.26425758679184,173.3800048828125,1.069027066230774
2022-05-24,29774.35546875,373.9199766517534,281.66141091858105,139.1761411372566,133.34635794129974,174.41000366210938,1.0746333599090576
2022-05-25,30157.78515625,377.9890479746067,286.0784797006402,138.99968110716551,132.62528857820402,173.16000366210938,1.0736525058746338
2022-05-26,29834.16015625,385.1712741839689,293.4208550430776,141.49950829001511,132.841622762027,172.92999267578125,1.0728693008422852
2022-05-27,29346.943359375,393.0631636990263,301.54328964281206,146.73442720207444,134.04945373535156,173.52000427246094,1.0765074491500854
2022-05-28,28814.900390625,,,,,,
2022-05-29,29498.009765625,,,,,,
2022-05-30,31949.630859375,,,,,,1.078515887260437
2022-05-31,32249.86328125,394.08515718858496,303.5714225615586,147.69517170019813,134.29280132962646,173.07000732421875,1.0774933099746704
2022-06-01,31957.28515625,393.87697365023195,304.8586325527144,148.75392574652264,133.5086094577209,172.52999877929688,1.0736640691757202
2022-06-02,30604.734375,395.01251209671574,306.72097834437847,148.29313081917098,132.73344172613488,174.4499969482422,1.0738486051559448
2022-06-03,30633.03515625,391.79523485840576,302.7328525405804,145.05807025566116,132.6884060280625,173.97000122070312,1.0765421390533447
2022-06-04,29930.564453125,,,,,,
2022-06-05,30117.744140625,,,,,,
2022-06-06,31693.291015625,394.22709420031765,304.56603502069134,145.64628674294468,133.0759523933163,172.88999938964844,1.0752688646316528
2022-06-07,31489.68359375,393.85809145966977,302.9278472737371,146.06784060799566,132.6613388446342,173.0500030517578,1.0708931684494019
2022-06-08,31253.69140625,393.47954333395916,303.95166791580687,146.9206802540853,131.9853282320128,173.4499969482422,1.0748296976089478
2022-06-09,30609.310546875,389.61870798841755,301.34826098976845,145.0384790561678,132.39992851667645,172.58999633789062,1.0770059823989868
2022-06-10,30245.80859375,374.5162101273659,287.52163383758494,137.9899664897166,129.02884978032063,174.94000244140625,1.0642147064208984
2022-06-11,29401.916015625,,,,,,
2022-06-12,28502.685546875,,,,,,
2022-06-13,26795.58984375,361.2967831487457,275.303861633674,132.53940235521404,126.63127430366285,171.33999633789062,1.0497585535049438
2022-06-14,23018.951171875,357.63472758428236,271.7155249385149,131.25518271689248,124.00833058838586,169.72999572753906,1.0482399463653564
2022-06-15,22642.671875,363.27446487884,279.68194827863294,134.63729418113485,121.59269767417348,171.83999633789062,1.0507181882858276
2022-06-16,22868.921875,351.01081676127995,269.18040446273096,129.78465248887207,121.74598027080945,172.77000427246094,1.0530306100845337
2022-06-17,21243.3125,351.0444787331084,270.2821493953207,130.4611156124141,121.01585176181231,172.3000030517578,1.0551751852035522
2022-06-18,20736.041015625,,,,,,
2022-06-19,20683.822265625,,,,,,
2022-06-20,20913.322265625,,,,,,1.0545185804367065
2022-06-21,21620.62890625,357.83954577017596,276.91745540200355,134.36278178825876,123.48556708944156,171.91000366210938,1.058189868927002
2022-06-22,20835.75,359.9208687301767,278.607670898115,135.04899374439105,125.91022247964658,172.3000030517578,1.0602879524230957
2022-06-23,21135.76171875,360.02534683784137,279.1352233023598,135.86267563561398,128.4249782882805,172.1300048828125,1.058066725730896
2022-06-24,21472.91796875,370.72643183907684,288.2403335594619,139.117333627322,130.9127089608127,170.74000549316406,1.0569148063659668
2022-06-25,21520.9140625,,,,,,
2022-06-26,21783.724609375,,,,,,
2022-06-27,21478.08984375,371.9333630110348,289.7448762013786,140.66624234545563,130.48004333572348,170.6699981689453,1.0614246129989624
2022-06-28,21164.423828125,373.6440649503389,288.83635773662206,140.59760460905184,129.87613604679737,170.2100067138672,1.0605015754699707
2022-06-29,20364.15625,363.2946704214848,278.7639775620373,137.90174634957765,128.76750469399894,170.6999969482422,1.053629755973816
2022-06-30,20141.16015625,361.7645700473963,277.3961485990517,135.64697266058235,130.19166267716616,169.9600067138672,1.047877550125122
2022-07-01,20632.671875,362.7529219458162,276.01870517279946,136.30383506160413,131.82305794026712,168.67999267578125,1.0477896928787231
2022-07-02,19371.748046875,,,,,,
2022-07-03,19558.26953125,,,,,,
2022-07-04,20258.748046875,,,,,,1.0463534593582153
2022-07-05,20635.466796875,363.01899526887956,280.46381779289936,138.82323473193733,131.68786862660937,167.3300018310547,1.0448557138442993
2022-07-06,20595.529296875,366.7159247303021,284.2446082165892,141.28381901974345,132.94077489482783,164.57000732421875,1.0273902416229248
2022-07-07,21771.81640625,370.4793302796413,288.8851704287084,143.66601661315485,131.76896151039773,163.0399932861328,1.0219202041625977
2022-07-08,22314.94140625,371.2491967887842,289.91097244593914,144.64632016905765,132.32783479827594,163.3800048828125,1.0191082954406738
2022-07-09,21877.138671875,,,,,,
2022-07-10,21591.080078125,,,,,,
2022-07-11,20856.353515625,367.6661953108137,286.3548094470882,143.7542609845207,132.1205434503083,162.44000244140625,1.0167768001556396
2022-07-12,20043.4453125,366.99152847059673,285.5439653975893,145.5286208059207,132.42700703237495,161.6199951171875,1.007384181022644
2022-07-13,20223.052734375,362.96197129328345,281.41148576574005,143.56800712971256,132.4630468738098,162.7100067138672,1.011623501777649
2022-07-14,20789.89453125,360.234458871572,280.9327360199211,146.0187828364424,131.17410549485703,159.8300018310547,1.0049240589141846
2022-07-15,21138.244140625,366.1267645686113,285.25088248380956,147.89119117713278,131.32733489312662,159.25,1.009795069694519
2022-07-16,21514.404296875,,,,,,
2022-07-17,21600.640625,,,,,,
2022-07-18,22633.033203125,369.7760425251106,289.33459333825147,148.58724039251226,130.7775054204272,160.42999267578125,1.0198878049850464
2022-07-19,23666.962890625,373.36850148412316,291.7183664353127,148.25394254490203,130.70540009680383,159.8699951171875,1.0268205404281616
2022-07-20,24196.818359375,376.59016077722407,297.2283395826278,150.6949310490213,129.99334579767122,159.82000732421875,1.0271897315979004
2022-07-21,23388.322265625,379.04213537491796,300.3546048186835,152.50853373902038,128.24259973123353,160.30999755859375,1.0275379419326782
2022-07-22,23671.927734375,380.31560739398503,301.43908808714843,153.2045374479934,129.88468681876947,162.1300048828125,1.025514841079712
2022-07-23,22977.2109375,,,,,,
2022-07-24,22974.001953125,,,,,,
2022-07-25,22649.12109375,376.7897982483448,295.52844008286405,151.98891489270602,131.01867771768303,160.6999969482422,1.0256409645080566
2022-07-26,21361.12109375,374.49935379005854,291.9039632943132,150.0773065915356,131.08215471797413,160.5,1.0249052047729492
2022-07-27,22986.529296875,382.8815960228277,301.42924553684514,154.23391054533735,132.6425870546931,162.2100067138672,1.0171905755996704
2022-07-28,24110.470703125,386.6069531734175,303.246351362619,154.53778073211737,134.81985830667588,163.75999450683594,1.0233110189437866
2022-07-29,24294.787109375,392.5278128008071,309.098439583071,160.4099356728857,129.27685523736417,164.69000244140625,1.0253781080245972
2022-07-30,24572.580078125,,,,,,
2022-07-31,24121.642578125,,,,,,
2022-08-01,23464.787109375,392.8888811641739,311.4625744787069,160.3706884793457,130.5832266715482,165.41000366210938,1.0277491807937622
2022-08-02,23415.041015625,392.49926155328086,311.2085917879975,159.2139087149108,130.38360526680606,166.4600067138672,1.0293148756027222
2022-08-03,23578.650390625,395.0462453718832,316.2692153679035,163.311657015849,131.78979911144276,164.91000366210938,1.020762324333191
2022-08-04,23198.009765625,394.48549174301655,317.2363994221369,163.89987539598906,132.86936426597325,167.30999755859375,1.0232481956481934
2022-08-05,23422.828125,393.59219220020464,316.3669200685735,162.81206933981917,131.3996927924786,165.83999633789062,1.0249052047729492
2022-08-06,23326.5625,,,,,,
2022-08-07,23359.009765625,,,,,,
2022-08-08,24203.689453125,396.8899240250277,318.94604900385633,164.73615535552312,132.8784545351421,166.80999755859375,1.0221813917160034
2022-08-09,23898.615234375,392.26165245097286,311.67753254659243,162.78261696114208,132.39760991287673,167.8000030517578,1.0246951580047607
2022-08-10,24127.4140625,399.28485036063125,318.7115915246145,166.23814341245296,132.90565103974097,167.97999572753906,1.0369141101837158
2022-08-11,24822.62890625,403.85608634972215,322.7463509040136,167.85787723936662,133.62234269864237,167.66000366210938,1.036591649055481
2022-08-12,24412.56640625,406.0038788583054,322.97106862108075,169.01629605421468,133.11432088746193,167.94000244140625,1.0327378511428833
2022-08-13,24860.05078125,,,,,,
2022-08-14,24974.9140625,,,,,,
2022-08-15,25135.58984375,408.09467660080554,325.8824111372024,170.2139116101504,134.9650555048599,166.25,1.0267151594161987
2022-08-16,24228.416015625,410.2994714282671,326.7128263002357,170.52810192661653,136.62521992146318,165.72000122070312,1.019440770149231
2022-08-17,24407.05859375,408.18024616058966,323.7917099514796,172.92337473871223,135.85407318860933,165.22999572753906,1.019783854484558
2022-08-18,23563.83203125,407.33434826924736,322.87332844282304,171.69625328732099,136.0718245743627,164.91000366210938,1.0193679332733154
2022-08-19,23213.3125,404.1506695923492,319.30756775757953,170.55755638009072,136.6524157770457,163.74000549316406,1.011224627494812
2022-08-20,21350.806640625,,,,,,
2022-08-21,21668.845703125,,,,,,
2022-08-22,21531.462890625,396.5192546194772,311.3942046870982,166.74859572706774,136.19883577692778,162.1199951171875,1.0048232078552246
2022-08-23,21646.203125,394.7990857432436,309.69427382010605,165.61964882368898,134.66565057170698,163.42999267578125,1.0019036531448364
2022-08-24,21783.076171875,394.50447996842576,309.5673026088862,165.03068148199358,133.5951220573358,163.61000061035156,0.9998200535774231
2022-08-25,21789.63671875,398.7336636998838,313.21130009460927,167.0234977835924,132.25246399136304,163.99000549316406,1.0030593872070312
2022-08-26,21804.908203125,399.1137361754967,314.100294603564,167.91678748247466,132.93284546918787,163.61000061035156,1.0088272094726562
2022-08-27,20340.775390625,,,,,,
2022-08-28,20139.0546875,,,,,,
2022-08-29,20357.462890625,385.69463364222986,300.1396768426791,159.91605082453415,129.44922872166518,162.6199951171875,1.0031095743179321
2022-08-30,20542.64453125,384.04103223682625,299.6609763455526,159.58229569538483,129.1951673047501,161.42999267578125,1.0052272081375122
2022-08-31,20420.990234375,381.3230000374987,297.8829269235928,157.6386032608909,127.80714831719558,160.57000732421875,1.0077394247055054
2022-09-01,20198.390625,377.0844257808097,292.8712167065092,155.5181855673853,126.79108836388365,158.38999938964844,1.0045808553695679
2022-09-02,20401.568359375,381.6271512915678,296.7496811199104,157.42262194968552,128.05211597514304,160.05999755859375,1.0033310651779175
2022-09-03,20037.009765625,,,,,,
2022-09-04,19999.689453125,,,,,,
2022-09-05,20031.16015625,,,,,,0.9943521022796631
2022-09-06,20155.26953125,374.5564820738422,289.7644989961387,154.21250676362826,125.14000099757546,159.4600067138672,0.9985321760177612
2022-09-07,19427.171875,378.80451936163286,293.07628535272244,153.80019664109167,124.9766690082238,160.14999389648438,0.9955201148986816
2022-09-08,19417.3515625,380.96180059480923,294.91297901870183,153.4959132532277,125.63895751062242,159.86000061035156,1.00290846824646
2022-09-09,21439.41015625,387.2817940480387,300.51095121873436,154.92916542303703,127.99767504641795,160.24000549316406,1.011224627494812
2022-09-10,21760.275390625,,,,,,
2022-09-11,21770.552734375,,,,,,
2022-09-12,22439.181640625,391.2923218090903,303.9107739944549,161.25118449428555,128.641801013001,161.6199951171875,1.0196797847747803
2022-09-13,22673.8203125,383.0906492168183,296.0364904812311,157.59931943362142,128.30614675341485,159.27000427246094,1.018744945526123
2022-09-14,20467.201171875,376.53315711649486,290.08683286651126,154.2223694761001,126.70036898021664,158.97999572753906,1.0022751092910767
2022-09-15,20318.166015625,376.305112280204,289.6959936631581,152.39640331677907,126.00180881789522,157.49000549316406,1.0017931461334229
2022-09-16,19870.62890625,368.58495903524056,283.04299715541504,148.57766259301448,126.1560370843589,156.55999755859375,1.0035626888275146
2022-09-17,20162.53125,,,,,,
2022-09-18,20127.234375,,,,,,
2022-09-19,19639.48046875,370.7797546386719,285.0098990588019,151.72886599832884,125.61171342975116,156.0399932861328,1.002807855606079
2022-09-20,19602.45703125,368.4609613594327,284.8728784555132,155.1843635395565,125.1671867885813,155.22999572753906,1.0050251483917236
2022-09-21,19674.630859375,371.5050138173394,287.69169513214223,155.83228620825895,125.37586303816938,157.25,0.9974067807197571
2022-09-22,19456.91015625,360.99852235439477,277.0041186607913,151.6405063427645,124.35071610093418,156.47999572753906,0.9906188249588013
2022-09-23,19464.671875,353.66978968711527,271.93434084524006,148.6954577569954,123.83360542851841,154.0,0.9852216839790344
2022-09-24,19310.197265625,,,,,,
2022-09-25,19134.732421875,,,,,,
2022-09-26,19274.873046875,353.27853570562985,273.5393976947486,150.95331767501642,124.12391189594274,153.50999450683594,0.9699885249137878
2022-09-27,20338.455078125,353.4597949219976,274.2440617698414,151.88595100420483,124.23277963480936,152.72999572753906,0.9670057892799377
2022-09-28,19688.34375,355.27299311416255,275.261934412608,147.88064007446383,120.67653412576014,154.8800048828125,0.9686262011528015
2022-09-29,19589.265625,350.3203103402681,270.3684781261688,144.0324877695267,119.63324165187503,155.02999877929688,0.9787322282791138
2022-09-30,20109.849609375,349.17522920833704,269.3309808245553,140.4788028880648,117.0658348213079,156.0399932861328,0.9849985241889954
2022-10-01,19471.154296875,,,,,,
2022-10-02,19370.30859375,,,,,,
2022-10-03,19653.54296875,351.6944470852205,269.30169153769157,140.4493057292082,117.1202839592978,158.47999572753906,0.9844263195991516
2022-10-04,20380.34375,360.71225105913686,276.82790179562363,143.54159469628158,118.72603493303153,161.0800018310547,0.998013973236084
2022-10-05,20343.748046875,362.1054145870555,277.76746518524186,144.68035173905943,118.01840354376671,160.0800018310547,0.9994204044342041
2022-10-06,20408.392578125,361.39930818363916,278.129558122056,144.83744897574383,117.08399422451649,159.94000244140625,0.9926347136497498
2022-10-07,20041.0859375,356.2176918591457,269.29187675342655,140.47878470691822,114.83413005144945,158.97999572753906,0.9816046953201294
2022-10-08,19601.6953125,,,,,,
2022-10-09,19542.5390625,,,,,,
2022-10-10,19515.466796875,347.5528774185206,263.957876589574,139.29095992216133,112.72032389972524,156.35000610351562,0.9752291440963745
2022-10-11,19241.9609375,346.42697853829924,261.9319902344844,138.76081689569904,114.03578109903212,156.80999755859375,0.975809633731842
2022-10-12,19203.19921875,343.36372158176107,259.71030747132846,137.78898779453903,114.13556276409359,156.2899932861328,0.9733022451400757
2022-10-13,19453.328125,350.7020596679561,264.4179434093793,140.9598044199806,114.98833750893347,155.72999572753906,0.979508638381958
2022-10-14,19889.146484375,353.3263019525563,266.0229313367237,141.87280790341703,115.23328706686765,154.1999969482422,0.9803825616836548
2022-10-15,19212.541015625,,,,,,
2022-10-16,19389.603515625,,,,,,
2022-10-17,19635.802734375,351.15056087847387,264.4863615743304,140.28242169324201,116.37636580522681,155.3300018310547,0.9847074747085571
2022-10-18,19666.994140625,358.2789273270504,271.30802855688756,144.0128431743189,118.00026879573878,154.24000549316406,0.9873617887496948
2022-10-19,19348.416015625,354.84352278104876,267.85316427712985,142.2948839097448,120.65839609113064,152.49000549316406,0.9866993427276611
2022-10-20,19315.19921875,355.62606505287266,268.9884780554146,143.21768011702426,118.56362631353923,153.22999572753906,0.9845135807991028
2022-10-21,19237.384765625,357.65865261101857,270.0943999806143,145.1417806685085,117.81443095738902,154.30999755859375,0.9856975078582764
2022-10-22,19248.068359375,,,,,,
2022-10-23,19646.65234375,,,,,,
2022-10-24,19589.125,362.67805847697105,273.4513929468913,147.47820529483582,119.17575666136976,154.05999755859375,0.9889631271362305
2022-10-25,20348.412109375,367.6306600761956,278.54061591496753,149.69674559166967,119.85183764996579,154.7899932861328,0.9975360631942749
2022-10-26,20938.134765625,369.85411334727513,277.93387389821464,149.2059606049606,121.12182644650137,155.72999572753906,1.0080543756484985
2022-10-27,20854.044921875,367.3921160917615,272.3552150330736,146.31982652290824,121.62431926026913,155.08999633789062,1.0094891786575317
2022-10-28,20724.98046875,371.70543468470186,275.70239615326176,154.6150242142885,123.80794236884776,153.5399932861328,0.9998999834060669
2022-10-29,20988.39453125,,,,,,
2022-10-30,20917.005859375,,,,,,
2022-10-31,20795.3203125,370.6366574184391,273.8037184923803,151.4147121907347,123.95411822113167,152.8699951171875,0.9968101382255554
2022-11-01,20647.2890625,372.53561281137877,276.0645546736958,152.60253597457515,124.51146512894067,153.97999572753906,0.9951634407043457
2022-11-02,20742.810546875,370.85616501782636,272.28666184613866,149.3826416112209,124.74898817124256,155.4199981689453,0.9913553595542908
2022-11-03,20382.095703125,357.08607016392386,258.86858798702303,140.1842842462697,121.18577969776223,151.9600067138672,0.9839614629745483
2022-11-04,21209.560546875,361.5425251743016,260.9336403199302,140.28898493787645,123.34199140586517,156.60000610351562,0.993818461894989
2022-11-05,21446.88671875,,,,,,
2022-11-06,21345.376953125,,,,,,
2022-11-07,21053.24609375,363.164698821556,262.43113031008943,136.8277351131925,125.34286492360899,156.57000732421875,1.0005003213882446
2022-11-08,20664.607421875,367.5066303285375,267.04079438997553,139.06967336647747,125.64436004974209,159.8699951171875,1.0094178915023804
2022-11-09,18590.458984375,363.7086962893126,262.842110142691,136.23774833279379,126.05549538133533,160.35000610351562,1.0088781118392944
2022-11-10,18054.3125,376.9729757332263,277.02364233290325,144.4188995361328,129.39944759962688,163.50999450683594,1.018298864364624
2022-11-11,17650.943359375,381.08582000984256,282.49464653858405,147.5064994693465,129.39945638303416,164.5800018310547,1.0338374376296997
2022-11-12,17066.67578125,,,,,,
2022-11-13,16920.765625,,,,,,
2022-11-14,17109.32421875,381.8778966959395,283.0525163828222,147.77198095425382,131.16279206961872,165.24000549316406,1.0350252389907837
2022-11-15,17051.962890625,383.910498454461,287.01629894350947,151.02676861885655,130.8338631853322,166.22999572753906,1.0475481748580933
2022-11-16,16960.294921875,379.5876526465697,283.316787016794,147.36881668355312,130.5688856627547,165.7100067138672,1.0437324047088623
2022-11-17,16726.439453125,376.88708300619,280.2241072195647,148.9519465811487,129.45424250598217,164.11000061035156,1.040571928024292
2022-11-18,16947.05859375,379.61625454437336,281.85844224794346,150.15159363499748,130.4318815226864,163.69000244140625,1.0395874977111816
2022-11-19,16797.876953125,,,,,,
2022-11-20,16746.779296875,,,,,,
2022-11-21,16291.2236328125,377.7173054097724,278.52103631245524,147.8605015253363,132.65202171824185,162.5,1.0333247184753418
2022-11-22,16253.0478515625,381.7728946397623,280.0185056820932,147.909660354169,133.2001786772888,162.60000610351562,1.0290182828903198
2022-11-23,16638.193359375,384.5020668220049,283.2971346752864,149.29610855403772,133.9676706238481,163.24000549316406,1.0382059812545776
2022-11-24,16771.474609375,,,,,,1.0448229312896729
2022-11-25,16603.31640625,384.4830250793276,281.7801919247711,146.3953678932279,134.48845692065095,163.42999267578125,1.0429050922393799
2022-11-26,16666.86328125,,,,,,
2022-11-27,16594.40625,,,,,,
2022-11-28,16482.93359375,382.4791173493977,280.85037084364467,144.19273663104678,134.61631903840328,163.05999755859375,1.0496704578399658
2022-11-29,16522.2578125,379.1295732981502,277.31733827046963,142.39326202258005,133.44686168856407,163.6300048828125,1.039414644241333
2022-11-30,17190.9375,389.03485107421875,287.22180929264937,146.23801151936658,136.27919006347656,164.80999755859375,1.0394577980041504
2022-12-01,17197.498046875,391.24876657686235,289.45320889132523,146.64120704597443,137.3755347226096,167.9499969482422,1.053141474723816
2022-12-02,17088.66015625,389.2066444558519,287.2022122275757,145.53004745802465,137.7501445526456,167.47000122070312,1.0545185804367065
2022-12-03,17116.041015625,,,,,,
2022-12-04,17157.767578125,,,,,,
2022-12-05,17378.15234375,386.4105918965586,285.4699248069331,148.40128929094377,136.74514058618692,166.72000122070312,1.0594117641448975
2022-12-06,17091.86328125,381.69657620844976,281.49630416938044,144.84171332835018,137.11974271508925,165.5399932861328,1.0532081127166748
2022-12-07,17109.376953125,377.5455742554093,276.55388729782686,140.97731424983792,137.43949561115448,166.63999938964844,1.0546187162399292
2022-12-08,17267.916015625,379.18684498444895,278.77555327375643,141.12483916127653,138.30745618905053,167.0500030517578,1.0563119649887085
2022-12-09,17280.546875,379.43496494979524,279.5585154089067,143.14060047218985,138.82824425675346,168.08999633789062,1.0588396787643433
2022-12-10,17216.826171875,,,,,,
2022-12-11,17245.634765625,,,,,,
2022-12-12,17212.564453125,380.7041931152344,279.5585364128644,142.08842573001988,139.38555409824303,166.60000610351562,1.0579211711883545
2022-12-13,17930.0859375,391.71639020048895,290.55918171240603,147.46715106267968,140.91135921225796,169.7899932861328,1.066894292831421
2022-12-14,18318.53125,386.95456892239247,285.20570417082473,144.21239680146076,141.1032243589763,168.80999755859375,1.0669853687286377
2022-12-15,17846.744140625,377.1733606249857,276.9845076979305,139.43352160827794,138.8739185379998,166.2100067138672,1.0725586414337158
2022-12-16,17505.525390625,370.59383534034583,271.8560565360291,135.35274779526193,138.02425455941557,166.97999572753906,1.0663254261016846
2022-12-17,16800.58984375,,,,,,
2022-12-18,16815.38671875,,,,,,
2022-12-19,16807.52734375,367.9479918227815,268.7690767344981,132.94366095306307,138.30749090629652,167.11000061035156,1.0659003257751465
2022-12-20,17012.984375,366.4237355185501,266.17916404934465,131.02621414919912,137.86894130855217,169.52999877929688,1.065552830696106
2022-12-21,16916.80078125,371.3895586231339,269.5735853860759,134.52677190815584,139.4495088419249,169.7100067138672,1.0643506050109863
2022-12-22,16866.673828125,370.23912957543627,265.38451316774433,132.31435609146064,139.24851871253517,167.75999450683594,1.0657458305358887
2022-12-23,16905.21875,367.21941379519086,262.96129733071217,130.21004508793624,139.71447998012758,167.8000030517578,1.063117265701294
2022-12-24,16864.703125,,,,,,
2022-12-25,16860.5546875,,,,,,
2022-12-26,16920.123046875,,,,,,1.0637166500091553
2022-12-27,16959.845703125,367.30571508666856,261.793814605663,129.21689825725943,140.99360599284995,170.61000061035156,1.0668998956680298
2022-12-28,16768.169921875,367.5358135013805,260.439984319042,128.8432592520272,141.29510947749222,168.33999633789062,1.067429542541504
2022-12-29,16651.755859375,368.45605164881476,262.3333728477039,128.30244404039559,140.0068409564615,169.35000610351562,1.0670194625854492
2022-12-30,16643.427734375,366.75926975895635,261.3621912691805,127.78127473228464,139.4951855814996,169.89999389648438,1.0697933435440063
2022-12-31,16628.986328125,,,,,,
2023-01-01,16630.439453125,,,,,,
2023-01-02,16759.34375,,,,,,1.071237325668335
2023-01-03,16760.447265625,370.4501109547936,265.03123800839836,128.7154174535332,138.6089734784468,172.08999633789062,1.068261981010437
2023-01-04,16964.5859375,369.92286124255634,262.38248572216736,126.51280092971427,140.14389134782007,173.08999633789062,1.063151240348816
2023-01-05,16884.021484375,366.04982262488596,259.20392213727945,125.6376690392261,139.3124518927911,171.0,1.06326425075531
2023-01-06,16991.994140625,373.15342943340613,264.825231498382,128.11558077623516,141.1215037775096,173.9600067138672,1.062225103378296
2023-01-07,16975.017578125,,,,,,
2023-01-08,17091.14453125,,,,,,
2023-01-09,17389.95703125,377.4194487549502,270.07393960622954,131.18353181246084,141.43214393744572,175.0399932861328,1.0759514570236206
2023-01-10,17484.720703125,374.4955486092587,267.7684843270472,129.06941726347972,139.51348718085032,174.97999572753906,1.0756852626800537
2023-01-11,17934.896484375,379.24089274048094,272.3990385203139,131.28184718963053,139.3855614037171,174.7899932861328,1.077470064163208
2023-01-12,19030.087890625,382.0113152345906,274.7927265308299,132.0193381171801,138.6272113048017,176.7100067138672,1.0838346481323242
2023-01-13,19964.322265625,382.5961598321735,275.89159492070866,132.66835024455597,138.00598009603212,178.8300018310547,1.0867793560028076
2023-01-14,21075.142578125,,,,,,
2023-01-15,20993.748046875,,,,,,
2023-01-16,21360.875,,,,,,1.0875475406646729
2023-01-17,21438.66015625,383.6793992551705,277.4906509803417,134.99878678874634,138.99271531116298,178.24000549316406,1.086909294128418
2023-01-18,21564.501953125,383.5739112290624,279.29586442885653,136.29674271738915,136.98266480523645,179.17999267578125,1.0884472131729126
2023-01-19,21163.01171875,374.907706111415,272.124280756162,133.97612225756075,134.43139717293707,180.02999877929688,1.0833063125610352
2023-01-20,22692.357421875,379.66272547397637,277.65743727728545,135.7165669083965,131.6088863712384,179.66000366210938,1.0856584310531616
2023-01-21,23282.34765625,,,,,,
2023-01-22,23056.73046875,,,,,,
2023-01-23,23126.486328125,385.99935386476415,284.7112093017604,140.92815961902411,132.11453676993366,179.69000244140625,1.0919533967971802
2023-01-24,23134.01171875,384.56133208460926,284.06367086220337,140.77082749424633,130.90095749311243,180.32000732421875,1.089680790901184
2023-01-25,23722.099609375,384.12996598342204,282.89620547785677,140.05300275817604,130.32175439573064,181.22000122070312,1.0922634601593018
2023-01-26,23237.078125,388.1754951278568,287.9584731055407,141.842648779811,130.31255439785454,180.27000427246094,1.0932546854019165
2023-01-27,23417.720703125,391.28150871155356,292.608711331998,144.77290596887224,129.96321004540798,179.72000122070312,1.0901559591293335
2023-01-28,23165.896484375,,,,,,
2023-01-29,23919.890625,,,,,,
2023-01-30,23789.34765625,388.3768032673917,288.80219070771494,143.12092578303154,130.66189730294113,179.42999267578125,1.0915005207061768
2023-01-31,23225.021484375,389.7188801347345,289.1357393931687,141.93111130163894,130.98371106555572,179.6999969482422,1.0868383646011353
2023-02-01,23764.5390625,396.5636593442866,297.68071332529627,144.16322923439725,132.48226654215662,181.72999572753906,1.092442512512207
2023-02-02,24167.2109375,401.01177323006914,307.7364525973312,148.6569866770964,131.2043420868214,181.11000061035156,1.102657437324524
2023-02-03,23678.103515625,399.72713273402843,306.47098885524724,154.75349514117664,131.82033602461647,175.42999267578125,1.094067931175232
2023-02-04,23556.94921875,,,,,,
2023-02-05,23423.435546875,,,,,,
2023-02-06,23119.279296875,394.2820312874674,300.11375637228986,150.54493079230497,131.140017995444,174.4600067138672,1.0800302028656006
2023-02-07,23310.974609375,399.26698166926644,305.1367492772075,152.63936822302708,129.43912686734245,175.27000427246094,1.0745997428894043
2023-02-08,23367.958984375,397.38807436741587,303.63573975725507,152.00025508514892,128.2899154908273,174.99000549316406,1.0760208368301392
2023-02-09,22996.4375,397.4264298512411,303.1354200194774,151.7544365931666,128.09685066840626,175.52000427246094,1.0790396928787231
2023-02-10,21941.185546875,391.5498653830581,295.85598658175047,149.0414968354293,127.14988872347423,173.67999267578125,1.0751763582229614
2023-02-11,21891.41015625,,,,,,
2023-02-12,22060.994140625,,,,,,
2023-02-13,21898.4140625,395.8925864844252,299.31913678109805,151.91717418893083,129.1265603131803,172.89999389648438,1.0725010633468628
2023-02-14,22293.140625,397.8865164448738,301.88945775685835,151.43461079325414,128.93346584403176,173.50999450683594,1.0798436403274536
2023-02-15,24307.841796875,396.9374882356896,303.41007879995976,153.13833305811258,128.08765210920185,170.99000549316406,1.0744600296020508
2023-02-16,25134.1171875,395.83502566820573,302.5859648965573,153.95570692832584,127.05794993965775,171.60000610351562,1.0722250938415527
2023-02-17,24924.041015625,390.6583324559055,296.20910430272016,150.6763169294936,128.74961084062912,171.47000122070312,1.0681477785110474
2023-02-18,24798.8359375,,,,,,
2023-02-19,25093.0546875,,,,,,
2023-02-20,25020.458984375,,,,,,1.0705492496490479
2023-02-21,25126.8515625,387.44686578378213,293.0698209813089,149.0021077790729,129.5310823667903,171.5,1.0695644617080688
2023-02-22,24472.33984375,384.54218860202,290.74468891009906,147.67258982358598,130.16544507668948,170.9600067138672,1.0665528774261475
2023-02-23,24572.08984375,385.56790810303414,292.48119080254816,148.0566768897737,129.76093767186808,170.1300048828125,1.0630381107330322
2023-02-24,24103.705078125,380.8226354035622,287.41887258258424,144.95453250364176,128.18880898434293,168.83999633789062,1.0614246129989624
2023-02-25,23210.2109375,,,,,,
2023-02-26,23654.3671875,,,,,,
2023-02-27,23857.890625,384.69558849089844,290.87218529190994,146.90446214048941,129.1449538901166,169.22999572753906,1.0618642568588257
2023-02-28,23585.384765625,382.7687005643169,290.50926424529877,146.81586942805245,127.41650867256384,170.25,1.0645002126693726
2023-03-01,23880.6328125,380.285786224129,288.36068762810055,144.99398823769207,127.17748941133408,171.49000549316406,1.0691070556640625
2023-03-02,23739.138671875,382.20311141280865,288.85128421092963,144.48186861811354,129.10815670031698,170.97999572753906,1.067270040512085
2023-03-03,23479.34765625,387.724935164796,294.2372429494575,148.8149928448926,129.85286997974703,172.60000610351562,1.062925100326538
2023-03-04,22405.177734375,,,,,,
2023-03-05,22613.685546875,,,,,,
2023-03-06,22584.29296875,390.6008283701899,298.23992643719316,153.92621703534178,129.76095484666456,172.3699951171875,1.0693814754486084
2023-03-07,22527.41796875,387.93584262349646,295.30656406111916,151.69061749037596,129.28284364552218,170.47000122070312,1.06963312625885
2023-03-08,22268.896484375,383.1809248459443,292.7754600628296,151.13917230662574,126.58906999723395,169.58999633789062,1.0573283433914185
2023-03-09,21802.716796875,384.87765106087704,295.27710774378676,152.19292402611515,127.38894712579008,170.64999389648438,1.0586491823196411
2023-03-10,20370.595703125,376.9017923479486,288.7727631546609,148.64761988981078,126.86489162262345,173.8800048828125,1.0698620080947876
2023-03-11,20792.525390625,,,,,,
2023-03-12,22185.03125,,,,,,
2023-03-13,24550.837890625,374.24634050095773,288.89047492289336,150.81418573238946,129.92644317463575,178.02000427246094,1.0737217664718628
2023-03-14,26514.716796875,377.17975816787913,292.28498274294475,151.07023295988367,128.81395370133328,177.58999633789062,1.0747140645980835
2023-03-15,25240.615234375,373.38352820078774,293.59951488700585,150.9224733808993,130.68948765325706,180.1300048828125,1.0760092735290527
2023-03-16,25190.326171875,380.074864540284,301.35968872296763,154.08376844517147,131.58128013025183,179.64999389648438,1.063456416130066
2023-03-17,27787.8125,379.5334454433477,303.2923239367892,154.35951419092353,131.82953602344122,184.80999755859375,1.0669625997543335
2023-03-18,27725.953125,,,,,,
2023-03-19,28440.560546875,,,,,,
2023-03-20,28527.724609375,379.31215983644114,300.96150332211346,155.42312546588803,133.67746678964068,184.5399932861328,1.0730534791946411
2023-03-21,28439.5625,384.3546576570402,305.3831267141838,156.9791040860205,133.52117610547677,182.72999572753906,1.0787253379821777
2023-03-22,28803.3359375,387.31851343521214,309.75554713715763,159.6774765177441,133.99924837299818,183.94000244140625,1.0801469087600708
2023-03-23,28729.84375,384.239130397535,308.67468596990665,159.09646969740976,133.4200546082861,186.24000549316406,1.0928997993469238
2023-03-24,28388.4375,380.91921510254883,305.5698212705116,157.90482213956633,134.92782116924226,185.99000549316406,1.0839003324508667
2023-03-25,27791.826171875,,,,,,
2023-03-26,28178.14453125,,,,,,
2023-03-27,28037.92578125,383.88310351821207,307.2500255451253,158.3283178086609,135.5346373722328,182.14999389648438,1.0795999765396118
2023-03-28,27460.71875,381.54470001628135,302.8284666751966,156.08291480553032,134.98300892652114,183.6199951171875,1.08489990234375
2023-03-29,28619.54296875,386.46207306808367,307.8886779467395,158.60405440029712,135.41508259676246,183.27000427246094,1.0871999263763428
2023-03-30,29159.90234375,389.1083725616801,310.80686887231343,160.0024950198449,135.6449506914604,184.44000244140625,1.0923947095870972
2023-03-31,28639.896484375,394.2567475446969,315.5724158551526,162.49405610459849,136.7022247314453,184.4199981689453,1.0925856828689575
2023-04-01,28802.45703125,,,,,,
2023-04-02,28518.958984375,,,,,,
2023-04-03,28475.623046875,395.86374673169445,314.8354733237728,163.76445869825218,137.9709482401282,185.0399932861328,1.0915720462799072
2023-04-04,28433.7421875,396.3930888912914,316.0244133428244,164.30613205347163,139.47877666638857,188.22999572753906,1.0971648693084717
2023-04-05,28739.23828125,393.2945044696635,313.4991679194973,162.54327395468036,140.06718044542825,188.86000061035156,1.0969241857528687
2023-04-06,28178.384765625,394.0450376322365,312.99799939754666,162.45470278445305,140.6279915092252,187.25999450683594,1.0930156707763672
2023-04-07,28111.59375,,,,,,1.0925379991531372
2023-04-08,28159.86328125,,,,,,
2023-04-09,28532.830078125,,,,,,
2023-04-10,29771.46484375,394.2471058980047,312.3790720921431,159.5691375732422,139.44194983939116,185.36000061035156,1.0918222665786743
2023-04-11,30509.083984375,395.6809288356751,312.3495943669615,159.89412336543904,139.2305257771992,186.50999450683594,1.0926692485809326
2023-04-12,30462.48046875,396.6336089865583,312.87034446403476,159.59869619161648,140.12231268907425,187.66000366210938,1.099855899810791
2023-04-13,30539.845703125,398.240630968758,314.0788231546302,163.28190788405584,139.62584961644365,190.41000366210938,1.1068999767303467
2023-04-14,31005.607421875,399.44355846247794,314.7765116629593,163.794009087704,139.36841807402178,188.49000549316406,1.1075423955917358
2023-04-15,30601.740234375,,,,,,
2023-04-16,30555.537109375,,,,,,
2023-04-17,30319.197265625,398.356180127704,313.63673071713305,162.87813940299813,139.2581003378508,185.92999267578125,1.0999042987823486
2023-04-18,30470.302734375,400.0498321097644,315.81805271629645,164.86746811951792,139.36842738567765,186.99000549316406,1.0983458757400513
2023-04-19,30411.0546875,399.4339901497687,314.2164059332527,165.60604050503213,139.6534245539313,185.5800018310547,1.098659634590149
2023-04-20,29076.400390625,398.10598763661955,313.70545604121475,165.32049116381157,140.02819418507704,187.02999877929688,1.0989010334014893
2023-04-21,28349.96875,397.1244246963598,311.8680363783544,163.9220227028112,146.27285569543037,185.67999267578125,1.099251389503479
2023-04-22,27872.142578125,,,,,,
2023-04-23,27820.244140625,,,,,,
2023-04-24,27979.982421875,397.4997414469219,312.2020787205842,163.08496487632468,145.47725262073473,185.02999877929688,1.103423833847046
2023-04-25,28371.078125,395.6617550067555,309.4804653365715,163.78416246885476,146.1155696833216,186.22000122070312,1.1068068742752075
2023-04-26,29995.837890625,392.46684668077467,309.4509179379555,162.76977657727082,144.32078281989487,186.64999389648438,1.109410047531128
2023-04-27,29871.546875,397.13409906910863,315.26781460821445,165.9999802574992,144.8851638825554,184.99000549316406,1.1065618991851807
2023-04-28,29572.791015625,400.261616101448,317.02656867243917,167.2703823718156,145.58826700878117,185.3800048828125,1.1043744087219238
2023-04-29,29452.455078125,,,,,,
2023-04-30,29952.029296875,,,,,,
2023-05-01,29329.935546875,401.8782298985706,317.9895203971101,167.86128258741087,145.6160081774647,186.22000122070312,1.103557825088501
2023-05-02,28881.298828125,399.1837787040956,316.83009945162763,167.76282424517206,145.18119468384452,187.63999938964844,1.1005216836929321
2023-05-03,29259.533203125,398.26957154429016,316.8497211454234,168.32412999077732,145.77330483679455,189.2100067138672,1.1058155298233032
2023-05-04,29353.185546875,391.91832822239473,312.6836094317165,164.50306450874902,144.87591419509008,191.36000061035156,1.109139323234558
2023-05-05,29668.908203125,398.125234465571,318.1172221778604,171.65280778469676,144.6076080152923,187.5800018310547,1.1048002243041992
2023-05-06,29820.126953125,,,,,,
2023-05-07,29157.517578125,,,,,,
2023-05-08,28663.271484375,397.6632818576283,318.3922761662651,171.2096195052504,144.07104895590194,188.6699981689453,1.1053388118743896
2023-05-09,27821.400390625,396.55667765861574,317.2525888785496,170.9043468501181,144.30229781642464,189.3300018310547,1.1001100540161133
2023-05-10,28322.6875,398.91435498071894,320.3280376891628,171.38690478906514,142.76658759654305,189.63999938964844,1.100473165512085
2023-05-11,27621.94140625,396.8838643849846,321.0550810222023,171.93839911576495,143.29391130301266,188.80999755859375,1.0998680591583252
2023-05-12,27055.646484375,398.04827596600416,321.46776760489286,171.6535334613317,144.36708736348717,187.9199981689453,1.0935176610946655
2023-05-13,27030.482421875,,,,,,
2023-05-14,27150.9765625,,,,,,
2023-05-15,27646.34765625,397.846199230762,321.3302288576638,170.815324358024,145.01468202476246,187.8800048828125,1.0892059803009033
2023-05-16,27299.3046875,397.2591747577228,323.16764148062344,170.74628490689332,145.17194246713322,186.82000732421875,1.090358018875122
2023-05-17,27465.927734375,400.1845667461961,325.9286819112278,170.53914722242257,144.83887418365538,184.4499969482422,1.0875475406646729
2023-05-18,27466.52734375,403.850968255046,331.607890460888,172.8172736869499,142.1467559597867,182.27999877929688,1.0849517583847046
2023-05-19,27128.619140625,404.86136352045077,332.31537245568006,173.9513327998332,141.8414915237164,184.33999633789062,1.082391619682312
2023-05-20,27155.158203125,,,,,,
2023-05-21,27265.91796875,,,,,,
2023-05-22,27045.734375,404.54384591155565,332.76738767069196,172.2945540862593,141.17538150523183,183.83999633789062,1.0830715894699097
2023-05-23,27434.68359375,402.9367742560176,331.1854214014878,170.9829553293692,137.7338777149091,183.75999450683594,1.0821340084075928
2023-05-24,27224.603515625,397.2591296170941,327.10776972072495,170.03621645106807,137.10475059237416,183.5399932861328,1.0799369812011719
2023-05-25,26591.51953125,400.4732635587891,335.0666587119971,171.49576564962197,135.26375836310655,181.30999755859375,1.0754191875457764
2023-05-26,26916.669921875,404.90947362025605,343.16288902138865,173.33991896491864,135.07870564690924,181.3000030517578,1.0757546424865723
2023-05-27,26888.8828125,,,,,,
2023-05-28,28193.44921875,,,,,,
2023-05-29,28432.0390625,,,,,,1.0745755434036255
2023-05-30,28044.759765625,406.6512337191027,347.761448653529,176.51539231960112,133.25621714557417,182.39999389648438,1.0745755434036255
2023-05-31,27831.677734375,403.41787217907637,344.48951455879416,176.8704419237823,133.20070596122625,183.4499969482422,1.0738831758499146
2023-06-01,27346.10546875,406.9784643429913,347.20126371605517,177.62975798334406,133.330231085604,184.2100067138672,1.0753995180130005
2023-06-02,27303.861328125,412.5790771690053,349.62829889635873,179.2668453318801,135.69859353748024,183.55999755859375,1.077934741973877
2023-06-03,27317.052734375,,,,,,
2023-06-04,27407.01953125,,,,,,
2023-06-05,27129.982421875,413.4258854781173,351.26922987957295,182.3929972823034,136.78100077492115,182.44000244140625,1.0722709894180298
2023-06-06,27313.8203125,412.4251000685976,349.61847863088633,177.62976831057978,135.35626658899758,182.64999389648438,1.073306918144226
2023-06-07,27332.181640625,413.4258744271593,350.89577588867536,178.70470351330488,134.255370710377,183.0,1.074021577835083
2023-06-08,26797.513671875,413.4065695599131,347.45671308185854,178.3398036598064,135.67081736419544,183.0399932861328,1.078283429145813
2023-06-09,26770.2890625,415.7065896969759,351.4264313853431,179.71062202681557,135.79108541808995,182.7899932861328,1.0787487030029297
2023-06-10,26531.044921875,,,,,,
2023-06-11,26203.439453125,,,,,,
2023-06-12,26087.919921875,417.52527361997466,354.305355405067,181.34764691680866,136.00388694702235,181.94000244140625,1.0789697170257568
2023-06-13,26376.3515625,420.8452289997208,357.76396397203456,181.60404834381112,134.7734225323568,182.42999267578125,1.0822510719299316
2023-06-14,26041.80078125,422.5100677032549,359.8077506752878,181.84073380664427,135.89285218177432,181.9600067138672,1.085835337638855
2023-06-15,25735.30859375,427.167581376933,365.29042457474895,183.94132853129034,137.81714823524683,182.0500030517578,1.0938525199890137
2023-06-16,26463.173828125,428.474279953013,366.35165825781803,184.40479194393566,138.8532781324453,182.6199951171875,1.0970999002456665
2023-06-17,26769.39453125,,,,,,
2023-06-18,26675.92578125,,,,,,
2023-06-19,26984.611328125,,,,,,1.0949305295944214
2023-06-20,28388.96875,423.41304154167295,362.3970867681533,183.52713618153166,139.02907347499925,180.08999633789062,1.0945229530334473
2023-06-21,30737.330078125,422.08014103507514,360.2914640047926,182.84663717983523,138.39996259848425,179.9499969482422,1.0961307287216187
2023-06-22,30495.998046875,421.722779347334,360.438986288893,184.46396933431626,139.78766679622325,178.99000549316406,1.1011154651641846
2023-06-23,31389.5390625,420.2159925909701,359.01235823948906,184.96691381940127,139.26034060443902,179.9499969482422,1.0958904027938843
2023-06-24,30804.1484375,,,,,,
2023-06-25,31041.271484375,,,,,,
2023-06-26,30636.029296875,419.7813378209466,358.97290116893345,185.45012108460458,137.8171184000014,179.0800018310547,1.0921800136566162
2023-06-27,31006.787109375,421.90629521825156,358.7073073891835,185.78543087633778,138.92729281763638,179.2899932861328,1.0976104736328125
2023-06-28,30703.279296875,422.5147425065915,360.62599693384084,187.2745217767789,139.04757710929,177.69000244140625,1.0962508916854858
2023-06-29,30796.25,423.32607787868903,359.02218292164616,187.4422009047134,138.49247701893566,177.6300048828125,1.094067931175232
2023-06-30,31256.86328125,429.1406745135059,364.53217123255274,191.79124321876165,140.68507177958688,178.52999877929688,1.0933741331100464
2023-07-01,30641.2890625,,,,,,
2023-07-02,30766.140625,,,,,,
2023-07-03,31375.61328125,428.9282469948695,364.96505018225037,191.19956064074086,141.11060809960253,179.33999633789062,1.093135118484497
2023-07-04,31325.197265625,,,,,,1.0918222665786743
2023-07-05,30877.330078125,428.7446987114959,366.02766038802605,190.311950580781,141.04587671538664,179.4199981689453,1.0906195640563965
2023-07-06,31460.052734375,425.08401688065084,361.9936483701635,189.36527592182694,140.79607735367176,177.8000030517578,1.0901559591293335
2023-07-07,30434.64453125,427.5373607483118,364.5223623431032,190.0062704618662,140.54626272996938,179.64999389648438,1.096467137336731
2023-07-08,30374.4375,,,,,,
2023-07-09,30427.58984375,,,,,,
2023-07-10,31026.083984375,424.8328785164898,361.1474122875821,187.36332142042107,139.06606356387275,178.9199981689453,1.0992755889892578
2023-07-11,30788.314453125,427.85607282742535,362.7020449901475,186.68285528837708,137.89115506484058,179.7100067138672,1.1025601625442505
2023-07-12,30959.96484375,432.2122699147005,368.17261006456084,189.04965668897157,138.2149124972358,181.9499969482422,1.1125946044921875
2023-07-13,31814.515625,435.0132815571351,373.8793753287955,188.5467078881079,138.3259473058645,182.14999389648438,1.1196202039718628
2023-07-14,31582.25390625,435.9597935487755,376.70321351551775,188.53685056119244,139.35287862019626,182.1699981689453,1.12447988986969
2023-07-15,30407.78125,,,,,,
2023-07-16,30437.560546875,,,,,,
2023-07-17,30336.400390625,436.51032563863066,377.3329166322363,191.6334686208352,138.91805210238283,181.6300048828125,1.125112533569336
2023-07-18,30233.65625,439.3403912522435,380.90458816742535,191.64328540459255,139.21409979264988,184.22999572753906,1.1275737285614014
2023-07-19,30184.181640625,440.8568680135883,381.74091239064427,195.48938034906212,139.52864858723862,183.83999633789062,1.123974323272705
2023-07-20,30195.53125,439.5722457578469,377.9232550597698,193.7537348839622,140.34258031741848,183.77000427246094,1.12296462059021
2023-07-21,30045.998046875,438.6739839174844,373.8104982140494,192.2744851317762,143.06100292198389,182.4600067138672,1.1147029399871826
2023-07-22,29991.615234375,,,,,,
2023-07-23,30330.640625,,,,,,
2023-07-24,30093.39453125,439.5143085643416,371.508137285771,192.21528467718613,143.32168661979074,182.5399932861328,1.114504098892212
2023-07-25,29353.16015625,441.156237070321,374.351637654843,191.75180092732498,143.23788507372663,182.47000122070312,1.1088933944702148
2023-07-26,29675.552734375,441.39771546076753,373.14140793425514,192.93516660303447,144.15022319869502,183.63999938964844,1.1086474657058716
2023-07-27,29560.966796875,443.7640890010797,378.52343803042015,194.47361545879667,143.92680530588567,181.63999938964844,1.115200161933899
2023-07-28,29521.513671875,442.1607516818026,378.33651706389406,193.91151654263126,146.60796940444413,182.27000427246094,1.1046794652938843
2023-07-29,29396.84375,,,,,,
2023-07-30,29443.169921875,,,,,,
2023-07-31,29489.873046875,442.52781174126136,378.6907551113529,193.7734336784224,146.79414841905316,183.08999633789062,1.1045451164245605
2023-08-01,29675.732421875,441.6488687577706,377.3919451508952,194.01013518521242,146.31935907172414,181.3800048828125,1.1002310514450073
2023-08-02,29987.998046875,438.0461090832154,373.1611574017235,192.48154051645844,146.84073102958567,180.7899932861328,1.1007033586502075
2023-08-03,29375.70703125,435.4093273640729,369.90441323584355,189.71042999433632,146.81277315834964,179.9499969482422,1.0953983068466187
2023-08-04,29302.078125,437.44727217935485,372.0197669898347,184.78940327661547,146.84070008276413,180.77000427246094,1.1040940284729004
2023-08-05,29102.46484375,,,,,,
2023-08-06,29160.822265625,,,,,,
2023-08-07,29244.28125,435.4865451527169,369.2549530766585,180.59814508763776,146.30072624770955,180.14999389648438,1.1012003421783447
2023-08-08,30176.796875,435.3223520518387,366.6672428994244,177.77771228390873,146.7476159851933,179.3300018310547,1.1009820699691772
2023-08-09,30093.435546875,433.8735287355085,366.4605913395506,178.42856448196,147.17585267842003,178.9199981689453,1.0994327068328857
2023-08-10,29688.564453125,436.2881956069427,368.33982886028974,178.25107058876787,147.44582332767996,178.6999969482422,1.1058399677276611
2023-08-11,29517.7734375,431.45880273974404,362.08223214291667,176.3883728930982,146.58935904235625,178.36000061035156,1.1004369258880615
2023-08-12,29465.11328125,,,,,,
2023-08-13,29441.43359375,,,,,,
2023-08-14,29660.25390625,432.8207702636719,364.5124746558894,177.44501774834183,146.65450183927527,177.5800018310547,1.0960345268249512
2023-08-15,29439.12109375,431.40092184966306,364.2173147115886,177.23762299403361,145.2022266416058,177.42999267578125,1.0949664115905762
2023-08-16,29221.9765625,429.0248164729432,361.5213395998945,176.30935657463468,144.97875090795657,176.9499969482422,1.0934697389602661
2023-08-17,28745.947265625,426.3686636613096,358.4514953081847,175.29223725703497,142.95859637023267,176.55999755859375,1.0917268991470337
2023-08-18,26808.1953125,422.6403412596287,353.6303257433368,172.91236175457905,142.33484521787787,176.05999755859375,1.089561939239502
2023-08-19,26249.44921875,,,,,,
2023-08-20,26260.681640625,,,,,,
2023-08-21,26220.201171875,425.09369303000517,358.72700217281374,173.92949746098708,142.23242689506293,175.94000244140625,1.0913575887680054
2023-08-22,26135.5078125,426.1271477129419,360.6652927377172,175.46015251147782,141.6459230412326,176.25,1.093199610710144
2023-08-23,26786.8984375,428.53220964419495,364.2664820763043,179.2817827873095,142.8841155590064,178.22000122070312,1.0870510339736938
2023-08-24,26554.91015625,430.0293227205553,366.7459919896975,178.8374232276998,144.00126171562042,178.49000549316406,1.0876895189285278
2023-08-25,26248.103515625,426.2430431246683,359.8584793596251,176.91175631972774,143.44268430204005,178.3800048828125,1.0839755535125732
2023-08-26,26107.384765625,,,,,,
2023-08-27,26165.373046875,,,,,,
2023-08-28,26198.578125,428.2713769074764,361.7968265629238,178.3337935661488,143.71267081575584,178.72999572753906,1.0821340084075928
2023-08-29,28089.337890625,434.1150135078099,369.0974820142303,182.5899254092932,143.4054390242667,179.8800048828125,1.0856702327728271
2023-08-30,27760.16015625,436.2592497912926,371.3801906583347,185.50305529692773,144.17812643679065,180.8800048828125,1.094546914100647
2023-08-31,27456.078125,437.3796481914474,373.6136895466663,186.75719481874472,144.44813417100178,180.49000549316406,1.0939722061157227
2023-09-01,26125.869140625,438.19104870854676,374.70589361223153,187.54720101813678,144.55984737976726,181.1199951171875,1.0880801677703857
2023-09-02,25970.28515625,,,,,,
2023-09-03,26087.1484375,,,,,,
2023-09-04,26081.525390625,,,,,,1.080905795097351
2023-09-05,25858.375,435.6700800917991,373.21025361310325,187.60647191514923,144.15954707966657,179.44000244140625,1.07991361618042
2023-09-06,25953.015625,433.2070527201014,371.5573465500338,186.49059214043663,141.9252385750565,179.00999450683594,1.0748181343078613
2023-09-07,26409.302734375,430.3480346831722,366.8542393043202,175.98353252575788,143.5451249879389,178.3699951171875,1.0734220743179321
2023-09-08,26414.005859375,431.8548689598933,368.82198545674055,177.98814840122637,142.8655087557414,179.0500030517578,1.0742061138153076
2023-09-09,25921.9765625,,,,,,
2023-09-10,25978.130859375,,,,,,
2023-09-11,25883.947265625,433.4582293140434,371.4195860717581,178.0473836718388,144.3922793018618,179.07000732421875,1.0756852626800537
2023-09-12,26451.939453125,433.2263855290798,370.8883034455317,177.8795329175836,144.43880829953636,177.6999969482422,1.0762641429901123
2023-09-13,26376.11328125,432.43427675391376,369.79608390633206,175.0848996684252,142.98647718168206,177.75,1.0765421390533447
2023-09-14,26774.623046875,435.6893927060478,372.1869522435042,173.8998448696545,144.2247064395984,177.38999938964844,1.0755001306533813
2023-09-15,26840.498046875,433.7368084981918,370.26838790740453,174.29487626046748,144.59710321232077,179.11000061035156,1.068764328956604
2023-09-16,26754.76953125,,,,,,
2023-09-17,26617.998046875,,,,,,
2023-09-18,27414.734375,431.3038771522312,366.3407987118216,177.13889330258442,143.81510203121246,179.41000366210938,1.0698162317276
2023-09-19,27488.763671875,429.6754845917088,365.24703922410754,177.38578010579235,143.42408441613418,179.64999389648438,1.071926236152649
2023-09-20,27379.505859375,430.7901294710478,365.86778417760956,177.45486279571944,144.09437550421163,180.66000366210938,1.0726966857910156
2023-09-21,27152.939453125,422.5802845540439,356.3001026510691,174.0973581099587,143.09826048501392,178.49000549316406,1.0673611164093018
2023-09-22,26726.078125,420.7677771367577,356.49715394100406,174.86761425499944,142.75378427248796,178.9499969482422,1.0671560764312744
2023-09-23,26634.185546875,,,,,,
2023-09-24,26716.05859375,,,,,,
2023-09-25,26421.5078125,418.99385884123024,354.42794074320403,174.75897636563758,140.83599648714608,178.7100067138672,1.0655415058135986
2023-09-26,26389.884765625,416.6192276670961,352.2996117540498,173.01111068359924,139.97953209929673,177.13999938964844,1.060895323753357
2023-09-27,26817.841796875,414.5352059296986,351.74790285785804,170.87809720821267,139.36507114241257,175.32000732421875,1.057373046875
2023-09-28,27259.5,417.035947852058,354.89107073347196,169.8807195182162,137.763823180058,174.13999938964844,1.0578652620315552
2023-09-29,27225.9375,418.5868563011905,357.6303811505316,170.9077464641982,136.637370939869,174.02999877929688,1.0617965459823608
2023-09-30,27091.794921875,,,,,,
2023-10-01,28047.23828125,,,,,,
2023-10-02,28494.458984375,415.436637965525,357.3642890085675,172.12237043121976,135.54815619376961,170.4600067138672,1.0590976476669312
2023-10-03,27667.19140625,414.2443872113326,355.7187850269011,171.46073744550782,136.376686885912,170.0800018310547,1.049428105354309
2023-10-04,27826.658203125,412.3640165843667,355.3246146472607,172.03345733749015,136.20911721547068,169.41000366210938,1.0532413721084595
2023-10-05,28091.861328125,412.30573860633996,354.87142377219976,173.25800883188634,136.0043038114632,169.0,1.0536853075027466
2023-10-06,28252.537109375,417.8889419596687,360.54696275822704,175.76627518846593,134.57993326090138,170.22999572753906,1.0598160028457642
2023-10-07,28028.091796875,,,,,,
2023-10-08,28102.169921875,,,,,,
2023-10-09,27989.470703125,419.5852123041229,361.7293046269779,176.81301689163445,134.03065617976392,172.86000061035156,1.0576413869857788
2023-10-10,27715.84765625,423.7919280682824,365.83816676549657,177.4746247468579,135.19437001929106,172.8000030517578,1.061954379081726
2023-10-11,27474.115234375,423.17151977952034,365.9663313882023,177.60304349794123,135.51090153829696,174.1300048828125,1.063354730606079
2023-10-12,26921.439453125,423.9081571332996,368.2621815500544,180.06186474127756,133.99342585622912,174.22999572753906,1.0639089345932007
2023-10-13,27092.697265625,423.0455435777595,365.72000104859404,179.6570151987734,135.0174667788806,179.10000610351562,1.0558546781539917
2023-10-14,26969.0,,,,,,
2023-10-15,27289.169921875,,,,,,
2023-10-16,29448.138671875,423.7143850912576,365.0499604297053,176.84263973108403,136.90736168293196,178.3300018310547,1.055464744567871
2023-10-17,28618.751953125,424.6836681484373,364.49819739696323,176.19087429527403,136.68393337691114,179.1300048828125,1.0595004558563232
2023-10-18,28889.009765625,421.8145218630585,362.5176255477324,175.36137864838344,140.85462859442583,182.02000427246094,1.0595465898513794
2023-10-19,28892.474609375,419.5270131332278,360.6553146993433,175.6180919396984,140.78807229455717,183.42999267578125,1.0585371255874634
2023-10-20,30104.0859375,413.4398746497076,354.76294846899185,173.2283676109075,140.41334483096625,185.22999572753906,1.0601080656051636
2023-10-21,30287.482421875,,,,,,
2023-10-22,30199.43359375,,,,,,
2023-10-23,34370.4375,411.4141082592817,353.9944714017321,171.8359838309846,140.05734009066492,183.55999755859375,1.064736008644104
2023-10-24,35150.43359375,411.7727171708306,354.6349301386818,171.50022404547477,140.59134297579507,183.39999389648438,1.0690499544143677
2023-10-25,35133.7578125,408.9617938766799,351.64926113407876,170.8978144354766,141.64059129872732,184.3000030517578,1.0606703758239746
2023-10-26,34832.91015625,404.5127401955018,344.93913146646247,169.23882483986895,141.8186005417467,184.49000549316406,1.0569707155227661
2023-10-27,34238.2109375,401.8666061249316,343.72710044474474,166.8490920877316,140.47890012886134,186.36000061035156,1.0597710609436035
2023-10-28,34399.390625,,,,,,
2023-10-29,34743.26171875,,,,,,
2023-10-30,34843.93359375,403.88275285179935,345.4022350230032,169.03145545417337,140.10418014434387,185.6999969482422,1.0625998973846436
2023-10-31,34719.25390625,405.67586990534585,346.1018217264424,168.76482492650203,140.7693323540447,186.2100067138672,1.0669056177139282
2023-11-01,35527.9296875,410.4932751362608,352.289802333435,172.05322449399938,141.16277935797456,185.0,1.0580778121948242
2023-11-02,35919.84375,417.68539350879695,358.3496319411529,175.5588693503195,142.07151440356367,184.27999877929688,1.067008137702942
2023-11-03,34942.47265625,422.8904349465744,363.6113538875242,174.61088250590672,142.6710916281563,185.47000122070312,1.0736998319625854
2023-11-04,35256.03125,,,,,,
2023-11-05,35340.33984375,,,,,,
2023-11-06,35286.02734375,422.75473237061436,364.3602674355303,177.18825142381783,141.69682022975326,184.22999572753906,1.075700283050537
2023-11-07,35892.41796875,424.1505365569555,368.10453411405916,180.1606499568927,141.6968079856797,182.64999389648438,1.0721560716629028
2023-11-08,35994.41796875,424.635151307966,368.31151640650904,181.1580120556029,141.64995035558013,182.07000732421875,1.071604609489441
2023-11-09,37926.2578125,425.0035227425126,369.30661967147313,181.81965455110011,140.85365295410156,182.27999877929688,1.0728002786636353
2023-11-10,37493.80078125,427.38796843360757,372.99191171189364,184.48180071812672,141.87481421439395,180.58999633789062,1.0692557096481323
2023-11-11,37407.09375,,,,,,
2023-11-12,37227.69140625,,,,,,
2023-11-13,37405.1171875,427.7756266322396,372.735659990496,183.94782669363863,143.24258017322785,180.72999572753906,1.0705492496490479
2023-11-14,36753.3515625,436.23753414765645,380.59867352227815,186.00454008995078,143.80469767495046,182.75,1.08672034740448
2023-11-15,37964.89453125,437.51700226405256,382.0668646539616,187.3790139742788,142.76479820253815,182.17999267578125,1.0887316465377808
2023-11-16,37934.625,436.7222261657172,380.52968563166974,188.82264852852316,143.2332252298198,184.32000732421875,1.0893957614898682
2023-11-17,36704.484375,437.55578526494025,381.3968298638466,188.24915879673333,143.1863766476639,184.1300048828125,1.089229702949524
2023-11-18,36839.28125,,,,,,
2023-11-19,37509.35546875,,,,,,
2023-11-20,37756.8203125,441.15180807539235,385.6731631072631,189.76200213676566,141.49070911254438,183.47999572753906,1.0945110321044922
2023-11-21,37631.140625,440.1825406267048,383.52517666953037,189.3763501912699,140.53509945161446,186.1199951171875,1.0967316627502441
2023-11-22,37856.98046875,442.3634735504526,387.3088491230448,190.7705639920827,141.9122914629918,185.72000122070312,1.0922515392303467
2023-11-23,37643.91796875,,,,,,1.0927051305770874
2023-11-24,38415.33984375,441.51048921964684,384.53023086052497,188.76330300712377,142.1558659160613,185.75,1.0944151878356934
2023-11-25,37892.4296875,,,,,,
2023-11-26,37820.30078125,,,,,,
2023-11-27,37559.35546875,441.5007803874619,385.4170249378711,188.53588093642713,142.06219918979315,186.8000030517578,1.0959264039993286
2023-11-28,38368.48046875,442.2568802750779,385.05244878485433,188.9413024556769,143.12080477996307,189.39999389648438,1.1007153987884521
2023-11-29,38366.11328125,444.24390548723534,388.3631714173632,189.93999969621768,142.82101565528896,189.99000549316406,1.1016855239868164
2023-11-30,38141.75390625,442.7317713844543,384.8258342493983,188.18984363058675,143.92650862113666,189.24000549316406,1.098538875579834
2023-12-01,38954.109375,445.53303530779465,384.81597394641676,189.4159130354433,143.79532351774438,192.39999389648438,1.0913456678390503
2023-12-02,39678.9375,,,,,,
2023-12-03,40135.60546875,,,,,,
2023-12-04,42371.75,445.01930211338146,380.93373183962944,187.92280887485518,142.89594257930233,190.3800048828125,1.0887316465377808
2023-12-05,44408.6640625,443.5363064434526,382.8058433095871,192.2241233156588,142.97091273051717,187.8800048828125,1.0848339796066284
2023-12-06,44265.76953125,444.7478930540511,384.64840490308484,192.58011192579394,137.86515640056194,188.4600067138672,1.0803686380386353
2023-12-07,44042.58984375,444.80605282503006,385.53523475354353,192.81742141001197,137.80891961094196,188.58999633789062,1.0796804428100586
2023-12-08,44705.515625,446.5992278993257,386.86541395314606,193.79633503305183,137.00325088788506,186.77999877929688,1.0800535678863525
2023-12-09,44361.2578125,,,,,,
2023-12-10,44034.625,,,,,,
2023-12-11,43808.375,447.97564170163525,389.9890233551011,191.32431940935732,136.65661747287888,184.52999877929688,1.077934741973877
2023-12-12,42048.3046875,449.9432176139037,392.9450185979474,192.54055280703432,136.9938600436151,183.97999572753906,1.0822042226791382
2023-12-13,43429.78125,456.30176785417245,398.4333872596561,195.78385412672148,139.26103634902861,187.66000366210938,1.0808240175247192
2023-12-14,43390.859375,459.1806035101216,400.3449837671013,197.38568681182426,139.16734142500675,189.82000732421875,1.1004126071929932
2023-12-15,43087.82421875,458.0934340813363,400.58144122653687,196.1793699091571,135.13895593256413,188.9600067138672,1.100594401359558
2023-12-16,42664.9453125,,,,,,
2023-12-17,42359.49609375,,,,,,
2023-12-18,42720.296875,460.3124269591709,402.8131603407083,194.4291868327445,138.17430140201523,188.49000549316406,1.0930036306381226
2023-12-19,43354.296875,462.2004020971749,404.0867647706254,194.74558515548247,137.09692866001478,189.72000122070312,1.098799705505371
2023-12-20,44275.5859375,463.1541458673366,405.2616685175691,195.46739869863922,136.84400920020968,188.9600067138672,1.09797203540802
2023-12-21,44240.66796875,460.31238616429494,402.9613083279881,194.87416921268178,135.64483868581704,189.6199951171875,1.099976897239685
2023-12-22,44367.95703125,462.64812393044707,404.7680024555693,193.22281352230834,136.4317809944935,191.8800048828125,1.1040574312210083
2023-12-23,44015.69921875,,,,,,
2023-12-24,43945.5234375,,,,,,
2023-12-25,43765.09375,,,,,,1.1042402982711792
2023-12-26,43603.17578125,463.8159432234597,406.33786841215897,191.719846217368,136.93765203304886,191.74000549316406,1.1039965152740479
2023-12-27,43683.16015625,463.89377939487036,406.77878889770113,191.33423254727063,137.0688195777666,193.17999267578125,1.1122480630874634
2023-12-28,43804.78125,464.75995685713684,407.8950804007767,192.48125917871982,136.78773468394667,192.88999938964844,1.113945484161377
2023-12-29,43124.32421875,464.25389115635505,406.6306338260502,192.2241257878035,137.6777864909722,191.63999938964844,1.1086474657058716
2023-12-30,42584.125,,,,,,
2023-12-31,42860.9375,,,,,,
2024-01-01,44175.4375,,,,,,1.1053388118743896
2024-01-02,45899.70703125,460.9838811377681,401.1481421130462,186.33084291740326,139.97301687329028,191.88999938964844,1.1046061515808105
2024-01-03,45503.2421875,458.57036576687835,396.1201263177863,183.79950485996184,139.7762981685077,189.86000061035156,1.0967004299163818
2024-01-04,44770.0234375,458.3464782249613,394.72726726631595,181.04071720671112,139.8418663509746,189.75,1.0970205068588257
2024-01-05,44353.28515625,457.8403754637055,394.6975849712644,180.7144169560074,139.46713172906033,191.25999450683594,1.0996382236480713
2024-01-06,44227.6328125,,,,,,
2024-01-07,44495.5703125,,,,,,
2024-01-08,47218.0,462.0349842457667,400.3085439534449,183.52263874374273,139.5139765255586,188.74000549316406,1.0978153944015503
2024-01-09,47893.69921875,462.21012932199153,401.74088018825046,183.07766218215258,139.96365512398486,188.77999877929688,1.0967316627502441
2024-01-10,47647.22265625,464.6626560070687,404.5364155681049,184.31367440860302,140.52575147041642,188.44000244140625,1.0969723463058472
2024-01-11,48969.37109375,465.31474737264404,406.195961909604,184.9564217479187,141.27521588746117,188.5500030517578,1.0991426706314087
2024-01-12,46498.13671875,465.7818595429952,406.24536398225337,184.64987951630312,141.74364408820958,191.0800018310547,1.098659634590149
2024-01-13,43234.66015625,,,,,,
2024-01-14,43065.59765625,,,,,,
2024-01-15,43319.72265625,,,,,,1.0958904027938843
2024-01-16,43566.2734375,463.8451421871986,406.11694258110475,182.19764543114704,141.93102530938037,189.25999450683594,1.094666838645935
2024-01-17,43189.890625,460.1274778564824,402.6299276236626,180.88250149305736,141.08786019430556,187.4199981689453,1.0884946584701538
2024-01-18,42876.34765625,464.2830735453687,408.5470193930794,187.02300881659582,139.90482484643766,187.39999389648438,1.0907504558563232
2024-01-19,42134.16015625,469.7915797861937,416.2125609154911,189.80154302609114,140.11222608948282,188.3000030517578,1.0892653465270996
2024-01-20,41877.89453125,,,,,,
2024-01-21,41855.3671875,,,,,,
2024-01-22,41651.20703125,472.2245371914283,419.5613006311132,193.14371820043874,139.7257219503274,187.75999450683594,1.0909883975982666
2024-01-23,40127.3515625,472.1174498429628,418.5438620366408,193.55900391718882,147.44688605781195,188.14999389648438,1.0918222665786743
2024-01-24,40483.78515625,475.6794338281553,424.6190172669874,194.18197579456825,145.4011249831147,188.3699951171875,1.0931470394134521
2024-01-25,40254.48046875,475.23181977158964,423.8188573538376,194.07320538533628,146.74925084959432,187.63999938964844,1.0900371074676514
2024-01-26,42209.38671875,476.0201200569098,421.02331450792843,192.58010181757646,147.22064135663746,187.3800048828125,1.0883287191390991
2024-01-27,42195.6328125,,,,,,
2024-01-28,42797.17578125,,,,,,
2024-01-29,43305.8671875,478.258494159002,423.1372754590085,190.04874022336423,148.32364847413825,188.5399932861328,1.084975242614746
2024-01-30,43838.9453125,478.4531359964777,422.47540087743624,189.65322753238257,148.8798650420333,189.8300018310547,1.085564136505127
2024-01-31,43717.40625,475.98113441506774,417.7239468242111,185.00585134318092,149.42667872169918,190.4600067138672,1.088565707206726
2024-02-01,43243.16796875,476.1271872790658,417.23994807927374,184.857513201702,150.18085887618543,191.36000061035156,1.086555004119873
2024-02-02,43422.48828125,482.7644982110768,425.0042580366374,185.2332669548565,150.46369983474412,188.8699951171875,1.0897995233535767
2024-02-03,43359.94140625,,,,,,
2024-02-04,43097.64453125,,,,,,
2024-02-05,43494.25,481.1392810563577,424.3819410907607,187.13176501057416,149.8980139849241,187.82000732421875,1.0787487030029297
2024-02-06,43344.1484375,481.0808293147646,424.9845045666784,187.19111127921153,149.96403992578345,188.85000610351562,1.076310396194458
2024-02-07,44341.94921875,485.17808940845316,427.56277593245227,188.91165203661865,150.6805318061509,189.38999938964844,1.0784345865249634
2024-02-08,45575.83984375,485.35329426615607,428.28390374796925,187.41851968576853,149.9923131179183,188.52999877929688,1.0789813995361328
2024-02-09,48152.49609375,488.2145413726089,432.5216974781875,188.10324181676,149.2757952354202,187.77000427246094,1.0794472694396973
2024-02-10,48146.171875,,,,,,
2024-02-11,48535.9375,,,,,,
2024-02-12,50280.4765625,490.0149359961155,433.7959804927143,186.796321504533,148.5876189640835,187.27000427246094,1.0805437564849854
2024-02-13,50358.390625,483.7766228154562,426.0217703164932,184.360756090923,149.86977666686886,185.3800048828125,1.079563856124878
2024-02-14,52021.37109375,485.703619202311,428.3727579939155,183.6875129162611,147.22060620354392,184.8800048828125,1.0734450817108154
2024-02-15,52820.06640625,488.74979405458623,429.6866021844067,182.65785175424014,148.40847510136652,186.02000427246094,1.0786322355270386
2024-02-16,52537.96875,489.40180144243595,429.69648676562633,183.0142804515248,149.37952389315006,186.6699981689453,1.0780508518218994
2024-02-17,52191.9140625,,,,,,
2024-02-18,52356.96484375,,,,,,
2024-02-19,52483.32421875,,,,,,1.0789813995361328
2024-02-20,52945.05078125,485.06130820828355,424.8461734653688,180.61826736487214,150.6428214916184,188.02999877929688,1.0838581323623657
2024-02-21,52368.81640625,484.0491509708409,420.51956484161013,181.0737156195715,151.21786499023438,188.0399932861328,1.0822510719299316
2024-02-22,52009.61328125,494.87131264849836,433.7761626949603,183.1231842228548,151.86837228856263,187.63999938964844,1.0886249542236328
2024-02-23,51497.93359375,496.4674086571224,435.228292926846,183.20237592421455,152.4812062841104,189.17999267578125,1.0839403867721558
2024-02-24,51684.1953125,,,,,,
2024-02-25,51950.02734375,,,,,,
2024-02-26,54938.17578125,495.12438315275733,433.26255885215994,180.9450175834942,151.94381685950614,188.36000061035156,1.0859060287475586
2024-02-27,57537.83984375,493.57693907250416,432.6599575342669,182.09349711935678,150.65223988924902,188.72000122070312,1.0866140127182007
2024-02-28,63913.1328125,493.28495648375826,431.35597882805655,181.30144633523983,150.9539248222558,188.52000427246094,1.0847163200378418
2024-02-29,63585.64453125,496.0878345083775,434.73441618907316,180.75690414056305,150.9444980232562,189.9199981689453,1.085587739944458
2024-03-01,63155.1015625,499.54275051356746,441.14536116207785,178.7371792855814,149.92634184445544,193.39999389648438,1.0841518640518188
2024-03-02,62458.69921875,,,,,,
2024-03-03,63230.2109375,,,,,,
2024-03-04,68537.03125,500.4284215717115,440.6120144586767,175.14319605787904,150.6145582856523,196.3300018310547,1.0866494178771973
2024-03-05,69170.625,497.02208790459423,435.58392443380023,170.33147275577412,150.83136636664037,198.13999938964844,1.0875357389450073
2024-03-06,67637.9296875,498.3554361707815,436.61126586958386,169.53941670485264,150.83138018516263,199.3000030517578,1.0914051532745361
2024-03-07,68029.921875,502.0731556685532,441.2837394812956,169.0344857697736,151.69871524184867,200.11000061035156,1.0940918922424316
2024-03-08,70083.0546875,504.3407152276024,443.18035480422833,171.9749911536114,152.0192501487815,203.3000030517578,1.0978032350540161
2024-03-09,68673.0546875,,,,,,
2024-03-10,70005.203125,,,,,,
2024-03-11,72850.7109375,498.17054528765857,433.3217948100284,172.6482565736913,153.31080329077338,202.41000366210938,1.09505033493042
2024-03-12,72825.65625,503.5232377514132,438.6165909215912,172.3017170819102,153.2165299012049,200.6300048828125,1.0942115783691406
2024-03-13,73637.4765625,503.43565519442245,437.2830502454642,171.4700820663792,153.41453306060902,201.86000061035156,1.0949305295944214
2024-03-14,73750.0703125,503.2799627018452,436.6508050498592,172.57893998999515,153.31080955844777,200.47000122070312,1.0954701900482178
2024-03-15,72357.1328125,499.54266772632866,433.52923955852765,170.90573120117188,152.25494118870674,200.6300048828125,1.0901559591293335
2024-03-16,70046.2734375,,,,,,
2024-03-17,68845.71875,,,,,,
2024-03-18,68897.1328125,503.23282668542583,436.24889410361027,175.94517770513775,153.40509170829267,200.14999389648438,1.0907504558563232
2024-03-19,68106.9296875,503.7404554386333,434.21127480001553,174.85609525037736,152.88657327957935,199.80999755859375,1.0877841711044312
2024-03-20,68115.2578125,508.2507017437704,439.28558271537105,176.8956298828125,153.1034223443372,202.66000366210938,1.0874292850494385
2024-03-21,68199.9921875,511.6578075346775,444.45873418864244,175.72735394947048,153.1599886064854,203.9199981689453,1.0944511890411377
2024-03-22,66623.75,510.19345378409866,442.6288723201985,171.33144918231721,153.11282789900307,201.86000061035156,1.08695650100708
2024-03-23,65976.3984375,,,,,,
2024-03-24,67622.7578125,,,,,,
2024-03-25,71162.59375,508.57288646937474,441.41217190908384,170.23249206020807,152.40576360096168,201.9499969482422,1.0843634605407715
2024-03-26,71535.7421875,509.1879415331935,442.37174062409974,169.71763732680742,151.91553594707634,202.75999450683594,1.0864133834838867
2024-03-27,71727.6875,510.7791695687557,441.68918748510794,171.87598039200594,153.4239238132625,203.22000122070312,1.0839285850524902
2024-03-28,71546.0234375,512.1458153398996,440.7990046001888,170.51959037094832,153.8010263425027,206.0500030517578,1.0828369855880737
2024-03-29,70913.09375,,,,,,1.0807305574417114
2024-03-30,70355.4921875,,,,,,
2024-03-31,71377.78125,,,,,,
2024-04-01,71342.09375,511.9214371433278,442.6684455730439,169.54933141950085,152.79231392682811,208.72999572753906,1.0801469087600708
2024-04-02,69708.3828125,506.6496594947848,436.63467679175466,167.65828830624176,151.51014367763216,211.02999877929688,1.0778765678405762
2024-04-03,66914.3203125,508.57290771634445,439.17674771806725,168.98496453257434,151.67042297067655,212.8300018310547,1.0831888914108276
2024-04-04,69291.2578125,511.4235209921689,442.0947658921196,170.21266810452119,148.08794944606035,213.4499969482422,1.087583065032959
2024-04-05,68725.7578125,508.0749863325785,438.35580126025417,168.6978426903414,148.06908389926585,215.74000549316406,1.084845781326294
2024-04-06,69629.6015625,,,,,,
2024-04-07,70284.4296875,,,,,,
2024-04-08,72715.359375,507.8210854017469,437.69313605928863,167.51969724864153,147.72968933523703,216.80999755859375,1.085835337638855
2024-04-09,71742.5078125,508.3776462974431,438.4250637277695,168.3909631058002,147.77684584006616,218.86000061035156,1.0888501405715942
2024-04-10,71093.4296875,503.8966314464908,434.46851553046224,167.4107728345435,148.55931800169785,217.77999877929688,1.0868383646011353
2024-04-11,71256.234375,507.13778061540546,441.48142324592834,173.71750852250418,148.5782034271157,219.83999633789062,1.0755810737609863
2024-04-12,71222.7421875,503.5648112388257,437.43590803860127,176.58872985356905,147.04151883595986,225.08999633789062,1.072961449623108
2024-04-13,67931.4296875,,,,,,
2024-04-14,65824.4296875,,,,,,
2024-04-15,66878.6484375,503.0571607390967,437.3468744561604,174.8758957155582,147.84283833748026,221.02999877929688,1.0665528774261475
2024-04-16,64355.66796875,494.4662102656471,429.0480082692235,172.03438316124112,147.95594599001248,221.99000549316406,1.065405249595642
2024-04-17,64486.36328125,494.1928634388067,428.41493461701685,168.95525000139605,148.12566813127302,221.75999450683594,1.0652689933776855
2024-04-18,64125.6875,492.1524648158817,423.5879423660009,166.96523521407434,149.56604090022063,221.4600067138672,1.0691757202148438
2024-04-19,65481.59765625,488.5697275309103,418.1576452072608,164.74746436429578,150.08790460622845,222.36000061035156,1.0680338144302368
2024-04-20,65442.45703125,,,,,,
2024-04-21,65723.2421875,,,,,,
2024-04-22,67233.9609375,490.44409539983275,416.6046733073807,165.59891971474525,153.03879554847555,216.9600067138672,1.067121982574463
2024-04-23,67199.2421875,494.0659315908711,421.6492702748659,165.39105789202225,153.80736361715321,215.86000061035156,1.0709964036941528
2024-04-24,67075.3671875,495.3154935043147,425.06182265057004,167.6186945681344,154.52846259272067,216.35000610351562,1.0715816020965576
2024-04-25,65275.20703125,492.28914639879576,420.6997166428322,168.9156860278579,155.9137996873976,217.0500030517578,1.0731916427612305
2024-04-26,64789.65625,497.765862650216,427.851112618701,169.63840150907166,154.9649512779833,217.07000732421875,1.0752919912338257
2024-04-27,63898.36328125,,,,,,
2024-04-28,64321.484375,,,,,,
2024-04-29,64174.87890625,498.61519817399505,429.04801861164475,174.2818355072499,153.5131864532677,217.22000122070312,1.0735372304916382
2024-04-30,64703.33203125,497.45351534342734,427.86105287563,173.2521991943247,154.9934245361179,214.1300048828125,1.0736525058746338
2024-05-01,60780.5,496.11600754799895,425.4673645155584,170.99480617347464,155.83785575108772,215.5,1.0688670873641968
2024-05-02,59602.296875,493.8707109149056,423.1626303564194,171.69777183075684,156.07508446583697,213.7100067138672,1.0730764865875244
2024-05-03,63320.50390625,500.3724999161701,431.73846546858186,185.14292911827533,156.28384146452058,213.22999572753906,1.080940842628479
2024-05-04,64494.95703125,,,,,,
2024-05-05,64610.890625,,,,,,
2024-05-06,65494.90234375,504.3359947534281,435.55654799740194,182.3707188474722,156.54000215021077,215.91000366210938,1.079214334487915
2024-05-07,64390.45703125,506.2494419365131,437.16878229039776,183.0637342712393,157.54579557997226,214.92999267578125,1.0789813995361328
2024-05-08,62986.0859375,505.439111907815,436.68412856388983,181.25195654794928,157.85892620446708,214.8000030517578,1.0758472681045532
2024-05-09,63404.9140625,507.8504891521531,436.8028422580396,182.82614787366472,157.82096404006646,216.9499969482422,1.078283429145813
2024-05-10,63446.7421875,510.2227680798631,439.4834009785405,183.50044009541958,158.79826598821754,219.60000610351562,1.0793308019638062
2024-05-11,61451.15234375,,,,,,
2024-05-12,61818.15625,,,,,,
2024-05-13,63422.66015625,510.2519770237958,439.2658226427781,185.49318663872077,159.07342935256844,217.30999755859375,1.0807305574417114
2024-05-14,63092.125,511.3844102791641,441.61995781366716,186.68286641073877,157.57427417368473,218.3800048828125,1.0828369855880737
2024-05-15,66454.453125,517.4859146210695,448.22741730211084,189.01270420161362,158.15306174233137,221.19000244140625,1.0874292850494385
2024-05-16,66712.4296875,518.8917465910545,449.75065137557704,189.458829238671,159.7281454312354,220.58999633789062,1.089680790901184
2024-05-17,67459.4609375,516.9392546781255,447.80207154432486,189.17129419091543,159.40553345005281,223.85000610351562,1.087890625
2024-05-18,67387.328125,,,,,,
2024-05-19,67694.296875,,,,,,
2024-05-20,71483.5625,518.930792527948,450.6309359616545,190.27176982167657,159.29167110694885,225.66000366210938,1.0884946584701538
2024-05-21,71946.4609375,518.8917055815594,451.03651019690585,191.07481584379752,159.91789301785076,225.2100067138672,1.0875475406646729
2024-05-22,70623.6953125,518.7551054535538,451.85750961813636,191.16403734183464,159.81351261874752,223.24000549316406,1.0864840745925903
2024-05-23,70041.2734375,520.4049281460258,455.5766833514374,189.35966699130785,159.50990360666327,219.22999572753906,1.086130142211914
2024-05-24,69220.296875,517.671564163704,454.2413748570816,188.94328765804346,157.80197758910595,217.2100067138672,1.0856584310531616
2024-05-25,69579.3203125,,,,,,
2024-05-26,69506.2265625,,,,,,
2024-05-27,70597.8828125,,,,,,1.08672034740448
2024-05-28,69514.640625,517.9057318355667,454.7457776824367,191.34249703943843,156.331285633131,218.58999633789062,1.0889450311660767
2024-05-29,68852.4609375,514.7818595033491,453.26209332010234,190.59895109353056,154.41462033289494,217.16000366210938,1.085894227027893
2024-05-30,69500.5390625,512.7218807717095,450.69037205896115,190.52955764421512,154.37665858121417,217.50999450683594,1.0845986604690552
2024-05-31,68999.5625,514.9673092079909,447.5646955194597,190.9162123421418,156.34078754090353,217.9600067138672,1.0882576704025269
2024-06-01,67839.765625,,,,,,
2024-06-02,68409.1640625,,,,,,
2024-06-03,70230.8203125,516.7342044816085,450.6309170270936,193.31540952983562,157.73555323391608,217.82000732421875,1.0890873670578003
2024-06-04,71047.40625,516.5780123549347,450.6309291046102,193.64257895328527,158.5705292437137,216.24000549316406,1.0918222665786743
2024-06-05,71735.4140625,521.9864018010747,458.5737465768754,195.20901937445223,158.4661785312373,218.0800018310547,1.0889924764633179
2024-06-06,71625.734375,522.6991062505612,459.4936376169888,194.81244022862765,159.95582891554315,219.97000122070312,1.0898706912994385
2024-06-07,71907.8515625,524.1342115774243,460.6806160602475,195.2486855650071,160.32590331932911,215.19000244140625,1.090179681777954
2024-06-08,69533.3203125,,,,,,
2024-06-09,69817.5234375,,,,,,
2024-06-10,70146.0703125,523.255525898201,460.1365920375163,195.60558138834554,159.13987020347523,214.02000427246094,1.078283429145813
2024-06-11,69549.4140625,524.2513211148034,463.0545127870807,205.38091074009856,158.93109027549184,214.3800048828125,1.0773539543151855
2024-06-12,69977.890625,531.1923600659605,471.32371472336234,218.30889945026047,159.06394080007206,216.5500030517578,1.0851753950119019
2024-06-13,68365.78125,530.4211698122318,473.1932232482495,214.888539245905,158.45667938094851,214.9600067138672,1.0817828178405762
2024-06-14,67294.6484375,529.9135335983043,474.05374389556346,213.32212283006638,158.39025312688457,216.0399932861328,1.0745755434036255
2024-06-15,66402.1875,,,,,,
2024-06-16,66894.84375,,,,,,
2024-06-17,67188.3203125,535.4976399183048,481.57114467660335,217.06963733267014,160.07921227477908,215.24000549316406,1.0726161003112793
2024-06-18,66556.703125,535.5854122094039,480.6215937616727,216.7523850703462,160.02228199876055,215.8300018310547,1.0761250257492065
2024-06-19,65695.3515625,,,,,,1.075326681137085
2024-06-20,66438.9609375,537.0497124719363,481.5513447194067,212.40007736780652,160.1456382543594,218.74000549316406,1.0750375986099243
2024-06-21,65007.546875,534.4046057790133,477.29815454447134,210.07027533194446,160.2405138300542,217.89999389648438,1.0722709894180298
2024-06-22,64475.46875,,,,,,
2024-06-23,64491.703125,,,,,,
2024-06-24,63292.52734375,535.6776992949467,475.47099181592733,210.87331399723786,160.74338402897052,215.94000244140625,1.074702501296997
2024-06-25,62258.26171875,533.9638712753774,475.2232870328967,209.5646648210329,160.26897461631228,215.30999755859375,1.0745755434036255
2024-06-26,62434.13671875,534.9823921713983,476.45182952740066,213.0147835489249,159.22523556523683,213.11000061035156,1.0720411539077759
2024-06-27,62293.86328125,535.6875469780335,478.611553035427,213.88722177256454,159.5003968858992,215.5,1.0726161003112793
2024-06-28,62126.09765625,538.939255622942,482.67343166507135,214.2143951724623,158.68441466915468,215.80999755859375,1.0720986127853394
2024-06-29,61097.62109375,,,,,,
2024-06-30,62892.828125,,,,,,
2024-07-01,63777.2265625,534.6297405125247,478.0072166007963,215.64201747450758,157.7071105153877,216.0,1.077818512916565
2024-07-02,63203.359375,537.6953125,482.5149149741949,218.48735180877674,155.6480961418524,216.0800018310547,1.0746102333068848
2024-07-03,62187.703125,540.4572795070011,486.6066107434774,219.6473388671875,155.80943257921422,218.74000549316406,1.081560492515564
2024-07-04,60399.67578125,,,,,,1.0816657543182373
2024-07-05,57497.15234375,543.6107523683424,491.986085268142,224.5052198536283,157.15678236222655,221.27999877929688,1.0838346481323242
2024-07-06,58472.546875,,,,,,
2024-07-07,58371.12109375,,,,,,
2024-07-08,58131.3359375,544.7860397915607,493.27400238194434,225.89320550199054,158.14357179908373,220.0399932861328,1.0847163200378418
2024-07-09,58239.1953125,545.6968861634513,495.35455587533437,227.42988222637766,158.22895969374406,219.2899932861328,1.0834236145019531
2024-07-10,59359.43359375,550.0942886699685,498.8417819227691,231.07828847688273,158.38076318716315,220.7100067138672,1.0828721523284912
2024-07-11,59299.43359375,550.7407626908513,498.6040508659988,230.39422897123262,158.1056299405993,224.14999389648438,1.0898351669311523
2024-07-12,58532.5546875,552.0531251206323,494.97804756604864,230.64207551688347,159.0639152523631,223.6199951171875,1.091119408607483
2024-07-13,59787.078125,,,,,,
2024-07-14,61329.52734375,,,,,,
2024-07-15,64870.15234375,553.1991175344059,496.3551756664707,235.19267606238645,158.09610872036794,225.58999633789062,1.0921919345855713
2024-07-16,65354.33984375,553.5123721227574,493.80901063185854,234.24090427881208,158.52312692913029,228.2899932861328,1.0906314849853516
2024-07-17,66066.734375,548.9582849622979,484.2585676332021,229.47222770464353,161.46451677416525,229.64999389648438,1.0947147607803345
2024-07-18,65104.66015625,547.9886849352189,481.19727609369016,228.46096321097224,162.1761383615625,228.32000732421875,1.0942115783691406
2024-07-19,67442.640625,542.6608454522978,477.2146398442787,224.85225794685087,161.35698057834267,222.67999267578125,1.0901559591293335
2024-07-20,67610.734375,,,,,,
2024-07-21,68372.90625,,,,,,
2024-07-22,68480.0625,543.8263337080781,478.8591741201267,225.82382229500527,161.03241890753281,221.9199981689453,1.0901559591293335
2024-07-23,67779.015625,545.2660239376293,479.929139778085,224.9910238167192,160.76515784764106,222.75,1.0900371074676514
2024-07-24,67113.984375,537.8519873002513,469.78436179260797,222.86939506256107,160.63149984185915,224.8800048828125,1.0866494178771973
2024-07-25,66112.421875,536.177254363603,463.59237645887646,218.95333716975932,162.35925347167932,219.25999450683594,1.0864368677139282
2024-07-26,68207.6015625,535.9128682273114,461.60106948166003,217.6050090608147,161.6242746032909,221.0399932861328,1.0868501663208008
2024-07-27,69398.5078125,,,,,,
2024-07-28,68301.8515625,,,,,,
2024-07-29,69987.5390625,535.7756811771844,463.56271916234846,217.41664743865044,162.78878795204238,221.5500030517578,1.0871928930282593
2024-07-30,66987.671875,536.0596840862061,462.2252153474391,218.43780333279796,154.99968689683195,222.9199981689453,1.0837758779525757
2024-07-31,66810.2109375,542.0927543010554,468.3973190381643,221.89782218872546,155.4578670420047,226.60000610351562,1.0851871967315674
2024-08-01,65593.2421875,543.4345294348678,471.1316633842162,222.55214689360594,158.75108712810942,227.57000732421875,1.0837758779525757
2024-08-02,65523.22265625,525.9230331199286,449.35594422368536,223.66254232334134,162.60746381038302,228.75999450683594,1.0926215648651123
2024-08-03,62148.37109375,,,,,,
2024-08-04,61062.98828125,,,,,,
2024-08-05,58268.828125,512.7894282399624,438.1807014186111,211.6664621054212,163.11337509373476,223.10000610351562,1.1007397174835205
2024-08-06,57059.91796875,518.8322310175004,442.91633588521086,208.18659343179937,162.58834469450176,222.13999938964844,1.0963108539581299
2024-08-07,57726.8828125,520.6343074860769,444.8283608872693,211.8052677945223,163.91516517566004,222.30999755859375,1.093637228012085
2024-08-08,62673.765625,520.3405097902447,444.8184789180148,212.36044444161047,163.76244677358724,224.25,1.0946906805038452
2024-08-09,61751.86328125,523.4941251002426,447.8599140690418,214.91829038971974,163.4760796431185,225.27999877929688,1.093135118484497
2024-08-10,61464.51171875,,,,,,
2024-08-11,61778.66015625,,,,,,
2024-08-12,60680.33203125,524.6889871074426,450.1484591172227,217.8767320905019,161.93927949614755,228.5399932861328,1.0939722061157227
2024-08-13,61572.3984375,531.1039393955512,458.5497068481307,220.23902400333975,160.17333752821304,228.8699951171875,1.0962508916854858
2024-08-14,61687.7578125,533.728785456597,460.788617480026,221.37051708688293,161.76744535154575,227.47999572753906,1.1048502922058105
2024-08-15,59838.6484375,541.9556326474029,470.40851515300034,223.67327566716008,161.9678887923788,227.5,1.1016855239868164
2024-08-16,59847.359375,543.5814362683599,471.9837300381218,225.1422983120676,160.6983611187717,232.02000427246094,1.1004369258880615
2024-08-17,59694.66796875,,,,,,
2024-08-18,60262.71875,,,,,,
2024-08-19,59612.66015625,548.0767822265625,476.8381902959791,224.30852103873067,161.5478892031296,231.77999877929688,1.1072603464126587
2024-08-20,61396.328125,549.2814571312036,478.4530361414534,225.4797542015927,162.80791044168578,234.00999450683594,1.1117286682128906
2024-08-21,61834.3515625,550.5253226989936,479.86971082600905,226.28373058529078,164.07742154474948,232.8699951171875,1.1148271560668945
2024-08-22,61408.109375,551.5731716544135,481.0288529409239,226.64103964823346,163.45700408215913,230.3800048828125,1.1157476902008057
2024-08-23,64947.0625,551.4851585059275,478.25487736174836,226.52192810531062,162.37835763936087,232.72999572753906,1.1195951700210571
2024-08-24,64513.7890625,,,,,,
2024-08-25,64996.421875,,,,,,
2024-08-26,64489.70703125,552.2881770773529,475.9168580317419,225.58891654674125,163.199252886235,233.5,1.1201093196868896
2024-08-27,63210.796875,550.4762675561165,473.4004273664464,227.147264886192,163.32334030561282,233.47000122070312,1.1179554462432861
2024-08-28,60236.44921875,550.0748793992682,472.588037228048,228.14971479709,163.41883350543293,232.02000427246094,1.1181930303573608
2024-08-29,61184.08203125,552.0628809883677,473.4895840302983,231.18697758967758,162.8460866873678,233.61000061035156,1.1140199899673462
2024-08-30,59896.88671875,552.5722906161151,472.4691833346091,228.68570457235603,164.06790493347705,232.86000061035156,1.109570026397705
2024-08-31,59432.59375,,,,,,
2024-09-01,59062.0703125,,,,,,
2024-09-02,59403.0703125,,,,,,1.1077632904052734
2024-09-03,59815.05859375,549.25214992284,468.9323056206166,227.2961293418145,167.04610065467128,230.5399932861328,1.107051968574524
2024-09-04,58511.5703125,543.0035361193702,460.1348241601613,220.12984491677884,168.00065788891567,231.05999755859375,1.1093976497650146
2024-09-05,58300.58203125,542.3865472945482,461.0363402813741,223.80231295165626,168.5256505180742,232.88999938964844,1.112112045288086
2024-09-06,56976.109375,540.2319142524223,456.9348232587385,223.56411324365834,168.9933614309112,232.75999450683594,1.1149640083312988
2024-09-07,54838.14453125,,,,,,
2024-09-08,55300.859375,,,,,,
2024-09-09,58041.125,536.4221817026793,451.2283494616286,219.6236489368284,168.80243888823748,231.6199951171875,1.109139323234558
2024-09-10,58029.9765625,537.8324845189911,454.90389190042566,219.83207646515766,169.85246539295386,232.74000549316406,1.1050333976745605
2024-09-11,57991.3203125,543.9144652005341,465.0091145713216,221.4301044903715,168.95521108445055,232.8699951171875,1.1054977178573608
2024-09-12,58534.359375,547.8711135710835,469.635722410282,221.8866830044339,166.67380234853798,236.4499969482422,1.1047526597976685
2024-09-13,60648.0234375,551.4263046450518,472.1026218238149,222.37301734416337,166.60700743980908,238.97999572753906,1.1102476119995117
2024-09-14,60656.72265625,,,,,,
2024-09-15,60381.91796875,,,,,,
2024-09-16,59205.51171875,551.5047513186543,469.4573744200276,215.60379255643394,169.25112178530497,239.27999877929688,1.1135361194610596
2024-09-17,61316.08984375,554.9031859740162,473.16265024621885,215.28615358843467,168.92654811818286,238.60000610351562,1.1146159172058105
2024-09-18,61664.06640625,556.969754476821,474.38119962315574,221.05291740528648,167.90520112166146,240.2899932861328,1.1140819787979126
2024-09-19,63872.44140625,561.0733295553275,481.71250116567927,228.11004268622213,165.28972662343935,239.52000427246094,1.118067979812622
2024-09-20,64119.53125,559.2871245583524,479.19605842028795,231.3556905514529,166.60699232535296,242.6300048828125,1.1181679964065552
2024-09-21,63543.359375,,,,,,
2024-09-22,63993.421875,,,,,,
2024-09-23,64733.55859375,560.2892222272916,480.315926835132,227.742765583781,167.22745193415872,243.4600067138672,1.1168192625045776
2024-09-24,64695.21484375,561.3010067117204,482.48860259985565,227.64353192764617,166.56884621133457,246.19000244140625,1.1163455247879028
2024-09-25,64804.50390625,561.8217386948093,483.93707616737726,225.59886774810047,166.74062529797675,246.47000122070312,1.1212396621704102
2024-09-26,65790.796875,564.5920921622151,489.80038938586057,226.7998372114188,166.6738263522826,247.3699951171875,1.118956208229065
2024-09-27,66480.6953125,564.1107043094071,486.7645925142839,227.81223139225995,166.5210909447199,246.75,1.1199839115142822
2024-09-28,66255.53125,,,,,,
2024-09-29,66069.34375,,,,,,
2024-09-30,65635.0546875,564.2678323150915,484.55215452746376,231.266357421875,166.0915536169806,244.0800018310547,1.1208375692367554
2024-10-01,64110.98046875,563.9535439565005,484.1454502796562,227.9412778656533,166.09154444894068,246.97999572753906,1.1145787239074707
2024-10-02,62357.6875,559.866821742494,480.05796717810114,225.67824256269316,164.6119889580386,246.07000732421875,1.108217477798462
2024-10-03,61469.0390625,559.7685478192003,480.722621801194,225.12240767637772,163.58106472086416,245.91000366210938,1.1048502922058105
2024-10-04,62465.9921875,563.2658929623027,484.0263384101603,226.30357145139808,162.35925038679864,246.69000244140625,1.1039965152740479
2024-10-05,62371.0234375,,,,,,
2024-10-06,62959.5703125,,,,,,
2024-10-07,64443.70703125,561.8905680396737,482.72668574042143,224.01074997862722,161.8724280049286,244.82000732421875,1.0985027551651
2024-10-08,63174.3046875,563.6784689445017,486.1196413389746,224.29857792676054,160.92743216126587,244.0399932861328,1.0997470617294312
2024-10-09,62508.8359375,567.5393423690588,489.83016591016013,228.04055170887608,162.09198821626626,241.83999633789062,1.098056435585022
2024-10-10,61236.72265625,567.4116060358193,490.56428230026705,227.7923994519787,162.07285949086688,243.02000427246094,1.095446228981018
2024-10-11,63400.87109375,570.1131999200273,490.48493653463544,227.70307961960657,163.61924440366644,245.9199981689453,1.0954222679138184
2024-10-12,63448.78515625,,,,,,
2024-10-13,63272.65234375,,,,,,
2024-10-14,66482.4921875,574.9663072070689,494.8898548804224,230.0058033150611,164.98425342092224,245.86000061035156,1.0939722061157227
2024-10-15,67881.6796875,574.6027324678581,494.5624998251386,235.7229623804217,166.96019896059366,246.5500030517578,1.0918222665786743
2024-10-16,68375.2890625,572.5692210133667,487.8062474023501,230.3929017691756,164.7456437096005,248.08999633789062,1.0901559591293335
2024-10-17,67912.2109375,575.801242846272,492.56835196515686,232.11004699556463,165.78606985777483,249.05999755859375,1.0869920253753662
2024-10-18,68969.75,575.0841216421944,491.6556179545978,234.4226930307779,165.34937849661952,251.3699951171875,1.0863661766052246
2024-10-19,68668.0078125,,,,,,
2024-10-20,69359.0078125,,,,,,
2024-10-21,69462.734375,574.5535342943244,492.31037442782247,235.08771628667242,164.64846673464058,253.13999938964844,1.08695650100708
2024-10-22,67801.578125,574.2097557683464,493.5207623873369,234.46242459274853,163.92834184138738,253.94000244140625,1.0837758779525757
2024-10-23,67402.7421875,571.4688092704015,490.34605451121007,233.3904297884605,163.3906493750313,253.17999267578125,1.0808473825454712
2024-10-24,68798.9609375,569.8479293354313,489.1058959697234,229.10257100562325,163.18903008177676,253.32000732421875,1.0810226202011108
2024-10-25,68722.15625,574.1704478252901,496.32840643950317,231.48471683213373,162.65132440815398,253.5500030517578,1.0842459201812744
2024-10-26,67317.921875,,,,,,
2024-10-27,68221.3125,,,,,,
2024-10-28,70212.265625,572.4512158459117,494.58228943962433,232.98349712196287,162.90095647759662,253.6300048828125,1.0827198028564453
2024-10-29,73577.2109375,572.64777766843,497.38995346166206,232.5864588417728,162.13285270356837,256.2900085449219,1.0826259851455688
2024-10-30,72905.296875,573.0505525749719,496.39790249240116,231.7328445287285,160.65422662932377,257.7099914550781,1.0866730213165283
2024-10-31,72662.3125,565.4958970216722,488.54038262888133,228.11995749798112,160.3853576195696,255.60000610351562,1.0888383388519287
2024-11-01,71559.015625,565.4173659105694,486.8737090932154,223.67331269945134,159.72284572515082,254.86000061035156,1.0904054641723633
2024-11-02,69867.3515625,,,,,,
2024-11-03,69361.65625,,,,,,
2024-11-04,69433.1796875,562.4210257711015,485.5145189767317,221.13233427123137,159.6460275479891,253.5800018310547,1.0915838479995728
2024-11-05,70522.7890625,566.5863933486033,488.9868341489813,222.28369429475046,159.6940442203923,253.99000549316406,1.0921800136566162
2024-11-06,76460.15625,581.5088671271764,502.4100088623021,224.387931303672,159.4251831581482,247.35000610351562,1.0933382511138916
2024-11-07,76943.1171875,586.1459356042433,510.2674718663417,226.18444740932767,157.41845934976925,250.24000549316406,1.082602620124817
2024-11-08,77252.75,589.0832369047557,510.8527564586331,227.20835428792034,161.06707127339962,249.35000610351562,1.0797386169433594
2024-11-09,76932.765625,,,,,,
2024-11-10,81474.421875,,,,,,
2024-11-11,89604.5,589.6038391769904,511.5075880683992,224.26715706282306,161.80641091151566,242.72999572753906,1.0728462934494019
2024-11-12,89956.8828125,588.739296212128,510.5947892022127,224.1578547832826,160.4045523124827,241.66000366210938,1.0663481950759888
2024-11-13,93434.3515625,588.6803330522652,510.9122744153452,225.2111273985325,160.15490120018765,241.47000122070312,1.0649060010910034
2024-11-14,91765.21875,587.2854330583992,508.73961881650786,227.41701609796436,161.345513821409,237.99000549316406,1.0580891370773315
2024-11-15,91868.7421875,579.8094129170865,499.3543196021951,225.4793879673537,163.77473102735112,237.8800048828125,1.0591648817062378
2024-11-16,91763.9453125,,,,,,
2024-11-17,91433.0390625,,,,,,
2024-11-18,92596.7890625,579.1119688699135,498.1737145612043,228.28149999782985,164.61968089877402,241.5,1.0586491823196411
2024-11-19,94002.8671875,580.6344941628126,499.96939601024445,228.69881907074455,164.35082300555993,243.30999755859375,1.0601080656051636
2024-11-20,94902.0234375,580.3888767508003,499.5031055797306,228.4702922716314,164.25480687388813,245.2100067138672,1.0612331628799438
2024-11-21,99014.21875,584.6427460672937,502.9556129602977,228.6988476019872,166.59760682720707,246.80999755859375,1.0557432174682617
2024-11-22,99655.5,585.6546259064262,502.52900601947925,229.25528492407807,170.33260863292804,250.38999938964844,1.0498688220977783
2024-11-23,99014.6796875,,,,,,
2024-11-24,98647.1796875,,,,,,
2024-11-25,98935.03125,590.281707390563,507.41015895691515,231.7692092379923,171.69606697205924,244.39999389648438,1.0529640913009644
2024-11-26,94991.75,590.7433995936517,506.11050927210346,234.07449047305911,172.31055214957956,243.08999633789062,1.0543851852416992
2024-11-27,97361.1796875,590.2718722436573,504.2254957213914,234.19373774290258,173.24188824000714,245.17999267578125,1.0583466291427612
2024-11-28,96650.203125,,,,,,1.0565240383148193
2024-11-29,98693.171875,592.7279205050064,506.308920336892,236.3002516789311,172.47379996020845,245.80999755859375,1.0595465898513794
2024-11-30,97499.34375,,,,,,
2024-12-01,97888.125,,,,,,
2024-12-02,98152.6015625,593.6807844427898,512.1822795155595,239.26131787624368,172.98268105588105,244.5800018310547,1.0545742511749268
2024-12-03,96297.203125,593.5236138358292,513.0651098548883,241.21884512379424,172.46417806054708,245.17999267578125,1.0530306100845337
2024-12-04,99207.328125,597.2075737883222,519.3849091600352,242.5602620666903,168.1722501042357,245.33999633789062,1.0540074110031128
2024-12-05,103900.46875,597.7675188046404,519.9005983263302,242.9875169579372,169.4300736429721,244.3800048828125,1.0588284730911255
2024-12-06,102039.8828125,598.3472631909667,522.5595057281002,243.07695387436263,169.69891772177996,243.86000061035156,1.0626428127288818
2024-12-07,100563.3828125,,,,,,
2024-12-08,101399.9921875,,,,,,
2024-12-09,101272.5078125,597.1584931551176,522.1924580312864,245.67039687977774,166.83762696963683,247.11000061035156,1.0592771768569946
2024-12-10,98270.15625,595.1348067122954,521.2301267457367,246.63426111556626,166.04069447330644,248.86000061035156,1.056747317314148
2024-12-11,101913.359375,597.7185192678439,526.418744067759,249.2077910379196,166.48237648695223,251.25999450683594,1.0540739297866821
2024-12-12,102524.9140625,596.4708692968294,524.7818994700399,247.1608807008323,164.97493682057024,248.24000549316406,1.052997350692749
2024-12-13,101888.8046875,596.4412684591986,528.9586400198303,247.70737273801882,164.94612246851887,245.94000244140625,1.0522992610931396
2024-12-14,102618.8828125,,,,,,
2024-12-15,105047.5390625,,,,,,
2024-12-16,107780.578125,597.0799821268581,534.8913677012594,249.78411156803347,165.89667019004116,245.5399932861328,1.0524100065231323
2024-12-17,108268.4453125,594.5158794594372,533.234532805748,252.21855739876366,165.09973767130472,244.5500030517578,1.0532857179641724
2024-12-18,106470.609375,595.7339866328443,532.6393233284896,252.6657103008961,163.76510502194003,243.7100067138672,1.0515247583389282
2024-12-19,102748.1484375,582.5601648792804,517.6387171158508,250.4001849209636,163.32345740759524,240.0500030517578,1.0422203540802002
2024-12-20,98098.9140625,587.2315284125533,520.674610325421,253.38113119374523,163.10262071415474,242.9600067138672,1.0433076620101929
2024-12-21,99507.1015625,,,,,,
2024-12-22,97360.265625,,,,,,
2024-12-23,96416.2109375,586.7878476994515,519.9541493914461,254.0270218726176,161.9600193697839,241.6699981689453,1.0448229312896729
2024-12-24,99404.0625,592.7416149913781,526.7112253012842,256.5707374276886,162.44008510196718,241.66000366210938,1.0411244630813599
2024-12-25,99478.75,,,,,,1.0432968139648438
2024-12-26,99884.5703125,593.8652307760627,527.8936610974116,258.44877099351584,163.51546446997935,243.55999755859375,1.042535424232483
2024-12-27,97294.84375,589.2324867459512,523.1338828752066,257.05767945175137,163.9571479304719,241.9499969482422,1.0444954633712769
2024-12-28,95525.8984375,,,,,,
2024-12-29,95174.875,,,,,,
2024-12-30,94903.3203125,583.2787692142718,516.088500066774,251.8906728018858,162.24805389740314,241.0800018310547,1.0458500385284424
2024-12-31,96090.6015625,582.194563069081,514.3992562583705,251.6720594492945,161.3839158028385,242.52000427246094,1.0424268245697021
2025-01-01,94929.8671875,,,,,,
2025-01-02,97739.8203125,582.6774635941151,513.3856790451194,247.51861164989126,161.98881987556433,245.52999877929688,1.0375596284866333
2025-01-03,98956.9140625,584.1264484268344,516.3767439002675,242.62981931594805,159.86686903296632,244.82000732421875,1.0305347442626953
2025-01-04,98734.4296875,,,,,,
2025-01-05,98813.3046875,,,,,,
2025-01-06,102482.875,591.1250155334773,524.5946151120777,245.7598357483754,156.9863816262904,243.7899932861328,1.0435036420822144
2025-01-07,102712.484375,589.2028462645713,522.67678090554,243.99112508347835,156.13186318466362,245.77000427246094,1.043623447418213
2025-01-08,97258.3203125,582.1354148697908,513.6638621182858,242.16280789951685,155.93018754501998,246.4499969482422,1.0358400344848633
2025-01-09,95349.71875,,,,,,1.0323113203048706
2025-01-10,95770.609375,577.5715860296085,508.35750954578344,238.63535869995312,154.78761565606047,249.0399932861328,1.0311936140060425
2025-01-11,94977.6875,,,,,,
2025-01-12,95367.5390625,,,,,,
2025-01-13,95837.0,573.4316812597856,502.83258226211484,233.18020116738663,153.71224098119575,246.7899932861328,1.025020718574524
2025-01-14,97352.6640625,576.6351742776535,506.94651670595886,234.62097773623856,153.69302992128303,247.0399932861328,1.0303966999053955
2025-01-15,100697.234375,585.4473419377294,514.5880322454942,237.4429702030776,154.72999112802458,248.89999389648438,1.0350252389907837
2025-01-16,100781.5859375,585.8514484014332,515.7904573182853,236.4990004602556,154.1827106618633,251.38999938964844,1.0311510562896729
2025-01-17,105884.2265625,590.7899174222187,520.768892568159,230.81532176659897,155.30609550867175,250.80999755859375,1.0329724550247192
2025-01-18,104913.203125,,,,,,
2025-01-19,106299.796875,,,,,,
2025-01-20,109114.8828125,,,,,,1.0427310466766357
2025-01-21,107180.921875,594.4369906618805,522.6568758608805,222.99526090225285,155.88220432519668,253.36000061035156,1.0434056520462036
2025-01-22,106294.34375,599.1289493146973,530.4575566117059,222.6971640978084,161.44152943679293,254.67999267578125,1.0458062887191772
2025-01-23,106820.328125,601.03125,529.4042124255304,225.58869773276695,159.8476777978568,254.5399932861328,1.042546272277832
2025-01-24,107098.546875,602.0465502262632,530.427653898665,224.19760513427786,160.2717492521424,257.07000732421875,1.051934003829956
2025-01-25,105243.7890625,,,,,,
2025-01-26,105438.6484375,,,,,,
2025-01-27,103214.109375,591.1151752666312,514.7271357656366,230.67618150163648,164.1647857090002,254.25999450683594,1.0533745288848877
2025-01-28,103730.8203125,596.713859452747,519.7056389765987,238.66514594376807,163.82668554663937,255.25,1.0455766916275024
2025-01-29,104750.8046875,595.4916679771449,519.2983011374322,238.33724933385383,161.60483105725183,254.82000732421875,1.0444954633712769
2025-01-30,106418.765625,597.9263022497843,522.7860860608997,239.26133146080375,161.90429430752658,258.2900085449219,1.0465506315231323
2025-01-31,106026.3515625,601.2383441338676,528.1719622881295,245.62073349000855,160.95759438872187,259.989990234375,1.0412328243255615
2025-02-01,102755.7265625,,,,,,
2025-02-02,101430.6640625,,,,,,
2025-02-03,102514.171875,591.7065212004032,517.5692280728744,230.35822543026035,163.6238118318874,261.3900146484375,1.032652497291565
2025-02-04,101745.6171875,593.6878166788046,521.8023039804046,231.64998934854387,163.53688847560036,262.5400085449219,1.0386804342269897
2025-02-05,99113.2109375,595.7282625539741,523.6903982021383,231.19289841511937,163.39197475870145,265.989990234375,1.0436452627182007
2025-02-06,99168.609375,597.778475552574,526.472676075882,232.31573010563136,164.15511324576445,263.7200012207031,1.040528655052185
2025-02-07,100154.140625,599.4345569482347,528.7483905495548,232.51444580894437,163.37264668597538,266.3500061035156,1.0405935049057007
2025-02-08,96877.8046875,,,,,,
2025-02-09,97325.28125,,,,,,
2025-02-10,98333.21875,596.8420848342793,527.0192533310259,229.3780258753388,162.75441292468753,268.6600036621094,1.0336023569107056
2025-02-11,98492.8984375,597.1969087784863,526.5820814924964,233.99363668198936,163.80737556045113,268.3599853515625,1.0351966619491577
2025-02-12,98151.0234375,595.9057140143801,525.8566374548477,235.71453849328682,164.3000246651099,268.42999267578125,1.039565920829773
2025-02-13,98111.0859375,601.2185545419917,532.8422839525621,241.06625350434595,165.55586579676688,270.3900146484375,1.044571876525879
2025-02-14,98819.46875,602.253466271534,535.445910069072,244.25939586817944,164.22274553475035,270.2099914550781,1.0513699054718018
2025-02-15,97975.0390625,,,,,,
2025-02-16,97725.59375,,,,,,
2025-02-17,97032.234375,,,,,,1.0507071018218994
2025-02-18,96695.375,602.7463989257812,536.5985706975572,243.8913336127375,160.12683153155194,271.010009765625,1.0486466884613037
2025-02-19,96855.59375,604.4615308486234,537.4034344848549,244.71698493563778,161.19913794431886,271.3299865722656,1.0462440252304077
2025-02-20,98767.1953125,602.9337433637311,535.7042244561445,245.4829218502696,162.07820950266287,271.8399963378906,1.047877550125122
2025-02-21,99497.96875,601.5734842084402,535.0086388627485,247.38287960480025,164.75406328475907,271.510009765625,1.0507513284683228
2025-02-22,96950.15625,,,,,,
2025-02-23,96671.875,,,,,,
2025-02-24,96503.453125,594.4073810554311,525.7373361801731,247.55199828948733,167.10146648757427,272.32000732421875,1.0528643131256104
2025-02-25,92511.078125,589.3409366661995,516.0487531882743,248.68601093773057,168.03850828371213,271.67999267578125,1.0518454313278198
2025-02-26,89286.25,591.006668217937,516.3866683055141,243.6923767743236,166.78268967539125,269.0799865722656,1.0527424812316895
2025-02-27,87000.78125,589.4690234968429,515.800434214296,241.1856322165831,167.2077267953464,266.6700134277344,1.0489877462387085
2025-02-28,85036.3203125,586.2162169760591,505.5751982352111,240.8175641664438,168.71472173223245,263.3999938964844,1.0421009063720703
2025-03-01,86522.3046875,,,,,,
2025-03-02,95043.4375,,,,,,
2025-03-03,94429.75,588.7987001526899,509.8083050877629,242.74737946323825,170.2989805736537,266.8800048828125,1.050023078918457
2025-03-04,88911.2734375,577.0196322682823,500.5669416036149,238.80818055450627,173.87326041039992,269.3999938964844,1.0559550523757935
2025-03-05,90998.2421875,576.5168224470933,500.45766070927147,235.30670153327668,169.89324614186287,270.260009765625,1.0785857439041138
2025-03-06,92804.9375,571.874289065213,495.43943846939203,236.60982567864426,169.86428781103083,269.510009765625,1.0851047039031982
2025-03-07,91191.046875,569.1340095542192,490.172835031535,240.10136041796665,172.81062506151244,270.3399963378906,1.088565707206726
2025-03-08,86847.265625,,,,,,
2025-03-09,86471.1328125,,,,,,
2025-03-10,83955.9296875,561.396298293426,480.9215096966139,234.91874867921032,173.8732707696882,268.44000244140625,1.0873465538024902
2025-03-11,83577.7578125,555.9551623983707,475.79393921809975,224.65298022983382,170.00917043070206,269.7300109863281,1.0930275917053223
2025-03-12,84358.578125,555.0582088315019,478.0297999193566,220.58450266635003,165.99057021741828,271.2300109863281,1.093457818031311
2025-03-13,84301.6953125,551.1153221105548,473.27994250338116,215.70028194858565,163.5368804071953,275.3500061035156,1.0899182558059692
2025-03-14,85263.2890625,555.7679467233177,477.5329662224829,212.82546311709572,162.8606593053344,276.29998779296875,1.0910122394561768
2025-03-15,84672.671875,,,,,,
2025-03-16,85051.6015625,,,,,,
2025-03-17,84725.328125,561.5637976935186,482.77967314656735,214.08881784956162,165.27569370570313,276.7900085449219,1.0928961038589478
2025-03-18,84075.71875,556.9409127203818,476.58888289393093,214.01915944879542,164.47391921186986,280.2099914550781,1.095446228981018
2025-03-19,87021.1875,562.7860764826731,482.27290553437547,217.6101915579757,163.01523020702422,281.4800109863281,1.0945708751678467
2025-03-20,87443.265625,562.4116154449966,481.4978063463737,216.3468825511506,163.45960850407204,280.8999938964844,1.0917507410049438
2025-03-21,84782.2734375,558.4877328401925,478.5763266010879,217.68976839110027,162.42595853818355,279.4599914550781,1.086130142211914
2025-03-22,84513.875,,,,,,
2025-03-23,86094.78125,,,,,,
2025-03-24,88758.7265625,568.6314886589248,489.1423592971704,220.31588216896776,161.1991097261651,279.0899963378906,1.0856938362121582
2025-03-25,88542.3984375,569.8771730865459,491.2421796862816,222.92214108802088,159.75010042681131,279.9599914550781,1.0830715894699097
2025-03-26,88292.15625,569.7980806984394,490.7843964317407,223.83729303324841,161.15080973725637,279.0199890136719,1.080228567123413
2025-03-27,87786.7265625,564.4296055114135,484.23605568618603,223.80745418869535,163.2857258119235,282.07000732421875,1.0818763971328735
2025-03-28,87489.859375,559.8521002775326,478.2052964153207,222.6336557419088,163.94260163042495,284.6400146484375,1.0845280885696411
2025-03-29,84567.3359375,,,,,,
2025-03-30,83505.0,,,,,,
2025-03-31,83870.125,554.3551567474991,467.5966072840796,224.43410981299633,165.32399652373778,288.3900146484375,1.084845781326294
2025-04-01,85487.3671875,556.5598868781194,471.3484864500327,222.50435214869168,165.2370708870552,289.1300048828125,1.0830715894699097
2025-04-02,88466.953125,560.9890444564371,477.2499312507818,224.006427206847,165.0728531682034,289.0299987792969,1.087263822555542
2025-04-03,83909.296875,541.7594150841727,457.8537794541511,206.39944211542388,168.85964260553342,289.0899963378906,1.1133378744125366
2025-04-04,84696.1484375,519.910013527285,438.24869137872236,198.82943318150367,167.7004154559708,284.0299987792969,1.1107531785964966
2025-04-05,84207.015625,,,,,,
2025-04-06,83704.71875,,,,,,
2025-04-07,81119.0625,517.2405945444942,441.00539943904226,193.12954493623218,159.10285277777945,280.1400146484375,1.1049845218658447
2025-04-08,80823.890625,519.0300496454024,441.0053229949478,189.33957458197378,157.73112770046947,278.32000732421875,1.0991909503936768
2025-04-09,83541.0,542.4021606445312,465.5763897991723,199.55559936553783,159.0835253153944,285.8699951171875,1.1094838380813599
2025-04-10,82700.9296875,527.4535310578508,453.3953754518723,193.7562279640405,159.46029602114373,292.8599853515625,1.122536063194275
2025-04-11,84247.4765625,530.3502582115377,453.5944088551687,198.49121408156802,162.31004098934048,299.2699890136719,1.1471836566925049
2025-04-12,85856.1875,,,,,,
2025-04-13,86015.1875,,,,,,
2025-04-14,85785.0,538.1113174755011,462.80978696729005,211.8207974391945,164.32901596514188,296.5799865722656,1.1424784660339355
2025-04-15,86429.3515625,537.0732068479572,460.15268105084914,202.4403549077855,164.3773207188523,298.0199890136719,1.1377859115600586
2025-04-16,85428.28125,531.7937621429162,450.43965945558847,199.64512887500646,163.91361452890882,308.05999755859375,1.1390169858932495
2025-04-17,85449.0703125,525.1499093262158,445.59313532137156,197.7849695303218,165.8166704897069,307.1300048828125,1.1396400928497314
2025-04-18,85095.046875,,,,,,
2025-04-19,85597.703125,,,,,,
2025-04-20,85306.3828125,,,,,,
2025-04-21,88460.09375,515.7872869014791,436.9648633110088,192.78139570274652,165.19780502912656,316.4100036621094,
2025-04-22,93817.3828125,523.3011070538847,445.42394033849905,200.53045296496776,164.05081245250906,317.6300048828125,1.1546543836593628
2025-04-23,94535.734375,539.2482437222484,461.1478200555359,206.9067512010516,161.9512078910243,304.739990234375,1.144007682800293
2025-04-24,94016.1953125,541.2256220112762,465.4072286279397,207.7324150205437,156.45920506523706,308.5,1.1394323110580444
2025-04-25,95768.390625,544.804618673288,470.81107609503925,208.6475540878433,157.27567465589283,305.3699951171875,1.1384334564208984
2025-04-26,95251.359375,,,,,,
2025-04-27,95301.203125,,,,,,
2025-04-28,95598.4921875,547.2762839575454,472.5228018406058,210.38834431536768,158.01444877526282,309.1099853515625,1.140823245048523
2025-04-29,95485.4140625,549.1547344204944,474.1250461983433,211.12448445804597,157.84917846672087,306.95001220703125,1.1419566869735718
2025-04-30,95249.3203125,550.2126665027023,474.90127322951986,212.4574277707069,158.59765326891144,306.07000732421875,1.1398869752883911
2025-05-01,97437.9609375,557.6770094036193,484.83318599096134,213.43227966302132,156.8382935719976,297.94000244140625,1.1340954303741455
2025-05-02,97905.8984375,561.9382437140476,488.54521706431206,205.9020705063368,157.2854008530894,300.8500061035156,1.1378635168075562
2025-05-03,96943.8828125,,,,,,
2025-05-04,96318.921875,,,,,,
2025-05-05,95193.1875,560.2277786911415,486.6742758401759,203.02725796650907,156.41058834513083,307.6499938964844,1.1364539861679077
2025-05-06,96889.1796875,556.9651555946843,482.71345338039805,199.59536519080132,155.2441409192219,315.6199951171875,1.1361182928085327
2025-05-07,97625.8046875,557.4298834610689,483.4598506116992,198.39174158064424,155.5746345987022,313.260009765625,1.1377729177474976
2025-05-08,103969.5390625,563.8462596511741,490.32662643958486,198.99853803284546,155.52601707791823,310.4800109863281,1.1336711645126343
2025-05-09,104297.4921875,561.0681900796083,489.17222563016486,199.4859718922483,154.6803460249688,308.57000732421875,1.1291142702102661
2025-05-10,104961.765625,,,,,,
2025-05-11,104937.9921875,,,,,,
2025-05-12,105747.453125,576.3925257137258,505.44344130675324,210.435160708662,156.5466782051351,299.4700012207031,1.1242902278900146
2025-05-13,104997.421875,582.4036289948938,514.8977013705513,212.55673652410627,156.22587926679384,300.29998779296875,1.1177430152893066
2025-05-14,104303.5625,582.3046813078995,516.7287959644325,213.09460539099953,154.7095016197212,294.79998779296875,1.1264559030532837
2025-05-15,104153.6171875,584.2721134769878,519.4158011315517,212.11848379882832,158.35465590623195,297.8999938964844,1.1227755546569824
2025-05-16,104533.484375,587.7621640177526,519.1869509574169,211.73003772257164,158.86010941014717,294.5799865722656,1.1219944953918457
2025-05-17,103716.9453125,,,,,,
2025-05-18,106597.171875,,,,,,
2025-05-19,107068.71875,588.7903364922698,520.0129368955124,208.65221742207615,160.53200764383564,298.5799865722656,1.128604531288147
2025-05-20,107307.1171875,587.317209981726,518.4206490040874,207.64622592622177,161.35825018794822,303.67999267578125,1.1277261972427368
2025-05-21,110724.4609375,585.8638961879915,520.4806468794133,206.22186440009241,161.71790173909997,306.4599914550781,1.1362345218658447
2025-05-22,111970.171875,579.971467292194,515.2161063326972,201.94882252859867,161.55267241164336,305.2799987792969,1.134455680847168
2025-05-23,111798.90625,575.2159811048424,509.37440786318274,196.91877297523902,161.57210212199593,310.25,1.1376564502716064
2025-05-24,109454.5234375,,,,,,
2025-05-25,109313.3046875,,,,,,
2025-05-26,110376.8828125,,,,,,1.1418914794921875
2025-05-27,110744.2109375,584.6083553931982,519.1969191841325,199.94677348688452,163.28286495240638,304.8800048828125,1.1409013271331787
2025-05-28,109298.2890625,586.051826179252,521.1573196978349,201.9289060786693,164.1188331253892,304.989990234375,1.1345586776733398
2025-05-29,108910.046875,586.4768718669775,523.943850597734,203.00464471322186,164.26466362994836,306.8900146484375,1.1369450092315674
2025-05-30,106308.9453125,584.4304140423015,518.1718194248762,201.16196516975768,166.20871261232531,304.0199890136719,1.1390429735183716
2025-05-31,104927.1015625,,,,,,
2025-06-01,105884.546875,,,,,,
2025-06-02,105958.3125,586.0715425417425,520.9285314569356,201.3312933884623,164.31324789221412,311.7200012207031,1.1449114084243774
2025-06-03,106813.578125,590.3128764026674,526.192953382638,202.9647905668523,162.72883275016855,309.55999755859375,1.145514726638794
2025-06-04,105997.6953125,591.173028564345,527.2876922621837,205.42503857555045,163.3509470758553,311.8800048828125,1.143458366394043
2025-06-05,105936.6875,592.2111289512687,530.4821825867151,203.9409342732031,160.81392065295233,312.20001220703125,1.1494252681732178
2025-06-06,105376.7734375,594.0203968199735,529.2381970448477,204.8871617909174,160.61951142256478,309.20001220703125,1.1458691358566284
2025-06-07,105972.7578125,,,,,,
2025-06-08,106497.0625,,,,,,
2025-06-09,110561.421875,594.4356362447949,529.7855699578893,205.18600036190864,159.43363167671023,307.6099853515625,1.1440337896347046
2025-06-10,110380.125,596.6304070325093,532.3233974321485,203.54249456453348,158.93786927430625,308.6000061035156,1.1448328495025635
2025-06-11,110384.21875,598.2025114763902,534.1943423631835,203.69190510411792,158.21857478539167,308.6199951171875,1.149095058441162
2025-06-12,108780.6953125,596.9072875976562,532.0645538594068,198.890956077424,158.74346558751714,313.1000061035156,1.1628718376159668
2025-06-13,106182.546875,595.0288949944265,529.3078908293887,199.57821397711425,158.47129068870615,317.6000061035156,1.1612108945846558
2025-06-14,106203.7578125,,,,,,
2025-06-15,106157.1015625,,,,,,
2025-06-16,108915.375,597.5993850121447,532.7910009351023,197.90487790098294,157.42148117650098,314.8699951171875,1.1614806652069092
2025-06-17,107750.1953125,594.9299553868199,530.7609608109505,197.6060614779548,155.88567841612257,313.0,1.1574074029922485
2025-06-18,105581.8515625,594.4059506456396,529.9846210200801,196.78928550519313,154.21375297153352,312.9800109863281,1.1530035734176636
2025-06-19,105250.890625,,,,,,1.1486859321594238
2025-06-20,106539.3828125,594.4181022000307,530.989797962704,200.90298042554332,154.88448410688727,310.8900146484375,1.1534557342529297
2025-06-21,104015.78125,,,,,,
2025-06-22,103351.6328125,,,,,,
2025-06-23,106116.859375,595.4889076465048,530.2012624901581,201.50060768152076,156.6827512634819,312.6700134277344,1.1551746129989624
2025-06-24,106316.828125,602.737399696003,538.6997215726698,202.63609053842802,157.21736264405055,306.3399963378906,1.1635890007019043
2025-06-25,108168.3984375,603.4910690166892,541.3000294115662,202.8651975026319,155.8565282712367,307.3599853515625,1.1631423234939575
2025-06-26,108305.546875,607.1599344481853,544.6476272131085,201.8392684520338,155.09833917362872,307.2799987792969,1.1743428707122803
2025-06-27,107772.46875,611.2056301568862,547.9553124291843,202.41697405518968,155.65239267135047,302.3599853515625,1.1750881671905518
2025-06-28,107567.8828125,,,,,,
2025-06-29,108526.3046875,,,,,,
2025-06-30,108798.7890625,614.0117925800773,550.7549250315776,206.57048164253425,155.42882007520782,304.9200134277344,1.177163004875183
2025-07-01,107550.6796875,613.625146088841,548.6727003482655,209.35940906738603,157.98528103477406,309.0,1.1830259561538696
2025-07-02,109763.65625,615.2712091652924,548.9616013728256,212.49697770796604,156.8382889195906,309.3999938964844,1.1810001134872437
2025-07-03,110541.4609375,621.0125406459644,555.1386472795501,213.80180573654258,157.4895519404782,307.57000732421875,1.1813349723815918
2025-07-04,109751.984375,,,,,,1.1786893606185913
2025-07-05,108381.34375,,,,,,
2025-07-06,109731.625,,,,,,
2025-07-07,109710.25,618.7813322240264,552.2893059767699,215.37554414763466,156.67303297516668,307.7099914550781,1.179008960723877
2025-07-08,109198.96875,616.8775081543645,551.9604968449189,210.59451698338924,155.3121873378044,306.45001220703125,1.17648446559906
2025-07-09,111925.375,619.4655183729625,555.5670993773455,210.49493096772343,153.77635017340265,305.5400085449219,1.1728830337524414
2025-07-10,116608.78125,621.5974308254256,555.2382732584896,212.63639676214427,155.1469355177143,306.510009765625,1.1750881671905518
2025-07-11,118856.4765625,619.6044389056334,553.733864104168,211.29177557167307,153.6305612583487,310.2799987792969,1.1713716983795166
2025-07-12,118219.8984375,,,,,,
2025-07-13,119449.5703125,,,,,,
2025-07-14,123091.609375,619.9018415613931,554.8896575344722,210.07658325197187,151.44347545252165,309.3800048828125,1.169864296913147
2025-07-15,119935.5625,622.5791484786782,558.7253235687808,211.05270487364396,149.74240727118521,308.739990234375,1.1692078113555908
2025-07-16,120065.515625,619.4754466932056,558.1375126628243,211.5606982702429,149.46051065229005,311.0899963378906,1.1716736555099487
2025-07-17,120999.609375,623.1146474859103,560.229741645841,210.9630743588066,151.39486329254126,307.6700134277344,1.1635754108428955
2025-07-18,120851.9140625,624.175571102461,562.6407884950407,210.95309492429405,152.2540505817674,309.3699951171875,1.1669564247131348
2025-07-19,118541.3984375,,,,,,
2025-07-20,118865.03125,,,,,,
2025-07-21,119671.5625,626.2281670376054,563.9659084478778,214.92732845073886,152.61616247761958,313.30999755859375,1.1716736555099487
2025-07-22,120269.96875,624.4334174667899,562.2622135594852,214.1006251327807,154.99434161561442,316.239990234375,1.174936294555664
2025-07-23,120113.3515625,628.875732421875,561.7640732969975,214.29982043425818,155.49348224984857,314.9599914550781,1.1752538681030273
2025-07-24,119535.453125,630.7994747941685,564.1451688896942,214.83769515517375,155.63050296826182,310.989990234375,1.1787587404251099
2025-07-25,118486.9765625,632.2174590489252,565.5998159531918,214.38946224202752,155.06285759117367,308.30999755859375,1.1760693788528442
2025-07-26,118335.6875,,,,,,
2025-07-27,119815.59375,,,,,,
2025-07-28,119819.7890625,632.6735486135409,566.9348420155121,214.00103498726418,154.7203224175326,306.5799865722656,1.1770660877227783
2025-07-29,119273.8671875,633.2982235137306,569.9935327032099,213.96117031669576,155.26837677032339,307.0299987792969,1.160092830657959
2025-07-30,118780.7265625,632.3165451544952,568.508997161805,211.55072076453234,153.65354585182126,304.6499938964844,1.157273530960083
2025-07-31,118919.984375,634.4682782312485,572.5041444344463,209.01080544085684,148.76012802496086,304.6099853515625,1.1460267305374146
2025-08-01,116060.7734375,621.0719198033348,556.951993446216,212.7360475386617,150.21839637848714,309.54998779296875,1.1582921743392944
2025-08-02,114021.6015625,,,,,,
2025-08-03,114747.421875,,,,,,
2025-08-04,115729.46875,625.9108954798245,562.2323403030458,207.0585613783641,148.23164605564276,311.739990234375,1.1588828563690186
2025-08-05,115117.4375,627.2892207726588,564.4640352064246,204.52858421879685,148.83842256255264,312.239990234375,1.158815622329712
2025-08-06,115737.8359375,628.1121858315174,565.6596271290572,214.52892145014,150.20857130993284,311.239990234375,1.164646029472351
2025-08-07,117676.90625,631.62244837055,571.1990173575662,219.97730473834642,150.72727398660254,313.1400146484375,1.1695358753204346
2025-08-08,117689.203125,632.2868180975779,572.6437172653317,230.08721487155407,150.5119761922033,313.5299987792969,1.167924165725708
2025-08-09,117906.609375,,,,,,
2025-08-10,119320.7109375,,,,,,
2025-08-11,122321.09375,633.5758942477272,574.6661734544787,228.91239906441297,152.07786968010555,309.6600036621094,1.1676785945892334
2025-08-12,120302.46875,637.4430514601922,578.2029307017501,230.14888579943394,152.2246612531951,309.30999755859375,1.1694538593292236
2025-08-13,123682.453125,640.7549961752953,581.1620102059526,234.33703985510917,153.6633451155789,310.3900146484375,1.1730618476867676
2025-08-14,124457.1171875,640.1897383639256,579.7274406220099,234.4567012802976,151.4025878412435,308.3399963378906,1.1715638637542725
2025-08-15,119332.3125,640.6558114265956,577.6949138700501,233.6190590405621,152.28339905123167,308.0,1.171522617340088
2025-08-16,117996.0625,,,,,,
2025-08-17,118595.7734375,,,,,,
2025-08-18,117614.171875,638.5834678311134,575.6325679790418,232.4623214496413,153.57526754833222,307.8900146484375,1.1710972785949707
2025-08-19,116764.5,638.6924711313014,574.4269858610731,232.2130419457167,155.31732067167744,307.4800109863281,1.169344425201416
2025-08-20,114625.796875,634.2798709561484,566.3470728538312,229.81981519856654,157.59766724294354,308.4700012207031,1.1672561168670654
2025-08-21,114802.6484375,632.6041578211218,564.3943140175195,225.88095827873425,155.66963226774314,308.1499938964844,1.1661943197250366
2025-08-22,117377.3984375,641.0624398986112,571.8665505027725,228.44371192910324,157.2551001006948,311.0199890136719,1.1730343103408813
2025-08-23,116996.25,,,,,,
2025-08-24,115615.0859375,,,,,,
2025-08-25,113637.84375,639.8625729858918,571.1691275247927,228.65312729963858,155.31732049357234,310.8399963378906,1.1719757318496704
2025-08-26,112397.015625,640.0807351008626,570.8004889189272,228.84258604761433,153.35994371465452,312.2099914550781,1.1664528846740723
2025-08-27,112619.4140625,641.9250504526357,572.285048840458,230.24859923631865,153.78078506511198,312.9100036621094,1.1642799377441406
2025-08-28,113450.078125,644.0172625669782,575.8617699919798,232.75153884501827,153.66333342453945,315.0799865722656,1.168770432472229
2025-08-29,112619.0546875,642.3911452321481,572.9027323513419,232.7216147258446,154.20160837682388,318.0899963378906,1.1707408428192139
2025-08-30,108929.3515625,,,,,,
2025-08-31,109491.0,,,,,,
2025-09-01,109890.5859375,,,,,,1.1735849380493164
2025-09-02,111748.015625,635.1029472303277,563.8762688061983,230.19876225122124,155.47390297142167,325.9200134277344,1.1716049909591675
2025-09-03,112600.2265625,638.7916398746721,569.585034325084,238.17618932549604,155.2585976758883,329.45001220703125,1.1682243347167969
2025-09-04,112208.328125,643.6901160802078,573.470616113036,239.2232180033205,156.3449362368773,327.55999755859375,1.1667931079864502
2025-09-05,113357.4921875,646.7243720544352,578.9701724080204,240.63920029193574,157.137675271058,331.44000244140625,1.1759172677993774
2025-09-06,111275.015625,,,,,,
2025-09-07,111591.078125,,,,,,
2025-09-08,112869.234375,644.3743174556171,578.6912594012136,239.47249309970456,156.8538650629951,335.6700134277344,1.175585389137268
2025-09-09,113225.4375,645.3856792185645,578.7908897662577,238.1063683630383,156.46237623529723,338.30999755859375,1.1780366897583008
2025-09-10,114275.25,649.0445886413597,581.6104078841153,231.76431424305812,155.55219934653158,336.5,1.1730204820632935
2025-09-11,115522.546875,652.7929404681626,582.7162176589113,229.7998710451417,155.95347955300494,335.1600036621094,1.1745636463165283
2025-09-12,116769.3828125,653.5662677492645,585.6851967841828,233.84842918261825,155.7381715293792,336.3900146484375,1.1748120784759521
2025-09-13,116334.6328125,,,,,,
2025-09-14,116181.5,,,,,,
2025-09-15,116747.8828125,655.4800466805781,589.6006673309763,237.5180285002954,155.1411627888325,339.2799987792969,1.1774401664733887
2025-09-16,117005.2734375,656.213910313041,590.666758666618,240.53949594661788,155.0139322108882,340.8800048828125,1.1852554082870483
2025-09-17,117328.609375,656.1543568928759,589.560847731768,239.42266510979977,158.22401683505996,341.239990234375,1.187295913696289
2025-09-18,117911.7890625,659.2976422819312,595.9272507480725,240.51953392817583,155.63051282513092,336.32000732421875,1.1848341226577759
2025-09-19,117479.7578125,660.7874850308027,597.83011295333,245.60516498271895,154.26032864596417,339.2300109863281,1.1793843507766724
2025-09-20,116191.1484375,,,,,,
2025-09-21,115901.0859375,,,,,,
2025-09-22,115431.3125,663.5119177999496,601.3360027595129,255.9160073848096,152.75316388507665,345.07000732421875,1.1786893606185913
2025-09-23,113351.9140625,663.5617612775759,601.0367933292055,256.6140134777918,150.02263587728814,348.75,1.1820051670074463
2025-09-24,113986.2734375,660.8471316064555,598.3736318933126,255.01853710208397,150.35540395344802,346.8299865722656,1.1816558837890625
2025-09-25,113541.0859375,655.6765652531099,593.6057566967052,256.4444966190252,150.6000726735806,345.8299865722656,1.1754333972930908
2025-09-26,110359.1953125,658.619871988132,594.7827296224774,256.87328100426123,149.42563735514148,348.25,1.1702202558517456
2025-09-27,109778.5,,,,,,
2025-09-28,112375.484375,,,,,,
2025-09-29,114473.5703125,661.5134019828115,600.5181027058711,254.28061851263055,150.44347514183943,352.8299865722656,1.1754887104034424
2025-09-30,114836.6171875,662.8756347075731,599.1815689140329,255.1980209495745,151.08942040433263,355.57000732421875,1.1759449243545532
2025-10-01,118648.9296875,665.5802405756418,602.2536309055715,258.0599285933123,150.60985102641718,356.9700012207031,1.1778839826583862
2025-10-02,121086.40625,666.7733621981591,605.6150748101588,257.45162766856953,149.54309590355126,358.6700134277344,1.1759172677993774
2025-10-03,123944.703125,668.8714672806448,605.7847287787447,258.5086431914624,150.15964690522725,358.1400146484375,1.1756683588027954
2025-10-04,122857.640625,,,,,,
2025-10-05,125559.2109375,,,,,,
2025-10-06,126198.0703125,668.7024238148077,607.8094613156995,258.339156849437,149.0733018876347,365.29998779296875,1.1731581687927246
2025-10-07,125184.0234375,669.1796881705657,608.1586438162234,256.67382669789566,149.90519639268422,367.2699890136719,1.1710972785949707
2025-10-08,124167.09375,669.398481470165,610.1934861561377,257.7906639625656,149.53328757988405,373.57000732421875,1.1652973890304565
2025-10-09,123739.34375,670.1243359074817,610.0537759298148,257.27213808351553,147.65421921842022,373.2200012207031,1.164958119392395
2025-10-10,122509.6640625,670.1342452495495,611.6198017284072,255.6567217403356,148.28057349868007,370.30999755859375,1.1629935503005981
2025-10-11,113429.7265625,,,,,,
2025-10-12,115805.0625,,,,,,
2025-10-13,116020.484375,661.3642043859337,601.415821078074,248.98560621270488,146.24491966906194,378.8599853515625,1.1629664897918701
2025-10-14,115502.8828125,662.0602448848334,601.1564623206032,248.14796941642882,146.0687451855944,382.3800048828125,1.160725712776184
2025-10-15,113622.3828125,666.4353410824248,605.1562641092269,251.1095806192417,146.22534446356136,387.760009765625,1.1648223400115967
2025-10-16,111990.8125,664.9239754340409,606.7621549667239,248.33741809379524,147.19422147187802,396.8699951171875,1.1678286790847778
2025-10-17,109235.8046875,661.9906565438909,603.9693073296388,252.66518358811555,148.7894889662187,397.2799987792969,1.1728416681289673
2025-10-18,107490.984375,,,,,,
2025-10-19,109488.9921875,,,,,,
2025-10-20,111711.03125,668.4041493887289,611.2406903321764,263.63416054313814,149.1418204631398,403.29998779296875,1.1676785945892334
2025-10-21,113996.34375,669.1796448635298,611.1609582497778,264.5415968076956,149.03414979185396,388.8900146484375,1.1656370162963867
2025-10-22,109115.1328125,668.1953369980629,609.8542605281881,262.1084670888602,150.18900899983615,378.4700012207031,1.1616560220718384
2025-10-23,111288.59375,668.9012985038863,609.8143961922938,259.8847307097371,150.03243091447305,382.25,1.1621150970458984
2025-10-24,111842.53125,674.628651928334,616.8464337655934,263.3848541030092,155.1222454891489,380.7699890136719,1.164768099784851
2025-10-25,111947.703125,,,,,,
2025-10-26,115260.90625,,,,,,
2025-10-27,116273.3125,681.658640907831,626.9506729134798,268.36078929414754,149.56387394676975,371.5899963378906,1.164958119392395
2025-10-28,116078.984375,685.0095454543999,633.0651018787079,269.12862319727753,150.95347485777054,365.29998779296875,1.1668611764907837
2025-10-29,113642.7265625,685.795087823854,635.3891789092543,270.6443152614699,148.78530234128826,370.0799865722656,1.1665889024734497
2025-10-30,111612.3515625,682.0563488815194,631.8880872300178,273.36662916750566,148.61776704110622,370.3599853515625,1.1634671688079834
2025-10-31,111031.8203125,681.2012852815519,632.5863121135939,276.53767519933945,148.91343195389567,370.6600036621094,1.1577826738357544
2025-11-01,110574.8984375,,,,,,
2025-11-02,111167.3125,,,,,,
2025-11-03,110764.9140625,681.9171636388411,634.2021534587442,270.08589475979994,148.04616676182263,370.8399963378906,1.1542012691497803
2025-11-04,107264.8828125,676.1103005794487,625.354797701833,270.72408938596277,147.3365672939356,365.739990234375,1.1532961130142212
2025-11-05,104534.703125,677.0051112074705,625.0056518350635,270.9335263776032,145.28666899838325,367.1000061035156,1.149795413017273
2025-11-06,104147.3046875,673.5448715272548,620.4572571227977,272.6287059365568,144.55737923416314,368.17999267578125,1.154294490814209
2025-11-07,104052.9140625,667.2805048704689,608.3980251800011,271.5218466038475,145.79915702262863,370.4200134277344,1.1589902639389038
2025-11-08,103373.5625,,,,,,
2025-11-09,105418.3671875,,,,,,
2025-11-10,106564.6953125,678.317709828293,622.7214951546598,273.22240319845355,144.49824251194846,378.6600036621094,1.1582250595092773
2025-11-11,107428.2578125,679.6997756663966,621.1355017301039,275.3983427074405,146.49886593455332,380.3999938964844,1.1606314182281494
2025-11-12,105297.234375,681.081935653801,623.2700450530867,275.2186787593472,146.99163593923274,387.4599914550781,1.1597968339920044
2025-11-13,104005.4921875,677.0051169124795,616.5472286099415,276.1868935731559,146.84380635611657,388.17999267578125,1.1649309396743774
2025-11-14,99804.4296875,671.8345948923219,611.7893568378086,275.44821996704485,147.21831156909852,378.20001220703125,1.1653653383255005
2025-11-15,96728.46875,,,,,,
2025-11-16,96564.1875,,,,,,
2025-11-17,95928.3671875,669.8956413839408,610.9215891749508,269.98836893107386,145.83856997269334,375.4599914550781,1.1617100238800049
2025-11-18,93745.078125,661.3542775984923,600.7774579901122,270.2079864201871,145.25712062908306,375.5400085449219,1.1606987714767456
2025-11-19,92946.1640625,663.561773390439,604.6176628042144,271.7051756343288,145.40494396584594,380.1700134277344,1.1597565412521362
2025-11-20,93025.0703125,671.7351497651099,612.4676969147798,274.91922505965954,146.50873201935462,377.69000244140625,1.1551345586776733
2025-11-21,87380.8046875,660.7874729698119,595.4609945768989,272.8230952896135,149.30763152794248,377.2300109863281,1.1552013158798218
2025-11-22,85503.0078125,,,,,,
2025-11-23,88038.46875,,,,,,
2025-11-24,89206.3359375,666.2662734630499,605.1363301511908,276.4863089537433,148.23341476144415,380.2799987792969,1.1551345586776733
2025-11-25,88457.3359375,672.3814460202411,608.7072074163303,279.8600705608694,146.49887498814607,382.5199890136719,1.1583458185195923
2025-11-26,90581.15625,677.8404309302599,614.6221288317284,279.01161742605893,146.81424204817648,383.7799987792969,1.1602274179458618
2025-11-27,91897.578125,,,,,,1.1615750789642334
2025-11-28,92969.0859375,679.7991961322198,617.7442066386661,278.4826014787427,146.55801989379296,388.0,1.1606718301773071
2025-11-29,91187.6171875,,,,,,
2025-11-30,91965.046875,,,,,,
2025-12-01,90398.15625,679.1230890446475,617.8638528985133,282.89442609469603,146.7354105102405,390.70001220703125,1.1651887893676758
2025-12-02,92316.6328125,679.9483994968172,622.1629056286581,286.86701880065203,144.0744786752911,388.9800109863281,1.1623852252960205
2025-12-03,94060.7734375,681.0321891246488,622.6317029281745,288.0847586222564,146.14408235686736,390.1300048828125,1.1675832271575928
2025-12-04,94038.2421875,681.4895687361658,623.3498916256304,284.20196835267484,145.28667216259026,388.0,1.1682243347167969
2025-12-05,92702.640625,684.4925257185774,627.3197383563271,280.6186397013617,143.52257577084188,391.739990234375,1.167147159576416
2025-12-06,90267.4609375,,,,,,
2025-12-07,91740.84375,,,,,,
2025-12-08,92267.1171875,682.7524282821314,627.2399842967836,279.15136205700173,140.84194832936856,387.239990234375,1.1672561168670654
2025-12-09,94601.5703125,681.5094606319436,624.2775156033157,279.5106752769474,138.84131664614492,388.2099914550781,1.165677785873413
2025-12-10,94477.15625,685.0692222502689,627.6090269272694,279.2312028389952,139.23552518477814,389.760009765625,1.165745735168457
2025-12-11,93554.265625,685.3476304583654,624.1877845427603,279.07150890817053,139.78742607508474,394.0899963378906,1.1759449243545532
2025-12-12,92747.9296875,684.9797075791527,621.953458575216,278.70220580092337,141.03904624136598,400.3900146484375,1.1746740341186523
2025-12-13,90647.5703125,,,,,,
2025-12-14,90498.109375,,,,,,
2025-12-15,89983.921875,681.8774049984522,616.8464661142882,279.63046152672615,143.21706857300535,398.7099914550781,1.1769136190414429
2025-12-16,88170.09375,677.2239376857725,611.9489518835392,274.9891026980292,144.41939803729915,398.7099914550781,1.18047034740448
2025-12-17,90264.5703125,676.5874893555698,612.0886258751325,275.6478724530811,146.30177371071878,399.9800109863281,1.1757928133010864
2025-12-18,89412.6640625,676.8857972779194,611.3704684542074,273.12257373871984,145.36552778348374,402.2099914550781,1.1758896112442017
2025-12-19,89339.1171875,679.2350273728672,616.0484763883416,274.09077415448866,143.9365095531047,400.6300048828125,1.1737502813339233
2025-12-20,88497.203125,,,,,,
2025-12-21,89027.953125,,,,,,
2025-12-22,90501.9296875,683.4933686131409,620.8671665076671,273.37210596231955,142.31036807910905,408.5199890136719,1.177024483680725
2025-12-23,88898.3828125,686.325640311278,621.6261480926279,271.99467443806464,141.6500761734978,413.760009765625,1.18035888671875
2025-12-24,87956.8828125,688.9484813838191,623.4938829346665,274.9192064044749,142.64547588312772,412.6300048828125,1.1809163093566895
2025-12-25,88501.7890625,,,,,,
2025-12-26,89459.4296875,689.7761694005526,624.7322611929134,274.859322715931,143.5324320535533,418.45001220703125,1.179940938949585
2025-12-27,87874.78125,,,,,,
2025-12-28,87986.890625,,,,,,
2025-12-29,90299.15625,687.322922191004,621.995763643064,273.8512128461511,142.97070029462213,403.760009765625,1.1788560152053833
2025-12-30,89297.9375,686.6846823672308,621.3964390816567,273.5717234473003,142.36952459681788,403.79998779296875,1.1781338453292847
2025-12-31,89080.2890625,685.4879304984822,619.1792861072609,273.17246717497864,142.05415116269117,400.1300048828125,1.1758756637573242
2026-01-01,88803.2265625,,,,,,
2026-01-02,90884.4609375,684.999261161205,622.0656280105537,277.32473598417806,141.2657168088333,401.82000732421875,1.176747441291809
2026-01-03,90679.5703125,,,,,,
2026-01-04,91712.5859375,,,,,,
2026-01-05,94762.0703125,687.5522884526621,620.0281869343077,271.0064921177503,139.30451321183483,409.7200012207031,1.1718658208847046
2026-01-06,94395.296875,690.4344019511112,623.2341686687002,267.0538212812338,139.3735040371015,413.4800109863281,1.1745359897613525
2026-01-07,93738.7890625,692.0699799720542,627.1492383750701,263.1909919246956,137.77696013475176,410.80999755859375,1.170548915863037
2026-01-08,91485.8515625,688.7390423054183,622.6348958217857,258.80916773471864,139.72828529951533,411.6400146484375,1.1684973239898682
2026-01-09,91910.671875,693.4162394407576,627.0992684709724,259.7274461787287,140.27033601367305,415.2900085449219,1.16604483127594
2026-01-10,90713.03125,,,,,,
2026-01-11,91155.2265625,,,,,,
2026-01-12,92395.5234375,694.1941832506386,628.0580650499223,260.8154357257053,141.7979230777613,425.739990234375,1.169864296913147
2026-01-13,96011.625,694.194181802135,628.6772678768714,261.3244878277737,142.25123856988353,426.1199951171875,1.1675423383712769
2026-01-14,97860.6015625,689.8360176539858,622.6648884214621,261.33447181199796,144.77419134751472,426.8599853515625,1.1663167476654053
2026-01-15,97150.171875,693.5558934557131,629.206628407055,260.5559089501236,144.2321746759209,425.05999755859375,1.164686679840088
2026-01-16,95801.890625,692.359156800422,625.2915986535979,258.41988279267105,142.63559459522585,424.79998779296875,1.1626555919647217
2026-01-17,95598.4765625,,,,,,
2026-01-18,95491.5078125,,,,,,
2026-01-19,93660.828125,,,,,,1.164958119392395
2026-01-20,92798.4296875,682.9049778344743,614.2854351912486,254.31750190322293,144.8727569580078,438.1400146484375,1.1747016906738281
2026-01-21,90430.40625,686.8641332264262,619.6386461402016,251.09350304772093,145.23739056286485,448.0,1.1742602586746216
2026-01-22,90258.9609375,689.2476843606095,621.6761428244047,250.53452965267718,148.72617463905098,452.9800109863281,1.1750743389129639
2026-01-23,91100.25,689.0781127396581,624.612469784726,248.94748685874615,150.51659080010117,458.75,1.1775649785995483
2026-01-24,89811.609375,,,,,,
2026-01-25,89193.1484375,,,,,,
2026-01-26,88743.0703125,692.2394730275811,626.81961915323,256.08421686766076,149.75236786197235,469.2799987792969,1.1904903650283813
2026-01-27,89427.125,694.6329705879123,631.2440322678261,261.46421404872183,148.5216256392456,476.489990234375,1.1989833116531372
2026-01-28,90439.2890625,695.9393926651097,635.7982947738302,258.3799575946877,147.59858658033056,495.8800048828125,1.2023565769195557
2026-01-29,89200.78125,695.1615135683285,632.8719797654484,259.16847988830324,149.0079702857208,509.70001220703125,1.1994577646255493
2026-01-30,84602.1640625,692.3192774332931,627.4688205124429,261.41430490835,150.83421388895187,470.05999755859375,1.1973466873168945
2026-01-31,84136.921875,,,,,,
2026-02-01,79322.609375,,,,,,
2026-02-02,79258.609375,695.0318708971434,627.6985176699922,269.98839826257677,152.58104720148043,440.7799987792969,1.1875073909759521
2026-02-03,79118.8515625,695.0617950648859,629.1866011443993,271.3758289780004,155.36012793207712,459.0,1.1824523210525513
2026-02-04,76864.65625,689.5667896413613,614.3253838343164,278.432693698261,157.18637541610013,463.1000061035156,1.1838523149490356
2026-02-05,73161.5546875,681.8279505601881,604.0483693053457,278.98168486317746,158.45681171352453,450.8999938964844,1.1820470094680786
2026-02-06,71681.3046875,690.4244132010324,610.6399955270392,280.3890519626743,158.794271204482,456.92999267578125,1.1826481819152832
2026-02-07,71611.1484375,,,,,,
2026-02-08,72206.90625,,,,,,
2026-02-09,71369.96875,693.9747512796714,615.6837064208919,277.9439398399519,158.08958273935144,467.55999755859375,1.1925204992294312
2026-02-10,70464.265625,694.64286887948,616.2430108652889,275.11651686144285,158.95306264875933,466.75,1.192847728729248
2026-02-11,69242.6796875,695.2413241987686,616.7423712103644,279.92208361183503,159.93567853239364,468.6099853515625,1.192733883857727
2026-02-12,68339.4921875,693.4561594586687,615.0344847338599,275.46621856633783,161.92072579242517,466.3800048828125,1.1890605688095093
2026-02-13,69382.8359375,684.410879804094,605.7162424752422,261.9886306947134,161.35500342594642,463.8399963378906,1.1879446506500244
2026-02-14,70481.1640625,,,,,,
2026-02-15,70939.2890625,,,,,,
2026-02-16,70067.234375,,,,,,1.1870845556259155
2026-02-17,69201.8671875,683.074507822494,603.1894116444834,266.0449008431299,160.95797301763113,451.3699951171875,1.1852554082870483
2026-02-18,68434.4296875,687.2730943282486,609.0021290003773,266.57441720150126,157.79181864584456,460.510009765625,1.1853959560394287
2026-02-19,67277.125,684.311104689823,605.0570991965415,264.2365527856389,158.76450001144985,461.510009765625,1.1807769536972046
2026-02-20,68269.03125,688.1805961724377,609.581373723881,264.5063132392292,159.85627527883125,468.6199951171875,1.1806097030639648
2026-02-21,68657.703125,,,,,,
2026-02-22,68235.2265625,,,,,,
2026-02-23,67668.4296875,688.1207533479937,607.2443127599432,269.1819753311392,164.12414454817443,481.4599914550781,1.183445930480957
2026-02-24,64992.15625,686.4751816677359,608.2230768722754,274.6369951599546,165.6228518855779,475.44000244140625,1.1796625852584839
2026-02-25,69953.53125,691.7907319065998,616.053216829597,274.6869380517792,163.76682153324356,479.5299987792969,1.180790901184082
2026-02-26,68843.3515625,691.4117130049051,614.8148183820397,275.8558253670768,163.27056348960818,477.8299865722656,1.1830118894577026
2026-02-27,68220.40625,684.9892686841309,607.5539396831472,272.5588900215503,166.00000775715966,483.8999938964844,1.182396411895752
2026-02-28,67714.5234375,,,,,,
2026-03-01,68162.8203125,,,,,,
2026-03-02,70044.0,686.744509644098,609.1518702196468,266.2846497598317,165.30525218881115,492.1499938964844,1.1795791387557983
2026-03-03,69232.890625,680.7508704958498,603.1994564784976,265.31556422164516,160.97783189673535,473.20001220703125,1.1707134246826172
2026-03-04,74051.8046875,685.2186606854194,612.108218610738,265.9050144519466,158.4171198428621,476.4200134277344,1.1654876470565796
2026-03-05,73555.7890625,683.6629449535216,611.9883154244911,261.3192350446657,155.92588390891444,470.6700134277344,1.164686679840088
2026-03-06,71378.5703125,674.2685275228549,605.2368188486739,258.53178361058343,153.27582040185652,475.4599914550781,1.16225004196167
2026-03-07,68515.1640625,,,,,,
2026-03-08,68177.7890625,,,,,,
2026-03-09,69474.9453125,678.0681991431876,608.5027370453225,260.9095975388004,155.0623672959407,472.67999267578125,1.159366488456726
2026-03-10,71770.8984375,681.4987932365287,612.5176457382476,262.2384104290217,155.97548867908492,481.30999755859375,1.1663848161697388
2026-03-11,71337.6640625,678.2277626375325,611.6587648578186,261.888707997661,154.21873497118054,477.45001220703125,1.164401888847351
2026-03-12,70775.828125,669.8207124533001,603.3792143506387,258.71164792954545,151.9061432924026,475.0199890136719,1.156738042831421
2026-03-13,73927.328125,670.5088831921612,602.8398528802119,256.0940459350445,151.40988739234177,470.1000061035156,1.152923822402954
2026-03-14,71291.203125,,,,,,
2026-03-15,73173.0078125,,,,,,
2026-03-16,74901.859375,670.239584206393,603.099499235842,253.6563027081548,151.49921116919685,462.79998779296875,1.1501259803771973
2026-03-17,75988.3984375,672.60309589337,605.1369970937805,254.89516767044782,152.3130827230334,462.2099914550781,1.15421462059021
2026-03-18,74658.9765625,667.8959397089973,602.400426051188,254.70534343896443,148.50176512112768,450.05999755859375,1.1556684970855713
2026-03-19,71598.84375,661.1743225351036,595.0496606380132,251.5982036354298,146.27851711013417,428.2699890136719,1.1536552906036377
2026-03-20,71346.796875,656.6900024414062,590.4254777892629,248.97061168291066,144.7301896282972,428.5899963378906,1.1581177711486816
2026-03-21,71051.2734375,,,,,,
2026-03-22,69561.7734375,,,,,,
2026-03-23,71782.2578125,662.6199951171875,595.0800170898438,254.3656523266213,145.05770938492896,414.5400085449219,1.1637920141220093
2026-03-24,71371.3046875,657.030029296875,587.9299926757812,254.5954370944537,144.14457877437948,407.2900085449219,1.1616560220718384
2026-03-25,71985.7421875,660.8900146484375,591.3699951171875,254.76528059453105,143.0230382100302,420.6600036621094,1.1631964445114136
2026-03-26,71410.390625,654.8499755859375,584.6300048828125,256.76344411909713,143.48953140674783,411.3699951171875,1.1574074029922485
2026-03-27,69117.53125,642.6599731445312,571.02001953125,255.2548282141602,143.0031887796008,418.3999938964844,1.1547343730926514
2026-03-28,67232.859375,,,,,,
2026-03-29,67052.953125,,,,,,
2026-03-30,68087.2890625,640.3699951171875,568.0499877929688,250.63907198816298,144.48205057019396,420.1000061035156,1.152339220046997
2026-03-31,68495.2734375,651.5399780273438,578.6400146484375,255.24482803058763,143.83689723418516,430.57000732421875,1.1538816690444946
2026-04-01,69230.359375,658.52001953125,587.739990234375,255.94418062939917,143.8865352679399,440.19000244140625,1.1626555919647217
2026-04-02,68633.1484375,658.2000122070312,586.0499877929688,255.89424639361263,143.1322191412683,431.6700134277344,1.1598775386810303
2026-04-03,67296.234375,,,,,,1.1548677682876587
2026-04-04,67515.015625,,,,,,
2026-04-05,69087.65625,,,,,,
2026-04-06,70305.421875,659.719970703125,590.6099853515625,261.9186847371787,142.59623995058482,431.489990234375,1.1570056676864624
2026-04-07,72732.4296875,659.6099853515625,588.97998046875,255.96418954301222,141.70297227039742,433.42999267578125,1.1583458185195923
2026-04-08,72825.1875,677.0800170898438,609.9000244140625,259.51090582044134,144.0254842946808,440.44000244140625,1.172333002090454
2026-04-09,73107.265625,681.1599731445312,610.5,260.879638597066,145.84180994767988,440.9100036621094,1.1706311702728271
2026-04-10,73440.1171875,682.030029296875,613.6699829101562,261.94865175168746,145.79218524932554,440.3500061035156,1.1741223335266113
2026-04-11,73784.234375,,,,,,
2026-04-12,73154.03125,,,,,,
2026-04-13,74896.3125,686.2999877929688,626.739990234375,259.9405042051452,144.0056213268027,436.2200012207031,1.1719481945037842
2026-04-14,76061.7578125,694.5800170898438,628.5999755859375,261.68888841493145,143.63840439700792,445.17999267578125,1.1810559034347534
2026-04-15,75409.2734375,700.280029296875,637.8300170898438,266.3146386359468,143.32077645892193,443.739990234375,1.1810559034347534
2026-04-16,75506.5703125,702.780029296875,642.1799926757812,266.91408037974617,143.2116095257885,442.9800109863281,1.182382583618164
2026-04-17,78320.6796875,712.3900146484375,650.0,272.0493335842862,146.48694963990266,448.70001220703125,1.1851149797439575
2026-04-18,77416.703125,,,,,,
2026-04-19,76243.09375,,,,,,
2026-04-20,76575.359375,709.9099731445312,648.760009765625,274.0275237795767,145.56390591386355,443.4200134277344,1.1791062355041504
2026-04-21,76881.4765625,711.280029296875,650.2000122070312,272.5488901425708,143.5391459879603,440.25,1.178828239440918
2026-04-22,79468.0,711.4500122070312,655.3300170898438,273.48803128351057,142.22901292852262,437.1700134277344,1.176110863685608
2026-04-23,78676.9375,712.3599853515625,656.9199829101562,275.5161566987003,145.13710492750891,435.2900085449219,1.1716461181640625
2026-04-24,78554.09375,714.469970703125,664.510009765625,272.80864483253174,152.4199981689453,435.2799987792969,1.17205810546875
2026-04-25,77882.640625,,,,,,
2026-04-26,78923.5625,,,,,,
2026-04-27,79488.171875,715.6300048828125,664.4299926757812,268.1129570778125,149.6999969482422,431.79998779296875,1.1756407022476196
2026-04-28,77483.8671875,712.8800048828125,659.6400146484375,272.97851539952296,151.19000244140625,422.5199890136719,1.1728830337524414
2026-04-29,77884.96875,712.2000122070312,661.719970703125,270.7905199823619,148.75,419.1700134277344,1.172195553779602
2026-04-30,76611.484375,719.7899780273438,668.9000244140625,275.7459641951834,147.72000122070312,425.4599914550781,1.17384672164917
2026-05-01,78894.9765625,724.8699951171875,675.969970703125,286.95561044034525,149.27999877929688,427.92999267578125,1.1784532070159912
2026-05-02,79119.7890625,,,,,,
2026-05-03,79402.359375,,,,,,
2026-05-04,80742.359375,722.1199951171875,676.72998046875,280.3716851917065,146.05999755859375,420.8599853515625,1.17384672164917
2026-05-05,81751.453125,725.0399780273438,682.77001953125,284.30808218316156,145.89999389648438,421.1600036621094,1.1716461181640625
2026-05-06,82792.2109375,734.5900268554688,695.9299926757812,287.76487170009636,148.9499969482422,433.19000244140625,1.1796625852584839
2026-05-07,81684.953125,736.1300048828125,701.239990234375,291.8611003514943,147.99000549316406,437.4200134277344,1.177994966506958
2026-05-08,80447.265625,738.0800170898438,711.22998046875,294.4886952888782,147.52000427246094,436.20001220703125,1.178467035293579
2026-05-09,81030.0625,,,,,,
2026-05-10,82430.171875,,,,,,
2026-05-11,82326.234375,740.7899780273438,714.5900268554688,293.8800048828125,145.9499969482422,436.0400085449219,1.1789672374725342
2026-05-12,81753.03125,738.8400268554688,710.1799926757812,295.2699890136719,145.86000061035156,432.9800109863281,1.1778563261032104
2026-05-13,81276.671875,743.9099731445312,716.6500244140625,300.9200134277344,144.6699981689453,432.489990234375,1.1742602586746216
2026-05-14,82005.9609375,749.530029296875,722.030029296875,300.45001220703125,144.27999877929688,431.5400085449219,1.1721543073654175
2026-05-15,81634.84375,743.4600219726562,715.1300048828125,303.20001220703125,143.39999389648438,419.25,1.1664528846740723
2026-05-16,79173.5,,,,,,
2026-05-17,78539.3984375,,,,,,
2026-05-18,77749.3203125,741.4199829101562,712.0700073242188,300.6600036621094,144.42999267578125,420.92999267578125,1.1659088134765625
2026-05-19,77346.8671875,737.6500244140625,706.489990234375,300.510009765625,143.7100067138672,414.4700012207031,1.1655012369155884
2026-05-20,77775.5703125,741.8699951171875,713.1500244140625,302.79998779296875,143.22000122070312,417.989990234375,1.1644154787063599
2026-05-21,78100.5625,744.8699951171875,717.1199951171875,305.5400085449219,143.72000122070312,418.4200134277344,1.1637378931045532
2026-05-22,77819.453125,748.9400024414062,722.1199951171875,311.3999938964844,144.63999938964844,415.67999267578125,1.1618449687957764
2026-05-23,77288.1171875,,,,,,
2026-05-24,77372.5390625,,,,,,
2026-05-25,77804.921875,,,,,,1.1655012369155884
2026-05-26,77990.8671875,752.1300048828125,731.1699829101562,311.82000732421875,145.61000061035156,415.9800109863281,1.164686679840088
2026-05-27,76014.296875,751.3800048828125,733.3200073242188,313.260009765625,148.5399932861328,409.25,1.1660856008529663
2026-05-28,74460.125,755.1500244140625,736.5999755859375,312.79998779296875,146.6999969482422,414.510009765625,1.1657729148864746
2026-05-29,74218.5625,758.0800170898438,741.6300048828125,315.0,145.63999938964844,421.82000732421875,1.1685519218444824
2026-05-30,74020.7578125,,,,,,
2026-05-31,74153.5,,,,,,
2026-06-01,73969.5703125,760.280029296875,745.6500244140625,310.94000244140625,141.82000732421875,412.6099853515625,1.1667250394821167
2026-06-02,71334.953125,760.4000244140625,746.4400024414062,315.45001220703125,141.1199951171875,414.3999938964844,1.1655012369155884
2026-06-03,67402.9296875,758.7999877929688,748.6500244140625,316.94000244140625,142.4499969482422,409.3800048828125,1.163602590560913
2026-06-04,64664.4453125,758.3099975585938,743.5,313.5400085449219,143.13999938964844,414.3699951171875,1.164686679840088
2026-06-05,63901.515625,752.8200073242188,731.6900024414062,315.1700134277344,148.22999572753906,404.7200012207031,1.1645511388778687
2026-06-06,61491.703125,,,,,,
2026-06-07,64128.04296875,,,,,,
2026-06-08,64185.765625,745.3400268554688,723.030029296875,317.3999938964844,146.5500030517578,398.9800109863281,1.155428171157837
2026-06-09,63486.08984375,746.9000244140625,725.6599731445312,300.75,149.47999572753906,400.4800109863281,1.1578094959259033
2026-06-10,62788.27734375,738.3800048828125,711.280029296875,294.75,150.42999267578125,384.2099914550781,1.1574074029922485
2026-06-11,63851.94921875,740.0,718.3699951171875,297.0,149.6199951171875,387.2099914550781,1.1558021306991577
2026-06-12,64334.015625,744.4400024414062,724.010009765625,297.1400146484375,150.1999969482422,388.7699890136719,1.159151554107666
2026-06-13,64700.87890625,,,,,,
2026-06-14,65749.78125,,,,,,
2026-06-15,67248.1328125,756.6799926757812,744.760009765625,297.7799987792969,151.5,401.0,1.16225004196167
2026-06-16,66928.609375,755.4400024414062,744.219970703125,300.4800109863281,153.02000427246094,398.9599914550781,1.1618449687957764
2026-06-17,66354.625,752.1500244140625,735.6799926757812,302.07000732421875,152.94000244140625,402.0400085449219,1.1618449687957764
2026-06-18,64695.03125,748.22998046875,741.7899780273438,300.57000732421875,152.2899932861328,392.4750061035156,1.1530035734176636
2026-06-19,,,,,,,1.1471836566925049
