Date,BTC-USD,SPY,QQQ,AAPL,PG,GLD,EURUSD=X
2018-01-01,13154.7001953125,,,,,,1.199903964996338
2018-01-02,13163.599609375,235.35631103559285,148.02317181231658,39.565798181369,72.20096588320658,124.38999938964844,1.200855016708374
2018-01-03,14844.5,236.72936705656858,150.33590163084668,40.19695500765061,72.17705018109739,124.0999984741211,1.200494647026062
2018-01-04,14522.2001953125,238.12008678620776,151.72920690785642,40.22499451516484,72.24884333143537,124.73999786376953,1.200494647026062
2018-01-05,15202.7998046875,239.36112333545296,152.3832482281881,40.4517547079046,72.2169296711754,124.83000183105469,1.202154278755188
2018-01-06,16764.599609375,,,,,,
2018-01-07,16087.7001953125,,,,,,
2018-01-08,14208.2001953125,240.26765851734245,153.41633556858056,40.65745298829791,72.50398043652213,124.9000015258789,1.195971965789795
2018-01-09,14424.0,241.23585142785015,153.61538954483012,40.53589336412295,72.56776001050297,124.2300033569336,1.1917957067489624
2018-01-10,13691.2001953125,240.2149046152303,152.7149640997603,40.44006195266457,71.77039156059355,124.72000122070312,1.1924494504928589
2018-01-11,13105.900390625,241.65833076818808,153.74809620312902,40.78835936614299,71.6986083111499,125.25,1.1931180953979492
2018-01-12,13158.099609375,242.99617857933265,154.4400495885555,41.0595181171993,71.24413878939697,125.80999755859375,1.2041373252868652
2018-01-13,13952.400390625,,,,,,
2018-01-14,13268.0,,,,,,
2018-01-15,13641.7001953125,,,,,,1.2188136577606201
2018-01-16,10194.900390625,243.08412638410593,154.99924037270677,41.174049020608194,71.47538807461648,126.4000015258789,1.2196757793426514
2018-01-17,9402.2900390625,243.77958610038664,155.444696022066,40.923939337469655,72.10525855439775,125.9000015258789,1.2199138402938843
2018-01-18,10942.5,245.1965356479317,156.52523493981045,41.6672874824555,72.04436887158059,125.80000305175781,1.2175078392028809
2018-01-19,11172.099609375,245.6895262290551,156.9043280755723,41.47092730566695,72.50232605241195,126.41000366210938,1.222030758857727
2018-01-20,11656.2001953125,,,,,,
2018-01-21,11288.2001953125,,,,,,
2018-01-22,10240.2001953125,246.54330445153633,157.42569128125635,41.28158614164321,72.92813404683426,126.27999877929688,1.2214635610580444
2018-01-23,10129.7001953125,248.53239877650185,159.76684299985,41.33301417846406,71.18468295996449,126.33999633789062,1.2223594188690186
2018-01-24,10639.7998046875,248.06592711458097,158.70526453308307,40.48680890350173,70.46158485443128,128.22999572753906,1.2295132875442505
2018-01-25,11057.400390625,248.5588387473728,159.05597175861098,39.86266166193731,70.71067694541158,127.36000061035156,1.2386507987976074
2018-01-26,10470.2998046875,249.9319453091672,160.14599495073713,39.752818536712894,70.08399062137711,127.97000122070312,1.2387429475784302
2018-01-27,10989.2001953125,,,,,,
2018-01-28,11475.2998046875,,,,,,
2018-01-29,11179.2001953125,250.4071436358713,160.8852503366648,39.05386546199367,69.65012187195666,126.91999816894531,1.2338062524795532
2018-01-30,10036.2001953125,247.52021688316722,159.06549788125326,38.49987162895176,69.60190859035255,126.73999786376953,1.2336845397949219
2018-01-31,9777.419921875,247.04497088721433,159.5583174171315,38.92063436894064,69.16003725524722,126.4000015258789,1.2400639057159424
2018-02-01,8812.2802734375,247.04486198637804,158.6862971406691,38.9814148894474,68.7422369463301,127.08000183105469,1.2386507987976074
2018-02-02,7796.490234375,242.40649726832018,155.8901768133918,37.424583889707215,67.65756661409874,125.95999908447266,1.241187572479248
2018-02-03,8251.6298828125,,,,,,
2018-02-04,8031.22021484375,,,,,,
2018-02-05,6756.68017578125,231.75647126237143,149.75770929786407,36.46618412011472,64.3554616974121,126.44000244140625,1.2401562929153442
2018-02-06,6048.259765625,227.69896405469055,147.00899302492982,35.998670062167655,64.37153393598223,125.22000122070312,1.231618046760559
2018-02-07,7236.7900390625,235.51483184875826,151.8428988849801,37.183823122658545,65.73737477499273,124.41000366210938,1.2278525829315186
2018-02-08,7637.85986328125,226.72191170053435,145.44505310058594,36.23943299272922,64.39565616599813,124.51000213623047,1.2216575145721436
2018-02-09,7884.7099609375,222.6115510503879,142.29823570440928,35.262922282513344,63.142263061452866,124.38999938964844,1.2226433753967285
2018-02-10,8295.4697265625,,,,,,
2018-02-11,7931.10009765625,,,,,,
2018-02-12,8141.43017578125,230.3041938305799,148.29800807400989,36.96926786105699,64.74113245075985,125.11000061035156,1.2236307859420776
2018-02-13,8455.41015625,231.7564667161148,149.4922945140944,37.94095852973828,65.00624437676457,125.5199966430664,1.228606939315796
2018-02-14,8599.919921875,232.6278800630992,149.75771840760814,38.22966009746978,64.49203639570706,126.29000091552734,1.2278525829315186
2018-02-15,9395.580078125,236.5622060480066,153.96608287437675,39.666099508224036,64.67684655224704,127.94000244140625,1.2450509071350098
2018-02-16,9824.8203125,239.6427135708152,156.08922281556815,40.31624316123592,65.9864421416116,127.56999969482422,1.2430543899536133
2018-02-17,10149.400390625,,,,,,
2018-02-18,10326.0,,,,,,
2018-02-19,10513.2001953125,,,,,,1.2371032238006592
2018-02-20,11231.7998046875,238.0849006576347,155.73853132725026,40.234098347646515,65.1347968930083,126.04000091552734,1.2321947813034058
2018-02-21,10479.099609375,237.59196113335105,156.1271346933628,40.13786137607023,64.42778063814255,125.44000244140625,1.2300727367401123
2018-02-22,9939.08984375,237.32788799940926,155.80496015493,40.30216713810029,64.41169436289275,125.87999725341797,1.2261663675308228
2018-02-23,9734.5595703125,238.74496296365007,156.81910756820852,40.73167706139258,64.66076868639063,125.8499984741211,1.2280486822128296
2018-02-24,9546.9697265625,,,,,,
2018-02-25,9407.0595703125,,,,,,
2018-02-26,9501.73046875,242.2744596276138,160.0132845516403,41.35835694616437,65.11873445732925,126.18000030517578,1.228244662284851
2018-02-27,10246.099609375,241.48231199199887,159.435096073507,41.81604319718002,64.68487455675705,124.58999633789062,1.2223145961761475
2018-02-28,10393.099609375,238.78024480369112,158.38301188781168,41.79023181536693,63.0699667831772,124.80999755859375,1.2189176082611084
2018-03-01,10352.7001953125,234.124144749757,154.49689884214843,40.525145411276526,62.58788917873853,123.58000183105469,1.2157995700836182
2018-03-02,10850.099609375,233.0855486252185,153.51117857117998,40.47584232615504,63.005686035193065,124.97000122070312,1.2252799272537231
2018-03-03,11002.400390625,,,,,,
2018-03-04,11136.099609375,,,,,,
2018-03-05,11443.900390625,235.54118233557838,156.00394943534076,40.961698366530335,63.592182669275154,124.95999908447266,1.2275512218475342
2018-03-06,10694.2998046875,238.68337948474397,158.74317766065695,41.33958169646813,63.76894547927114,126.12999725341797,1.233121633529663
2018-03-07,9692.1201171875,237.82085839629667,158.25030430610852,40.90301543683224,63.39132391771164,125.41999816894531,1.2386049032211304
2018-03-08,9335.8701171875,239.7747915704599,160.13649134991192,41.09080103072802,63.48772894094048,125.12999725341797,1.2306329011917114
2018-03-09,8513.0302734375,242.3448589239956,161.90894958104428,41.63532156620826,64.19476177328644,124.77999877929688,1.2275512218475342
2018-03-10,8828.4697265625,,,,,,
2018-03-11,8607.1201171875,,,,,,
2018-03-12,8956.4296875,244.7564779760254,164.24063147264476,42.29720338770059,64.08230837289668,124.83999633789062,1.229135513305664
2018-03-13,8958.1904296875,242.9521622151338,162.3354990315822,42.069533676140765,63.76090952525987,125.05000305175781,1.231496810913086
2018-03-14,8068.58984375,241.75524080579248,162.013169690261,41.73390222458302,63.359183488457894,125.33999633789062,1.235010027885437
2018-03-15,7783.0498046875,241.54389231279492,161.98476933610849,41.79492414608478,63.10208287467905,124.72000122070312,1.2320733070373535
2018-03-16,8005.31005859375,242.25507090582929,162.02263656163106,41.68930527034882,63.343138863012214,124.20999908447266,1.2261513471603394
2018-03-17,7812.81982421875,,,,,,
2018-03-18,7397.990234375,,,,,,
2018-03-19,8182.39990234375,237.37705851392633,157.25383485903592,40.759846310114575,62.88516618982025,124.41999816894531,1.226046085357666
2018-03-20,8389.8896484375,238.75563683636938,158.17470883667153,41.06027762400275,62.636117764294234,123.95999908447266,1.2264971733093262
2018-03-21,8846.330078125,238.76448527928557,157.7760181850404,40.196537473159985,61.76836611399201,125.02999877929688,1.2246992588043213
2018-03-22,8564.900390625,232.72880812684755,154.35831907909588,39.57220461907548,61.358627853876264,125.63999938964844,1.230042576789856
2018-03-23,8360.6201171875,227.84202490130033,150.40889657583298,38.713172912597656,60.90869540309713,127.61000061035156,1.2319974899291992
2018-03-24,8665.7001953125,,,,,,
2018-03-25,8449.099609375,,,,,,
2018-03-26,7921.43017578125,229.23826181576712,151.1019334982586,39.06523432694473,61.07741934949184,128.00999450683594,1.2352389097213745
2018-03-27,7797.27978515625,228.7345361738358,149.69684210285584,39.177892261077965,61.30238201089041,127.05000305175781,1.237332820892334
2018-03-28,7809.169921875,228.50482221120828,148.13993504393952,38.77185176834323,62.62806420872707,125.51000213623047,1.2337149381637573
2018-03-29,7081.3798828125,229.61821376486174,148.7000276805369,39.17320659190049,63.616301154173605,125.30999755859375,1.2285163402557373
2018-03-30,6683.93017578125,,,,,,1.2298005819320679
2018-03-31,6863.52001953125,,,,,,
2018-04-01,6526.8701171875,,,,,,
2018-04-02,6816.580078125,225.0495882525477,146.0892534539557,38.60285827668735,61.91299627218584,126.37999725341797,1.228380560874939
2018-04-03,7072.490234375,226.96719481188146,146.62095162875477,38.6990820303163,62.00940302967599,126.01000213623047,1.2255052328109741
2018-04-04,6803.8798828125,226.7550973110947,146.24117420579407,38.6732668664508,62.33881475544307,126.31999969482422,1.225760579109192
2018-04-05,6644.7998046875,233.5771283905443,151.40570176426277,40.388999115021946,63.07798755673645,125.43000030517578,1.2219412326812744
2018-04-06,6575.0,227.99225756873417,147.98799900944118,39.47833051252819,62.58789598485907,126.12999725341797,1.2218068838119507
2018-04-07,6630.509765625,,,,,,
2018-04-08,6919.97998046875,,,,,,
2018-04-09,6661.990234375,229.70663080225304,149.4880496201867,39.865606649917375,62.322743766574995,126.2300033569336,1.2262566089630127
2018-04-10,6704.14990234375,232.39305939698409,151.0164876384607,40.259909838119526,62.620013367158,126.66999816894531,1.2303755283355713
2018-04-11,6817.58984375,232.75539032260153,151.99434229707123,40.29981215251393,62.70036342181509,127.77999877929688,1.235406756401062
2018-04-12,6806.509765625,234.23113211691503,153.00067013364756,40.61432966748776,62.49950408935547,126.47000122070312,1.230042576789856
2018-04-13,7758.93017578125,233.30326001108475,152.53545532371655,40.8044396188746,62.443255874860284,127.02999877929688,1.2308752536773682
2018-04-14,7846.0,,,,,,
2018-04-15,7999.330078125,,,,,,
2018-04-16,7925.72998046875,235.12368917353777,153.30444655520458,41.03446180568861,62.700369106921144,127.56999969482422,1.232635259628296
2018-04-17,7881.72021484375,237.49196335530033,155.61142664856303,41.40529895401935,62.748581324380055,127.0,1.2338367700576782
2018-04-18,7886.009765625,238.48171702246233,156.94057245924859,41.515608498889755,62.684295406389914,127.75,1.2344460487365723
2018-04-19,8138.77978515625,236.5817769681026,156.01962733111876,40.5251316881967,60.16683471931501,127.12999725341797,1.2330456972122192
2018-04-20,8244.5400390625,234.71727594647143,153.54179824654375,38.828164539945334,59.79383070168547,126.55000305175781,1.2255052328109741
2018-04-21,8652.150390625,,,,,,
2018-04-22,8779.6103515625,,,,,,
2018-04-23,8788.8095703125,234.4873715522299,152.86779233288942,38.513665229708735,58.999152028776486,125.33999633789062,1.2212249040603638
2018-04-24,8927.830078125,230.8907960952027,149.4216346511525,37.840037622972055,58.50453317657129,125.66999816894531,1.2184869050979614
2018-04-25,8799.83984375,230.5108384969812,148.54812957914405,38.11935008940759,58.342348978572495,125.05999755859375,1.21690034866333
2018-04-26,8727.08984375,233.5506930918964,152.0702915090282,38.3446763459467,58.68292479333828,124.69000244140625,1.2099798917770386
2018-04-27,8987.0498046875,234.61994564056346,153.010186011879,37.70157449520931,58.55319937483531,125.16999816894531,1.2056035995483398
2018-04-28,8931.990234375,,,,,,
2018-04-29,9193.7099609375,,,,,,
2018-04-30,9166.8095703125,233.67440680470918,152.41206711663665,37.98557049884984,58.51264091770043,124.19000244140625,1.2066364288330078
2018-05-01,8891.0498046875,231.62421530140028,152.03232601000693,38.79062545495093,58.10720549759829,123.38999938964844,1.1983511447906494
2018-05-02,9015.1396484375,232.1986676791265,153.44689069143448,40.792698905965494,57.35309755077379,123.58000183105469,1.1954143047332764
2018-05-03,9188.150390625,228.9201825401397,151.1588967206017,40.94291555554344,57.36121245448313,124.23999786376953,1.1950715780258179
2018-05-04,9585.9599609375,230.77586700224066,152.8297737117543,41.81838771321594,57.84773084436198,124.0,1.1914832592010498
2018-05-05,9695.1201171875,,,,,,
2018-05-06,9465.25,,,,,,
2018-05-07,9231.5302734375,235.15900236383027,157.13041967391962,43.36279030101084,58.29369830967959,124.30000305175781,1.18995201587677
2018-05-08,9127.76953125,234.31066654300142,156.51333335536808,43.1093028742744,57.661227949545335,123.79000091552734,1.183936357498169
2018-05-09,9031.6201171875,236.02502557830903,157.3867620019411,43.473095611593955,58.17206049294551,124.23999786376953,1.1823545694351196
2018-05-10,9040.51953125,238.79100441847086,159.76966797836363,44.04343867998312,58.94241325628211,124.75,1.184469223022461
2018-05-11,8394.4599609375,239.99274664229782,160.17792268788403,44.1661668942968,59.23432179993814,124.94000244140625,1.1893434524536133
2018-05-12,8223.5,,,,,,
2018-05-13,8395.1201171875,,,,,,
2018-05-14,8367.9697265625,240.68208461608054,160.88995417441475,44.26276586287573,59.266742750618626,124.44000244140625,1.1951572895050049
2018-05-15,8456.4501953125,238.6230326009291,158.52603171633322,43.612464172969005,58.86942043052116,122.12999725341797,1.182396411895752
2018-05-16,8175.490234375,239.57745937885377,159.50391310084828,43.82451718880194,59.161341234214156,122.02999877929688,1.176567554473877
2018-05-17,8054.1201171875,239.59515032267205,159.0291867761909,43.90933077186677,59.51812270002192,122.04000091552734,1.1778563261032104
2018-05-18,7974.81982421875,239.4183338951149,158.74437715212443,43.85515483070127,59.282972161869615,122.01000213623047,1.175046682357788
2018-05-19,8183.35009765625,,,,,,
2018-05-20,8205.240234375,,,,,,
2018-05-21,8365.1201171875,240.8675973625285,159.19056652156544,44.038936405996104,59.53435166804216,121.97000122070312,1.1718658208847046
2018-05-22,8004.580078125,240.57602327210842,159.38049858924654,44.008300423764275,59.86680418199186,122.33999633789062,1.1759449243545532
2018-05-23,7507.8798828125,239.4714522218291,158.43106077588712,43.76797101632021,59.77760692327926,122.11000061035156,1.168620228767395
2018-05-24,7331.14013671875,239.28587652654045,159.34245030752814,43.874001393175,59.672199665337175,123.08000183105469,1.1692214012145996
2018-05-25,7392.64990234375,239.9927497029885,160.64311469858742,44.21328671319679,59.80191717933133,123.20999908447266,1.1648359298706055
2018-05-26,7349.1201171875,,,,,,
2018-05-27,7270.9599609375,,,,,,
2018-05-28,7100.89013671875,,,,,,1.1608469486236572
2018-05-29,7090.68017578125,236.6170975258855,159.456438492165,44.02949482101763,59.81813531270198,122.66000366210938,1.1514369249343872
2018-05-30,7313.60009765625,238.96772618756867,160.6526070567661,44.00829679001992,60.045195105342536,123.16999816894531,1.1520073413848877
2018-05-31,7361.1298828125,238.82635789555584,161.0418385702425,43.85750822129398,59.031599992893796,123.0999984741211,1.1642934083938599
2018-06-01,7407.33984375,240.65546659354575,162.21911116203063,44.23685148143154,59.08025375239433,122.44000244140625,1.1629935503005981
2018-06-02,7497.259765625,,,,,,
2018-06-03,7613.0400390625,,,,,,
2018-06-04,7474.0400390625,242.36111800650752,164.30768031377193,45.0850599344167,59.55866757168517,122.37000274658203,1.1668747663497925
2018-06-05,7397.0,242.29040119634027,165.25704699524425,45.32303318949462,59.68030211493522,122.27999877929688,1.1655282974243164
2018-06-06,7502.009765625,243.09457058319848,165.32354659355659,45.21935568825165,59.777622909051296,122.62999725341797,1.1714677810668945
2018-06-07,7650.81982421875,244.19911351554344,164.76337909014498,45.3183185372882,60.08573617095665,122.69000244140625,1.1783559322357178
2018-06-08,7558.39990234375,244.48192314275175,164.41212025332163,44.71278969726127,61.41557650679243,122.91000366210938,1.1728416681289673
2018-06-09,7531.97998046875,,,,,,
2018-06-10,6709.06982421875,,,,,,
2018-06-11,6706.6298828125,245.94007270406829,165.45647197852983,44.816456383543546,62.33997713522315,123.0199966430664,1.1776067018508911
2018-06-12,6542.080078125,245.83394569041246,166.1020300158342,45.03793329119162,62.52645512881215,122.63999938964844,1.174315333366394
2018-06-13,6285.6298828125,245.48936829863752,166.5481731188738,44.870652683238966,61.78856037777227,122.47000122070312,1.1733646392822266
2018-06-14,6334.4599609375,245.71908772066405,167.56403841193816,44.818821123524955,61.38312443470427,123.31999969482422,1.1628854274749756
2018-06-15,6433.8701171875,244.41691627211264,167.1937963977419,44.35700246014303,61.56150974277145,120.83000183105469,1.1545344591140747
2018-06-16,6402.2900390625,,,,,,
2018-06-17,6499.27001953125,,,,,,
2018-06-18,6446.68017578125,244.0618184934996,166.43845150762215,44.10726541196885,61.131760051332215,120.98999786376953,1.156644344329834
2018-06-19,6709.919921875,242.80142015383026,165.26829872536078,43.223695869239414,61.27772760985561,120.58000183105469,1.153322696685791
2018-06-20,6611.8798828125,244.63001607421887,168.06541311120344,43.76089290863536,61.253388109125275,120.16000366210938,1.1546010971069336
2018-06-21,6715.169921875,242.93452320471235,166.8475933853099,43.574759736739,61.245283041913666,119.81999969482422,1.151410460472107
2018-06-22,6006.60009765625,243.65358871856367,166.2006144367356,43.51821736100589,62.25076632298595,120.0999984741211,1.1601735353469849
2018-06-23,6071.81005859375,,,,,,
2018-06-24,5826.41015625,,,,,,
2018-06-25,6119.68017578125,238.86905624683794,161.55780524108133,42.58282432899554,62.58323215074431,119.83000183105469,1.1629935503005981
2018-06-26,6093.669921875,240.36925501320445,163.04199854953652,43.00927643734278,62.72917983811707,119.08999633789062,1.1652023792266846
2018-06-27,6052.85009765625,238.94002844283239,161.367556190586,43.360348581313914,62.89134381248526,118.4800033569336,1.1583592891693115
2018-06-28,5873.0498046875,238.32752849521523,160.94890395435277,43.306168638273,62.97244464642999,118.01000213623047,1.1528042554855347
2018-06-29,5835.75,240.68876867952034,163.0704683418716,43.09646479717635,62.672417351215515,118.26000213623047,1.15644371509552
2018-06-30,6214.22021484375,,,,,,
2018-07-01,6289.2900390625,,,,,,
2018-07-02,6305.7001953125,238.99330741347623,161.42458432310468,43.216621705982554,62.777826683463985,117.4000015258789,1.1592589616775513
2018-07-03,6447.75,240.0407836242166,162.33795799704833,43.244899402321124,63.06976520987038,118.37999725341797,1.1622636318206787
2018-07-04,6450.4599609375,,,,,,1.1631423234939575
2018-07-05,6546.64990234375,240.5200361906718,162.7184957869936,43.419262800087296,63.345444614028416,118.7699966430664,1.165080189704895
2018-07-06,6533.5498046875,242.07347432791317,164.59279469921086,43.63601705281612,63.97791650108648,118.7300033569336,1.1680742502212524
2018-07-07,6579.240234375,,,,,,
2018-07-08,6747.97998046875,,,,,,
2018-07-09,6724.33984375,245.4377483396801,167.27571436673514,44.6020491482026,63.06974548125069,119.13999938964844,1.1742877960205078
2018-07-10,6320.72021484375,246.84018263606114,168.12244809406562,44.80939132562234,63.24002273499378,118.61000061035156,1.1691941022872925
2018-07-11,6330.47021484375,245.45547760766024,167.25669225476,44.20386550631754,64.08334131995444,117.62000274658203,1.1698368787765503
2018-07-12,6136.419921875,246.41418933560087,168.47450128297294,44.60439959451979,63.71035400634671,117.94000244140625,1.1650530099868774
2018-07-13,6192.240234375,247.35504094661,170.25361636304336,44.97903235551187,63.97791650108648,117.44999694824219,1.1614537239074707
2018-07-14,6212.22021484375,,,,,,
2018-07-15,6256.509765625,,,,,,
2018-07-16,6357.009765625,247.51484966809195,170.18700277372844,44.86593892521994,63.921168108699305,117.27999877929688,1.1676650047302246
2018-07-17,6684.169921875,247.1332009498144,168.66477463549015,44.578491967618255,64.50500254990207,116.12000274658203,1.1664528846740723
2018-07-18,7280.47021484375,248.59782970474203,170.66275960121806,44.750489273536566,64.32661253302065,115.83000183105469,1.1603754758834839
2018-07-19,7295.4599609375,248.06509031541646,170.12997109653818,44.69393159004951,63.73216048361828,115.12000274658203,1.157594919204712
2018-07-20,7323.259765625,248.10075640342126,170.1013794904511,44.80704826123983,64.08399859250447,116.23999786376953,1.1628042459487915
2018-07-21,7262.41015625,,,,,,
2018-07-22,7383.81982421875,,,,,,
2018-07-23,7409.10009765625,247.71014729383947,169.1024680233567,44.66331125648758,64.01854504048535,115.76000213623047,1.1688660383224487
2018-07-24,7705.5,249.10380517035608,170.83398120536273,45.249981791818506,63.44575968747814,115.91000366210938,1.1657185554504395
2018-07-25,8086.35986328125,249.6807307795288,171.52849837549678,45.33952022609749,64.41128876225764,116.2699966430664,1.1667522192001343
2018-07-26,7878.7099609375,251.2873931024589,171.07184411356693,45.617555534405035,65.02497191776482,115.7699966430664,1.1650937795639038
2018-07-27,7839.759765625,248.88186539352202,168.0178298117762,44.79054348344733,65.0167816101502,115.7699966430664,1.1623716354370117
2018-07-28,8110.77001953125,,,,,,
2018-07-29,8141.18017578125,,,,,,
2018-07-30,7917.5,247.97640992948166,165.80109005648865,44.547857012990356,65.32769677144509,115.63999938964844,1.1649445295333862
2018-07-31,7696.93017578125,248.88194430013263,166.32432932800285,44.61146629715371,64.99222263165883,115.38999938964844,1.1692761182785034
2018-08-01,7504.9501953125,248.65991811770908,167.54207632780404,46.48932842822588,65.54863961978457,115.12999725341797,1.166534423828125
2018-08-02,7523.43994140625,247.79903348579066,167.2471516911836,47.205593985888,65.94138897261753,114.41999816894531,1.1604158878326416
2018-08-03,7328.64990234375,250.61275278226552,170.3772712034879,48.414316664168645,67.02962624700471,114.86000061035156,1.1562163829803467
2018-08-04,6984.06982421875,,,,,,
2018-08-05,6940.7001953125,,,,,,
2018-08-06,6890.5400390625,251.38506828772208,171.00526022379717,48.78893864166359,67.21785708347242,114.30999755859375,1.1530966758728027
2018-08-07,6748.240234375,253.19595601577896,172.45132208278005,48.715895807364944,66.87416299635154,114.41999816894531,1.1552013158798218
2018-08-08,6226.22021484375,252.92964700178607,172.26105453404023,48.188114871607986,67.176911526881,114.41000366210938,1.1574609279632568
2018-08-09,6249.06982421875,252.91185471545646,172.81291072171766,48.81957208162651,66.52231921607846,114.69000244140625,1.156176209449768
2018-08-10,6124.52001953125,250.6393135282625,171.10036791166343,48.865465439702334,66.27687506447228,114.61000061035156,1.1396141052246094
2018-08-11,6109.02978515625,,,,,,
2018-08-12,6237.5,,,,,,
2018-08-13,6225.72021484375,250.11565722463394,171.48096910912352,49.10899869137438,66.39958941843237,112.83000183105469,1.1365960836410522
2018-08-14,5971.0498046875,250.74599350868027,171.29064371755948,49.24141953269484,66.46504082241495,112.83999633789062,1.134751796722412
2018-08-15,6221.419921875,248.68655421743193,169.46394606049,49.25797427207032,66.12138207366962,111.05999755859375,1.1302244663238525
2018-08-16,6276.41015625,251.52705008367542,170.7483476499249,50.00039363053768,67.34875501731956,111.0999984741211,1.1338382959365845
2018-08-17,6324.97021484375,251.5359562403902,169.60667224471004,50.39998358384993,68.40427631739155,111.37999725341797,1.1367381811141968
2018-08-18,6353.72998046875,,,,,,
2018-08-19,6361.5498046875,,,,,,
2018-08-20,6297.93017578125,253.03608957040626,170.30122930478933,50.86104191692848,68.1669857150586,112.16000366210938,1.1395231485366821
2018-08-21,6298.240234375,253.6129813301547,171.3762436095293,50.60568111471057,67.9869541155246,112.44000244140625,1.1486594676971436
2018-08-22,6310.10986328125,253.49768061837668,171.01471159320772,50.560754949723034,67.96240359557979,113.06999969482422,1.1554415225982666
2018-08-23,6371.33984375,253.36446497503155,171.7282937610543,50.74044874677419,67.78240866401384,112.05999755859375,1.154521107673645
2018-08-24,6498.64013671875,254.20786294419815,172.5465390505588,50.861037704362104,67.93786742377957,113.20999908447266,1.1539349555969238
2018-08-25,6700.9599609375,,,,,,
2018-08-26,6620.75,,,,,,
2018-08-27,6689.7099609375,256.2494909421703,174.2114310247316,51.1494986735286,67.92969861329733,114.12000274658203,1.1597161293029785
2018-08-28,6882.33984375,256.8885281227042,175.26750312793058,51.761887460591076,68.1751558069585,113.55000305175781,1.1663440465927124
2018-08-29,6970.81982421875,257.32336727274395,175.87644171378923,51.87774753435485,68.15060308658404,113.8499984741211,1.1654006242752075
2018-08-30,6834.68994140625,257.0927225076336,176.7612247783472,52.58469558416517,68.06878235743197,113.23999786376953,1.1644154787063599
2018-08-31,6920.16015625,256.7908257895186,176.94195311343648,53.43587990583163,67.41419765073573,113.44000244140625,1.1596487760543823
2018-09-01,7038.0498046875,,,,,,
2018-09-02,7132.16015625,,,,,,
2018-09-03,7208.14990234375,,,,,,1.1590977907180786
2018-09-04,7255.43994140625,256.24941284429883,175.86689509780481,53.58484903952322,67.15236228880424,112.61000061035156,1.153322696685791
2018-09-05,6792.830078125,255.54817190054018,173.9355683848509,53.22309798700196,67.18510442781049,113.12000274658203,1.1546810865402222
2018-09-06,6404.72021484375,254.75813882384264,171.8044178426498,52.32461728550888,67.4960252447065,113.27999877929688,1.1607661247253418
2018-09-07,6396.8701171875,254.50072664342497,171.6711706998037,52.18511175944655,66.48143989889073,112.97000122070312,1.1563901901245117
2018-09-08,6197.52001953125,,,,,,
2018-09-09,6201.22021484375,,,,,,
2018-09-10,6292.759765625,255.539302540155,171.94709790639897,51.18260462853595,67.37327580309541,113.0,1.1527643203735352
2018-09-11,6260.2099609375,254.7403863055744,171.74735281183342,51.20387942357245,66.7923314412099,112.41999816894531,1.1566845178604126
2018-09-12,6265.08984375,255.85001207428817,172.2134890949476,51.97940311163777,66.84960770708123,113.05999755859375,1.1570860147476196
2018-09-13,6354.240234375,257.4211223455566,174.71567547553815,52.6249042019705,67.62694972007631,113.58000183105469,1.16096830368042
2018-09-14,6456.169921875,257.4211262043679,174.35414076636596,52.613076951433094,67.88876143254758,112.91000366210938,1.1655691862106323
2018-09-15,6493.5498046875,,,,,,
2018-09-16,6460.10009765625,,,,,,
2018-09-17,6257.52001953125,256.56006349021055,172.36574425066607,51.371761426756805,68.1915090798099,113.55000305175781,1.162358283996582
2018-09-18,6265.7099609375,257.0217122645313,172.58456665907488,51.3362872360447,68.38789586163226,113.27999877929688,1.1669156551361084
2018-09-19,6208.33984375,258.1578283433109,172.68919320210566,50.90596843011665,68.5433558416927,113.68000030517578,1.165338158607483
2018-09-20,6395.9501953125,258.52178873975845,174.60155915945379,51.81626763486653,68.91975942841736,113.86000061035156,1.1672834157943726
2018-09-21,6496.35986328125,260.2003749632241,174.56346964974185,51.37648418489235,69.97526892574568,112.79000091552734,1.1735711097717285
2018-09-22,6616.7998046875,,,,,,
2018-09-23,6679.419921875,,,,,,
2018-09-24,6580.89990234375,258.9163563078542,172.79985158204937,51.22042933428429,68.91976030817912,113.43000030517578,1.172525405883789
2018-09-25,6381.85986328125,259.0143839229773,174.5916709133786,51.946307549786276,67.97879032087283,113.56999969482422,1.1732544898986816
2018-09-26,6397.89013671875,258.0603417149148,175.28744735058228,51.9605092538193,67.93786420666169,112.66000366210938,1.1728966236114502
2018-09-27,6464.9501953125,258.6756652147852,176.2500627920071,52.8542493888135,67.75783008036571,111.8499984741211,1.1664528846740723
2018-09-28,6598.31982421875,258.5419336622055,176.29775287826766,52.96773962377275,67.74148471533239,112.06999969482422,1.1570591926574707
2018-09-29,6511.64990234375,,,,,,
2018-09-30,6566.5400390625,,,,,,
2018-10-01,6549.080078125,259.4602703458394,176.99351716703563,53.51864333667554,68.05243138598469,112.1500015258789,1.156510591506958
2018-10-02,6537.89990234375,259.6028973119646,176.63136605878296,53.584859645171754,68.21605920155065,113.61000061035156,1.1506686210632324
2018-10-03,6454.02978515625,259.7634212147403,176.95541444747917,54.329647132562286,67.79056883623659,113.26000213623047,1.1516358852386475
2018-10-04,6497.91015625,256.4998822262784,172.57107379331322,53.60849859022037,66.35868944415425,113.26000213623047,1.1464602947235107
2018-10-05,6557.41015625,255.2158585929535,170.06436056923917,52.15438395852076,67.07872114966015,113.56999969482422,1.1487782001495361
2018-10-06,6577.7998046875,,,,,,
2018-10-07,6557.0400390625,,,,,,
2018-10-08,6576.0400390625,254.5738498970342,168.6347046297702,52.06453440498348,66.8905411527589,111.9000015258789,1.146092414855957
2018-10-09,6606.93994140625,255.70621396661616,170.36938364789276,52.549236814198565,67.14419879355319,111.97000122070312,1.1433275938034058
2018-10-10,6538.9599609375,247.77928885427428,163.45931532968555,51.08329306782395,66.63690185546875,112.25,1.1480661630630493
2018-10-11,6243.740234375,241.07392013109617,159.94229176713324,50.20136756167063,64.3703767841057,114.08999633789062,1.1532163619995117
2018-10-12,6236.47021484375,242.8661749776503,162.9159894166585,51.27008201426514,64.22311391604482,115.08000183105469,1.1536953449249268
2018-10-13,6259.81005859375,,,,,,
2018-10-14,6280.14990234375,,,,,,
2018-10-15,6258.68017578125,244.58706584373425,163.51645267930292,51.37175697346174,64.57494134510233,115.88999938964844,1.1543611288070679
2018-10-16,6571.3701171875,246.16532542157915,165.55613221452018,51.25117047250022,65.37679536402993,115.80000305175781,1.156711220741272
2018-10-17,6517.4501953125,247.49393205394864,167.2431664513039,51.86119150958556,65.76954263401902,115.68000030517578,1.1521799564361572
2018-10-18,6450.0400390625,245.18454828665827,164.3552202761704,50.36215029617322,66.03702101040608,115.62999725341797,1.1482902765274048
2018-10-19,6445.31005859375,245.63032902677742,164.30755270210105,51.40958711776718,70.04879537589092,115.95999908447266,1.1433666944503784
2018-10-20,6449.0,,,,,,
2018-10-21,6476.0,,,,,,
2018-10-22,6462.97998046875,244.68517250087024,164.49818257731545,51.766618916580256,70.35421192127633,115.43000030517578,1.1462368965148926
2018-10-23,6451.27001953125,239.51338550320153,160.9049259908871,50.764102000238935,70.99808100911625,116.33000183105469,1.1439945697784424
2018-10-24,6468.85986328125,236.02701362087163,157.302151474654,50.726264164214655,71.99687401506702,116.11000061035156,1.138407588005066
2018-10-25,6447.02978515625,237.3912975916812,159.32272803973967,51.24881034120332,72.07118236505835,116.19000244140625,1.1366219520568848
2018-10-26,6449.60986328125,233.87800516322892,156.5301288173809,50.28412082995475,72.13720081007276,116.45999908447266,1.133619785308838
2018-10-27,6453.52978515625,,,,,,
2018-10-28,6447.91015625,,,,,,
2018-10-29,6306.990234375,231.70237676564972,152.58427445232053,48.728336343503514,72.17847019987542,115.83999633789062,1.1364411115646362
2018-10-30,6310.14013671875,234.61818555031115,154.41418529122308,49.480221547617695,72.81409791075153,115.63999938964844,1.1347389221191406
2018-10-31,6316.8798828125,240.85987209180985,160.63804651948843,51.21806832318598,72.03815857501112,114.66000366210938,1.1311705112457275
2018-11-01,6311.830078125,241.09173585902113,160.86682447980854,51.26298516681588,72.78930965499775,116.18000030517578,1.1313753128051758
2018-11-02,6327.3798828125,240.3873122535907,160.333072837437,48.57229602309812,73.44968206970053,116.38999938964844,1.1375658512115479
2018-11-03,6342.3701171875,,,,,,
2018-11-04,6294.56982421875,,,,,,
2018-11-05,6363.6201171875,241.95663600789746,159.24651434350545,46.85571728176754,74.14309735096961,116.2300033569336,1.135524868965149
2018-11-06,6408.16015625,243.6507597587035,160.80963754019348,47.68799067176834,74.6466300346958,115.73999786376953,1.1393284797668457
2018-11-07,6468.31005859375,247.06592388395393,163.81191272183472,48.2649193571804,74.80345530823288,115.9000015258789,1.1400558948516846
2018-11-08,6438.52978515625,248.97408711148753,165.48944524427316,49.0549542402841,74.844719963023,115.5,1.1405109167099
2018-11-09,6373.3701171875,246.26337614744838,162.18214060511264,47.98724786748592,75.25745775577346,114.13999938964844,1.132502794265747
2018-11-10,6385.31005859375,,,,,,
2018-11-11,6350.169921875,,,,,,
2018-11-12,6360.47021484375,242.52727608994468,158.388716463189,45.979978204665024,75.73622139120985,113.58000183105469,1.1241639852523804
2018-11-13,6342.669921875,241.86740439728624,158.21713475746253,45.42476100071037,75.6041617301921,113.41999816894531,1.1223218441009521
2018-11-14,5544.08984375,239.37076296962894,156.54922455885517,44.11505882624037,76.75980723245148,113.45999908447266,1.126481294631958
2018-11-15,5358.3798828125,238.08673262015606,155.79622329775583,44.34519912826086,76.53692170503831,114.55999755859375,1.1274974346160889
2018-11-16,5498.93994140625,241.8318281417608,158.00747561584046,44.952603027303574,77.32109509811971,115.37000274658203,1.1322592496871948
2018-11-17,5519.56005859375,,,,,,
2018-11-18,5559.740234375,,,,,,
2018-11-19,4842.91015625,239.03192144248044,153.96624424163628,43.892013365063484,76.69375741040957,115.37000274658203,1.1394453048706055
2018-11-20,4272.10986328125,234.6448681024103,149.76305255378784,41.64273330485172,75.82702950405465,115.37000274658203,1.1387057304382324
2018-11-21,4343.97998046875,236.30338810882228,151.76453866369036,41.889490881307914,75.31521008188832,115.86000061035156,1.1366348266601562
2018-11-22,4365.64013671875,,,,,,1.1386280059814453
2018-11-23,4195.68017578125,234.57355917861787,151.63113017498264,40.83365689452534,74.81172980036594,115.58999633789062,1.1332343816757202
2018-11-24,3795.159912109375,,,,,,
2018-11-25,3585.06005859375,,,,,,
2018-11-26,3643.919921875,236.59770078252234,153.22278971853677,40.39708373701015,75.2409347857405,115.52999877929688,1.132733702659607
2018-11-27,3661.010009765625,236.8829848828991,153.62312589387295,40.54419042635813,75.81877123078249,114.5999984741211,1.1279425621032715
2018-11-28,3822.469970703125,239.26376297348142,155.8057981864786,41.50511064186913,76.11592574894298,114.58999633789062,1.1267732381820679
2018-11-29,4145.76513671875,242.91961131776668,158.99871153091206,42.16234247178632,76.48741312788098,115.55999755859375,1.1349579095840454
2018-11-30,3942.822021484375,243.82914372770225,159.6849504849418,42.00338253080645,76.56167198044176,115.04000091552734,1.1314777135849
2018-12-01,3969.710693359375,,,,,,
2018-12-02,4110.978515625,,,,,,
2018-12-03,3840.4462890625,247.44941866082354,161.5625890143859,42.99515437591232,76.15719231813583,116.30000305175781,1.132169485092163
2018-12-04,3832.75,240.6637070512194,157.7596819323384,41.82305870457027,76.90839959192007,116.93000030517578,1.1343270540237427
2018-12-05,3753.994873046875,,,,,,1.1315033435821533
2018-12-06,3521.101806640625,234.01179240772498,154.18548345769705,40.43504289397928,75.18316667191016,116.91999816894531,1.132336139678955
2018-12-07,3280.228759765625,234.18127589433428,153.3181576135617,39.93202670386907,76.05816486646582,117.54000091552734,1.1361312866210938
2018-12-08,3350.650634765625,,,,,,
2018-12-09,3469.09423828125,,,,,,
2018-12-10,3470.14453125,230.60552834060644,151.93612429225752,38.75282465963804,75.4225584522848,117.41999816894531,1.1362345218658447
2018-12-11,3392.25,234.04744531223463,154.62393535714557,39.62359899291814,77.09823822036846,117.3499984741211,1.1307612657546997
2018-12-12,3413.4814453125,236.6244184401148,157.22596014457662,40.10286345370511,76.85059772459729,117.61000061035156,1.1316184997558594
2018-12-13,3298.132080078125,235.50976270188872,156.33951927341653,40.22861867943218,78.25388255536129,117.26000213623047,1.1333627700805664
2018-12-14,3206.542236328125,231.70235241482038,153.1656282986722,39.21549440063509,79.26095390168794,116.58000183105469,1.1270780563354492
2018-12-15,3191.303466796875,,,,,,
2018-12-16,3233.81982421875,,,,,,
2018-12-17,3253.123046875,226.06694412299714,148.84806030222953,38.610450254681176,76.27276881039234,117.3499984741211,1.1304799318313599
2018-12-18,3487.169189453125,225.84401386571423,149.67723455907552,39.00432833526614,75.82702180219889,117.80999755859375,1.133863925933838
2018-12-19,3687.22998046875,222.3397684197925,146.15068738822265,37.746804045316345,75.35652293423206,117.4000015258789,1.1375658512115479
2018-12-20,3728.974609375,218.1487981344773,143.33900441271527,36.84756074809764,74.3989604026875,118.68000030517578,1.1378376483917236
2018-12-21,3850.9462890625,215.23424722177504,139.8410760472385,35.50226074249866,74.58883615272791,118.56999969482422,1.138783574104309
2018-12-22,3855.739013671875,,,,,,
2018-12-23,3976.40576171875,,,,,,
2018-12-24,4000.331787109375,210.11312852383378,137.12511806919983,34.7809643222436,71.71622462693765,119.56999969482422,1.137203574180603
2018-12-25,3760.0205078125,,,,,,1.1370097398757935
2018-12-26,3769.86376953125,209.65569540447513,137.727297849863,34.81180927021201,71.60065201199004,119.56999969482422,1.137617588043213
2018-12-27,3645.448486328125,214.31950984244187,140.5852625398976,35.606659957323785,72.80581593495253,120.13999938964844,1.1359118223190308
2018-12-28,3642.632080078125,221.0371572860196,145.02037671834336,36.66960390643198,74.98507105992344,120.72000122070312,1.1430922746658325
2018-12-29,3820.40869140625,,,,,,
2018-12-30,3797.21923828125,,,,,,
2018-12-31,3725.867431640625,221.9519889312692,145.96668304194344,37.12753588756801,75.24092240438358,120.83000183105469,1.14223051071167
2019-01-01,3707.231201171875,,,,,,1.146499752998352
2019-01-02,3817.409423828125,220.58873557425875,144.21749376102696,36.59369187126671,74.23387770450924,120.87999725341797,1.1345715522766113
2019-01-03,3826.222900390625,218.54384243531666,142.88885499339239,33.69192581603775,74.60530898667808,121.7300033569336,1.131733775138855
2019-01-04,3783.853759765625,221.68290190659857,145.03951521911114,34.11899903898665,74.59708385586111,120.69000244140625,1.1348161697387695
2019-01-05,3836.900146484375,,,,,,
2019-01-06,3826.51318359375,,,,,,
2019-01-07,4020.89404296875,225.73679330201114,149.21655180646775,34.617251961933846,75.44732210565081,121.56999969482422,1.1405240297317505
2019-01-08,3996.955322265625,227.80862422016872,150.25845138645755,35.23889338251769,75.79399283344448,121.05999755859375,1.1424654722213745
2019-01-09,4022.662841796875,229.77279445340503,152.42814368399667,35.50226350768915,74.9602795156689,121.44000244140625,1.144164800643921
2019-01-10,3659.174560546875,229.15398144284202,151.69214392500527,35.79409933557466,74.7952042748541,121.56999969482422,1.151145339012146
2019-01-11,3653.06982421875,230.52621084525182,152.7340325077541,35.948309170191386,75.20792905703844,121.66000366210938,1.1459741592407227
2019-01-12,3653.810791015625,,,,,,
2019-01-13,3544.92724609375,,,,,,
2019-01-14,3552.28515625,229.97012545558084,151.58703439000786,35.40497797975705,74.99331773040358,121.87000274658203,1.1451605558395386
2019-01-15,3619.94921875,231.2257815295091,152.84878454890557,35.601911260051914,75.2327039294931,121.62000274658203,1.1386150121688843
2019-01-16,3624.67333984375,233.72807299168477,155.12363696775026,36.30184748144305,75.10888165384785,122.0199966430664,1.1378893852233887
2019-01-17,3621.9609375,233.15405813629934,154.4354471790358,36.36352377110496,75.1704495482424,121.80999755859375,1.1372424364089966
2019-01-18,3637.080810546875,235.88062817469122,156.58607926383704,37.00890297433515,75.74454481983828,121.0199966430664,1.1354217529296875
2019-01-19,3652.3779296875,,,,,,
2019-01-20,3583.01953125,,,,,,
2019-01-21,3558.537109375,,,,,,1.1357957124710083
2019-01-22,3539.721435546875,234.14060886200994,153.6611916022884,36.21168817452131,74.11381408462432,120.9000015258789,1.1336840391159058
2019-01-23,3565.31396484375,233.78187434995297,153.24067399481882,35.9934084941028,77.89937305534983,120.86000061035156,1.1351640224456787
2019-01-24,3569.0927734375,235.05544969694287,154.9038095382435,36.00289284093378,77.53332897706966,120.91999816894531,1.131324052810669
2019-01-25,3575.597412109375,236.47251108468166,156.71033777024235,36.615040923074886,77.42513631064384,122.0199966430664,1.1305822134017944
2019-01-26,3593.345947265625,,,,,,
2019-01-27,3567.245849609375,,,,,,
2019-01-28,3439.23291015625,234.79539236392185,154.60749405706136,36.458442779137826,77.35027728422416,122.72000122070312,1.1390948295593262
2019-01-29,3400.81982421875,235.4142104107552,153.88101939762942,36.565225817907695,77.45841508058223,123.45999908447266,1.1411746740341187
2019-01-30,3429.387939453125,237.0017440144406,155.6971889166223,38.017288901847,77.84945728498688,123.69999694824219,1.140862226486206
2019-01-31,3447.915771484375,239.71024710052512,159.1190754067594,39.044655736776996,78.27377796215664,124.62000274658203,1.1450556516647339
2019-02-01,3431.591552734375,241.42332284164686,159.61607641988726,39.369710497458655,79.86287265005866,124.37000274658203,1.1435105800628662
2019-02-02,3467.57470703125,,,,,,
2019-02-03,3447.92431640625,,,,,,
2019-02-04,3442.5869140625,241.58478197088286,159.94108009107134,39.690019271912284,80.47024298642228,123.81999969482422,1.1425436735153198
2019-02-05,3451.93701171875,243.8449326384274,162.19683631372578,40.89297205344229,80.8779216259572,124.05000305175781,1.1403288841247559
2019-02-06,3398.5654296875,243.88089311654593,162.25420133458024,41.011606755653766,80.80303836035847,123.4000015258789,1.1375399827957153
2019-02-07,3394.218505859375,240.62512119361995,159.57785370697826,40.41605663729461,80.15408331155575,123.44000244140625,1.1326054334640503
2019-02-08,3391.023681640625,240.21250411634384,159.214613437007,40.13189521411374,80.45359378236253,123.9800033569336,1.132182240486145
2019-02-09,3646.559326171875,,,,,,
2019-02-10,3640.97998046875,,,,,,
2019-02-11,3642.287841796875,242.18568525636323,160.562354214691,40.329661489113064,81.06094907127765,123.19000244140625,1.1273448467254639
2019-02-12,3618.556884765625,244.2575036888499,161.85280593865664,40.43689212564779,81.51855528791675,123.61000061035156,1.125885248184204
2019-02-13,3617.246337890625,246.24857784565816,163.2769441340657,40.48931303829851,82.37550184363353,123.30999755859375,1.1282861232757568
2019-02-14,3607.69775390625,244.73285393361263,162.33071196029184,40.36064525814671,81.40206295849946,123.52999877929688,1.1250618696212769
2019-02-15,3608.20654296875,247.65662546105898,163.58285739112327,40.44880923334926,81.74318653566854,124.18000030517578,1.1234945058822632
2019-02-16,3615.270263671875,,,,,,
2019-02-17,3619.18212890625,,,,,,
2019-02-18,3669.982421875,,,,,,1.1294840574264526
2019-02-19,3908.153076171875,247.96165112812608,163.8122332457729,40.386849953980956,81.92622469796105,125.93000030517578,1.1277008056640625
2019-02-20,3926.246826171875,248.6611795003781,163.75491822077873,40.7442815842349,82.31727687571436,126.30999755859375,1.1325926780700684
2019-02-21,3940.108154296875,247.85398687824858,163.171805522212,40.57986845134195,82.02606395129044,125.05000305175781,1.1322592496871948
2019-02-22,3950.81640625,248.79572578226137,164.30931070304547,40.83720814261498,82.69998900160458,125.38999938964844,1.131874680519104
2019-02-23,3968.726806640625,,,,,,
2019-02-24,3793.708984375,,,,,,
2019-02-25,3807.00244140625,250.61638147320215,165.7430160797584,41.44960369528727,82.64173155855633,125.2300033569336,1.13379967212677
2019-02-26,3837.986328125,250.14107296909248,165.17908619223934,41.26373492448921,82.89133709658815,125.05000305175781,1.1346487998962402
2019-02-27,3787.058837890625,248.86749869411122,164.1754590379979,41.15888685160674,82.21743005874174,124.4000015258789,1.1363893747329712
2019-02-28,3845.8212890625,249.6208298778012,165.07395991002207,41.2041753537565,81.60175308061623,123.9800033569336,1.1360796689987183
2019-03-01,3851.6923828125,250.06929782160273,165.53274035035176,41.197021288508566,81.39375254181165,121.87000274658203,1.135434627532959
2019-03-02,3832.1279296875,,,,,,
2019-03-03,3836.90576171875,,,,,,
2019-03-04,3733.749755859375,248.29348607078518,164.854127950174,41.45437513566205,81.43534918131597,121.18000030517578,1.1310553550720215
2019-03-05,3745.18310546875,249.7016013711848,166.0202601516198,41.59019251792692,82.29229472024804,121.02999877929688,1.1293182373046875
2019-03-06,3871.460693359375,248.41007542510283,165.62837663646198,41.44722463850816,81.86797490989487,121.26000213623047,1.1291651725769043
2019-03-07,3894.113037109375,245.8091176242837,163.24829266680763,40.98971225542988,81.74319015593693,121.18000030517578,1.1208752393722534
2019-03-08,3875.228515625,244.32928040957538,161.8623333113653,40.38924599998411,81.32720980314753,122.37000274658203,1.1186057329177856
2019-03-09,3892.390380859375,,,,,,
2019-03-10,3924.381103515625,,,,,,
2019-03-11,3889.239013671875,246.849493955807,164.26146695936444,41.783204847044914,81.95951571334447,121.91999816894531,1.1222589015960693
2019-03-12,3863.55908203125,250.0962504574032,167.05255740488036,42.74111003200352,82.97451614434215,122.4000015258789,1.1250239610671997
2019-03-13,3891.904296875,251.39670028201837,168.5628044249593,43.11044774766869,83.16588499870042,123.43000030517578,1.1279042959213257
2019-03-14,3901.296875,251.72865656599245,168.8591263484557,43.501232955961775,83.7982152463334,122.12000274658203,1.1294713020324707
2019-03-15,3914.015380859375,252.53106644599106,169.4517441665433,43.7824106162076,84.6385118592887,122.91000366210938,1.1302244663238525
2019-03-16,3961.657470703125,,,,,,
2019-03-17,4006.4111328125,,,,,,
2019-03-18,4009.1171875,253.4048285956763,170.05695693128135,44.27088419713954,84.1975531235617,122.88999938964844,1.1234692335128784
2019-03-19,4023.8125,253.50397987941622,170.72729118275277,44.30186231557087,84.27245274051337,123.33999633789062,1.1334270238876343
2019-03-20,4031.11083984375,252.52198057748706,170.67937397612084,44.018314235196435,84.07277028863002,122.6500015258789,1.1336454153060913
2019-03-21,4005.1513671875,252.7651907823521,171.59868350302827,45.228803590706896,84.2641341222623,123.11000061035156,1.1355119943618774
2019-03-22,4021.54248046875,251.4950709478828,170.8038511979676,45.45993125023579,82.3755121482292,123.7300033569336,1.1275609731674194
2019-03-23,4015.964599609375,,,,,,
2019-03-24,4006.19287109375,,,,,,
2019-03-25,3934.03125,250.10779426151646,169.4249589662621,44.46390611241121,84.2474804861445,124.4800033569336,1.1290504932403564
2019-03-26,3944.753173828125,251.83740603410251,170.5836597249871,43.98257500926579,85.1959535578816,124.06999969482422,1.1279551982879639
2019-03-27,3977.810546875,250.36900484478966,169.10899111881275,44.4519865617811,84.8964176140275,123.55999755859375,1.1242650747299194
2019-03-28,4040.266357421875,251.39599713964742,169.72180922197967,44.68551496674179,85.78667730426648,121.70999908447266,1.121516227722168
2019-03-29,4034.09716796875,253.260749463698,171.0145041514174,44.92617907983829,85.78667415861455,122.01000213623047,1.1210887432098389
2019-03-30,4053.90966796875,,,,,,
2019-03-31,4094.100830078125,,,,,,
2019-04-01,4096.9013671875,256.1973781875685,173.1020882655346,44.8880516813076,85.81164230313703,121.45999908447266,1.1209882497787476
2019-04-02,4155.31689453125,256.81907711422633,174.06922777579706,45.52427381326158,85.91146342371624,121.68000030517578,1.1184556484222412
2019-04-03,4876.62109375,257.41348804543566,175.43853057089123,46.02467154689668,85.48715936288339,121.68000030517578,1.1202473640441895
2019-04-04,4836.7939453125,257.64785109132174,174.90233976117054,46.02229064603285,85.52044320315589,120.95999908447266,1.1209254264831543
2019-04-05,4919.49169921875,259.08010755558655,176.21418991759558,46.68709613144077,85.83659541408775,121.66000366210938,1.1211642026901245
2019-04-06,4992.22216796875,,,,,,
2019-04-07,5050.412109375,,,,,,
2019-04-08,5148.2119140625,258.8728716804163,175.8407725068729,46.78479559908021,86.11113869784108,122.4000015258789,1.1215540170669556
2019-04-09,5167.4189453125,258.26935161671037,176.28119159109724,47.473439087978925,86.64362414407314,123.02999877929688,1.1256444454193115
2019-04-10,5193.38232421875,258.81883219628924,176.69299189324934,47.2232344194669,86.72681248719928,123.19000244140625,1.123103380203247
2019-04-11,5017.29638671875,259.0620168902903,176.85582211078983,47.285187764028926,86.83497611503562,121.79000091552734,1.1256064176559448
2019-04-12,4955.8525390625,259.67468015426687,177.21009137031533,46.75380783911867,86.66856271904422,121.80000305175781,1.1258344650268555
2019-04-13,5061.58935546875,,,,,,
2019-04-14,5053.568359375,,,,,,
2019-04-15,5024.0693359375,260.4134229336511,176.78877415733055,47.18273076972158,87.18440228937948,121.0999984741211,1.1299434900283813
2019-04-16,5055.19482421875,260.7917066463132,178.0432063049859,47.31378207550533,87.89991945175251,120.19000244140625,1.128604531288147
2019-04-17,5219.20556640625,260.3322697350052,178.68473705918146,47.32570451341118,88.2690862524072,120.19999694824219,1.1281843185424805
2019-04-18,5250.5068359375,260.0350399233135,178.38792300234095,48.257401604087235,88.67126710069518,120.1500015258789,1.1237722635269165
2019-04-19,5233.3349609375,,,,,,1.1233052015304565
2019-04-20,5295.8779296875,,,,,,
2019-04-21,5257.33935546875,,,,,,
2019-04-22,5280.27685546875,260.40445728937266,178.52197405425974,48.21451090916323,88.59586296898195,120.2699966430664,1.1236711740493774
2019-04-23,5389.40869140625,261.62047128318324,180.1498597745219,48.58622601734535,85.57117464669268,119.55000305175781,1.1193444728851318
2019-04-24,5418.26318359375,263.1068701892618,181.605405125609,49.33682184606203,86.12416255277734,120.04000091552734,1.1183055639266968
2019-04-25,5181.3388671875,261.89981618626115,181.41388409407878,48.87693935413123,85.95656957533235,120.5,1.1121737957000732
2019-04-26,5177.36865234375,262.35914106238647,180.5903567583341,48.16207915688333,87.06256156193942,121.22000122070312,1.112297534942627
2019-04-27,5233.6357421875,,,,,,
2019-04-28,5255.68359375,,,,,,
2019-04-29,5216.48779296875,264.3139866566105,182.2661036688477,48.576695801391914,87.74124167098755,120.66999816894531,1.1145538091659546
2019-04-30,5224.18994140625,262.97182397909967,180.22645970400438,47.4448506724918,87.69098207340471,120.8499984741211,1.117655634880066
2019-05-01,5347.64599609375,262.86363299957645,180.79143312471243,49.856272866650684,87.81662157036297,120.18000030517578,1.1214408874511719
2019-05-02,5394.21728515625,260.8097254266999,178.94333045220347,49.594171580722325,88.01774642872783,119.54000091552734,1.1173559427261353
2019-05-03,5490.20166015625,262.4131780296907,181.29895414342383,50.09456303527242,88.46181991345158,120.4800033569336,1.1141316890716553
2019-05-04,5645.46923828125,,,,,,
2019-05-05,5708.03515625,,,,,,
2019-05-06,5653.6875,260.2512461684707,178.83798447755905,48.490914101974354,88.00935246997462,120.54000091552734,1.1179929971694946
2019-05-07,5741.39599609375,257.4675542385565,176.68343017449857,47.85469202351123,87.22178461490644,120.91000366210938,1.1176055669784546
2019-05-08,5794.7158203125,258.4224745419498,177.1143603634872,48.07391273228292,87.2720309544551,120.7699966430664,1.118956208229065
2019-05-09,5982.31640625,255.206487663427,174.3660314808403,46.86105993269764,86.9536483317286,120.86000061035156,1.1175681352615356
2019-05-10,6161.51904296875,254.30571892493052,173.3510476690994,46.11101823277178,87.07094858630931,121.30000305175781,1.1218559741973877
2019-05-11,6375.69873046875,,,,,,
2019-05-12,6815.77099609375,,,,,,
2019-05-13,6898.2822265625,252.17066837943403,170.5069972662868,43.73812763352999,87.8501566875893,122.33000183105469,1.1224100589752197
2019-05-14,7696.39111328125,253.90033244501296,171.27309018509865,44.35048432829495,88.45342646884505,122.12000274658203,1.120485782623291
2019-05-15,7899.10693359375,253.4588920896291,171.70396612998968,44.4963906935112,88.39479454333103,122.22000122070312,1.1180429458618164
2019-05-16,7729.6083984375,257.4226353539373,175.18956367294865,45.170951528362195,89.30804536626881,121.19000244140625,1.1174308061599731
2019-05-17,7038.12451171875,256.8460571586275,175.12258535183307,44.673406583972145,89.86942019354954,120.33000183105469,1.1157352924346924
2019-05-18,7251.50439453125,,,,,,
2019-05-19,7267.962890625,,,,,,
2019-05-20,7678.78173828125,255.0443601554767,171.7327080424173,43.123370837032205,89.76886602488825,120.41999816894531,1.1151255369186401
2019-05-21,7843.33984375,257.2333843036183,173.24570820744154,44.180645467442574,89.05667989191932,119.83000183105469,1.1142433881759644
2019-05-22,7615.9873046875,256.82803955212853,173.08291000492528,43.66635903186872,88.7634733771482,120.19000244140625,
2019-05-23,7533.19677734375,252.74722755959448,169.62607873282116,42.53254539430105,88.72154024751805,120.7699966430664,1.1109507083892822
2019-05-24,7824.44873046875,254.1165502921579,170.39212927048223,42.72629440483175,89.26614939961834,120.88999938964844,1.1178054809570312
2019-05-25,7965.97607421875,,,,,,
2019-05-26,7924.67041015625,,,,,,
2019-05-27,8668.705078125,,,,,,1.118806004524231
2019-05-28,8634.7216796875,252.35092019830472,169.94202591534417,42.55646043574068,87.48987635095726,120.45999908447266,1.1171810626983643
2019-05-29,8482.728515625,249.2700383825875,167.66299636702038,42.09958729527348,86.88661401789953,120.75,1.1125946044921875
2019-05-30,8221.2734375,250.26090479935277,168.31419229164845,42.25985281126963,87.44799996659711,120.80000305175781,1.1118524074554443
2019-05-31,8172.55078125,247.94583066237755,166.4947570525443,41.8579996140433,85.80575319104912,122.31999969482422,1.1126564741134644
2019-06-01,8481.578125,,,,,,
2019-06-02,8561.2353515625,,,,,,
2019-06-03,8204.185546875,246.00894833217964,162.08987284339688,40.728960589625665,85.79737050456143,123.9000015258789,1.1162209510803223
2019-06-04,7564.48876953125,249.1889895558583,164.10082830098202,41.74556939956014,87.01229590538493,124.61000061035156,1.1227755546569824
2019-06-05,7668.66845703125,252.52204817390717,166.9831427125249,43.32908551905767,87.88367124165639,125.23999786376953,1.123987078666687
2019-06-06,7571.47119140625,254.54892553301983,168.2758825031734,43.570682084053516,89.09019333764331,125.80000305175781,1.1223849058151245
2019-06-07,7788.37353515625,257.4045243209625,170.76557234184858,44.43659923654732,90.27159761871366,126.31999969482422,1.1253150701522827
2019-06-08,7837.61083984375,,,,,,
2019-06-09,7583.2197265625,,,,,,
2019-06-10,7586.73095703125,260.2242725495988,174.4809888835103,45.835927468539325,90.03700792222463,125.06999969482422,1.12920343875885
2019-06-11,7772.8037109375,259.6024966505913,175.02681781607276,46.309551123217446,91.21837668566663,124.87999725341797,1.1304799318313599
2019-06-12,7862.35986328125,259.2782960961573,174.27989443200633,46.259313473699386,91.81325609211046,125.55999755859375,1.1308507919311523
2019-06-13,8087.06103515625,259.99897568740136,174.9885150424757,46.30955040496847,92.04788926380382,125.95999908447266,1.127116084098816
2019-06-14,8183.39306640625,259.80978535876454,174.22242640836868,45.52018583958195,92.70977890014866,126.26000213623047,1.1215037107467651
2019-06-15,8618.3955078125,,,,,,
2019-06-16,8814.556640625,,,,,,
2019-06-17,8988.923828125,260.5033997363136,175.08425828434864,45.967500931552536,92.36623019445531,126.16999816894531,1.1205360889434814
2019-06-18,9004.9013671875,262.1339940288938,177.5643822125338,46.69466416124891,91.687581551734,126.38999938964844,1.1182304620742798
2019-06-19,9070.3955078125,262.56639382733385,177.6984567186175,47.19699520042928,91.54515426928826,126.69999694824219,1.1188685894012451
2019-06-20,9232.484375,264.0617949221299,179.22099428330188,47.36921593118183,92.58410345907086,130.19000244140625,1.1235828399658203
2019-06-21,9525.07421875,265.9163628738044,180.18821694874148,47.39792354850374,93.01978491041126,131.07000732421875,1.1283625364303589
2019-06-22,10107.03515625,,,,,,
2019-06-23,10556.095703125,,,,,,
2019-06-24,10610.427734375,265.65384032505415,180.48100482624744,47.402700603352024,93.33818621750072,132.5800018310547,1.1373846530914307
2019-06-25,11007.2021484375,263.0920620646163,177.20838205830714,46.713804620677834,93.26276495523749,133.2100067138672,1.1378376483917236
2019-06-26,11755.59765625,262.82948884423956,178.014592218017,47.206565387311976,91.88028402863783,132.41000366210938,1.1350866556167603
2019-06-27,10491.8525390625,263.31843667271613,178.49443021997803,47.737587709468265,91.57027523278752,132.25999450683594,1.1348419189453125
2019-06-28,10914.4951171875,264.3322381980387,178.57122148938365,47.13480217086817,91.34404340206024,132.61000061035156,1.1361312866210938
2019-06-29,11508.37890625,,,,,,
2019-06-30,10799.0087890625,,,,,,
2019-07-01,10089.314453125,266.43230780847284,180.7881194112302,47.99592035711078,91.83840268524158,130.5500030517578,1.1305694580078125
2019-07-02,9737.884765625,266.74921449483566,181.05681686959733,48.16576333648064,92.40812815593631,131.16000366210938,1.1276754140853882
2019-07-03,10818.15625,268.8673536772652,182.62108426121856,48.483900395720205,93.70684128223591,133.22999572753906,1.127039909362793
2019-07-04,11166.5693359375,,,,,,1.1274338960647583
2019-07-05,10874.96484375,267.95307413888946,181.75740567812076,48.53412503952128,94.03359381791473,130.80999755859375,1.120824933052063
2019-07-06,10982.5439453125,,,,,,
2019-07-07,11148.8046875,,,,,,
2019-07-08,11393.3740234375,268.14323541916946,181.31593542494798,47.46011815799339,94.93013378789581,131.27999877929688,1.1208375692367554
2019-07-09,12233.26171875,267.47332806284766,181.04722231857636,47.55579870766386,94.10901165429443,131.16000366210938,1.1195324659347534
2019-07-10,11710.978515625,269.5552623450755,183.75356844679305,48.21359656204675,95.01389269224256,132.35000610351562,1.1202598810195923
2019-07-11,11158.9228515625,269.9354699046471,184.07988142707129,48.24948960685378,95.04744057601394,132.41000366210938,1.1251758337020874
2019-07-12,11179.14453125,271.12129671836635,184.6940835473218,48.36669023465564,95.57528068204994,132.52999877929688,1.123974323272705
2019-07-13,10908.4794921875,,,,,,
2019-07-14,10234.576171875,,,,,,
2019-07-15,9992.0068359375,271.7368860086016,185.6441530041295,48.797248912027776,96.17853152134994,132.80999755859375,1.1255683898925781
2019-07-16,9448.1064453125,271.05792196743965,184.79961065331852,48.677645042065016,96.73153410738462,132.1300048828125,1.1209003925323486
2019-07-17,9163.134765625,269.51910400390625,184.4349797727357,48.622640421352486,96.96615415631074,132.88999938964844,1.1201093196868896
2019-07-18,9376.798828125,268.5776197577081,183.00502312461083,48.725505475099986,96.80139254304315,133.61000061035156,1.1206239461898804
2019-07-19,10229.62890625,268.8310890053141,183.12015115476754,48.40496832917344,96.98693084716797,133.97000122070312,1.1215037107467651
2019-07-20,10451.2763671875,,,,,,
2019-07-21,10389.599609375,,,,,,
2019-07-22,10154.921875,268.8853763538529,183.72480547665862,48.70396937143094,96.62430514980507,134.32000732421875,1.1208375692367554
2019-07-23,9883.5947265625,269.95366241592706,184.54050830916842,49.5842262186613,96.00025516795684,133.55999755859375,1.1149640083312988
2019-07-24,9614.306640625,270.7411140582117,185.25070576903275,49.5555261792605,94.68474451910079,133.97999572753906,1.1130032539367676
2019-07-25,9773.95703125,270.75919420561445,185.15471282930156,49.45027119228103,93.92577190908804,133.08999633789062,1.110383152961731
2019-07-26,9717.982421875,272.126135424287,186.594259757948,49.54834884778114,95.19070723745182,133.58999633789062,1.1115680932998657
2019-07-27,9411.521484375,,,,,,
2019-07-28,9252.296875,,,,,,
2019-07-29,9472.9482421875,272.3342755180086,185.596216004381,49.85930592191719,96.65803782600139,133.44000244140625,1.1114444732666016
2019-07-30,9437.3359375,271.10321830355207,185.21231846343179,49.58900436269223,100.18298833358942,134.41000366210938,1.1133253574371338
2019-07-31,9598.09765625,267.21984978486825,181.69020512500984,50.54343096661381,98.72409789800076,133.02000427246094,1.1127803325653076
2019-08-01,9922.01953125,266.0973871356964,181.60384925083912,49.45267342174729,98.43738555908203,132.30999755859375,1.1027547121047974
2019-08-02,10371.013671875,263.3273655371344,178.70555009271143,48.23034691506533,97.56035694359439,135.3699951171875,1.1070764064788818
2019-08-03,10503.5048828125,,,,,,
2019-08-04,10620.2783203125,,,,,,
2019-08-05,10960.7353515625,255.01755815476298,171.97807270764764,46.06555644186893,95.14853696486432,137.0500030517578,1.1107407808303833
2019-08-06,11290.7314453125,257.3349189459399,173.77275212158463,46.41479313620579,95.44368087946411,138.00999450683594,1.1170687675476074
2019-08-07,11433.701171875,255.30718443460782,172.64026589357272,46.36218078247986,95.02204837603456,140.8800048828125,1.1180930137634277
2019-08-08,11556.16796875,261.61657783559,177.1316658189752,47.694521128324155,97.2652084338758,140.7100067138672,1.1184431314468384
2019-08-09,11709.7451171875,262.19587938954885,177.57310668347526,47.85172652260763,97.69528451762672,140.9600067138672,1.1184055805206299
2019-08-10,11323.8984375,,,,,,
2019-08-11,11248.294921875,,,,,,
2019-08-12,11320.951171875,259.8152226790869,176.10478214654694,47.81811826695935,97.47603383152232,141.63999938964844,1.1163331270217896
2019-08-13,10830.3271484375,260.1229696286607,176.60383382064643,48.13746950693572,98.10849456328836,139.35000610351562,1.117817997932434
2019-08-14,10028.1357421875,256.86415934036023,175.06826766340166,48.644095544305394,97.53505068282352,142.0500030517578,1.1139951944351196
2019-08-15,9675.31640625,255.62399959125736,173.85907318395402,47.94297083087483,98.1928334201451,142.61000061035156,1.1095577478408813
2019-08-16,9855.478515625,257.72413188114456,176.6806299344576,48.944235250189195,99.17103927802242,141.8000030517578,1.1067456007003784
2019-08-17,10086.6982421875,,,,,,
2019-08-18,10119.0947265625,,,,,,
2019-08-19,10313.2041015625,263.81625900906977,179.94353142470112,50.43052506876509,100.44442962132706,140.85000610351562,1.108819603919983
2019-08-20,10618.9609375,262.46746133677397,179.38696389581403,50.50015898015101,100.1745485623197,141.60000610351562,1.1068925857543945
2019-08-21,9962.7216796875,264.06971191169754,180.38503381090763,50.80749895306689,100.08179325471977,141.4600067138672,1.1088809967041016
2019-08-22,9831.462890625,262.87483148005776,179.02224661806267,50.60340461002002,100.09867032579876,141.1699981689453,1.1064517498016357
2019-08-23,10078.1923828125,256.60171845984394,174.2429507467072,48.262323049739784,98.18436234092583,141.63999938964844,1.105299711227417
2019-08-24,9982.296875,,,,,,
2019-08-25,10008.7890625,,,,,,
2019-08-26,10126.2998046875,258.5116653687146,175.70168532951848,49.23717515529538,98.85059550387739,143.91000366210938,1.110839605331421
2019-08-27,10087.30078125,258.9190344141973,176.30628371228585,48.86979745227065,101.00942980321777,144.27000427246094,1.1088809967041016
2019-08-28,9716.65625,258.2128739087133,175.538554653355,48.819385567248915,100.88292786085792,144.63999938964844,1.107444167137146
2019-08-29,9421.6298828125,263.0648978183525,179.15660188206476,49.621356699521705,101.46480955143771,143.27999877929688,1.1056197881698608
2019-08-30,9428.302734375,263.7981580595969,178.89748585422632,49.751000310003654,100.78173008169297,143.02000427246094,1.0987199544906616
2019-08-31,9531.7998046875,,,,,,
2019-09-01,9582.9443359375,,,,,,
2019-09-02,9730.650390625,,,,,,1.0958784818649292
2019-09-03,10308.5478515625,261.85197828776654,177.57314303338225,49.03548289552534,100.88292316748023,144.74000549316406,1.0930395126342773
2019-09-04,10434.7099609375,264.60379605038094,179.3677654218604,49.77983330506893,102.42614174077458,145.5,1.0972732305526733
2019-09-05,10516.41796875,266.133589357725,182.66913256653785,50.785894078911504,103.03331238217878,142.0,1.1018311977386475
2019-09-06,10292.2998046875,269.22941960508075,183.46567203866877,51.025994300943886,103.33690096781743,141.86000061035156,1.1021226644515991
2019-09-07,10348.9189453125,,,,,,
2019-09-08,10409.0908203125,,,,,,
2019-09-09,10144.9296875,268.9940532430665,182.553923670683,50.68023385509005,102.69601162800532,141.17999267578125,1.1016126871109009
2019-09-10,10020.5732421875,267.91689118337393,181.29674082859322,50.83391821884729,100.8407817127268,140.16000366210938,1.1031805276870728
2019-09-11,9980.7763671875,269.52809741475204,182.88023333522756,52.27938461882768,100.65524718473159,140.27999877929688,1.0986233949661255
2019-09-12,10099.2421875,271.936071136972,185.19311049394636,53.511143592714376,102.56107358087989,141.11000061035156,1.0929558277130127
2019-09-13,10226.5966796875,272.180402229938,184.54054700918866,52.108897118568684,102.4598917640588,140.05999755859375,1.1057665348052979
2019-09-14,10291.6943359375,,,,,,
2019-09-15,10313.0927734375,,,,,,
2019-09-16,10189.744140625,271.0670514305876,183.40807258020686,52.2385523233491,100.36851022784775,141.02000427246094,1.099493145942688
2019-09-17,10199.7392578125,271.33858983685184,183.58082515434756,52.61313203639829,100.72271752371734,141.22000122070312,1.0992876291275024
2019-09-18,10191.4697265625,269.97167516979073,182.44836774635488,52.68997737232846,101.84429790852641,139.80999755859375,1.1037527322769165
2019-09-19,9851.6923828125,272.20758537589813,184.7132297276622,52.91326716138404,102.240627759391,141.08999633789062,1.102353572845459
2019-09-20,10132.1865234375,270.4636815896256,182.49635843459026,52.216949430695024,102.67069722019535,141.4600067138672,1.0998800992965698
2019-09-21,10000.7080078125,,,,,,
2019-09-22,9922.533203125,,,,,,
2019-09-23,9727.1435546875,270.33629663291384,182.4413019820334,52.2601730542611,102.85621783733187,143.07000732421875,1.0968279838562012
2019-09-24,8370.8017578125,268.09915238087564,179.96986039280742,52.14972006049818,104.02839687782647,142.8800048828125,1.0985147953033447
2019-09-25,8325.396484375,267.66270975241423,179.06589521691896,52.1377224527618,103.68264620634389,141.44000244140625,1.094834566116333
2019-09-26,7895.62939453125,268.68126652638114,180.7680068006269,52.543502278670516,104.17177027225935,141.55999755859375,1.092514157295227
2019-09-27,7965.9228515625,267.0805604542852,178.62360125046524,52.17133407059121,104.33197855291901,140.16000366210938,1.0905839204788208
2019-09-28,8125.431640625,,,,,,
2019-09-29,7990.4970703125,,,,,,
2019-09-30,7830.7587890625,269.10862696682705,180.21028457213833,53.01411677472275,104.6777346334906,138.02999877929688,1.088767170906067
2019-10-01,8232.6796875,266.45323194525736,179.78716181702353,53.832893402806675,103.89347927458792,137.8000030517578,1.0881510972976685
2019-10-02,8227.6953125,260.6694876361952,175.9983178701984,52.32739692001443,101.3720319889718,140.4600067138672,1.090524435043335
2019-10-03,8146.43701171875,259.01439762627496,174.84438889294697,51.655087971892826,101.90330622030743,141.2899932861328,1.0941877365112305
2019-10-04,8151.23681640625,264.7071332315853,179.7102452381992,53.75846874977578,102.87309051088701,141.13999938964844,1.0959144830703735
2019-10-05,8071.12060546875,,,,,,
2019-10-06,7958.8505859375,,,,,,
2019-10-07,7905.76611328125,266.24399873388415,180.70072529052095,54.2266793952243,103.45496627785131,140.24000549316406,1.0963709354400635
2019-10-08,8185.76318359375,262.35179996128653,178.16198936326475,53.86411835463812,101.93705039062598,141.1699981689453,1.094666838645935
2019-10-09,8169.298828125,263.7795817068035,179.27747308298726,54.17865880193493,102.4008494424648,141.6199951171875,1.095554232597351
2019-10-10,8471.93359375,264.63443855313955,179.9410148711598,54.57724597451074,101.8695811486495,140.5800018310547,1.0980443954467773
2019-10-11,8316.181640625,269.30873405810314,183.40290203805037,55.78020129962542,101.88644993251016,138.91000366210938,1.1003884077072144
2019-10-12,8313.3408203125,,,,,,
2019-10-13,8276.6123046875,,,,,,
2019-10-14,8284.130859375,268.79035015685406,183.3355760639367,56.34685817252537,100.84077364771665,140.33999633789062,1.1015156507492065
2019-10-15,8182.70654296875,270.06349481421915,184.2107249718226,56.39729167013194,98.41207938023992,139.2100067138672,1.0992755889892578
2019-10-16,7985.08984375,270.9274295413768,185.04729831018471,55.99390415010381,98.25184544178303,139.6999969482422,1.102353572845459
2019-10-17,8000.94287109375,271.4730039064605,185.41271392243328,56.07073396138555,98.91342629179339,140.4199981689453,1.1065863370895386
2019-10-18,7902.1640625,270.1180349628478,183.39328061156297,56.25561435236558,98.59092978679968,140.32000732421875,1.1115063428878784
2019-10-19,7944.77685546875,,,,,,
2019-10-20,7949.439453125,,,,,,
2019-10-21,8196.416015625,271.8549593436127,184.76843125470745,56.983163716549996,99.59236160945397,139.60000610351562,1.1140000820159912
2019-10-22,8074.462890625,271.8277254489955,184.43185259943365,57.53540200940533,103.19924013664128,139.72000122070312,1.1124708652496338
2019-10-23,7469.32275390625,271.45483682438083,183.81639639605052,57.91958597693626,103.40293570008598,140.5,1.1108025312423706
2019-10-24,7446.98876953125,272.32793271893104,185.34540294412292,58.06125044639696,104.67593771670657,140.92999267578125,1.109385371208191
2019-10-25,7479.984375,272.527963668524,185.64354073141527,58.31817475144487,104.53168305347751,141.39999389648438,1.1080454587936401
2019-10-26,8662.6220703125,,,,,,
2019-10-27,9112.5419921875,,,,,,
2019-10-28,9256.1484375,275.4652046517507,189.0092107643633,59.24020052419486,104.04792845330009,140.39999389648438,1.107714056968689
2019-10-29,9232.6484375,275.4198952739742,188.48995097037638,58.243730343934665,104.47226741723688,139.77999877929688,1.1075055599212646
2019-10-30,9085.3701171875,274.62869824917215,187.79756763799566,57.91720279547396,104.81173037400276,139.5500030517578,1.1103339195251465
2019-10-31,9028.7177734375,274.3921560881661,188.4226430318307,56.96875995728241,104.69292610060572,141.88999938964844,1.113374948501587
2019-11-01,9132.0478515625,277.1295020424609,190.04778674561297,59.826079758935535,104.59956498224396,142.00999450683594,1.1130775213241577
2019-11-02,9249.587890625,,,,,,
2019-11-03,9141.251953125,,,,,,
2019-11-04,9191.4853515625,279.1484147592851,191.240213881138,61.31956374708165,100.68715408947486,141.74000549316406,1.1141999959945679
2019-11-05,9256.931640625,278.92105304685475,191.8941416461402,61.5452719696819,100.34766827199327,139.3800048828125,1.1064640283584595
2019-11-06,9305.9091796875,278.3299764135138,191.1632524884135,61.317167751471324,100.7041508455469,140.0,1.1067456007003784
2019-11-07,9202.353515625,279.78496676724404,192.18260624710794,62.16112308276353,100.83142631304032,137.60000610351562,1.1038014888763428
2019-11-08,8775.5341796875,279.2120541836701,191.88450969040753,61.85768150693457,101.12848101884641,137.38999938964844,1.1017802953720093
2019-11-09,8793.1630859375,,,,,,
2019-11-10,8806.162109375,,,,,,
2019-11-11,8700.6083984375,279.4302812062415,192.26917462907554,62.202069046791834,101.06907869350296,136.44000244140625,1.101722002029419
2019-11-12,8685.427734375,280.230516970667,193.11542178528268,62.83786940371136,100.6107819102125,136.19000244140625,1.1003884077072144
2019-11-13,8761.6513671875,279.7849491544516,193.00962203455578,62.87398310487646,101.73102238510974,137.63999938964844,1.1001100540161133
2019-11-14,8692.5517578125,280.17598142677315,192.53841136146602,63.12204679068359,101.93473259391672,137.8699951171875,1.0990822315216064
2019-11-15,8484.84375,282.1494261750997,194.25016848512286,63.34122157477898,101.81591346732088,137.97000122070312,1.1015278100967407
2019-11-16,8473.9736328125,,,,,,
2019-11-17,8500.9677734375,,,,,,
2019-11-18,8273.5732421875,282.8495843009252,194.02898605648284,63.635031105699284,101.98562359569853,138.3000030517578,1.1053999662399292
2019-11-19,8099.96337890625,283.02236607228707,194.81752272677852,63.91437156791138,102.80037610385014,138.1300048828125,1.1064271926879883
2019-11-20,8010.51171875,281.05812918125986,192.92307927534063,62.71263267859767,102.63062564599478,138.10000610351562,1.1053632497787476
2019-11-21,7597.3818359375,281.3582320740642,193.35583497173752,62.900492919948576,102.0789870935046,137.77000427246094,1.106378197669983
2019-11-22,6936.70654296875,281.7765328353182,193.038476786175,62.81857749994897,101.32365956112065,137.66000366210938,1.102864146232605
2019-11-23,7151.41796875,,,,,,
2019-11-24,7029.2890625,,,,,,
2019-11-25,6617.1669921875,283.71358367271534,194.8944127005401,63.2231863603436,101.85833590691793,136.99000549316406,1.100618600845337
2019-11-26,7098.572265625,284.6955947386467,196.22146643010456,63.21838765861975,102.1893234840448,136.5800018310547,1.1008002758026123
2019-11-27,6974.17431640625,285.88694836384724,197.0292430469231,63.89515077222481,102.65609980670203,136.8300018310547,1.09933602809906
2019-11-28,7454.12158203125,,,,,,1.100158452987671
2019-11-29,7460.75634765625,285.6051093338683,197.13500136964552,64.03722580170505,103.29260174229994,137.0800018310547,1.0982855558395386
2019-11-30,7515.849609375,,,,,,
2019-12-01,7291.341796875,,,,,,
2019-12-02,7233.3994140625,282.9769404159021,194.03855129621988,63.44717925305146,102.65609744425403,137.3000030517578,1.1003763675689697
2019-12-03,7229.35693359375,279.30296850429954,191.5864295380344,61.72280746934591,103.36898850161079,138.97000122070312,1.1066476106643677
2019-12-04,7170.9228515625,282.2039031007338,194.38479822136722,62.780080924112625,104.12429542510029,138.58999633789062,1.1067945957183838
2019-12-05,7232.6767578125,282.4403447864453,194.09625560832998,63.27375624409509,104.9475227191133,138.7899932861328,1.1079963445663452
2019-12-06,7392.17529296875,285.6505245759209,196.31759963587334,64.37439487879905,105.14273283863679,137.39999389648438,1.1042280197143555
2019-12-07,7525.71142578125,,,,,,
2019-12-08,7476.09130859375,,,,,,
2019-12-09,7365.9853515625,285.3686389813186,196.15417966777412,63.79878528754208,105.38884395331408,137.4499969482422,1.1053999662399292
2019-12-10,7246.0439453125,284.4683108165804,195.63485072895338,64.02756074204926,105.33791344357282,137.74000549316406,1.106353759765625
2019-12-11,7195.52734375,285.04127644599606,196.21187552980462,64.66338940620615,105.29545744162483,138.1199951171875,1.1071745157241821
2019-12-12,7164.7412109375,285.7051662626912,196.64462152544894,64.3791805323222,105.13422063660694,137.8800048828125,1.1111851930618286
2019-12-13,7227.12255859375,287.3875612322972,198.0582216633157,65.2485967405498,105.05785557940203,137.97999572753906,1.111889362335205
2019-12-14,7097.208984375,,,,,,
2019-12-15,6924.3759765625,,,,,,
2019-12-16,6903.6826171875,288.5060732129594,200.4815420376059,66.70563351279964,106.38178358902373,138.8000030517578,1.1123470067977905
2019-12-17,6587.97412109375,290.5340023722772,201.02008097186004,67.14394921761478,105.49918405104505,138.85000610351562,1.113089919090271
2019-12-18,6540.04931640625,290.5794716316232,201.29892205531465,67.22101616979477,104.97297593189425,138.80999755859375,1.1111358404159546
2019-12-19,7041.3818359375,290.57037621858717,201.57777086022384,67.18008240112675,105.15119706150855,138.8699951171875,1.110987663269043
2019-12-20,7086.1240234375,291.8802483824502,203.1644792753368,67.08613954782287,106.11022397394527,138.97999572753906,1.1074320077896118
2019-12-21,7112.73583984375,,,,,,
2019-12-22,7167.17919921875,,,,,,
2019-12-23,7326.1923828125,293.40645111651435,203.95191905516117,67.52204210459728,105.82165633603255,139.52999877929688,1.1071499586105347
2019-12-24,7269.52880859375,293.2600841233324,203.76877270049224,68.13618642046343,105.728330849413,140.42999267578125,1.1070642471313477
2019-12-25,7220.9912109375,,,,,,1.1077877283096313
2019-12-26,7200.38671875,293.9363729857451,204.53010879644827,68.56487035875298,105.97444830239786,141.91000366210938,1.1082788705825806
2019-12-27,7189.93408203125,294.52123861313635,205.3107346356919,69.38850252439819,106.41573936085258,142.1699981689453,1.1099998950958252
2019-12-28,7286.9052734375,,,,,,
2019-12-29,7279.865234375,,,,,,
2019-12-30,7276.30810546875,292.9402423613774,203.49897130861754,68.69008295692782,105.35489105352232,142.4600067138672,1.1181554794311523
2019-12-31,7169.77783203125,292.5746844676578,203.5374993959376,69.72567670828415,105.19362998707821,142.8000030517578,1.1200717687606812
2020-01-01,7174.9443359375,,,,,,1.115946888923645
2020-01-02,6935.27001953125,294.74967601076855,206.21663510748888,71.09116882440814,104.33647948028097,143.39999389648438,1.1166820526123047
2020-01-03,6914.99609375,293.442880886225,205.54203662503116,71.40666619485818,103.4199108324627,145.39999389648438,1.112569808959961
2020-01-04,7309.51416015625,,,,,,
2020-01-05,7400.53564453125,,,,,,
2020-01-06,7409.29296875,292.7665868662051,204.53974854187416,70.50355369984423,103.8612339330179,146.9499969482422,1.1158099174499512
2020-01-07,7768.2275390625,294.4846200944738,207.05508142770114,71.64267376172208,103.4283904448184,147.42999267578125,1.1134865283966064
2020-01-08,7956.7744140625,294.8776200458571,207.35382987712364,71.56561372170107,103.53871477056609,146.13999938964844,1.111086368560791
2020-01-09,7842.40380859375,297.4821567426061,209.81133184996403,73.74274246581768,103.97155437722168,145.44000244140625,1.1095085144042969
2020-01-10,7726.77490234375,297.1897692196359,210.1293380702935,74.23644614635045,104.64201192395208,146.1699981689453,1.1086229085922241
2020-01-11,8029.64208984375,,,,,,
2020-01-12,8009.05908203125,,,,,,
2020-01-13,8079.70068359375,297.8477611357546,211.03526377667973,74.93486566437117,105.07483248630636,145.77999877929688,1.1114075183868408
2020-01-14,8140.93310546875,298.68858929580705,211.76766065906043,75.18049494182533,105.64343368157215,145.0800018310547,1.11055588722229
2020-01-15,8657.1875,299.07238137860776,211.4882040358401,74.54953765831824,106.09324876907309,145.82000732421875,1.112025499343872
2020-01-16,8612.095703125,301.0737276112458,212.78918444031157,75.1612416745226,106.58547530688902,145.75999450683594,1.112978458404541
2020-01-17,8677.31640625,302.3531383755547,214.06133896395687,75.86207762818306,106.83159015496693,146.30999755859375,1.1087580919265747
2020-01-18,8827.33203125,,,,,,
2020-01-19,8620.080078125,,,,,,
2020-01-20,8560.4736328125,,,,,,1.1077508926391602
2020-01-21,8544.5205078125,302.32567416247394,214.58169808311172,76.1028821310267,105.94896384694853,145.5500030517578,1.1086474657058716
2020-01-22,8636.7470703125,302.6454699321498,215.4779625471271,76.4183782339569,106.78914852289958,146.3800048828125,1.1071622371673584
2020-01-23,8333.6376953125,301.0371309067921,214.62026742875648,76.01860061750638,105.56248494012756,146.6199951171875,1.1037039756774902
2020-01-24,8266.8408203125,299.1637441044687,213.62760976756906,76.46896614550444,106.51866251377405,146.88999938964844,1.1021226644515991
2020-01-25,8296.21875,,,,,,
2020-01-26,8325.498046875,,,,,,
2020-01-27,8597.30859375,294.8685544324489,209.30049930941394,73.42484155700832,106.50158577469098,148.4600067138672,1.1010063886642456
2020-01-28,8908.447265625,295.7276201151106,211.1123456368647,75.18531972883665,107.32968633067065,147.52999877929688,1.099855899810791
2020-01-29,9269.4677734375,298.28640527016483,212.81808688185106,77.39855929233421,106.74064767297963,147.61000061035156,1.0993238687515259
2020-01-30,9230.8974609375,295.6727787860852,211.71946892175637,76.76517927864235,106.2198635452163,148.00999450683594,1.1008244752883911
2020-01-31,9230.7763671875,293.10474817632047,210.3702794361041,74.24610924837872,106.25401138783697,148.80999755859375,1.1017948389053345
2020-02-01,9313.2392578125,,,,,,
2020-02-02,9217.82421875,,,,,,
2020-02-03,9248.6337890625,295.3803139687608,212.00860124926652,72.78421654858387,106.27962060081039,147.67999267578125,1.104349970817566
2020-02-04,9112.8115234375,299.4927058581297,216.49948350492704,75.53211792000401,107.02236187142974,145.8000030517578,1.1033873558044434
2020-02-05,9163.7041015625,302.18862743263116,218.61968147602198,76.81334075627086,107.05650429523004,146.16000366210938,1.0998317003250122
2020-02-06,9539.818359375,304.1350856388759,219.7086904172244,77.12884718583062,108.08097487338068,147.0,1.0965512990951538
2020-02-07,9726.0029296875,303.038496381652,220.24837175276227,76.76630651671353,107.61145150468292,147.33999633789062,1.0946906805038452
2020-02-08,9678.91015625,,,,,,
2020-02-09,9850.392578125,,,,,,
2020-02-10,9784.5634765625,302.66382135820703,220.0941764626458,75.7644959675757,107.36384532131821,147.91000366210938,1.090959906578064
2020-02-11,9729.3349609375,305.8531809561454,223.0045837902619,76.93772941121844,105.88689125903069,147.00999450683594,1.089348316192627
2020-02-12,10202.3876953125,307.4524603916157,224.35386969606031,77.60398368209574,104.87951575015155,147.16000366210938,1.0887079238891602
2020-02-13,10116.1611328125,306.6574576626084,223.9297654566409,78.05782821966719,105.451495862624,147.9499969482422,1.0835527181625366
2020-02-14,10125.5341796875,307.2422889745831,225.07662478403583,77.93712009409066,106.53573445186306,148.6300048828125,1.0831302404403687
2020-02-15,9874.427734375,,,,,,
2020-02-16,9722.38671875,,,,,,
2020-02-17,9507.6376953125,,,,,,1.0830246210098267
2020-02-18,9632.3828125,306.3374966602275,224.78750583832496,75.94795598487916,106.56989246415202,149.47000122070312,1.078690528869629
2020-02-19,9611.2236328125,308.4121156420215,227.29320930772505,77.24912158938099,106.41622038002778,150.82000732421875,1.0783600807189941
2020-02-20,9507.900390625,304.9393389090685,223.4672136002903,76.81699322453267,106.82599053425893,151.9499969482422,1.0779578685760498
2020-02-21,9589.7431640625,303.93402773606726,221.00014940317152,74.9558044913532,107.55167821954102,154.17999267578125,1.078771948814392
2020-02-22,9600.728515625,,,,,,
2020-02-23,9657.791015625,,,,,,
2020-02-24,9537.04296875,293.5708154883239,212.26879589077487,69.82114748147725,105.12709641579991,155.36000061035156,1.0808473825454712
2020-02-25,9305.021484375,284.84339802698764,206.9490802415388,69.07278565467855,103.19768764819028,152.91000366210938,1.083177089691162
2020-02-26,8704.4267578125,283.93868633219154,207.10323751993317,69.16210602316792,102.3183653783595,152.89999389648438,1.085564136505127
2020-02-27,8577.19921875,271.8847961425781,198.04432487538048,65.8934935311334,96.83748715814194,153.89999389648438,1.088565707206726
2020-02-28,8492.9326171875,260.9457401669116,190.98026678042194,61.88861568726967,91.06631714185262,147.0500030517578,1.095158338546753
2020-02-29,8599.5087890625,,,,,,
2020-03-01,8471.212890625,,,,,,
2020-03-02,8532.630859375,269.0974871963839,198.46835628115772,67.04256816593558,96.08621158107873,149.0399932861328,1.1037284135818481
2020-03-03,8704.990234375,271.93959720140725,200.08736461072698,68.99312746023453,100.00478633945626,150.74000549316406,1.1097301244735718
2020-03-04,8712.431640625,277.20344073550206,203.70135764855297,70.76260504877715,102.10495404116239,153.6999969482422,1.109693169593811
2020-03-05,8757.25390625,274.1694576163429,202.4774131167275,70.34739243241086,102.6854612481837,155.72000122070312,1.1121737957000732
2020-03-06,9032.0791015625,265.2317160225728,195.5482939954954,67.88991319528947,100.35480380274684,154.5399932861328,1.1213905811309814
2020-03-07,8890.744140625,,,,,,
2020-03-08,8105.2529296875,,,,,,
2020-03-09,7690.09814453125,249.89716955889722,185.1400675961795,63.48912685930832,98.28026355067482,156.3300018310547,1.1356796026229858
2020-03-10,7814.76318359375,249.94286810623316,186.65312823578174,65.0268727397902,97.69973905086097,154.38999938964844,1.1334141492843628
2020-03-11,7642.8125,247.54845736466214,185.73757177669407,65.62795665733853,94.48975010061758,153.61000061035156,1.1259005069732666
2020-03-12,4860.35400390625,226.34676044641748,170.52045502046735,59.86806983845157,86.22574161103691,146.85000610351562,1.1080824136734009
2020-03-13,4106.98095703125,227.1143558727971,171.66731318500624,61.06302571813862,89.9906375285984,141.5800018310547,1.1065373420715332
2020-03-14,5125.0693359375,,,,,,
2020-03-15,5169.283203125,,,,,,
2020-03-16,4575.35791015625,216.91564173418007,163.02274896298735,57.93683361708763,86.22573789253762,136.1199951171875,1.1088687181472778
2020-03-17,4981.9091796875,216.65063616065999,163.62023044654165,57.550590391518064,94.56658701343936,139.92999267578125,1.0957943201065063
2020-03-18,5069.3359375,208.3801304723049,160.74834490863293,57.24159305699179,95.69349140334954,138.5,1.0831888914108276
2020-03-19,5236.96875,212.21836929617308,165.40311516671628,58.56690646649194,93.72992818842916,137.85000610351562,1.0697933435440063
2020-03-20,5865.78173828125,210.0466887261092,163.92864375131538,55.03999095282429,86.72942777125321,139.13999938964844,1.0654505491256714
2020-03-21,5932.8232421875,,,,,,
2020-03-22,5823.7138671875,,,,,,
2020-03-23,5785.00439453125,200.6335956530935,159.284918397321,51.32479637531141,80.5399547096591,142.27999877929688,1.0660412311553955
2020-03-24,6411.06640625,214.91863611227424,171.85931537797967,56.56084169108887,82.01690537381799,152.0500030517578,1.0753382444381714
2020-03-25,6536.92626953125,220.38814988584195,173.81980925619098,58.974877532799404,84.1767946932703,151.00999450683594,1.0770175457000732
2020-03-26,6590.962890625,228.9371176727837,177.32558119634263,59.47217711965345,87.53192125981542,152.0800018310547,1.0876539945602417
2020-03-27,6466.70166015625,230.77554977075565,178.33965425296202,59.63874788584496,90.91267599475252,152.0,1.0955182313919067
2020-03-28,6117.837890625,,,,,,
2020-03-29,5920.0859375,,,,,,
2020-03-30,5903.234375,233.0552504528324,179.96213784572416,60.206033868463194,94.07998086208599,151.57000732421875,1.1012245416641235
2020-03-31,6374.162109375,235.52807082936067,182.72423886155386,60.83366995398601,93.0128241720239,147.97000122070312,1.0929678678512573
2020-04-01,6202.37353515625,224.20297754937033,174.66967022089645,57.726811528152915,91.34806479395611,147.85000610351562,1.0918699502944946
2020-04-02,6595.91845703125,224.83727084545978,174.77589858581356,57.1884834576866,91.77491792565569,150.6999969482422,1.0844340324401855
2020-04-03,6673.3359375,225.41638201331432,175.08497102009434,57.68820030765842,96.47891618438742,151.66000366210938,1.0776199102401733
2020-04-04,6696.48486328125,,,,,,
2020-04-05,6715.92919921875,,,,,,
2020-04-06,6782.8896484375,228.12819082195605,182.714572873169,60.20121192500367,97.81924716042376,153.9600067138672,1.0769248008728027
2020-04-07,7136.71435546875,243.49791211907876,189.2915225925647,62.52350996388426,96.04350815090925,154.3800048828125,1.0791398286819458
2020-04-08,7153.3056640625,243.82878088383262,189.4556386640518,63.06183266990903,95.49713225446587,154.58999633789062,1.083177089691162
2020-04-09,7179.09423828125,253.223432045882,192.21778695074894,63.899505790640596,97.4948409727735,157.2100067138672,1.0841801166534424
2020-04-10,6802.47509765625,,,,,,1.0921083688735962
2020-04-11,6789.9208984375,,,,,,
2020-04-12,6811.078125,,,,,,
2020-04-13,6668.259765625,249.4912655448582,191.94737966765405,64.17227648943236,96.60697240972975,158.6300048828125,1.089360237121582
2020-04-14,6793.8212890625,253.260262690421,199.35485062951767,67.12222229104349,99.24496998291144,161.77999877929688,1.0915720462799072
2020-04-15,6633.40283203125,253.21418896902438,200.03092254484568,67.74504630891909,102.09639275947549,160.80999755859375,1.0857645273208618
2020-04-16,6555.50439453125,253.48997925212333,202.51296100734896,68.16024930910858,102.36103139149834,160.64999389648438,1.0829660892486572
2020-04-17,7050.33203125,259.5937309187142,204.82114154163116,66.83497575491855,102.90743813233878,158.1199951171875,1.0812681913375854
2020-04-18,7089.2470703125,,,,,,
2020-04-19,7167.0546875,,,,,,
2020-04-20,6835.5029296875,258.62863415329286,205.29434699105803,66.83255101061553,102.90741993137195,158.4600067138672,1.084304690361023
2020-04-21,6834.4423828125,250.05202565489662,196.66034395322228,64.07574203406564,101.10609033991857,157.0399932861328,1.0817945003509521
2020-04-22,6867.78173828125,254.54710109226127,201.1994298563581,65.71002486509416,101.40487999649648,160.4199981689453,1.0824267864227295
2020-04-23,7081.5947265625,256.23853280732754,202.90892176897705,66.35458591659604,101.45378367137043,161.83999633789062,1.0758357048034668
2020-04-24,7434.181640625,256.0086966523413,202.3294381106388,66.86877252729914,101.94365109305082,160.88999938964844,1.0727657079696655
2020-04-25,7521.67236328125,,,,,,
2020-04-26,7561.40771484375,,,,,,
2020-04-27,7679.4189453125,261.6344752923047,207.1582747219143,67.58092613126625,100.46545206015908,160.41000366210938,1.081221342086792
2020-04-28,7730.806640625,262.35151131258954,203.98093388441305,67.15844834573424,99.83808451157533,159.16000366210938,1.0811277627944946
2020-04-29,7786.04931640625,266.9569272587203,207.7763733578916,68.53202656102843,98.90130547545449,159.75999450683594,1.0831655263900757
2020-04-30,8533.255859375,265.28379996126034,209.9107095156908,69.60869475205328,99.3997916641061,158.1300048828125,1.0835645198822021
2020-05-01,8667.763671875,258.78487679464763,204.43479498575198,69.00521194830733,99.96697599811105,157.8000030517578,1.0935415029525757
2020-05-02,8811.3662109375,,,,,,
2020-05-03,8830.9716796875,,,,,,
2020-05-04,8645.0244140625,256.5879372139992,203.89400794877986,69.11865261133845,98.83257047074295,159.91000366210938,1.0901321172714233
2020-05-05,8856.8271484375,260.7980294956221,209.42787031053436,71.0836788601292,99.01304325736606,159.3300018310547,1.0826963186264038
2020-05-06,8966.7060546875,260.8623279708527,210.6447199427057,72.14825527383692,97.01920806033908,158.10000610351562,1.0784229040145874
2020-05-07,9138.322265625,263.9418465513149,212.8756314527694,72.8966015934725,96.09965811877791,159.36000061035156,1.0767507553100586
2020-05-08,9767.1728515625,266.45130891700745,214.8651520564971,73.65551811313698,97.44891286738245,160.0,1.0816305875778198
2020-05-09,9580.64453125,,,,,,
2020-05-10,8395.107421875,,,,,,
2020-05-11,8374.3232421875,266.4697047839562,215.60878078526505,74.36958632362644,98.76380536926811,158.88999938964844,1.0804269313812256
2020-05-12,8569.6435546875,263.3810732615767,214.4884687920121,75.25793117438776,98.09348377688602,159.72000122070312,1.078539252281189
2020-05-13,8805.3876953125,256.43161777077114,209.29268376436497,73.39409274246334,97.74111954789525,160.5399932861328,1.0831419229507446
2020-05-14,9255.03515625,250.943656625686,208.597301106984,72.98743664654351,95.60977095794253,161.50999450683594,1.0776559114456177
2020-05-15,9261.3984375,258.61934608730513,210.85723722126016,72.66791038979864,96.29730154347686,163.0800018310547,1.079086184501648
2020-05-16,9260.6943359375,,,,,,
2020-05-17,9349.5458984375,,,,,,
2020-05-18,9570.359375,269.0619039731258,217.75286020429195,75.11512542110488,98.58333893749962,162.41000366210938,1.0800886154174805
2020-05-19,9539.6240234375,268.3725249301823,218.95038531784525,75.76626852775506,96.54652257011625,163.0399932861328,1.090274691581726
2020-05-20,9447.201171875,271.7002234133943,221.62556973619712,76.6158784313997,96.36607338823083,163.88999938964844,1.0929200649261475
2020-05-21,8869.9306640625,269.97198802595636,220.52460997923944,76.45852129538247,95.76445894949829,161.3699951171875,1.093948245048523
2020-05-22,9008.638671875,269.53994110545716,219.71336518681352,76.33266100253039,96.04806945050082,162.74000549316406,1.0886130332946777
2020-05-23,9118.1083984375,,,,,,
2020-05-24,8787.2509765625,,,,,,
2020-05-25,8719.66796875,,,,,,1.0872046947479248
2020-05-26,8757.2939453125,271.5989872078345,220.9591945713325,76.61103413521022,95.97931974451673,160.69000244140625,1.0898351669311523
2020-05-27,8834.1572265625,272.8952128963509,216.27520261678444,75.78562421645006,96.09961542631936,159.1999969482422,1.0936611890792847
2020-05-28,9148.45703125,277.8315071665672,221.21030458354977,76.4004417495467,98.74662156050819,160.89999389648438,1.0993118286132812
2020-05-29,9379.3388671875,275.2852041805372,220.93015099870487,76.60376308600569,98.50598106790973,162.32000732421875,1.1070396900177002
2020-05-30,9366.7294921875,,,,,,
2020-05-31,9432.296875,,,,,,
2020-06-01,9450.8994140625,278.5852438310212,224.0593380843368,76.78289602270274,99.05601178034138,162.38999938964844,1.1101489067077637
2020-06-02,9460.5712890625,280.4605383804992,224.06898575496044,77.1992361328535,100.39668565430208,161.86000061035156,1.1115680932998657
2020-06-03,9471.8466796875,284.909658409725,227.29465873959504,78.01496072344597,101.36784098196154,158.82000732421875,1.118105411529541
2020-06-04,9525.2470703125,284.1191573072027,225.68179643834645,77.6470360985682,99.3224334047296,159.83999633789062,1.1195951700210571
2020-06-05,9663.216796875,291.5465673368315,227.56506378818975,78.2400813612976,99.73495776706703,157.0399932861328,1.1285662651062012
2020-06-06,9591.0244140625,,,,,,
2020-06-07,9458.150390625,,,,,,
2020-06-08,9675.8857421875,293.8171175615824,229.76707260737527,79.23010522661079,100.4138918889293,158.47000122070312,1.126950979232788
2020-06-09,9664.7197265625,293.5689472426089,232.2394254453133,80.36533708864444,101.53974165470349,160.8699951171875,1.1243661642074585
2020-06-10,9728.291015625,292.5209994219378,236.141169868871,83.77349462695621,101.50535738765598,160.52000427246094,1.1334141492843628
2020-06-11,9263.0693359375,275.7815770563141,225.95224885117236,81.20528599627451,99.69198639938719,161.97000122070312,1.1326054334640503
2020-06-12,9285.8515625,274.4854646628665,223.80817432683114,80.90029328946143,99.05602801419091,162.55999755859375,1.1234692335128784
2020-06-13,9396.009765625,,,,,,
2020-06-14,9347.59375,,,,,,
2020-06-15,8990.17578125,272.7757049594633,223.5474817115833,80.5032957450343,97.76689852073795,160.16000366210938,1.1228764057159424
2020-06-16,9400.4453125,282.8229940315134,230.91634539634447,83.4418908130573,100.49122831839763,161.36000061035156,1.1231664419174194
2020-06-17,9327.33984375,285.75537372521586,234.42207882065676,84.98379175074255,100.92953614097857,161.77000427246094,1.1210259199142456
2020-06-18,9328.3955078125,284.5144366960276,234.1902793149737,84.53114459703605,100.86939502085508,161.44000244140625,1.1204607486724854
2020-06-19,9274.2958984375,283.01501607269654,234.1516445508102,83.54596609025744,102.12411009311101,162.77999877929688,1.1173933744430542
2020-06-20,9247.3798828125,,,,,,
2020-06-21,9300.4306640625,,,,,,
2020-06-22,9296.8720703125,283.2181755111513,235.458557513676,84.99830144840965,100.84360584467571,164.41000366210938,1.1175556182861328
2020-06-23,9547.2470703125,287.70523248385706,239.75405393578563,87.6899729783668,101.11001730697313,165.52000427246094,1.1234314441680908
2020-06-24,9278.2333984375,278.92490610868884,234.27832333684876,86.78225950639512,99.93261535619357,165.4499969482422,1.1259866952896118
2020-06-25,9095.32421875,278.1677990684482,233.2914667923714,86.55230611311778,99.7177590981224,165.16000366210938,1.119144082069397
2020-06-26,9101.73828125,276.45045766240185,231.8789804094809,85.45095132716905,98.86695983657418,164.22000122070312,1.1197832822799683
2020-06-27,8998.216796875,,,,,,
2020-06-28,8975.525390625,,,,,,
2020-06-29,9041.8759765625,275.99804720322345,229.62482271958893,85.02978213117639,99.99276275672077,166.17999267578125,1.1220574378967285
2020-06-30,9084.837890625,280.5129498778858,234.68462883150275,87.14052040168764,101.23894938981392,166.19000244140625,1.1192318201065063
2020-07-01,9104.7353515625,285.3601954313995,239.03812690863285,88.08695375546539,102.1842889177796,165.33999633789062,1.1189186573028564
2020-07-02,9036.623046875,287.61303399713563,243.5174537566549,88.02160103220285,103.58511659588719,166.02000427246094,1.1227755546569824
2020-07-03,9058.794921875,,,,,,1.122107744216919
2020-07-04,9053.6298828125,,,,,,
2020-07-05,8977.015625,,,,,,
2020-07-06,9058.6640625,291.3522480999561,247.11639129095556,89.52961440129422,103.88591919647585,167.19000244140625,1.1248847246170044
2020-07-07,9201.8154296875,289.3304028583476,247.95802670229682,90.10088271239697,103.89452244728629,167.3800048828125,1.126037359237671
2020-07-08,9249.5,288.7117847552177,248.15153943046374,91.10056271828748,104.84845709168646,169.77999877929688,1.1265194416046143
2020-07-09,9234.9990234375,286.8467063436829,249.24477079497103,91.66456287634601,104.68518178934848,168.77999877929688,1.1287955045700073
2020-07-10,9118.001953125,288.7670709526723,250.82177027052498,91.69603540831204,105.25240471974604,168.57000732421875,1.1257203817367554
2020-07-11,9199.4853515625,,,,,,
2020-07-12,9197.4501953125,,,,,,
2020-07-13,9224.29296875,290.0320658619064,249.30281214031714,92.23097365442625,106.00007058201949,169.16000366210938,1.130454421043396
2020-07-14,9171.6611328125,288.06543384919064,244.533285347248,90.89479813530977,106.1375715762748,168.80999755859375,1.1326310634613037
2020-07-15,9171.93359375,294.777725167758,249.1092788504693,93.42431687945134,106.79075181825706,169.38999938964844,1.1393544673919678
2020-07-16,9088.947265625,294.6114625946127,247.30019565195113,92.85789140298706,106.48996620133174,168.64999389648438,1.1379542350769043
2020-07-17,9089.2021484375,295.21167713283364,248.7997488052028,92.79496133182224,107.28061262966668,169.61000061035156,1.1378893852233887
2020-07-18,9100.82421875,,,,,,
2020-07-19,9097.6328125,,,,,,
2020-07-20,9137.509765625,296.02410586279206,250.36701899005405,93.01040889370655,107.24623156309056,170.27000427246094,1.1405240297317505
2020-07-21,9149.3896484375,299.08949955212785,254.5657308827239,93.66878769091768,107.35794120682264,172.30999755859375,1.1426221132278442
2020-07-22,9319.6533203125,299.6065487498866,254.00461796837638,93.53322731563136,106.74775705000629,173.75999450683594,1.1508538722991943
2020-07-23,9483.00390625,296.8182155953633,248.19990969040234,89.08664931990235,108.62351308320387,175.64999389648438,1.15421462059021
2020-07-24,9481.4541015625,294.75928982435465,243.1401678560097,86.31267968652797,108.38135752481784,178.1999969482422,1.1581714153289795
2020-07-25,9530.2119140625,,,,,,
2020-07-26,9652.84765625,,,,,,
2020-07-27,9903.9697265625,296.16258899162784,248.10316817406525,90.50997632811453,108.57161364832623,181.52999877929688,1.1652567386627197
2020-07-28,10632.6318359375,296.23655442203676,248.1612531071309,90.2848269844815,109.2202419189562,181.4199981689453,1.1700997352600098
2020-07-29,10856.1416015625,297.37206503920953,249.51567703900358,90.73504867705178,110.14562410585333,182.38999938964844,1.1714951992034912
2020-07-30,10895.455078125,295.1193034662908,248.1999706484821,90.78832470426487,112.12608786358012,182.1300048828125,1.17326819896698
2020-07-31,10987.0537109375,296.67969747786157,252.36000323877897,97.62160131671524,111.79745969911511,184.1699981689453,1.180261254310608
2020-08-01,11239.6826171875,,,,,,
2020-08-02,11018.1298828125,,,,,,
2020-08-03,11012.4150390625,302.58870135537785,259.15153330968064,104.4645145020522,112.83527418037667,184.1999969482422,1.1701380014419556
2020-08-04,11094.1455078125,302.7086877001967,259.3643290445016,104.9438099795325,113.0341549355896,185.2100067138672,1.1724153757095337
2020-08-05,11158.28515625,305.7740406786033,261.17341632015274,105.43760344433963,115.12708496652209,190.6199951171875,1.1799967288970947
2020-08-06,11598.7138671875,305.7279939599418,261.39599638999357,106.30899078686637,114.26225812277156,192.52000427246094,1.182075023651123
2020-08-07,11408.59375,306.80817379233406,260.48656232248806,106.98082124977309,114.54762903504803,189.3300018310547,1.1756545305252075
2020-08-08,11558.431640625,,,,,,
2020-08-09,11548.7841796875,,,,,,
2020-08-10,11662.2568359375,307.41744771018335,257.99051297274144,106.69710077257369,115.18763510353587,189.66000366210938,1.174300193786621
2020-08-11,11195.708984375,306.5403992490115,256.0169448139675,105.83138875527999,114.84168340677083,179.42999267578125,1.1723191738128662
2020-08-12,11249.60546875,309.67959266815404,258.66780485566227,106.98567459916234,115.62868887851488,179.0399932861328,1.1713030338287354
2020-08-13,11216.8720703125,310.0673444500074,262.6730505610521,110.50667052619417,116.69243463823537,181.36000061035156,1.179467797279358
2020-08-14,11685.455078125,309.87346706744495,261.9087155439127,109.65067355223327,116.36382217433973,181.49000549316406,1.178467035293579
2020-08-15,11768.697265625,,,,,,
2020-08-16,11737.1884765625,,,,,,
2020-08-17,11806.6962890625,311.0090809592796,263.3405317746141,110.54062239475888,116.45891932914604,184.66000366210938,1.183039903640747
2020-08-18,11954.525390625,310.7875659224632,265.96235786037397,110.58425829007268,117.1161918821514,185.6300048828125,1.1875356435775757
2020-08-19,11687.3330078125,310.79673534794836,266.60089880480473,112.1386696245519,117.18541274084683,181.7100067138672,1.1893434524536133
2020-08-20,11710.0634765625,309.50409136122613,265.91400845797756,112.25747159683876,116.91731843451991,180.92999267578125,1.1806515455245972
2020-08-21,11564.9794921875,311.6553525028336,270.3642067189109,115.66934527196243,117.53999025089134,180.47000122070312,1.1754900217056274
2020-08-22,11448.8056640625,,,,,,
2020-08-23,11559.9208984375,,,,,,
2020-08-24,11623.25,313.40968882300405,272.1153562987728,120.21609797723066,118.65561713076914,180.69000244140625,1.1786198616027832
2020-08-25,11189.8505859375,316.0133797579977,273.1795391724885,119.35769534098384,119.1745314119553,179.72999572753906,1.178480863571167
2020-08-26,11296.9931640625,317.76759961775787,276.5269094615622,121.32672345710665,119.56368442643151,180.1999969482422,1.1776067018508911
2020-08-27,11185.94140625,319.94652424244754,279.3132214283867,120.11425182681509,119.50315652187345,179.3699951171875,1.1766228675842285
2020-08-28,11316.4228515625,321.4421205106511,281.4609203489305,120.83689273182479,118.43941814472115,183.39999389648438,1.1811953783035278
2020-08-29,11466.29296875,,,,,,
2020-08-30,11492.3818359375,,,,,,
2020-08-31,11598.318359375,322.28245347132435,283.0958969128093,122.2166916072517,119.1918419324704,184.27999877929688,1.188509464263916
2020-09-01,11601.12890625,322.4485848337792,286.16271212186626,126.61066398001222,118.5432249666099,184.3300018310547,1.1937304735183716
2020-09-02,11290.7939453125,326.31719155514446,287.22697312776324,123.18667288708147,119.0101825061064,181.5,1.182410478591919
2020-09-03,10182.46484375,316.3087019292482,275.1531843311882,116.88181705951085,118.5605070504451,180.49000549316406,1.1789672374725342
2020-09-04,10207.9404296875,309.1809952615708,262.9535990156982,107.56037630423063,117.7216170178916,180.0500030517578,1.178175449371338
2020-09-05,9946.67578125,,,,,,
2020-09-06,10056.8857421875,,,,,,
2020-09-07,9916.4931640625,,,,,,1.1813768148422241
2020-09-08,9945.1103515625,307.34364325395643,260.8831878934982,109.29662311428591,116.78759481697078,179.02000427246094,1.1767197847366333
2020-09-09,10017.2509765625,310.78749888094603,264.1145506289995,111.79918148817357,117.8513266199024,182.19000244140625,1.175364375114441
2020-09-10,10238.1357421875,307.3159581046872,261.7539792138823,109.122056768908,118.05887681967188,182.27999877929688,1.1802891492843628
2020-09-11,10140.8369140625,305.6078508539459,258.21304812541126,106.69709205627441,118.62101529076172,182.00999450683594,1.1825922727584839
2020-09-12,10292.38671875,,,,,,
2020-09-13,10224.330078125,,,,,,
2020-09-14,10266.0087890625,308.58084878107974,264.0758466751033,109.41301877590674,119.63288790894622,183.38999938964844,1.1833059787750244
2020-09-15,10656.4599609375,312.5047730661032,266.17515347001654,110.19871308977739,119.68477601063816,182.9199981689453,1.1841466426849365
2020-09-16,10704.884765625,312.55096952637047,265.3238504092941,108.67585899150183,119.00155218957103,183.3300018310547,1.1814604997634888
2020-09-17,10774.6279296875,307.4452566733784,258.0002479739172,105.44584667867372,117.78213839729901,181.47999572753906,1.1741636991500854
2020-09-18,10829.6572265625,304.0224381842765,254.08212230673627,102.90448550905262,117.84267331850612,182.63999938964844,1.1831238269805908
2020-09-19,10909.6181640625,,,,,,
2020-09-20,10814.4775390625,,,,,,
2020-09-21,10380.2607421875,298.2380498714508,251.64411002372225,100.00427017683465,116.49351918416546,176.75,1.17326819896698
2020-09-22,10382.7265625,302.0664772931383,257.86481022007473,105.88231201688097,117.82540643917922,178.11000061035156,1.169344425201416
2020-09-23,10197.865234375,298.58105607201094,254.68188574797003,103.56407541081022,117.6956448696596,174.10000610351562,1.1664936542510986
2020-09-24,10231.490234375,296.44905891226836,252.71793795178283,101.84724157417912,117.36701458053791,173.77000427246094,1.1629664897918701
2020-09-25,10578.9140625,298.1546568746652,255.69766055627156,104.43705165768294,117.52265039578913,173.88999938964844,1.1613458395004272
2020-09-26,10667.28125,,,,,,
2020-09-27,10622.921875,,,,,,
2020-09-28,10703.8935546875,307.8972472441894,262.82781516039273,109.39362072171006,119.1572237208239,175.08999633789062,1.1616694927215576
2020-09-29,10649.4951171875,307.40595935248126,266.40742783165723,110.15989314523581,118.18862525928934,176.9499969482422,1.1666569709777832
2020-09-30,10669.3212890625,308.57401154453265,266.891144779623,110.20841190929694,119.18316757171085,176.66000366210938,1.1686065196990967
2020-10-01,10472.3564453125,310.5484025217798,270.73194267954165,112.35205974301084,119.52909528499113,178.0399932861328,1.1718108654022217
2020-10-02,10416.689453125,307.0073084094654,264.5401571670915,108.85046731090773,118.43942857476173,178.16000366210938,1.1697137355804443
2020-10-03,10511.1298828125,,,,,,
2020-10-04,10534.3916015625,,,,,,
2020-10-05,10634.6005859375,311.47547493244844,267.2393322869141,110.14051092914185,119.60694490666597,178.89999389648438,1.1719304323196411
2020-10-06,10528.890625,309.9644445702148,265.3238687639904,108.87954271233731,120.04798848772103,177.0500030517578,1.1767336130142212
2020-10-07,10562.5068359375,313.40354507518236,268.2552070819735,110.70307818585619,120.5323138686979,176.42999267578125,1.172540545463562
2020-10-08,10562.6064453125,316.89825106833507,271.18658987296357,111.14926572678705,121.38850895611412,176.6699981689453,1.173529863357544
2020-10-09,10846.8505859375,319.706987085962,273.5084401272333,111.46934568208557,122.54739116870361,179.92999267578125,1.1758756637573242
2020-10-10,11056.9404296875,,,,,,
2020-10-11,11288.6279296875,,,,,,
2020-10-12,11240.6865234375,323.5725453203997,280.04847928189264,115.69845107798898,123.95706745761949,180.19000244140625,1.1788004636764526
2020-10-13,11321.224609375,323.60035278140873,283.57003129073667,116.05734733652297,124.06949677063841,177.10000610351562,1.1735711097717285
2020-10-14,11307.8310546875,321.7926676880987,280.81276604840866,116.028258506117,123.74084715611497,178.27000427246094,1.1721680164337158
2020-10-15,11303.603515625,318.07546486396797,277.2138608001073,114.60238025084043,123.57655461251555,177.58999633789062,1.1690163612365723
2020-10-16,11223.0126953125,321.7556337558863,278.7714526980252,115.24257258596,124.46732777748943,178.1300048828125,1.169494867324829
2020-10-17,11285.345703125,,,,,,
2020-10-18,11347.578125,,,,,,
2020-10-19,11408.2900390625,316.1381183278607,273.5858509928782,112.18714446524658,122.05443978797517,178.3699951171875,1.1704941987991333
2020-10-20,11681.48046875,317.6212625367953,273.74066498739205,112.15805784138063,122.72033977593325,178.0800018310547,1.1762629747390747
2020-10-21,11900.9287109375,317.39879185718223,274.45661186752744,112.95344522648205,123.21330673255378,180.22999572753906,1.1829279661178589
2020-10-22,12717.09375,315.7765453535564,271.6799772877547,111.14927920105526,122.68865199153896,177.72000122070312,1.1813349723815918
2020-10-23,12752.6474609375,318.0754846485953,272.60876101041157,110.84858760677534,123.28000583699473,177.75999450683594,1.1788004636764526
2020-10-24,12885.7470703125,,,,,,
2020-10-25,12910.0615234375,,,,,,
2020-10-26,12822.3828125,311.1139000222835,267.75215968735864,109.490625744662,121.75814035733713,178.22000122070312,1.1804006099700928
2020-10-27,13060.837890625,313.3108011782151,271.0801282571782,111.10079442752371,123.18432371969863,178.50999450683594,1.179940938949585
2020-10-28,12932.2509765625,302.3168668136809,262.5472505227228,107.76407283902445,119.41012148845348,175.44000244140625,1.1719304323196411
2020-10-29,12980.0595703125,301.35275342695843,263.6501598827834,108.83104781563942,118.09694329849387,174.8300018310547,1.165623426437378
2020-10-30,13136.1982421875,299.0446159372506,258.37758300932626,104.48556211975591,117.12296305757177,175.9499969482422,1.1643069982528687
2020-10-31,13457.5302734375,,,,,,
2020-11-01,13628.3779296875,,,,,,
2020-11-02,13243.16015625,303.34574158278815,258.28079905882623,104.09756951905206,119.5231693497748,177.1300048828125,1.162439227104187
2020-11-03,13325.44140625,306.173086523715,262.02485396893513,105.46523215040254,121.15807832279368,178.3000030517578,1.163805603981018
2020-11-04,13580.4716796875,314.79403465889675,272.69577889902934,108.97651414781893,121.98426047554675,177.66000366210938,1.1607661247253418
2020-11-05,14102.0888671875,323.3871109043666,282.4960937419013,113.3608313760952,123.29740233051413,180.97000122070312,1.1712756156921387
2020-11-06,15226.83984375,322.2655190878707,280.39666716257483,112.83735453132164,123.8191722464825,182.19000244140625,1.1796208620071411
2020-11-07,14423.203125,,,,,,
2020-11-08,14744.1103515625,,,,,,
2020-11-09,14865.529296875,328.20740720794697,278.7424396496572,112.75963885381937,119.66229102106493,173.63999938964844,1.179746150970459
2020-11-10,15124.9599609375,324.9166263863297,271.4864890873703,110.8940882741732,119.27095535023001,175.66000366210938,1.178078293800354
2020-11-11,15290.0068359375,329.13443541283425,274.1566889706012,113.13858512576901,122.31473005307316,174.44000244140625,1.1747292280197144
2020-11-12,15534.771484375,325.6118349534943,277.90064996411223,115.20819406878398,122.67997275607793,175.83999633789062,1.1759587526321411
2020-11-13,15992.15234375,328.8099389915463,278.5005051335633,114.52803521767761,123.38436107478186,176.83999633789062,1.1799688339233398
2020-11-14,15749.193359375,,,,,,
2020-11-15,15793.5341796875,,,,,,
2020-11-16,15880.7060546875,333.33362089104185,280.55143976033975,114.80011721095168,122.84517220582416,176.8699951171875,1.1814744472503662
2020-11-17,16564.544921875,332.17487235671945,282.1188020423801,115.5871353083196,123.27133446268587,176.08999633789062,1.1845533847808838
2020-11-18,17352.90625,330.2282326036911,280.5805353656853,114.65436159878705,121.45379144405241,175.35000610351562,1.1851149797439575
2020-11-19,17382.5546875,328.29084129066734,279.44866335272445,113.49809857736044,120.40148676487428,174.1699981689453,1.1817398071289062
2020-11-20,17765.794921875,329.31058894212913,280.8417353264938,113.96447599254086,120.55802204582972,175.5800018310547,1.185185194015503
2020-11-21,18444.359375,,,,,,
2020-11-22,17671.384765625,,,,,,
2020-11-23,18000.796875,328.9582497650771,278.6940105023637,110.52484606012634,119.88842704892565,171.77999877929688,1.1803170442581177
2020-11-24,18128.65625,333.05554351994675,280.2032455596767,109.39773567263003,120.07106502667939,168.86000061035156,1.1838942766189575
2020-11-25,18581.146484375,335.08570216259716,285.0017526155773,111.90459439029078,120.04494835638282,169.24000549316406,1.1882835626602173
2020-11-26,16351.03515625,,,,,,1.1886931657791138
2020-11-27,16526.423828125,336.1053477355722,288.204066575533,112.92481998616722,119.60143023232183,166.77999877929688,1.1910717487335205
2020-11-28,16910.65234375,,,,,,
2020-11-29,17559.1171875,,,,,,
2020-11-30,18178.322265625,332.9442354046228,285.1856666612284,113.49810369299398,118.91442473759199,166.02999877929688,1.1944148540496826
2020-12-01,18321.921875,338.2837817293062,291.03881582153167,116.60739158310652,120.14932053425342,169.3000030517578,1.1935994625091553
2020-12-02,18347.71875,337.6070531807557,290.5743352890044,117.46239993689542,119.56665298765175,170.14999389648438,1.2040793895721436
2020-12-03,18925.78515625,338.81204987009494,293.6509058634751,118.7450094318951,117.87085033343696,171.0800018310547,1.2102434635162354
2020-12-04,18697.193359375,340.40648362614814,293.74764075920547,118.07456118438024,118.15781280342404,171.58999633789062,1.2133712768554688
2020-12-05,18590.193359375,,,,,,
2020-12-06,18897.89453125,,,,,,
2020-12-07,18931.142578125,340.8700225705228,295.5761435823053,118.7838623046875,118.75789641078174,172.50999450683594,1.2080796957015991
2020-12-08,18269.9453125,340.8236267953573,295.02454224894535,119.60005923609305,118.64485605443794,174.72000122070312,1.2097164392471313
2020-12-09,17935.546875,339.2291981156376,290.43893953558506,117.56931816843408,118.48828838193303,171.24000549316406,1.207394003868103
2020-12-10,17957.064453125,337.82025463669373,288.3878987649172,116.74340254220034,117.43605616625172,171.6999969482422,1.2080358266830444
2020-12-11,17619.533203125,336.7357042360189,288.75554903695195,117.13206676469383,116.7055375129279,172.11000061035156,1.2107857465744019
2020-12-12,18046.041015625,,,,,,
2020-12-13,18734.33203125,,,,,,
2020-12-14,19012.708984375,337.8573488263368,293.14778173088405,118.09400857710251,118.0708615699717,170.91000366210938,1.2117539644241333
2020-12-15,19079.841796875,339.2014749129828,294.211961322308,120.61053530086464,118.47960165022853,173.05999755859375,1.212694525718689
2020-12-16,19298.31640625,341.9359886865939,296.640319399683,122.97166689471923,118.88836282659835,173.02000427246094,1.2146978378295898
2020-12-17,21234.67578125,343.95691641000235,299.3201014107255,124.40970414636703,119.96667527425933,176.5800018310547,1.2192445993423462
2020-12-18,22399.8125,341.67136919379556,297.59805229574795,122.54412684965975,119.53185115349989,176.10000610351562,1.2227181196212769
2020-12-19,22826.47265625,,,,,,
2020-12-20,23147.7109375,,,,,,
2020-12-21,22159.3671875,337.0260063626711,294.250921921989,119.94984220975749,118.4621719315978,175.75999450683594,1.2130769491195679
2020-12-22,22430.60546875,340.7497984268332,297.40085950331013,125.97403967211778,118.60133902768342,174.33999633789062,1.216604232788086
2020-12-23,22802.646484375,341.8575475802829,298.5542435491377,127.07197543286729,118.38391163794263,175.05999755859375,1.2157758474349976
2020-12-24,22777.59765625,342.0716817018129,298.8935415437934,127.38297355158525,118.44479274955692,175.50999450683594,1.2179378271102905
2020-12-25,23463.673828125,,,,,,1.2167004346847534
2020-12-26,24522.689453125,,,,,,
2020-12-27,25922.76953125,,,,,,
2020-12-28,26207.640625,345.4416043676414,300.8027957974349,129.72460743607215,119.96668403980937,175.6300048828125,1.218353271484375
2020-12-29,25987.298828125,345.2181946161471,302.4213079884554,130.53107920371312,120.18409798970424,175.57000732421875,1.2220009565353394
2020-12-30,27360.08984375,345.90714985399984,302.71209143491757,129.6176852728213,119.61882091740225,176.44000244140625,1.2252049446105957
2020-12-31,28201.9921875,345.59061740637577,302.1596957332181,127.98535756948488,119.47968831668905,177.32000732421875,1.222299575805664
2021-01-01,28803.5859375,,,,,,1.2134994268417358
2021-01-02,29091.181640625,,,,,,
2021-01-03,32052.31640625,,,,,,
2021-01-04,28722.755859375,339.6233135802176,295.7822999497379,123.16598610776015,118.57529766278446,180.9600067138672,1.2171372175216675
2021-01-05,30221.1875,342.63025338281886,298.7965485946262,124.7886425294723,118.50570309941519,181.82000732421875,1.2249947786331177
2021-01-06,33514.03515625,343.62630546858566,296.5576516573513,122.7967573877346,120.53196097375788,178.24000549316406,1.2266929149627686
2021-01-07,36491.19140625,349.9473414971712,300.6961925936404,124.23479308365204,120.04496327343945,178.83999633789062,1.2246646881103516
2021-01-08,36838.63671875,351.0552285052697,305.3774046091996,126.53761000388556,119.14052631885627,171.47999572753906,1.2214934825897217
2021-01-09,38980.875,,,,,,
2021-01-10,35984.62890625,,,,,,
2021-01-11,30549.599609375,351.6322715123508,304.0884423243325,124.85663454489163,119.6623204949816,172.02999877929688,1.2134743928909302
2021-01-12,32697.9765625,350.3663089172504,301.6168717035165,123.26316489383075,118.47963073689573,172.32000732421875,1.2138868570327759
2021-01-13,32584.66796875,351.7534339254866,303.91389113342706,124.84690938109378,119.22751365622305,173.0500030517578,1.2155394554138184
2021-01-14,36868.5625,351.9861359560516,304.1949603367071,125.10927181431389,117.64473844405116,172.66000366210938,1.2113136053085327
2021-01-15,34659.58984375,347.8900242126763,301.0160092062669,123.39918727805356,117.10556275252115,170.97999572753906,1.208473801612854
2021-01-16,35633.5546875,,,,,,
2021-01-17,34069.3203125,,,,,,
2021-01-18,34883.84375,,,,,,1.205545425415039
2021-01-19,36069.8046875,350.72933922047633,303.47771697281894,123.34088500532488,116.14895335568859,171.9199981689453,1.2078461647033691
2021-01-20,33570.4765625,354.397220924243,306.76344916000136,124.90524730001776,114.1488040657885,173.82000732421875,1.207773208618164
2021-01-21,30250.75,356.7803804745633,313.76107163791585,129.80236258422073,114.1811491434366,174.50999450683594,1.2109909057617188
2021-01-22,28953.373046875,355.4677036118706,314.7109207065593,131.19177987621222,113.72621842599563,172.35000610351562,1.2151997089385986
2021-01-23,31493.16015625,,,,,,
2021-01-24,31106.685546875,,,,,,
2021-01-25,32087.787109375,352.3211854580391,311.5125619253362,132.6686847833474,113.64747777351765,173.19000244140625,1.2117246389389038
2021-01-26,31030.265625,357.05037810890184,317.1435975040631,137.3616961650404,114.98605080705528,173.4199981689453,1.2108443975448608
2021-01-27,29367.138671875,346.31672868098127,307.5872723988503,136.4290142912036,111.72273675802293,171.66000366210938,1.2061998844146729
2021-01-28,30023.20703125,349.9287680398475,310.1749481008374,132.82410706857274,111.49525854645954,172.0399932861328,1.2082401514053345
2021-01-29,32064.814453125,342.83501362114134,303.1288542538718,126.51819940588042,112.04644677687838,172.61000061035156,1.2095993757247925
2021-01-30,32940.1875,,,,,,
2021-01-31,32270.17578125,,,,,,
2021-02-01,32384.228515625,344.7993008040637,306.2885420633302,127.21773749244758,112.16016712298695,174.05999755859375,1.2069132328033447
2021-02-02,33489.21875,350.32904887111556,315.29237270849,130.79342801715512,112.58886540290247,171.50999450683594,1.2018364667892456
2021-02-03,35443.984375,354.2017673399159,316.2712567541162,129.82176496768204,111.76646388766976,171.5,1.200494647026062
2021-02-04,36317.5,355.5888223142449,316.40698957909655,130.7739685158837,112.49264195550442,167.33999633789062,1.1967161893844604
2021-02-05,36658.76171875,359.47082842089645,319.3824330340786,132.20525610000038,112.88633484794178,168.6699981689453,1.1953572034835815
2021-02-06,38138.38671875,,,,,,
2021-02-07,37446.15234375,,,,,,
2021-02-08,38076.32421875,361.52818085884974,321.20454838611016,131.29050232328603,112.08145179227316,171.49000549316406,1.2021398544311523
2021-02-09,45166.9609375,362.2916312738895,322.3675287593122,132.19549648512387,112.18641411455413,171.75,1.2050195932388306
2021-02-10,43881.15234375,360.7369659355189,319.35343684333327,130.78450562896475,111.950201538034,172.00999450683594,1.2110203504562378
2021-02-11,44187.76171875,361.29546527923713,321.8927084215484,130.17144270344224,112.16891342756938,170.7100067138672,1.2114311456680298
2021-02-12,46424.9765625,362.8501073798465,322.38704196326086,130.09359452723146,110.7428751097472,169.8800048828125,1.2083992958068848
2021-02-13,46392.28125,,,,,,
2021-02-14,47114.5078125,,,,,,
2021-02-15,46347.4765625,,,,,,1.2117393016815186
2021-02-16,47201.3046875,364.4885743748941,324.04430799298007,129.21782237561078,111.10155660488027,167.72999572753906,1.2095847129821777
2021-02-17,49072.37890625,362.44050055956217,320.0027176340885,125.98714097419074,111.20655032311855,165.85000610351562,1.202558994293213
2021-02-18,51015.765625,360.96024323185935,318.24839096432186,123.982542030246,111.6264983584749,165.72999572753906,1.2036300897598267
2021-02-19,50937.27734375,362.645335047699,319.80900536800976,125.33515742569439,111.12782298516264,166.60000610351562,1.208299994468689
2021-02-20,54626.55859375,,,,,,
2021-02-21,55672.609375,,,,,,
2021-02-22,48967.56640625,360.0293986322245,312.3072477348789,122.22124775949521,110.56787801772269,168.3000030517578,1.2092190980911255
2021-02-23,45290.58984375,353.9410715012877,301.42306334466684,115.20519230196524,111.27654743628713,168.27999877929688,1.213680624961853
2021-02-24,47213.5,358.6608745485557,306.23034646139433,118.94188709836797,111.03158843440482,167.14999389648438,1.2111302614212036
2021-02-25,47093.8515625,354.4810139951626,301.65565187239883,117.29733797299157,110.4891416328027,165.4499969482422,1.2156577110290527
2021-02-26,44454.84375,352.1071613879296,301.3067487846613,117.93961772875939,106.5784114502941,160.9499969482422,1.2091752290725708
2021-02-27,45269.02734375,,,,,,
2021-02-28,43241.6171875,,,,,,
2021-03-01,45115.09375,354.28552261817083,308.1493582226554,119.4868376397081,108.48567022441125,161.16000366210938,1.2029930353164673
2021-03-02,47228.84375,359.34051889355743,308.3432108792186,121.64710128326877,107.98698896656111,161.22000122070312,1.1994003057479858
2021-03-03,48274.3203125,354.9743952442966,299.58158999462006,118.5623986243893,107.4270457109554,159.49000549316406,1.2044709920883179
2021-03-04,47656.9296875,346.19572234702065,290.8683527058191,115.4290174341431,106.33346165106947,158.42999267578125,1.2025011777877808
2021-03-05,46542.515625,346.90320141461257,288.29030570765997,114.40725661331615,107.21706521564651,158.5500030517578,1.1897962093353271
2021-03-06,47257.52734375,,,,,,
2021-03-07,48918.6796875,,,,,,
2021-03-08,49506.0546875,355.07687129081967,290.2868923264038,113.08383103215061,109.64050516557177,157.1300048828125,1.1848341226577759
2021-03-09,51981.83203125,358.69816605856334,297.4687166333101,115.59446430735571,110.28792528745625,160.4199981689453,1.1836141347885132
2021-03-10,53290.890625,361.36062596963234,300.6186347246778,116.23670020677328,109.77173881151374,160.66000366210938,1.187000036239624
2021-03-11,54484.59375,364.6840536373491,305.15450742613785,117.99800228157227,110.86534789852013,161.1199951171875,1.1917104721069336
2021-03-12,55376.6484375,364.181353712992,301.8010513316527,115.95447955662657,111.67898980728225,159.35000610351562,1.191057562828064
2021-03-13,56217.97265625,,,,,,
2021-03-14,59302.31640625,,,,,,
2021-03-15,55393.1640625,364.9539691157233,304.42760697615097,117.18060016691906,111.27654090461981,161.42999267578125,1.1911852359771729
2021-03-16,53555.02734375,367.7933490003447,309.2736627941333,121.36490683570095,112.4313794694463,161.80999755859375,1.188438892364502
2021-03-17,54528.62890625,366.13629619510306,305.9589339157452,119.04891881379946,112.29140328652782,161.47999572753906,1.1887637376785278
2021-03-18,54253.578125,363.7624855423874,301.9755632410346,117.08324779831206,111.14532102037049,161.11000061035156,1.1910150051116943
2021-03-19,56643.703125,361.5915342319768,300.1243145502843,116.4604876842397,111.89771874470915,162.42999267578125,1.1874933242797852
2021-03-20,58213.296875,,,,,,
2021-03-21,56005.6171875,,,,,,
2021-03-22,54288.15625,364.2253628242193,305.8892642780777,117.02488910943605,111.99395081855924,162.16000366210938,1.1876062154769897
2021-03-23,53470.6953125,363.00180420504506,307.0246860032887,118.85431207414345,113.72623278679623,161.58999633789062,1.186436653137207
2021-03-24,52514.33203125,361.8903850062456,302.50248217460296,116.83999258124882,114.27738507195296,161.94000244140625,1.1813349723815918
2021-03-25,50856.5703125,358.556056717537,298.30055566633035,115.79879193762964,115.52847054651339,161.32000732421875,1.1775233745574951
2021-03-26,51579.85546875,364.5242872244289,300.5131645626241,115.72092053842741,115.90468961787606,161.64999389648438,1.1772600412368774
2021-03-27,54242.91015625,,,,,,
2021-03-28,55071.11328125,,,,,,
2021-03-29,55139.33984375,366.877863754709,303.23026093709876,117.48225492917581,118.10938239674668,159.8300018310547,1.1761800050735474
2021-03-30,57251.55078125,367.07398064220894,302.3278096829393,115.66255191815422,118.23188548730582,157.5500030517578,1.1713168621063232
2021-03-31,57726.41796875,369.21278347970974,306.4714639682142,117.89095275757859,118.33686694727143,158.0500030517578,1.1704530715942383
2021-04-01,58505.27734375,371.8932703973553,313.264597918877,119.19488720011346,116.64833941323629,161.27999877929688,1.1714814901351929
2021-04-02,58869.28125,,,,,,1.1751433610916138
2021-04-03,57603.890625,,,,,,
2021-04-04,57168.67578125,,,,,,
2021-04-05,57694.82421875,376.7501043396407,317.21424769873653,119.75929632134557,117.87316567256248,161.36000061035156,1.1739431619644165
2021-04-06,57646.80859375,378.6367351434698,320.2612969247598,122.26989388745704,118.66930612005233,162.75,1.1796486377716064
2021-04-07,55604.0234375,378.6834126464064,319.6305884586231,121.77360301243874,119.20300044312307,162.5,1.1865352392196655
2021-04-08,55879.0859375,380.06569068342264,323.8712279796592,125.06268142419076,119.50046840228894,164.13999938964844,1.1861833333969116
2021-04-09,57807.86328125,381.3078992229351,323.07558790108754,125.9871415439433,118.59934432641123,162.47999572753906,1.186859130859375
2021-04-10,58038.70703125,,,,,,
2021-04-11,59289.796875,,,,,,
2021-04-12,59589.875,383.11984489042715,324.8320241933652,127.1159122592972,118.73055154942438,161.80999755859375,1.1873382329940796
2021-04-13,59869.95703125,383.97903541086856,328.02483770712075,128.380957683949,117.96938969594714,163.02999877929688,1.1884304285049438
2021-04-14,61554.796875,383.7455968876172,325.7443209388951,128.1182295730411,117.74195248981798,162.3000030517578,1.1951857805252075
2021-04-15,62208.96484375,386.379390415515,326.2779731810807,130.04498523411246,118.87054444354214,164.02999877929688,1.1957861185073853
2021-04-16,60222.53125,388.2846914947576,330.0238067088724,129.6946173321828,119.75418552029572,165.94000244140625,1.1950900554656982
2021-04-17,60361.3515625,,,,,,
2021-04-18,52829.53515625,,,,,,
2021-04-19,54368.59375,386.4728019580856,326.9379126355204,129.75301328602865,118.45059954824353,165.72000122070312,1.1943435668945312
2021-04-20,53448.046875,383.4840383597904,324.4924607053859,128.26417368348118,116.82327719783908,165.6199951171875,1.2028772830963135
2021-04-21,53695.46875,384.2033051981361,324.0945374930946,127.76789199677557,119.50923753681828,167.14999389648438,1.2000004053115845
2021-04-22,50583.8125,383.98849668768133,324.13336331578,127.8749143516064,118.03739501818812,166.49000549316406,1.2003936767578125
2021-04-23,47714.6640625,385.53884219304297,325.91894982444245,128.60476763173878,117.32422795814759,165.77999877929688,1.2013888359069824
2021-04-24,48805.28515625,,,,,,
2021-04-25,47159.484375,,,,,,
2021-04-26,48852.796875,389.29341345395136,328.8787304993542,129.9671030596472,115.49281185356094,166.0500030517578,1.2063744068145752
2021-04-27,53319.1875,388.81708265316865,329.1408247480296,130.5023289552631,114.7179662892524,166.27999877929688,1.2057925462722778
2021-04-28,53887.91796875,389.37749094113417,328.32559837144595,129.49997713790484,115.23746400104253,165.49000549316406,1.205763578414917
2021-04-29,52418.02734375,388.94790436999523,326.937893972097,128.88697605750357,115.61607759198489,164.47000122070312,1.2104192972183228
2021-04-30,53129.6015625,388.8544524767412,327.08345982266536,127.54409123252586,116.4525299945686,165.24000549316406,1.2024723291397095
2021-05-01,57052.2734375,,,,,,
2021-05-02,56141.90625,,,,,,
2021-05-03,56590.87109375,390.0966345103683,325.80254228422564,128.283625938946,118.01098278930618,167.41000366210938,1.201489806175232
2021-05-04,53191.42578125,384.49279111679294,316.56411543159066,123.2916629147694,118.16951283896924,165.5,1.2000048160552979
2021-05-05,52969.0546875,387.74304077290196,318.5242963940347,124.5274840738415,117.42985592267992,166.61000061035156,1.198724627494812
2021-05-06,55382.5078125,386.3701143834206,316.79693175802845,123.71007387822482,117.91413800108064,167.9199981689453,1.1994003057479858
2021-05-07,55321.84765625,391.488378079509,321.8819297240485,126.2108752190309,118.6537287063999,171.0,1.205342173576355
2021-05-08,56975.2109375,,,,,,
2021-05-09,56482.00390625,,,,,,
2021-05-10,54071.45703125,390.2274545965479,315.9235686875051,123.60828686336556,119.47256189214593,171.77999877929688,1.2137395143508911
2021-05-11,54608.65234375,382.9889977008336,309.58665903966653,119.67028275042819,120.15935607605054,170.27000427246094,1.2125474214553833
2021-05-12,49150.53515625,377.3291680702474,306.65595619043876,119.16342036759427,119.29648653503322,170.35000610351562,1.2068113088607788
2021-05-13,46980.01953125,380.14975581622974,307.52933414746957,121.12267768901388,119.20842462306759,170.22999572753906,1.205312967300415
2021-05-14,48868.578125,385.9030768823611,312.5560972204388,122.67253033910511,121.21593632738086,171.82000732421875,1.2071462869644165
2021-05-15,46664.140625,,,,,,
2021-05-16,43963.3515625,,,,,,
2021-05-17,42207.2890625,386.0712162573868,311.9447956788766,122.0096912267483,121.16309191354503,173.27999877929688,1.2127532958984375
2021-05-18,42367.83203125,384.5861139361804,312.4201753690841,121.62955208202142,119.87758898934784,174.4600067138672,1.2154065370559692
2021-05-19,30681.49609375,378.57125157773066,306.9470420236655,119.75801895076617,119.38454647432378,174.35000610351562,1.2191851139068604
2021-05-20,35050.6171875,384.4928063797059,314.3126391150429,121.94147161685788,120.37946182920132,175.11000061035156,1.2170928716659546
2021-05-21,33616.453125,387.089232490251,316.98130814338737,122.04869119774337,121.31277030275669,175.14999389648438,1.2173744440078735
2021-05-22,35383.68359375,,,,,,
2021-05-23,31227.33984375,,,,,,
2021-05-24,34551.08203125,389.5455703108136,317.2336359084848,122.76025239580743,121.26873960849498,175.8699951171875,1.217581868171692
2021-05-25,36581.4296875,390.0499939116139,321.9499332557762,123.13067172111496,120.4058755848119,176.0399932861328,1.2212398052215576
2021-05-26,37905.8359375,390.180781318248,323.1047468839372,123.22813421483384,121.39203163117823,177.0399932861328,1.2200031280517578
2021-05-27,37247.90234375,391.3295292083679,322.8330526512748,121.92198067731965,118.5656877950127,176.80999755859375,1.2175670862197876
2021-05-28,34779.0390625,392.07674594064906,323.73543521168494,121.40534630909178,118.54806410961899,177.24000549316406,1.2133419513702393
2021-05-29,33693.9296875,,,,,,
2021-05-30,33520.73828125,,,,,,
2021-05-31,34241.9453125,,,,,,1.2184126377105713
2021-06-01,35787.0859375,391.52559604142135,321.62969489713447,120.8107540580726,116.64621994983733,177.19000244140625,1.2214635610580444
2021-06-02,35966.30859375,391.6097633493774,321.89172412773416,120.9179717914318,116.6814544374423,177.97000122070312,1.2165746688842773
2021-06-03,37243.97265625,388.79850605859133,318.57277199025685,120.02120080570538,117.28016443743202,174.66000366210938,1.2120903730392456
2021-06-04,35717.72265625,391.18944760771376,321.96937117994383,120.7230075339862,119.21723225419629,176.61000061035156,1.210551142692566
2021-06-05,34900.4140625,,,,,,
2021-06-06,35304.578125,,,,,,
2021-06-07,33480.640625,393.38428486307185,324.4536079675706,121.67828344764422,119.46377214502985,176.6300048828125,1.2145060300827026
2021-06-08,31114.443359375,392.57174503386995,325.1232385476544,123.02344459916287,118.6449114811414,176.3699951171875,1.2166634798049927
2021-06-09,32475.865234375,393.58978752250255,326.6952851024466,123.32561251203367,118.63613954483716,176.77999877929688,1.2171818017959595
2021-06-10,35847.59375,393.7204677812437,326.7729968532815,122.76025831506651,118.53049128275651,176.47999572753906,1.2145354747772217
2021-06-11,36044.44921875,394.90671424062083,329.6454118014749,122.91622643570359,117.89651465241866,175.47999572753906,1.2094998359680176
2021-06-12,34728.19140625,,,,,,
2021-06-13,34864.109375,,,,,,
2021-06-14,38757.28515625,395.1682012696967,330.3925259112506,123.8617007821636,117.94935728794145,172.9499969482422,1.2095261812210083
2021-06-15,39609.46875,395.5792069332303,331.4212963603784,126.1231333418934,118.4688293875082,173.33999633789062,1.2102874517440796
2021-06-16,38176.03515625,392.19819454927307,327.47166267150703,125.21661937439929,116.79588769837497,171.02999877929688,1.2110350131988525
2021-06-17,37439.67578125,391.6378044633818,329.8686419091237,126.37657131032402,116.79592824824192,165.44000244140625,1.19070303440094
2021-06-18,35255.85546875,388.5899013988071,331.7512239808977,126.95166062422065,116.17078274248665,164.8699951171875,1.1851149797439575
2021-06-19,34933.0625,,,,,,
2021-06-20,33432.07421875,,,,,,
2021-06-21,31295.935546875,389.7424066854368,330.474729930323,125.94766160876556,116.5757910482513,166.0,1.1848762035369873
2021-06-22,28893.62109375,393.6311114680384,334.0598013761098,128.2968593599112,116.99844787059207,166.00999450683594,1.1882412433624268
2021-06-23,31772.6328125,395.9081931498081,337.0132312490567,129.86620618552573,116.50534611848032,165.97000122070312,1.1915826797485352
2021-06-24,32385.21484375,397.88526373773,339.23813126810626,129.57374966230876,116.8399434495277,166.00999450683594,1.191994547843933
2021-06-25,31350.884765625,398.75680231338544,338.9175375806625,129.4568084909208,117.06005875810942,166.2899932861328,1.1927907466888428
2021-06-26,30184.501953125,,,,,,
2021-06-27,32071.7578125,,,,,,
2021-06-28,33902.07421875,399.0753997356411,340.7440142609746,129.98317185834844,118.65371611337432,166.36000061035156,1.1904619932174683
2021-06-29,34252.484375,400.2373044711945,342.63865187700964,130.9579196567259,117.82608620122231,164.00999450683594,1.1880435943603516
2021-06-30,34086.15234375,400.28416605608436,343.76563227145294,132.439553660315,118.23990552640034,164.2899932861328,1.1845815181732178
2021-07-01,32883.78125,401.802090469254,342.648333708053,132.33234449341114,118.79461720973745,165.5,1.1838102340698242
2021-07-02,32770.6796875,403.41381877275404,346.1459552963488,134.27206149217562,119.23487361265711,166.39999389648438,1.1819353103637695
2021-07-03,33402.6953125,,,,,,
2021-07-04,34396.4765625,,,,,,
2021-07-05,33213.66015625,,,,,,1.1852006912231445
2021-07-06,33599.91796875,402.9359520976346,346.34987325429563,136.53350195950557,119.18201847921739,167.5399932861328,1.1814996004104614
2021-07-07,33839.2890625,404.3415272693066,348.7302079739393,139.0581116318865,119.77196138200051,168.19000244140625,1.1782448291778564
2021-07-08,32133.18359375,400.60271181491555,344.3388496163626,137.11833949517367,119.64866888957656,167.91000366210938,1.1784253120422363
2021-07-09,32318.880859375,403.591846106271,347.39920925212596,139.04836216143113,120.48516444632075,168.66000366210938,1.1825222969055176
2021-07-10,33116.01171875,,,,,,
2021-07-11,33346.73828125,,,,,,
2021-07-12,32697.30859375,407.5835926889374,350.56643688814484,140.364278087154,120.12412720931701,167.63999938964844,1.183670163154602
2021-07-13,32261.419921875,407.9022421705888,351.25626279599396,140.0035841294874,120.08892065329674,168.92999267578125,1.1793426275253296
2021-07-14,31639.125,407.52746339505444,351.9169085375173,143.95136027537654,120.07129255135543,170.27999877929688,1.1772600412368774
2021-07-15,31175.708984375,405.4753153622365,348.26388671366414,143.37629622116938,121.24234553375925,170.33999633789062,1.1805957555770874
2021-07-16,31100.673828125,403.7886192907794,347.07866069675663,142.19677544564345,122.4838603319209,169.27999877929688,1.1793996095657349
2021-07-17,31223.990234375,,,,,,
2021-07-18,31215.4921875,,,,,,
2021-07-19,30563.734375,395.40214130525,342.0265294469521,138.09308832622733,122.21969449395218,168.88999938964844,1.176429033279419
2021-07-20,29360.955078125,398.08203985333273,343.736509997138,139.350515378791,122.95049531151558,168.9199981689453,1.175709843635559
2021-07-21,29526.18359375,403.87296781863677,347.9335416373757,140.97837931958148,122.37814806612877,168.13999938964844,1.175364375114441
2021-07-22,31745.298828125,406.3842377598322,351.47970327513866,142.12857241610413,121.12774015303071,168.05999755859375,1.1766643524169922
2021-07-23,32057.892578125,409.2890267822298,353.5686400813842,143.2105505102186,121.45553871832466,167.9499969482422,1.1755993366241455
2021-07-24,33424.859375,,,,,,
2021-07-25,33881.8359375,,,,,,
2021-07-26,35287.3125,411.6036085131249,356.1724111779134,143.97081824593766,123.35162358860705,168.0800018310547,1.1764568090438843
2021-07-27,36441.7265625,408.5395397881605,349.9155541597789,141.87516288945258,124.0427610076152,167.92999267578125,1.1771769523620605
2021-07-28,38862.4375,409.77636464052375,352.9079293355111,138.94113715127986,122.89977111984703,167.72000122070312,1.1785781383514404
2021-07-29,39352.05859375,412.11892741688575,354.86079222041604,140.92959522149076,122.91750125911658,170.6699981689453,1.184174656867981
2021-07-30,38397.35546875,410.207359374989,352.10150934512467,140.4714762953773,125.4160375213779,169.3800048828125,1.1855504512786865
2021-07-31,41110.83203125,,,,,,
2021-08-01,39540.94140625,,,,,,
2021-08-02,38746.34765625,409.6825865730587,353.520001644176,141.58268384916155,124.75156278276219,169.10000610351562,1.1859582662582397
2021-08-03,37782.05078125,408.642539261414,351.70322247856217,141.51449808960257,125.38948997821402,169.2100067138672,1.185564637184143
2021-08-04,37589.1640625,411.1068658892143,355.2299139305761,142.58670986762564,126.12487008958963,168.99000549316406,1.18343186378479
2021-08-05,37458.00390625,412.18452990878626,356.99817433299086,142.47948676454712,125.3451450843805,168.1999969482422,1.1829839944839478
2021-08-06,39932.1796875,413.983629086822,356.4735270576817,142.16578765248929,125.12367683430385,164.5500030517578,1.1756407022476196
2021-08-07,42618.56640625,,,,,,
2021-08-08,43331.91015625,,,,,,
2021-08-09,42848.6875,413.5245291498375,356.9399399278939,142.05845003246944,125.5489652028277,161.25999450683594,1.1741775274276733
2021-08-10,44705.5546875,414.0585776586694,355.2202487606175,141.84368416396723,125.51354360005134,160.67999267578125,1.171069860458374
2021-08-11,45351.7109375,414.75208192459974,354.46239986659873,142.06818321748432,126.23123056265693,162.67999267578125,1.1706448793411255
2021-08-12,43861.4453125,414.7895688931888,353.93776135089763,142.37081574173467,126.12488291588737,162.92999267578125,1.1725116968154907
2021-08-13,44282.41796875,417.0477498031309,356.9301808840148,144.74304073624972,126.4261368804802,164.88999938964844,1.1731030941009521
2021-08-14,46177.6328125,,,,,,
2021-08-15,45579.58984375,,,,,,
2021-08-16,45700.3203125,414.98632167204744,353.3548966695648,142.9857964116818,127.03748984154745,166.58999633789062,1.1768028736114502
2021-08-17,44512.41796875,413.0934254851267,352.89828900702054,145.54347021491796,127.48932158690354,166.55999755859375,1.1710561513900757
2021-08-18,44364.02734375,411.2849538867955,351.57690114042134,142.67345256358962,126.86029746822493,166.25999450683594,1.1696864366531372
2021-08-19,43998.31640625,408.66125638495504,349.7212290637019,141.0626783117476,126.84257173481316,166.16000366210938,1.1668747663497925
2021-08-20,46650.70703125,412.02524927934286,354.36523081493834,143.28842371499448,128.27788741915975,166.36000061035156,1.1664936542510986
2021-08-21,48312.19921875,,,,,,
2021-08-22,48199.94140625,,,,,,
2021-08-23,49074.60546875,415.52042005494565,358.30005955452134,144.37204430196212,127.79055722578114,167.9600067138672,1.1695605516433716
2021-08-24,47687.1171875,419.24980746387826,362.7400935730356,145.60206158624175,126.68304358390495,168.52000427246094,1.172814130783081
2021-08-25,47163.61328125,419.57775837696613,363.2258038632623,144.28419502392072,126.03625209772255,166.74000549316406,1.1728553771972656
2021-08-26,46405.78125,418.0691627312955,361.38963126873074,144.00109506679658,125.34515870983091,166.8300018310547,1.1747844219207764
2021-08-27,46394.28125,418.9124863376052,361.97254183101103,143.33727014912955,125.49580032531455,166.8699951171875,1.1735987663269043
2021-08-28,48499.23828125,,,,,,
2021-08-29,47925.85546875,,,,,,
2021-08-30,46950.2734375,422.33267151100796,366.11132797645763,145.07490345956626,125.859060279079,169.08999633789062,1.1784532070159912
2021-08-31,46750.09375,422.5294300788062,367.5978393420069,147.69114453920625,125.85907308102303,168.75,1.1796486377716064
2021-09-01,46562.4375,423.11974426960506,369.55071178811403,148.71618680019012,126.01858366846787,169.16000366210938,1.1795096397399902
2021-09-02,48652.3203125,423.45708596482183,368.3653587724071,148.77474502994417,127.21468808046352,168.82000732421875,1.1834795475006104
2021-09-03,48386.0859375,423.1197379507082,368.4140308944901,149.44832378980732,127.16152189355066,170.14999389648438,1.186816930770874
2021-09-04,49548.78125,,,,,,
2021-09-05,49538.59765625,,,,,,
2021-09-06,51053.6796875,,,,,,1.1857051849365234
2021-09-07,43285.20703125,422.3607315153163,369.6672343461001,150.71740121777114,126.95772356134627,167.6300048828125,1.1838297843933105
2021-09-08,44561.39453125,420.599103890751,367.68538421987137,150.31716343749,126.70964220012814,166.6999969482422,1.1803170442581177
2021-09-09,45669.73828125,420.467908695529,368.4334415834956,150.28788894400816,127.27669262647528,166.8300018310547,1.1806097030639648
2021-09-10,44344.484375,417.27265062322766,365.54787892335725,145.16276433644302,126.98432221218853,167.14999389648438,1.1819353103637695
2021-09-11,44818.265625,,,,,,
2021-09-12,44790.4609375,,,,,,
2021-09-13,43591.3203125,416.1481298650124,363.57558098876547,145.21158088499752,128.3399330773157,167.39999389648438,1.1770604848861694
2021-09-14,44752.33203125,415.314269621711,363.6339241587504,143.41531883609252,128.42855039704884,167.47999572753906,1.1801999807357788
2021-09-15,46773.328125,415.52039355154807,362.7498174509155,142.88821089491876,128.24243867973638,167.4499969482422,1.1800997257232666
2021-09-16,47079.55859375,416.063839190952,364.04192310029185,143.71799510025087,126.54129841890777,163.22999572753906,1.1751710176467896
2021-09-17,46832.5234375,414.5766789216659,362.1571740657108,142.29271983680104,127.79056833560703,163.39999389648438,1.1729655265808105
2021-09-18,47087.28515625,,,,,,
2021-09-19,46919.8046875,,,,,,
2021-09-20,42598.9140625,403.145796182089,351.052446315012,137.90956733542686,125.78818857843656,164.07000732421875,1.1700559854507446
2021-09-21,39787.609375,407.1033403647797,355.0012589193847,139.38359538478255,126.59447521328472,165.49000549316406,1.1715912818908691
2021-09-22,40625.6328125,407.74258725869817,355.944712563374,140.28171911608493,126.57673972388562,165.02999877929688,1.1717147827148438
2021-09-23,43109.33984375,413.24178453544346,359.9714867131809,142.17555476827644,127.1349465071307,163.27000427246094,1.1684194803237915
2021-09-24,40936.55859375,414.7552447526697,360.13675246373623,142.09744541695585,126.78053540595485,162.74000549316406,1.1701655387878418
2021-09-25,41759.921875,,,,,,
2021-09-26,40848.4609375,,,,,,
2021-09-27,42190.6328125,415.40392931593607,357.6663667698871,140.39890024168955,125.38947710414618,163.50999450683594,1.1686612367630005
2021-09-28,40931.6640625,406.981185972043,349.51566487941074,138.31953384357482,123.65290677491978,161.72999572753906,1.1669973134994507
2021-09-29,40829.66796875,407.83660468931265,348.8251316006727,138.6514307510702,124.20220291270799,160.97000122070312,1.1610087156295776
2021-09-30,41444.58203125,403.0705975741562,347.3271548336355,137.91925008166186,123.6263257088603,162.33999633789062,1.1570056676864624
2021-10-01,43320.0234375,401.61352150069314,344.68170766871515,135.80091312494108,122.55422121110361,163.88999938964844,1.1563901901245117
2021-10-02,47465.49609375,,,,,,
2021-10-03,47157.2890625,,,,,,
2021-10-04,47045.00390625,400.79564501055677,340.73283489219506,134.98090012736012,121.91629022728955,163.47000122070312,1.1588560342788696
2021-10-05,49072.83984375,403.64401892844825,343.8063161750035,136.0449547897289,122.90863944410927,163.49000549316406,1.1583056449890137
2021-10-06,50488.19140625,401.90495407806975,343.48528853603494,135.07850605934124,122.82000015659042,164.14999389648438,1.1530168056488037
2021-10-07,53525.46875,411.92577420062315,352.3362631929019,139.32502120039112,125.59328232971849,163.9600067138672,1.1549345254898071
2021-10-08,53688.0546875,410.9763290353788,350.74115710996455,139.16883903566588,124.96419820802149,164.13999938964844,1.1542545557022095
2021-10-09,53735.14453125,,,,,,
2021-10-10,54264.2578125,,,,,,
2021-10-11,54519.765625,408.56044149355773,348.4944071205362,138.43669034540312,125.61100650777131,163.91000366210938,1.15529465675354
2021-10-12,54477.97265625,406.8307612007708,346.7242695086251,137.68496264197734,125.54897542107167,164.30999755859375,1.1533892154693604
2021-10-13,54370.97265625,405.66502944424553,347.64824449111086,135.88876048394778,124.95532206163666,165.27999877929688,1.1530567407608032
2021-10-14,56957.07421875,412.28295460047235,353.07553911148256,138.14379338196727,126.53244210256493,167.7100067138672,1.1584665775299072
2021-10-15,56868.14453125,417.46256287521214,356.78119324956873,140.09619784320086,127.30329446153094,165.10000610351562,1.1588828563690186
2021-10-16,60206.12109375,,,,,,
2021-10-17,59164.46875,,,,,,
2021-10-18,60012.7578125,416.6917073911921,356.946554138747,139.75457479053856,125.9033841619906,164.80999755859375,1.1573002338409424
2021-10-19,61622.93359375,421.3918922060494,362.5003665716349,143.06390800766076,122.97953579322883,165.1999969482422,1.1614537239074707
2021-10-20,63610.67578125,423.9677318204224,363.2394137154126,144.59659100003023,123.90984285543591,165.92999267578125,1.1618045568466187
2021-10-21,62117.41015625,424.2497443496701,363.6188933750925,144.35250720492448,124.08063576320416,166.24000549316406,1.1633182764053345
2021-10-22,60122.796875,424.00534179657603,362.198805446385,145.1042167942401,124.205495266482,166.6699981689453,1.1622366905212402
2021-10-23,59826.5234375,,,,,,
2021-10-24,59643.34375,,,,,,
2021-10-25,60691.80078125,425.2650009588396,363.3367570240195,144.10844635434742,123.9647338485851,168.52999877929688,1.159326195716858
2021-10-26,59991.16015625,428.2448696453988,367.5677512531877,145.465367092144,125.91719615430586,166.6300048828125,1.1585874557495117
2021-10-27,58208.1875,426.64682658288626,368.92943624733016,144.9577823061733,126.31835748448349,166.86000061035156,1.1585336923599243
2021-10-28,58206.91796875,428.1414439075538,370.7287930405598,146.1585085567286,126.33618117272073,167.52999877929688,1.158319115638733
2021-10-29,60329.96484375,428.2449013910372,370.28144633908767,142.92724374395107,126.61255757779897,165.63999938964844,1.1546677350997925
2021-10-30,60918.38671875,,,,,,
2021-10-31,60074.328125,,,,,,
2021-11-01,59695.18359375,430.72650593190025,373.8996042225349,144.28417043944881,127.03155421042123,166.91000366210938,1.1546677350997925
2021-11-02,60673.0546875,432.4937704821714,376.165848824832,145.11394928812004,126.84433821653093,166.9600067138672,1.1579166650772095
2021-11-03,61184.23828125,433.198910555134,377.84847309738126,146.25615583539988,127.94984534161753,164.3800048828125,1.1563634872436523
2021-11-04,60799.6640625,437.1094162853852,383.1395593613044,147.05666914125726,126.8978342103995,167.3699951171875,1.152923822402954
2021-11-05,60844.609375,438.9237129061649,386.29090398738106,146.70423879606528,129.09099030729277,167.85000610351562,1.151410460472107
2021-11-06,60163.78125,,,,,,
2021-11-07,61432.48828125,,,,,,
2021-11-08,63344.06640625,440.1269602027339,386.5243489401909,146.80197694204415,128.39557072376851,170.05999755859375,1.1551746129989624
2021-11-09,66382.0625,437.946079365355,383.13960148519317,146.7042415538898,128.8948510842343,170.1199951171875,1.157019019126892
2021-11-10,63208.11328125,434.336373208753,376.92445677960063,144.54366421842147,129.79526062118097,172.11000061035156,1.1513441801071167
2021-11-11,64180.48828125,435.94382548251065,379.5603598065973,144.37741797894228,130.34801910972195,173.74000549316406,1.1454885005950928
2021-11-12,62333.9140625,436.2821846286871,379.4532541621437,144.18192440007093,130.14297063674067,173.39999389648438,1.1434059143066406
2021-11-13,63303.734375,,,,,,
2021-11-14,63647.80859375,,,,,,
2021-11-15,63548.14453125,438.2751666643262,381.369441104896,146.08830852560698,130.57977481097942,173.69000244140625,1.1416958570480347
2021-11-16,59016.3359375,439.0647304076264,382.8867438612393,146.0003334167105,131.0611699413996,172.86000061035156,1.1330673694610596
2021-11-17,58515.41015625,439.4501264917785,385.78524107214116,147.61343285568483,130.53522879811828,173.88999938964844,1.127052664756775
2021-11-18,56550.79296875,438.3785863209398,386.57296981590184,149.62733629184328,130.61541786003082,173.52999877929688,1.1315033435821533
2021-11-19,55705.1796875,440.40903566695056,391.56248317329977,153.02953515610952,130.8650725626569,172.24000549316406,1.1252391338348389
2021-11-20,57469.7265625,,,,,,
2021-11-21,58618.9296875,,,,,,
2021-11-22,55679.83984375,439.32797995964046,388.2654000974445,157.3995867561447,130.9007350267829,168.4199981689453,1.123822808265686
2021-11-23,55632.76171875,436.60184177692975,382.16690844188827,155.5029467463392,131.64961951996568,166.52999877929688,1.12271249294281
2021-11-24,55964.22265625,437.29743052339023,381.7972990319402,156.06998937776268,131.65851952434565,166.32000732421875,1.1187809705734253
2021-11-25,57146.68359375,,,,,,1.1203980445861816
2021-11-26,53569.765625,430.32237924723853,379.10313088983804,152.8633499442556,131.32865300855806,166.3699951171875,1.1207997798919678
2021-11-27,53668.35546875,,,,,,
2021-11-28,53576.734375,,,,,,
2021-11-29,56792.52734375,434.0449470141302,384.3262102771607,155.23899986098183,130.86505241966492,166.3800048828125,1.125885248184204
2021-11-30,56057.28125,428.00054482291176,381.02897048546834,156.34371666317804,128.48471961512743,165.3699951171875,1.1246063709259033
2021-12-01,56553.08203125,423.290819754086,376.0587595014493,160.85065831650064,129.13556183999304,166.05999755859375,1.1304160356521606
2021-12-02,55895.1328125,423.3096040929344,373.8217160857389,154.27114554315142,130.99881129049447,164.6300048828125,1.1301862001419067
2021-12-03,52496.5859375,422.0030024782896,368.53061887852476,156.14819360952984,131.64069954325095,165.0,1.1267352104187012
2021-12-04,42874.6171875,,,,,,
2021-12-05,47857.49609375,,,,,,
2021-12-06,47281.03515625,426.36485733203756,368.91963826221985,160.6062196554979,133.896228789678,165.92999267578125,1.1269001960754395
2021-12-07,50175.80859375,431.1495840464495,382.23499570372724,164.57539762665544,134.85905001246365,166.17999267578125,1.1231285333633423
2021-12-08,48765.98828125,438.83908665382853,385.3766784681533,166.88267789889346,133.9764277803217,166.27999877929688,1.12696373462677
2021-12-09,47358.3515625,438.1904779520681,382.760234490901,170.030699970842,135.15325865245197,165.64999389648438,1.1279425621032715
2021-12-10,47023.69921875,438.53832579208637,382.5949085157785,170.78341894665584,136.78471533316258,166.17999267578125,1.1267352104187012
2021-12-11,46942.34765625,,,,,,
2021-12-12,48725.8515625,,,,,,
2021-12-13,45894.84765625,438.3127276826282,381.15544961837924,171.6046566651188,138.10418897706515,166.6699981689453,1.126354455947876
2021-12-14,46424.49609375,432.6536362786152,373.13114112014546,168.35887188331523,139.66427105699634,165.16000366210938,1.1266590356826782
2021-12-15,46671.96484375,433.1143322034432,373.3743101574016,168.4566405154073,140.53796451971127,163.8000030517578,1.1249226331710815
2021-12-16,47529.87890625,436.930843709259,374.66792996001715,166.93156422700537,141.23334576857408,166.94000244140625,1.1282098293304443
2021-12-17,45618.21484375,432.1077064463905,371.32210816631004,165.89524955752734,140.2437827074879,167.77999877929688,1.1268366575241089
2021-12-18,45598.44140625,,,,,,
2021-12-19,46502.953125,,,,,,
2021-12-20,45579.80859375,425.5798060591172,367.6087186657355,163.71512072913166,139.58407085490836,167.05999755859375,1.1237343549728394
2021-12-21,46698.7734375,430.4568968299471,370.2673960601498,165.33794920445052,139.78017541671508,166.74000549316406,1.1261768341064453
2021-12-22,48450.94140625,436.37164043974565,378.0875447528065,168.30022969109157,140.20811821557623,167.11000061035156,1.1265320777893066
2021-12-23,48065.8359375,442.0883418877811,383.8432562962341,171.35046721642092,142.14270829837702,168.00999450683594,1.1291524171829224
2021-12-24,50514.49609375,,,,,,1.1308379173278809
2021-12-25,50236.70703125,,,,,,
2021-12-26,49623.10546875,,,,,,
2021-12-27,50499.46875,445.26738887680665,387.81661549702426,173.1102106304085,143.1857970713837,168.77999877929688,1.1304160356521606
2021-12-28,47414.2109375,449.0879146544429,390.2415601729176,174.5375644683696,144.37148784514437,168.6199951171875,1.1290377378463745
2021-12-29,46201.49609375,448.95590766548065,388.68331247336454,174.15627017338588,145.38778619641243,167.27999877929688,1.1275355815887451
2021-12-30,46060.3125,448.72005255913206,389.3066296016768,174.10740987004013,144.96878972921039,168.3699951171875,1.1300712823867798
2021-12-31,45819.953125,447.7766221637112,386.9595824300405,173.29593427269404,144.8350375790587,170.0399932861328,1.1305055618286133
2022-01-01,46288.484375,,,,,,
2022-01-02,46856.9375,,,,,,
2022-01-03,45835.96484375,447.0031490248722,386.51168907670075,173.73588518068755,142.5349535344789,168.0,1.1285407543182373
2022-01-04,45752.46484375,448.63508224842974,383.01547947908756,175.1143499260673,144.58546090344416,168.72999572753906,1.1273448467254639
2022-01-05,42798.22265625,441.74876904962457,373.99727123272066,170.73453308424857,145.67308161848092,168.89999389648438,1.1277644634246826
2022-01-06,42645.5390625,439.06023879788046,370.199219910222,167.80164498917833,144.96881371810363,166.86000061035156,1.1285535097122192
2022-01-07,41077.4453125,438.32441429273644,368.1638487324076,167.2052575825263,144.38038409157963,166.86000061035156,1.1290504932403564
2022-01-08,40672.27734375,,,,,,
2022-01-09,41338.16015625,,,,,,
2022-01-10,39796.5703125,430.7305201228873,359.661847242509,164.4092049558039,142.79352555180103,167.30999755859375,1.1288337707519531
2022-01-11,41407.75390625,435.8716833675285,367.36520682533364,167.0000045144569,139.88715015407388,168.3699951171875,1.1315544843673706
2022-01-12,42528.98828125,442.37135493830107,374.95166559429856,170.91051556767007,140.70734545340358,170.00999450683594,1.1355764865875244
2022-01-13,42447.04296875,437.1828801948643,366.8587893280662,167.94824595979313,140.66279582696376,169.27000427246094,1.1436413526535034
2022-01-14,41982.6171875,433.8435208770397,365.06685520469034,167.26391395832079,140.466617084535,169.47999572753906,1.1410053968429565
2022-01-15,42669.03515625,,,,,,
2022-01-16,42691.0234375,,,,,,
2022-01-17,41680.3203125,,,,,,1.1393154859542847
2022-01-18,41392.21484375,429.51363184456824,360.10976342201275,165.62151446360372,139.11153905821334,169.08999633789062,1.1329647302627563
2022-01-19,41242.9140625,425.88166536173696,356.6427964175311,162.22909557704548,139.94068216149591,170.1999969482422,1.1319515705108643
2022-01-20,40672.82421875,419.3160155840139,351.73458306737507,160.50846314939517,143.51969122752132,171.58999633789062,1.1330161094665527
2022-01-21,35791.42578125,413.1371366485651,342.21976511466244,158.67050497614542,145.29440326556048,170.74000549316406,1.1302244663238525
2022-01-22,34349.25,,,,,,
2022-01-23,34784.96875,,,,,,
2022-01-24,33184.05859375,396.9210694706066,325.4204523266668,151.24045969712583,142.26482471607704,170.85000610351562,1.1291396617889404
2022-01-25,35779.4296875,402.9490001504662,332.75364016664133,153.5085752311325,141.52088474583053,171.77999877929688,1.1266844272613525
2022-01-26,36374.90625,404.5620902381432,331.87721121554597,154.2906743409117,140.16743467098567,169.47999572753906,1.1272051334381104
2022-01-27,35629.28125,405.1187484129023,331.1661951151734,154.7403664665498,142.1393271036164,167.3300018310547,1.1133501529693604
2022-01-28,36211.109375,403.5810494178644,329.12122365288917,159.15932862262193,141.00996609914736,166.3699951171875,1.1123347282409668
2022-01-29,37406.47265625,,,,,,
2022-01-30,37437.7109375,,,,,,
2022-01-31,36733.57421875,414.8917534598383,342.33661867714983,165.71926239899202,142.3992488062394,167.4600067138672,1.114504098892212
2022-02-01,38113.6640625,421.61779092107525,349.7575268593015,168.45660195631405,141.37745367651488,167.8699951171875,1.1222084760665894
2022-02-02,36832.73046875,427.38159553014776,354.7730532032093,169.45380581653876,142.93709499219023,168.16000366210938,1.126697063446045
2022-02-03,36375.5390625,420.4574079668399,343.25204770428917,168.27089152715305,144.8641798280615,167.02999877929688,1.1272051334381104
2022-02-04,37093.62890625,418.68391054953764,342.77494938368886,167.07569202403184,144.67596882665603,167.99000549316406,1.1413440704345703
2022-02-05,41038.09765625,,,,,,
2022-02-06,41244.90625,,,,,,
2022-02-07,41748.15625,420.58949956003295,344.5960180338166,167.33999039041194,143.11635456925362,169.19000244140625,1.1416698694229126
2022-02-08,42807.8359375,419.99522006477935,343.58319902478024,167.80986639624405,143.09842447948856,169.9499969482422,1.1397050619125366
2022-02-09,43232.96875,429.2305914308077,352.6597416325567,171.20658637108463,142.757784514261,170.5500030517578,1.1403288841247559
2022-02-10,43402.80859375,421.86306271080866,347.2254922938927,167.92730472233933,140.40937994674624,170.4600067138672,1.1380836963653564
2022-02-11,42114.5390625,414.0710421144383,336.76604124970885,164.4914455219278,139.45033220993002,170.7100067138672,1.1371259689331055
2022-02-12,41852.57421875,,,,,,
2022-02-13,41950.94140625,,,,,,
2022-02-14,41681.95703125,410.67498861776903,334.9059384823163,163.04267549502603,137.46051176224444,173.67999267578125,1.1292799711227417
2022-02-15,42491.03515625,418.0708341137334,342.62883253219337,166.65477315145358,139.9254160420708,172.38999938964844,1.1305822134017944
2022-02-16,43456.69140625,416.90101515729776,341.54778412878585,166.4589825612284,140.06883510531338,173.47999572753906,1.1345458030700684
2022-02-17,40249.37109375,411.693821753136,336.0065344088339,164.91234475439344,141.03688269792826,176.38999938964844,1.13275945186615
2022-02-18,39637.6171875,407.3544691120626,330.2800552572967,162.68051421778296,142.3544594919491,176.50999450683594,1.131580114364624
2022-02-19,39713.05859375,,,,,,
2022-02-20,38112.8125,,,,,,
2022-02-21,36950.4765625,,,,,,1.1314136981964111
2022-02-22,36488.93359375,401.7321096953835,325.61520592456526,158.72581758393332,140.41836280940328,176.82000732421875,1.1289101839065552
2022-02-23,37201.81640625,397.47765898241863,320.502409126815,156.37649344425944,139.46829203188025,177.36000061035156,1.1307356357574463
2022-02-24,34459.21875,387.374371425244,309.9455304218847,148.79015546543386,134.9507943484744,175.27000427246094,1.1110494136810303
2022-02-25,38111.34375,403.6187784215898,328.5758267705903,157.472871153436,136.4655690798162,175.7899932861328,1.1168068647384644
2022-02-26,38702.53515625,,,,,,
2022-02-27,37268.9765625,,,,,,
2022-02-28,37518.21484375,406.29791910816897,332.40308174554,158.99992064321486,137.87285350608641,176.5,1.1143178939819336
2022-03-01,42952.5859375,402.9112639395008,330.0463008202966,158.54961021930214,136.54625814000158,179.02999877929688,1.1102105379104614
2022-03-02,43432.8515625,407.1186004140651,331.35132644345447,159.50892707803538,136.7793158456735,178.7899932861328,1.1058521270751953
2022-03-03,41914.75,409.222167776321,331.4584068955942,162.05401727070716,137.82801313583593,179.5,1.1039842367172241
2022-03-04,38805.84765625,403.63765086397046,326.1703304000487,158.67689221468046,136.73450395029894,181.36000061035156,1.0890042781829834
2022-03-05,38777.03515625,,,,,,
2022-03-06,38211.6484375,,,,,,
2022-03-07,37260.203125,395.60034091096946,316.16854142817226,155.68145512983824,135.47066434439253,184.22000122070312,1.0808590650558472
2022-03-08,37957.38671875,391.6005521986846,311.58166951225644,152.50994347183405,131.38346499252782,188.25999450683594,1.0851165056228638
2022-03-09,38706.09375,398.86430336951577,320.49251631613174,156.04368834876885,132.48588068550214,184.75999450683594,1.0897876024246216
2022-03-10,38832.94140625,396.61916949340304,318.1747625099664,152.6861150001443,129.0171264277245,184.99000549316406,1.0982131958007812
2022-03-11,38347.43359375,395.7607587468195,315.4381417913107,151.23737032666907,128.20144583047465,183.44000244140625,1.0934697389602661
2022-03-12,38772.53515625,,,,,,
2022-03-13,37728.14453125,,,,,,
2022-03-14,37680.734375,392.23261691926257,309.1566578705163,146.93030751756515,128.48833354406003,181.9499969482422,1.0902509689331055
2022-03-15,38310.2109375,394.71365716973366,310.8901684049329,147.2043670461277,131.66128682779413,178.00999450683594,1.093948245048523
2022-03-16,39022.34765625,400.7321381601262,319.8206237661332,151.19823606106897,132.69208297426817,176.8699951171875,1.0955781936645508
2022-03-17,40662.87109375,408.6468044640496,328.2348588144383,154.30128444798586,133.10437431497704,180.64999389648438,1.1021226644515991
2022-03-18,40302.3984375,413.72981682419214,332.62714046985855,156.38626546421042,132.87134110991235,179.0399932861328,1.1005337238311768
2022-03-19,41602.66796875,,,,,,
2022-03-20,41004.7578125,,,,,,
2022-03-21,40668.04296875,417.00392141262006,336.96785649515317,159.56764191840216,133.76764958502156,179.32000732421875,1.1026087999343872
2022-03-22,40948.28125,421.9055997031732,341.4727846671497,161.42752475473955,134.9149684855494,178.32000732421875,1.0961546897888184
2022-03-23,41877.5078125,419.8711071405114,343.0036619245531,164.1096487837443,135.06729593666333,179.75999450683594,1.096575379371643
2022-03-24,42726.1640625,420.8647048360825,342.8280596036386,166.6156015912022,134.59226739159573,181.77000427246094,1.0969964265823364
2022-03-25,43706.28515625,424.33751705816746,346.09467182471184,169.10196511927478,135.8023472661147,181.35000610351562,1.0982975959777832
2022-03-26,44166.2734375,,,,,,
2022-03-27,44437.29296875,,,,,,
2022-03-28,46690.203125,425.8799424500739,349.1466238085177,168.36781639958284,136.80616781261318,178.85000610351562,1.094534993171692
2022-03-29,47100.4375,432.6174129701443,356.9374753723277,172.6161644453855,138.05210783348167,176.69000244140625,1.097044587135315
2022-03-30,46746.2109375,431.94558524771077,356.45978455100527,172.96854916161706,136.187747754831,179.67999267578125,1.108905553817749
2022-03-31,45390.5390625,426.9208087850542,352.66669581766195,170.71709656651754,136.6000338945403,180.55999755859375,1.1074001789093018
2022-04-01,44403.140625,425.00942048618305,349.65366014256847,168.3091113767006,136.295303267895,178.97999572753906,1.1029735803604126
2022-04-02,45782.51171875,,,,,,
2022-04-03,45634.10546875,,,,,,
2022-04-04,45235.81640625,427.96172050083106,353.4077415692185,170.7563283054037,135.57820546045326,179.5800018310547,1.0980926752090454
2022-04-05,45544.80859375,425.6528684021026,350.96027939900637,170.73670541562527,137.62185603017738,178.92999267578125,1.092132329940796
2022-04-06,43193.953125,419.64405824278475,341.8236956662973,166.53728819844997,137.98038937021212,178.6999969482422,1.0875712633132935
2022-04-07,42899.90625,419.7008059045146,340.0004213866467,166.2632477962957,140.6962344227967,179.8000030517578,1.08672034740448
2022-04-08,42183.2890625,421.98131186663085,339.8151789357996,165.62694868711696,142.44409843431941,180.52000427246094,1.0836936235427856
2022-04-09,42183.25390625,,,,,,
2022-04-10,42021.20703125,,,,,,
2022-04-11,39373.05859375,415.7832051098399,332.05355267874603,162.00508096962494,142.18414594607844,181.11000061035156,1.0874648094177246
2022-04-12,39388.328125,413.1904676419976,329.61579631478435,163.1209966207163,142.24689096716793,182.9600067138672,1.0851871967315674
2022-04-13,39712.74609375,414.316556448872,330.6103830960466,163.24825626550125,142.25587150526724,184.1300048828125,1.0810343027114868
2022-04-14,39695.74609375,414.16502940715344,329.78148361179234,161.55479409572018,142.02281795803816,182.8800048828125,1.0758588314056396
2022-04-15,39866.83203125,,,,,,1.0798786878585815
2022-04-16,40078.42578125,,,,,,
2022-04-17,39620.89453125,,,,,,
2022-04-18,38696.19140625,412.2062931005156,327.4218793147686,160.1158132536157,140.30188017000984,184.38999938964844,1.0783647298812866
2022-04-19,40618.6328125,414.1650795150678,328.5822463696504,160.44865367684753,140.0957120015056,181.3300018310547,1.0761945247650146
2022-04-20,40961.09765625,419.6535150384919,331.48790762443156,162.59240492951264,143.4121320291365,181.35000610351562,1.0784810781478882
2022-04-21,40063.828125,413.61627398000866,324.8964768228615,162.40641490220864,146.40700867743385,180.77999877929688,1.082438588142395
2022-04-22,39315.41796875,402.5826816695929,316.8617647243402,158.08954369720692,145.0369113951604,179.74000549316406,1.077284336090088
2022-04-23,39352.203125,,,,,,
2022-04-24,39233.5390625,,,,,,
2022-04-25,38338.37890625,396.33728283967,314.3947969464285,155.113739965227,144.03642752122553,176.47999572753906,1.0700336694717407
2022-04-26,37884.984375,393.71615029439,308.963613047289,153.41048764569481,143.9913566629173,176.9199981689453,1.0644639730453491
2022-04-27,37997.3125,392.7130949238464,307.1499703456552,152.0987839265491,143.4145234223842,175.5,1.0516685247421265
2022-04-28,38941.421875,395.1639313315665,309.60718236628287,155.57379800357486,143.55875197761978,175.69000244140625,1.0472848415374756
2022-04-29,38235.53515625,389.1171818200173,304.8098078954962,153.9292842451666,144.396968586427,176.7100067138672,1.0505415201187134
2022-04-30,37697.94140625,,,,,,
2022-05-01,37585.7890625,,,,,,
2022-05-02,38156.5625,383.2597775315031,301.9332771565138,150.03336604127583,140.78254714935255,172.97999572753906,1.0503981113433838
2022-05-03,37585.62109375,391.1517255979903,308.1055647642228,153.0189401124905,139.71891627356973,173.85000610351562,1.0494390726089478
2022-05-04,37732.05859375,391.4829309462933,306.06759352469203,155.8968429541357,139.84512842750877,173.6699981689453,1.0506519079208374
2022-05-05,35856.515625,387.44233342518896,301.9040864058934,151.67786848905013,138.0334262945566,174.66000366210938,1.0504642724990845
2022-05-06,35482.1328125,383.9316224860018,297.5064313350277,151.1458596477854,138.69139313080515,174.86000061035156,1.048536777496338
2022-05-07,34940.82421875,,,,,,
2022-05-08,33878.96484375,,,,,,
2022-05-09,30296.953125,375.19754216123187,288.3504861060333,148.50880608897836,137.6818913642079,172.7899932861328,1.0496593713760376
2022-05-10,29944.802734375,373.60776787459224,289.1792773813539,149.92045170349726,138.75451730888395,171.1999969482422,1.0527312755584717
2022-05-11,28170.4140625,370.9014225253903,283.69930314607365,142.94056542836282,137.32136262178452,172.1999969482422,1.0507071018218994
2022-05-12,26350.490234375,364.4573366484498,277.8390539510273,136.06854586723028,135.09501345110536,169.89999389648438,1.0373551845550537
2022-05-13,28782.330078125,374.35527733219214,286.7512378445897,140.29371306035543,135.58174794133188,168.00999450683594,1.0351966619491577
2022-05-14,28702.91015625,,,,,,
2022-05-15,29527.740234375,,,,,,
2022-05-16,29251.884765625,376.23839244839405,289.7252732031268,141.34266624082053,137.03288807459046,168.33999633789062,1.0391337871551514
2022-05-17,29570.302734375,380.9508462343475,293.0600684613582,143.7934664467187,137.97034123364614,169.13999938964844,1.0432424545288086
2022-05-18,28720.271484375,369.5671465773128,282.62666121076023,137.14687404841018,130.28177513649652,168.80999755859375,1.0492409467697144
2022-05-19,28708.955078125,366.31207818026047,280.4132753536652,133.91182362893935,126.7304421774012,170.88999938964844,1.0466053485870361
2022-05-20,28793.60546875,360.09505993665994,273.22694793489995,130.00037534307543,125.4504664756521,170.88999938964844,1.0541073083877563
2022-05-21,29027.39453125,,,,,,
2022-05-22,29275.18359375,,,,,,
2022-05-23,28975.560546875,369.4063326029317,280.1305767702019,134.9411873997547,128.06444642565913,172.27999877929688,1.0568702220916748
2022-05-24,28786.58984375,366.1699941920025,275.21615060325445,134.62745335548652,130.53413691381687,173.35000610351562,1.0662003755569458
2022-05-25,29384.94921875,370.83522098115014,278.3850910959002,135.61757730341805,129.34435904524813,171.72999572753906,1.064407229423523
2022-05-26,28261.90625,377.04278616008014,282.9192326893722,134.44120114221013,130.73244290393117,171.75999450683594,1.0664504766464233
2022-05-27,28326.61328125,385.7957888065358,294.88351076094557,142.40141055796454,132.16562597107287,172.63999938964844,1.0698047876358032
2022-05-28,28554.56640625,,,,,,
2022-05-29,28841.107421875,,,,,,
2022-05-30,29303.572265625,,,,,,1.0727427005767822
2022-05-31,31286.154296875,388.00062391684565,296.7458675248366,143.95033814163904,131.74196664509628,171.0800018310547,1.068216323852539
2022-06-01,29501.587890625,385.06716741079504,296.1609391400475,144.77380960507372,130.43500140342638,171.38999938964844,1.063173770904541
2022-06-02,29652.705078125,385.1712709822698,295.83908850416947,143.96991252402043,128.5601802778303,173.49000549316406,1.064565896987915
2022-06-03,29375.689453125,387.5086154520342,297.321174666632,141.61714962601158,130.8045646131061,172.25,1.0706638097763062
2022-06-04,29500.005859375,,,,,,
2022-06-05,29574.44921875,,,,,,
2022-06-06,29894.1875,388.49267756993027,298.0037404098427,142.04849579123675,130.32681894307837,171.64999389648438,1.0686043500900269
2022-06-07,29311.68359375,385.71065883338656,295.1467050816167,141.26427330966123,129.28125972095015,171.99000549316406,1.0652804374694824
2022-06-08,29944.404296875,388.33181201108613,299.1250143143734,144.55811838609154,130.68738935026718,172.6699981689453,1.0673270225524902
2022-06-09,30020.265625,379.8721008300781,291.77300439528057,139.72514139394366,128.29876382672788,171.5800018310547,1.0647132396697998
2022-06-10,28978.146484375,368.8101807755536,281.19337858382175,134.36278209908923,125.69384195092726,170.4600067138672,1.0507733821868896
2022-06-11,28236.212890625,,,,,,
2022-06-12,26762.6484375,,,,,,
2022-06-13,22141.2578125,353.2439841844837,267.6884953550074,128.85340060932865,124.05340037927401,169.61000061035156,1.041905403137207
2022-06-14,20950.818359375,350.6796092755737,266.5280973788367,128.89260543359612,119.46549705525034,168.3000030517578,1.0398253202438354
2022-06-15,20178.376953125,352.1273619331276,269.7166378626102,129.55923814253225,116.72538963113941,169.0800018310547,1.0386265516281128
2022-06-16,20265.2265625,344.5193632718366,262.5693676236084,126.50057227144765,117.71692384883177,170.1699981689453,1.0382598638534546
2022-06-17,20326.51953125,344.19238154711957,263.76862884099694,127.25546187351353,118.46501684385666,170.97000122070312,1.0445609092712402
2022-06-18,17708.623046875,,,,,,
2022-06-19,18067.15234375,,,,,,
2022-06-20,19689.169921875,,,,,,1.048635721206665
2022-06-21,20415.0625,353.35383919081494,272.2183118950251,130.69639115129178,120.2677249073641,170.47000122070312,1.0514252185821533
2022-06-22,19848.078125,351.80477429485757,271.50522767427793,131.27476747959807,122.28677324585479,171.10000610351562,1.0471861362457275
2022-06-23,19950.1171875,354.3802275814878,273.84990000039403,132.96093402675356,125.19812770425611,169.89999389648438,1.0484488010406494
2022-06-24,20777.51171875,362.43928023680013,280.87409672687795,137.01944763359853,129.00182841242835,169.85000610351562,1.0513699054718018
2022-06-25,20964.5859375,,,,,,
2022-06-26,21016.26953125,,,,,,
2022-06-27,20620.19921875,368.2079631712672,284.57681329074364,138.19582964679236,128.63227802614662,169.75,1.0550860166549683
2022-06-28,20228.8125,361.6409966809316,276.81983905686894,134.61765682035212,126.71238744745439,169.50999450683594,1.0505746603012085
2022-06-29,19937.791015625,359.6358019467903,274.367685716769,133.98046254650382,127.22618244414654,169.1699981689453,1.0468025207519531
2022-06-30,18729.65625,354.06663699104956,269.4242053400514,131.13750634293814,127.29830831397464,168.24000549316406,1.0383893251419067
2022-07-01,19073.708984375,355.2450444294537,270.645460260721,132.99036001507756,129.25419284820657,166.9600067138672,1.036989450454712
2022-07-02,19027.08203125,,,,,,
2022-07-03,18966.951171875,,,,,,
2022-07-04,19063.06640625,,,,,,1.041807770729065
2022-07-05,19341.232421875,354.3896990068369,270.3719005317924,134.2353254229341,128.47903576816043,164.41000366210938,1.0237300395965576
2022-07-06,19823.51171875,360.75716958402745,279.0081224051555,138.30365057809186,130.6693577937229,161.47000122070312,1.0162187814712524
2022-07-07,20296.103515625,364.2449625145711,282.95505535271474,140.46036340026106,130.33581175494058,162.05999755859375,1.015331506729126
2022-07-08,21257.453125,366.516386504775,284.4107190661529,142.14649942878123,130.3088097821777,161.83999633789062,1.007973074913025
2022-07-09,21445.95703125,,,,,,
2022-07-10,20727.123046875,,,,,,
2022-07-11,19924.5390625,364.46348303384576,281.4993794557012,140.95054251842944,130.4079616586624,161.3800048828125,1.0054292678833008
2022-07-12,19308.53125,360.17742508846254,278.0507189970314,142.19553604555907,130.12855021045615,160.72000122070312,1.0001100301742554
2022-07-13,18999.953125,356.0623395287953,273.5665491820136,139.3232154144063,129.98432230752545,160.05999755859375,0.9998899698257446
2022-07-14,19689.2578125,352.6220841639683,273.3515675906992,140.43095716603992,129.3173176206269,158.22000122070312,0.9953616261482239
2022-07-15,20397.0,361.6505700647993,281.4407401317298,145.28353435270415,129.88517608809943,158.35000610351562,1.0010610818862915
2022-07-16,20518.8984375,,,,,,
2022-07-17,20778.1796875,,,,,,
2022-07-18,20781.912109375,361.7645044246578,281.55805071888204,143.81306761767442,129.04690663840157,159.0500030517578,1.008237361907959
2022-07-19,21683.40625,366.2598163377438,284.75268212662314,144.01896354895925,129.47054893684313,159.3300018310547,1.0125659704208374
2022-07-20,23009.94921875,371.6197609648057,291.06376504505164,147.41085002655058,126.76649506932867,158.02999877929688,1.0175942182540894
2022-07-21,22431.1484375,372.1900378364041,293.84809053251774,148.94996398855773,126.05623064764379,158.27000427246094,1.016311764717102
2022-07-22,22603.416015625,373.2544293512537,293.20337457134076,150.3910214648786,127.61667172342977,160.35000610351562,1.0133970975875854
2022-07-23,22002.91015625,,,,,,
2022-07-24,22306.83984375,,,,,,
2022-07-25,21361.642578125,373.69161069797406,291.3470802058321,149.2832351431614,129.30405907720024,159.80999755859375,1.0180604457855225
2022-07-26,20776.81640625,370.59338295368127,286.77495709106614,147.83237855759032,128.5601240151598,159.7899932861328,1.011398434638977
2022-07-27,21070.806640625,374.4898888264092,291.5815374204187,149.16565257909815,130.21126792847085,159.50999450683594,1.0107442140579224
2022-07-28,22722.265625,378.3863339855172,295.77266327411724,151.37134852302864,131.61742284948636,162.8800048828125,1.0115723609924316
2022-07-29,23481.173828125,386.57854047512916,302.7872963137767,156.36120501340108,125.40308173424937,163.27999877929688,1.014857530593872
2022-07-30,23580.5078125,,,,,,
2022-07-31,23275.703125,,,,,,
2022-08-01,22890.796875,388.1275616169894,305.32730707021403,157.72382510643268,125.43937059565263,164.41000366210938,1.0209603309631348
2022-08-02,22710.083984375,386.6260350117583,304.6532407546723,156.48861801917639,128.61455690741556,164.02000427246094,1.0183714628219604
2022-08-03,22747.8359375,389.6481992309968,308.7075738546769,157.58658648416494,127.83438100953163,163.47999572753906,1.0123199224472046
2022-08-04,22485.701171875,391.96703995040895,313.37742046943487,161.19417977979222,130.64669903676776,165.33999633789062,1.0155996084213257
2022-08-05,22612.177734375,389.2680591655284,311.0523190922462,160.01426786699392,129.521783869823,164.8699951171875,1.014363408088684
2022-08-06,22961.279296875,,,,,,
2022-08-07,22894.556640625,,,,,,
2022-08-08,23176.546875,391.3873233872075,311.8533561934375,161.1922805564501,131.29991122328735,165.92999267578125,1.0160020589828491
2022-08-09,22982.0,389.8572393634721,308.1507440589596,160.25968547297944,131.08216433855375,166.82000732421875,1.0189213752746582
2022-08-10,22771.51953125,396.03460162898654,314.63768179382663,163.8428352480907,131.89865203787554,166.6199951171875,1.0203040838241577
2022-08-11,23900.99609375,398.40099222133176,315.9076762566471,165.10916355182533,131.48133635265938,166.30999755859375,1.0276330709457397
2022-08-12,23657.265625,400.130652464098,317.6076032036241,166.29703098384923,131.5085763744538,166.8300018310547,1.0239607095718384
2022-08-13,24346.115234375,,,,,,
2022-08-14,24206.259765625,,,,,,
2022-08-15,23839.775390625,403.6279665910464,321.80850161156644,168.2112860947607,133.1324953050669,165.44000244140625,1.0182262659072876
2022-08-16,23733.5,405.69021358179475,321.57404097671457,168.51564947224608,134.59307363510467,165.17999267578125,1.0123404264450073
2022-08-17,23243.353515625,403.4664614502562,318.8385482664983,169.40896440067246,135.06480854537645,163.9499969482422,1.0148060321807861
2022-08-18,23177.6015625,404.37873850839094,319.25861865265955,169.94885973714076,134.7382307287599,163.5399932861328,1.0113166570663452
2022-08-19,20868.84765625,400.3112016877868,314.65725825508906,168.17205964818893,134.91964935528722,162.6199951171875,1.003623127937317
2022-08-20,20856.73046875,,,,,,
2022-08-21,21103.197265625,,,,,,
2022-08-22,20939.18359375,391.92899331076484,306.3042843906594,164.0784180378036,135.02853233160522,161.36000061035156,0.99277263879776
2022-08-23,20955.138671875,391.33024395653683,306.10884119104537,163.59737044179144,132.29784253879964,161.91000366210938,0.9903146624565125
2022-08-24,21195.005859375,390.9691636437866,305.77671762390725,163.20475103663767,131.6537021854952,162.3699951171875,0.9911981225013733
2022-08-25,21362.44140625,393.5351851989176,308.4828487016471,165.26629230145085,131.0821745685893,163.24000549316406,0.995678722858429
2022-08-26,20199.482421875,385.13392912672487,300.26663099508613,160.56398047750997,128.84135288856544,161.5500030517578,0.9947279095649719
2022-08-27,19890.5234375,,,,,,
2022-08-28,19616.814453125,,,,,,
2022-08-29,19600.78515625,381.28497221012304,296.2904773933453,156.89248233046595,127.93419633510862,161.6999969482422,0.9914930462837219
2022-08-30,19617.640625,376.3430994030369,291.56202298100885,154.83095626158936,126.927153050441,160.33999633789062,0.998342752456665
2022-08-31,19799.58203125,375.43077674086555,292.2654437015311,154.2616125155062,125.06738312276615,159.25999450683594,0.9971680045127869
2022-09-01,19653.96875,370.6789987050582,286.1986351945544,151.8368751102563,124.0694707333603,157.32000732421875,0.9917388558387756
2022-09-02,19814.765625,370.954581494423,286.7554342127629,152.13135334781393,123.8789768564442,159.13999938964844,0.9951239228248596
2022-09-03,19698.35546875,,,,,,
2022-09-04,19636.81640625,,,,,,
2022-09-05,19673.046875,,,,,,0.9880836606025696
2022-09-06,18800.171875,369.1394387470958,284.1665430671821,150.8747921160952,122.73589673148074,158.32000732421875,0.9865143895149231
2022-09-07,18644.466796875,370.8310028776724,286.51115631694785,150.7962505650505,123.39813973797013,158.0800018310547,0.9877811670303345
2022-09-08,19076.71484375,374.5563749860969,288.64095359084064,149.88331299426738,123.43443984485465,158.7100067138672,0.9933445453643799
2022-09-09,19310.962890625,382.4824514443837,293.5941026228412,151.91539245059826,124.55937083167574,159.41000366210938,1.000930905342102
2022-09-10,21168.72265625,,,,,,
2022-09-11,21406.9453125,,,,,,
2022-09-12,21603.896484375,388.1846213728781,301.07761394654864,156.38204700518378,126.2014148963268,160.5500030517578,1.0064716339111328
2022-09-13,20062.669921875,372.46561674955393,286.0422735138361,150.56065692569356,125.06742830911993,158.38999938964844,0.9995802044868469
2022-09-14,19793.396484375,371.7053054907733,286.3060271060787,150.79629120920487,124.89502440306373,157.72999572753906,0.9963633418083191
2022-09-15,19636.734375,369.48152401791003,282.78892589454506,148.6071081028978,123.96059583577902,154.6199951171875,0.9957482218742371
2022-09-16,19400.076171875,364.6342868550473,279.0374814471277,145.65223775657734,124.3869885323972,154.33999633789062,0.994579553604126
2022-09-17,19777.033203125,,,,,,
2022-09-18,19387.4921875,,,,,,
2022-09-19,18390.318359375,364.701089599931,279.94998919789094,146.36888718799335,124.49584039755219,154.82000732421875,0.9966810345649719
2022-09-20,18813.455078125,363.76599177517704,280.2827301687522,150.2759512881002,123.86080820653588,154.58999633789062,0.9957084655761719
2022-09-21,18290.314453125,360.12063601648464,277.3858843726527,150.78643873263653,123.1169290187403,154.00999450683594,0.9869135022163391
2022-09-22,18415.591796875,356.3608073472819,272.88376047398026,148.14571882351763,122.69052768626949,155.30999755859375,0.9811038970947266
2022-09-23,18617.552734375,346.67503807204696,266.2284498262833,145.83875792782328,121.52022761347888,152.63999938964844,0.9703933596611023
2022-09-24,18861.974609375,,,,,,
2022-09-25,18696.46875,,,,,,
2022-09-26,18721.28515625,346.42691809015844,267.73565988107157,146.898964278694,122.46372351787183,151.02999877929688,0.9582307934761047
2022-09-27,18915.66796875,344.36564948559527,266.31651228221097,147.20332025510484,119.48809659751817,151.5,0.9594534635543823
2022-09-28,18553.296875,346.01663630256644,267.13866082863075,142.18687900699845,119.01634564791934,152.92999267578125,0.954016387462616
2022-09-29,18924.353515625,343.24923029563433,263.1162377169965,138.10311583907216,116.35822768832847,153.16000366210938,0.9638276100158691
2022-09-30,19265.662109375,340.7109004194997,261.41322716628036,135.47221503631138,114.49844756934027,154.57000732421875,0.9736055731773376
2022-10-01,19231.08203125,,,,,,
2022-10-02,18970.62109375,,,,,,
2022-10-03,19025.2265625,342.78161312339256,261.83413377480724,135.1678497151715,114.92484048226615,155.22999572753906,0.9753623604774475
2022-10-04,19523.83984375,349.80500664731017,273.0500687714272,141.6174906956308,116.75739973762164,158.9199981689453,0.9806710481643677
2022-10-05,19801.80078125,353.98463866038963,269.55611024700687,140.39038961833376,116.20399187698135,158.3800048828125,0.9835453629493713
2022-10-06,19900.087890625,355.6355383734306,273.4806896755464,142.55995305808347,114.62546700340145,158.9499969482422,0.9789333343505859
2022-10-07,19395.79296875,344.432509914981,262.0396367491258,136.8956342636469,112.27580956625378,157.67999267578125,0.9731696844100952
2022-10-08,19299.4140625,,,,,,
2022-10-09,19349.259765625,,,,,,
2022-10-10,19102.978515625,341.31200474894814,258.026901375244,136.03178109548642,110.8424081164422,155.1199951171875,0.96825110912323
2022-10-11,18925.603515625,339.44174858833856,255.47250249875546,135.68814610919395,112.13065005593607,154.9199981689453,0.9673987030982971
2022-10-12,19029.7578125,340.0046893387279,256.37293475983284,135.62928879673916,112.86548014472847,155.25999450683594,0.9669683575630188
2022-10-13,18319.822265625,332.1892890254387,248.84665765011223,131.90868942611982,111.5137375625102,152.9199981689453,0.9635953307151794
2022-10-14,19115.408203125,340.63455517563204,254.60141229660815,135.6587537430503,113.19207385042401,152.72000122070312,0.9709492325782776
2022-10-15,19019.25,,,,,,
2022-10-16,19068.9140625,,,,,,
2022-10-17,19173.333984375,340.9399103655982,261.06087941416854,137.70060693296034,114.18092930041597,153.32000732421875,0.9724504947662354
2022-10-18,19144.76953125,350.7115811797056,263.01835861749873,138.03439937209953,115.81389942605958,153.24000549316406,0.9814602136611938
2022-10-19,19127.6875,348.83163450834223,262.3626192311699,138.9080820775627,117.4922422177892,151.5399932861328,0.9760192036628723
2022-10-20,18971.458984375,347.9346598802896,262.21582598157306,140.0370229627389,115.74046176377664,151.27000427246094,0.9755526185035706
2022-10-21,18770.970703125,346.913644240023,261.1392160824891,140.03701908535325,115.55773536750684,151.8300018310547,0.9707323908805847
2022-10-22,19132.244140625,,,,,,
2022-10-23,19124.197265625,,,,,,
2022-10-24,19206.32421875,356.0459031598392,266.1795894710103,143.32569117619283,117.26624354939713,153.05999755859375,0.9808922410011292
2022-10-25,19261.447265625,361.35160801427605,271.98325299591863,146.62407507055755,117.37586971246503,153.8300018310547,0.9852216839790344
2022-10-26,20076.1171875,363.90905946867207,271.5233101517326,145.32830191392304,119.13920613074761,154.77999877929688,0.9944608211517334
2022-10-27,20255.373046875,361.9814193866082,266.5416795676331,141.4899488722307,120.14422002228883,154.22000122070312,0.9976455569267273
2022-10-28,20086.068359375,362.3154669828309,266.2676250408862,145.11234293200243,121.44160681917793,152.5,0.9931473135948181
2022-10-29,20566.484375,,,,,,
2022-10-30,20547.462890625,,,,,,
2022-10-31,20287.458984375,367.6402793522776,270.1139653810978,149.1372016307876,122.6658764360342,151.88999938964844,0.9873520135879517
2022-11-01,20359.845703125,365.7603239323339,268.8905983822977,146.3983105936967,122.28217042965251,152.8699951171875,0.9862127304077148
2022-11-02,20087.134765625,357.6205086522629,259.9549206918271,142.34397906464244,121.3410987924988,152.25999450683594,0.9867576956748962
2022-11-03,20086.240234375,351.92349163838855,254.56227340428416,136.2084665510831,119.65086396165005,150.57000732421875,0.9731224179267883
2022-11-04,20188.01953125,353.0781957888094,253.5639613842532,132.1373429796548,121.07615724503032,154.66000366210938,0.9748489260673523
2022-11-05,21097.634765625,,,,,,
2022-11-06,20920.19140625,,,,,,
2022-11-07,20489.97265625,358.3551942624768,257.9584215680072,133.40581664759068,123.39679808519617,155.80999755859375,0.9919454455375671
2022-11-08,17603.544921875,360.4450732662479,259.86683967941065,135.19544046730184,124.0728908383839,155.97999572753906,0.9976056814193726
2022-11-09,15682.6923828125,356.52305050737357,257.429850083671,132.3438299914245,124.56625082701919,158.4499969482422,1.0012515783309937
2022-11-10,15834.0185546875,368.0028876550996,268.0195351189067,137.171901375878,126.26564037874188,161.66000366210938,0.9937788844108582
2022-11-11,16543.482421875,375.60831786460767,275.2032508265349,141.9606252113591,127.09706867070457,163.4199981689453,1.016621708869934
2022-11-12,16651.775390625,,,,,,
2022-11-13,16320.634765625,,,,,,
2022-11-14,15872.94140625,376.7725713035823,278.3840836407675,144.96953850636208,128.14776266402018,164.14999389648438,1.0273585319519043
2022-11-15,16542.55078125,376.44813627609847,279.8814997818295,146.08071431905194,127.63610808122999,164.55999755859375,1.031385064125061
2022-11-16,16430.111328125,376.73440869768956,278.5406807173853,144.83187247009243,128.80554524655165,164.8300018310547,1.0336451530456543
2022-11-17,16460.68359375,372.2970693510568,274.7433281240095,143.71089713297823,127.7822720300009,163.39999389648438,1.0309491157531738
2022-11-18,16564.611328125,375.0644198124641,276.30917802063993,147.4671586821555,129.0705601637769,162.67999267578125,1.0328017473220825
2022-11-19,16570.41015625,,,,,,
2022-11-20,16248.6923828125,,,,,,
2022-11-21,15599.046875,374.70182350827446,275.0564274319262,145.25473282614936,130.495820554558,161.27999877929688,1.022704005241394
2022-11-22,15656.6064453125,377.07789693039774,274.48880406730166,144.47789906303868,132.332219495753,161.72000122070312,1.0243382453918457
2022-11-23,16170.5029296875,381.0476314864747,279.70528891612594,146.8476588015229,132.9992098786871,161.55999755859375,1.0298130512237549
2022-11-24,16501.767578125,,,,,,1.0383676290512085
2022-11-25,16388.404296875,383.175686313319,280.3219246576811,144.66473067745702,133.7575385905334,162.75999450683594,1.0356147289276123
2022-11-26,16416.228515625,,,,,,
2022-11-27,16437.025390625,,,,,,
2022-11-28,16054.5302734375,377.0397928537372,275.76110115675283,140.98714790150922,133.51994890100198,161.91000366210938,1.0342438220977783
2022-11-29,16139.396484375,375.312512286855,273.2263397955508,138.00770341068628,132.04898726095018,162.60000610351562,1.032545804977417
2022-11-30,16445.4765625,375.48430196447526,274.0092342106235,138.20436253781247,132.59720457061292,162.39999389648438,1.0292301177978516
2022-12-01,16888.388671875,386.2388738341099,284.68690047558556,144.16325857031342,135.74011783092166,166.97999572753906,1.0397928953170776
2022-12-02,16877.880859375,383.7482747120534,282.22055636668915,143.2192602974079,135.29243934172678,165.75999450683594,1.0434166193008423
2022-12-03,16888.140625,,,,,,
2022-12-04,16903.439453125,,,,,,
2022-12-05,16922.431640625,379.9597790901639,280.05766350911045,143.3372438141924,135.46604414376924,164.32000732421875,1.0492409467697144
2022-12-06,16939.921875,373.7284840801718,274.29301959119425,139.55149534602168,135.4751801329189,164.4499969482422,1.0477018356323242
2022-12-07,16750.55859375,374.043407447711,272.8445707786554,137.66356048798676,136.14212247008652,165.32000732421875,1.0443755388259888
2022-12-08,16788.783203125,375.2839034087124,273.83308325862356,138.745227663254,136.1421100688894,166.07000732421875,1.049163818359375
2022-12-09,17100.8359375,375.1693978824169,275.5947251546985,138.54852454565471,137.2476435706755,166.60000610351562,1.0520004034042358
2022-12-10,17120.68359375,,,,,,
2022-12-11,17091.8203125,,,,,,
2022-12-12,16899.39453125,375.41755464321574,275.1739080337036,138.70583381716978,137.99681103886215,165.42999267578125,1.0507071018218994
2022-12-13,17111.763671875,380.8186957666648,279.822740976595,141.83278326469596,137.76842052886224,168.02000427246094,1.0529308319091797
2022-12-14,17739.513671875,378.18486871743545,277.16071186797296,138.80418622868987,139.02924794684557,167.13999938964844,1.0620108842849731
2022-12-15,17322.58984375,370.1499819805847,269.8007855608975,133.7598121718234,136.80908766274544,165.10000610351562,1.0607378482818604
2022-12-16,16584.701171875,365.2829507209457,266.8059132420267,131.49817062820333,136.1512809091519,165.83999633789062,1.0599396228790283
2022-12-17,16614.029296875,,,,,,
2022-12-18,16697.8203125,,,,,,
2022-12-19,16398.13671875,362.63707790509415,263.40271951563386,129.12842399506934,136.352292487903,165.99000549316406,1.0577198266983032
2022-12-20,16427.8671875,362.22485603598886,261.891969534409,127.72228799900502,136.37971034170275,168.02999877929688,1.058066725730896
2022-12-21,16755.912109375,366.864742140629,264.62907275827604,130.53453175568677,137.70444519751285,168.67999267578125,1.0597037076950073
2022-12-22,16592.408203125,359.2722031883447,257.48702282279595,128.12545567267372,137.85064417326672,166.05999755859375,1.05840265750885
2022-12-23,16794.458984375,362.39741929068407,258.5367413646793,127.47644161865645,138.5724246435704,166.66000366210938,1.0587948560714722
2022-12-24,16793.52734375,,,,,,
2022-12-25,16755.25390625,,,,,,
2022-12-26,16812.369140625,,,,,,1.060895323753357
2022-12-27,16642.072265625,363.95044946411275,258.0461876003975,126.57178934548489,139.47695299146426,167.8000030517578,1.0612443685531616
2022-12-28,16497.556640625,360.854040448147,254.8087530697181,123.76937760067855,138.7825872246741,167.10000610351562,1.0613908767700195
2022-12-29,16508.68359375,363.4039622569558,257.280959609681,125.59834568207035,139.00182676913875,168.52000427246094,1.0612331628799438
2022-12-30,16408.474609375,362.7808893302895,257.32025989631745,125.30333405560762,137.44863155717226,168.8000030517578,1.0639203786849976
2022-12-31,16517.51953125,,,,,,
2023-01-01,16521.234375,,,,,,
2023-01-02,16572.228515625,,,,,,1.0653257369995117
2023-01-03,16622.37109375,362.2057373925887,257.16321037512114,122.09773792777466,136.24262430683197,170.02000427246094,1.0521553754806519
2023-01-04,16667.763671875,364.2860098824275,257.55569456855136,122.9925456360047,138.17041641635086,171.85000610351562,1.0545964241027832
2023-01-05,16790.283203125,363.09720228841604,256.3098346732578,122.67790772126833,137.1653965696164,169.7899932861328,1.0515578985214233
2023-01-06,16716.421875,363.7203443233328,255.40712445327574,122.80570749443298,138.6455216068203,171.22999572753906,1.0485258102416992
2023-01-07,16914.19140625,,,,,,
2023-01-08,16924.05078125,,,,,,
2023-01-09,17093.9921875,371.6388067821009,264.8056926958867,127.72227268810083,138.87393704575018,173.8800048828125,1.0652804374694824
2023-01-10,17162.990234375,370.29666890331214,263.87370452146547,125.98182082594903,137.90547816988058,174.05999755859375,1.0713175535202026
2023-01-11,17337.994140625,375.1953998041472,267.9450518236354,128.28276062052532,136.45277123442418,173.72000122070312,1.0726851224899292
2023-01-12,17995.203125,376.19234893637963,268.55321898574755,129.24640871746402,136.60806571031387,174.8800048828125,1.0738024711608887
2023-01-13,18753.1640625,377.0743417835104,270.9274714918074,129.46276101465787,136.51673536336716,176.88999938964844,1.0780625343322754
2023-01-14,19907.828125,,,,,,
2023-01-15,20606.986328125,,,,,,
2023-01-16,20715.74609375,,,,,,1.080263614654541
2023-01-17,20978.533203125,380.64047460135316,274.28259077576485,131.89153482883353,137.4121005948674,177.08999633789062,1.0787020921707153
2023-01-18,20541.544921875,375.09947353048597,272.40888602062074,132.7764874230637,133.4285895133295,176.89999389648438,1.0767043828964233
2023-01-19,20685.380859375,371.2456963150845,268.700417948255,131.53751520588366,130.7722781609777,178.08999633789062,1.0782949924468994
2023-01-20,20919.126953125,372.3194828602261,270.48594668506337,131.97998269986445,128.85075381135005,178.64999389648438,1.0804619789123535
2023-01-21,22511.833984375,,,,,,
2023-01-22,22387.900390625,,,,,,
2023-01-23,22654.3046875,379.3559346776604,277.3729564933935,135.59860004292767,129.34721569550172,177.77999877929688,1.0847516059875488
2023-01-24,22549.744140625,381.19650018692624,281.34616687102994,137.95855701188813,128.53815086319668,178.35000610351562,1.0839285850524902
2023-01-25,22406.076171875,377.2852105542449,275.85225768162934,136.49342112366645,127.54523055044167,179.2899932861328,1.0858116149902344
2023-01-26,22911.373046875,383.4876955763573,283.05321138770705,139.53186132489677,129.39317702133724,178.4600067138672,1.0851635932922363
2023-01-27,22654.59375,386.7566920166625,286.3495919531761,140.69217042868402,128.06009179759104,178.25999450683594,1.0838816165924072
2023-01-28,22908.845703125,,,,,,
2023-01-29,22985.0703125,,,,,,
2023-01-30,22657.58203125,383.7273577965346,284.3972753111684,140.46598895897412,128.97024643888773,178.64999389648438,1.0854581594467163
2023-01-31,22765.568359375,384.19706240377985,284.7013937087767,139.9054929686203,129.41156939776445,178.5399932861328,1.0804152488708496
2023-02-01,22877.75,385.7117643976384,286.76159566124306,138.96152054070433,129.95397911981456,178.6300048828125,1.085293173789978
2023-02-02,23468.595703125,395.80632510726565,300.9181576449358,145.69722523392414,129.82527612177785,177.74000549316406,1.088767170906067
2023-02-03,23279.955078125,394.09028239614366,298.76972114420454,145.36287177724367,129.78850579921834,173.1199951171875,1.0811045169830322
2023-02-04,23291.794921875,,,,,,
2023-02-05,22841.759765625,,,,,,
2023-02-06,22692.025390625,391.2239442533102,296.49367046317866,148.26364190831887,129.64142804466331,173.27999877929688,1.0718343257904053
2023-02-07,22756.2578125,390.7158646278332,296.59179062606245,148.12597415973434,127.59118350218979,173.47000122070312,1.0669511556625366
2023-02-08,22731.09765625,392.9782908223468,297.9162170249619,148.6471601159277,127.25102857419819,173.8300018310547,1.0716849565505981
2023-02-09,21773.974609375,389.02866989488314,294.5119895994185,147.90968576195635,125.95469971249346,172.8699951171875,1.0711569786071777
2023-02-10,21539.392578125,388.26171250273467,291.6178329261947,146.95369947058745,124.87902557503516,172.6300048828125,1.0669283866882324
2023-02-11,21618.44921875,,,,,,
2023-02-12,21682.828125,,,,,,
2023-02-13,21460.087890625,391.3581741107854,294.24708196176414,148.62790397291747,127.55443272644538,172.07000732421875,1.065723180770874
2023-02-14,21632.39453125,391.61698469819703,295.2084930417475,148.56880303013764,127.44406521442232,171.41000366210938,1.0709964036941528
2023-02-15,22082.76953125,392.5373007553342,298.43616565913834,150.5581292969133,126.93843048474483,170.16000366210938,1.0665984153747559
2023-02-16,23602.5234375,391.2622889776,297.40600975851845,151.02097051495025,125.54098288806824,169.9600067138672,1.0655754804611206
2023-02-17,23460.755859375,387.34139205761664,292.45168728691385,148.55897600306773,125.57776147057118,169.52000427246094,1.0613795518875122
2023-02-18,24468.373046875,,,,,,
2023-02-19,24327.642578125,,,,,,
2023-02-20,23927.91015625,,,,,,1.0671560764312744
2023-02-21,24200.36328125,382.3276931153695,288.32153052461047,146.15600076088242,127.67393607584756,170.33999633789062,1.0644866228103638
2023-02-22,23644.318359375,380.6021330632425,287.01670158610773,144.92497033349784,128.6025064092567,169.55999755859375,1.0619093179702759
2023-02-23,23693.919921875,379.8639456708509,287.00690100814256,145.0037677901394,127.8854137750448,169.0800018310547,1.0582010746002197
2023-02-24,23007.072265625,377.36193273433554,284.5541869020419,143.50685714395402,126.94765767102638,168.19000244140625,1.053774118423462
2023-02-25,22861.55859375,,,,,,
2023-02-26,23084.220703125,,,,,,
2023-02-27,23205.87890625,380.34332149757034,287.7818765512934,145.21058363066865,127.36135935986184,168.5500030517578,1.0533522367477417
2023-02-28,23077.650390625,379.76812977335084,287.4091347233847,144.60004099931746,126.21212654040295,168.58999633789062,1.058234691619873
2023-03-01,23088.626953125,377.11266611466596,284.7013818083146,142.80770256070292,125.5042156519144,170.47000122070312,1.0565686225891113
2023-03-02,23245.021484375,376.10609910014693,282.90610837742537,141.71453248481114,126.67181229323512,170.36000061035156,1.0583466291427612
2023-03-03,22213.23828125,382.5290536184137,289.28291046741515,145.0924034132026,128.6852567451697,170.97999572753906,1.0591312646865845
2023-03-04,22198.98046875,,,,,,
2023-03-05,22307.142578125,,,,,,
2023-03-06,22331.314453125,387.3030795348652,294.13913463412405,151.12935277334321,128.6577045243579,171.5399932861328,1.062304139137268
2023-03-07,22011.26171875,381.1869569726485,290.11678898197414,148.8346682054165,126.26728693903847,168.52000427246094,1.0571606159210205
2023-03-08,21708.05078125,380.18994978883694,289.29273602432113,149.52408044265695,125.58695204918116,168.52000427246094,1.0526647567749023
2023-03-09,20210.306640625,374.3804535367053,286.3004559856999,147.94838436334126,125.1272862790632,169.7100067138672,1.053851842880249
2023-03-10,19628.25390625,368.42735335856526,281.9348271262649,145.36819204822754,125.35711325791264,171.9199981689453,1.0575743913650513
2023-03-11,20068.66015625,,,,,,
2023-03-12,20448.806640625,,,,,,
2023-03-13,21918.19921875,364.90909573022645,279.786310683679,145.45680332509693,125.99149432177988,176.3000030517578,1.0652350187301636
2023-03-14,24081.18359375,371.0443925918974,287.8898864243868,147.82036369988242,126.32243505277367,176.2100067138672,1.0679652690887451
2023-03-15,23964.91015625,367.84254796683757,287.68377063812324,147.6430468705848,127.61877060151699,177.49000549316406,1.052033543586731
2023-03-16,24225.111328125,370.3158428605711,291.5589841876488,149.33696504123728,130.19302540011134,177.8699951171875,1.0555092096328735
2023-03-17,24955.169921875,373.9039499902757,297.62184262760394,151.93686886777078,130.11949335303402,180.77000427246094,1.0612106323242188
2023-03-18,26636.26171875,,,,,,
2023-03-19,26907.716796875,,,,,,
2023-03-20,27242.880859375,375.3666994576997,296.7462950694743,151.80885014610277,131.6824195383369,182.74000549316406,1.0632416009902954
2023-03-21,27439.646484375,380.66900909067914,301.0598192933136,154.16253977805687,131.32386467681079,179.89999389648438,1.070491909980774
2023-03-22,26759.99609375,377.29130185553555,300.61764766949733,155.41323716716616,132.23404554955937,180.27999877929688,1.0759514570236206
2023-03-23,27183.36328125,375.6361133164018,301.65914434252295,155.28523492873595,131.64566281624954,183.60000610351562,1.0868619680404663
2023-03-24,27039.265625,374.7219619246639,301.6002550384221,155.45264879499626,132.6661606380872,183.6199951171875,1.0718917846679688
2023-03-25,27196.234375,,,,,,
2023-03-26,27445.046875,,,,,,
2023-03-27,26606.689453125,380.6497402466303,302.5238604825814,155.4723523985585,134.1095993573422,180.69000244140625,1.074806571006775
2023-03-28,26677.818359375,378.850254938649,299.45822454941873,153.61102618902072,134.0452399648929,182.1199951171875,1.0804035663604736
2023-03-29,27259.662109375,383.6521267894026,304.646175138239,156.92987617396892,134.46812505632658,182.24000549316406,1.0821340084075928
2023-03-30,27720.16015625,386.6160039583287,307.35803503409534,158.8207229739758,134.5049315654361,182.5500030517578,1.0826963186264038
2023-03-31,27583.71484375,389.30084855820127,310.0994868949584,159.45098920585787,135.67252655608735,182.8000030517578,1.086059331893921
2023-04-01,28297.171875,,,,,,
2023-04-02,27884.087890625,,,,,,
2023-04-03,27276.720703125,393.0441976826668,311.88775975910704,161.7259047034759,135.23119398222767,183.32000732421875,1.078934907913208
2023-04-04,27681.3046875,391.88947462341105,312.2906243957387,162.60241044774043,137.98018674513358,184.66000366210938,1.0883879661560059
2023-04-05,27843.763671875,390.58079429091845,308.5961471761474,159.3426339632527,138.96391612245372,186.77999877929688,1.0905362367630005
2023-04-06,27738.759765625,390.3882575257403,307.36788641047167,159.53965070291807,139.21214227365002,185.9499969482422,1.0885539054870605
2023-04-07,27794.03125,,,,,,1.0881037712097168
2023-04-08,27883.38671875,,,,,,
2023-04-09,27828.48046875,,,,,,
2023-04-10,28189.271484375,390.66732678096605,307.7904510566665,157.6487565719111,137.45609155534703,184.19000244140625,1.0832475423812866
2023-04-11,29609.30078125,393.50613749381705,309.81454370686527,158.0722146254148,138.38470019141397,185.63999938964844,1.0868029594421387
2023-04-12,29725.57421875,392.08189181419215,307.12229676746927,157.35332510698044,137.84224663993865,185.97000122070312,1.091524362564087
2023-04-13,29878.623046875,392.6111361339161,308.1637563599467,158.96842452673738,137.74113705636398,188.99000549316406,1.0981649160385132
2023-04-14,30044.498046875,394.6031608879993,310.10929821943813,161.33197803499354,138.37548878879613,185.1699981689453,1.0978032350540161
2023-04-15,30245.8828125,,,,,,
2023-04-16,30157.83203125,,,,,,
2023-04-17,29275.37109375,395.59436663010166,310.53180220918756,161.53879379674336,138.219199353598,184.10000610351562,1.0910717248916626
2023-04-18,29154.849609375,397.2206502574761,312.1039347277602,163.13418846133288,137.99856393293373,185.0399932861328,1.0922753810882568
2023-04-19,28669.8984375,396.6240728742949,310.76757193633193,163.0258220523767,138.5593772076159,184.27999877929688,1.0918341875076294
2023-04-20,28037.2578125,394.80525587274064,309.4804124167507,163.04557639594412,139.11230702280128,185.77999877929688,1.0934339761734009
2023-04-21,27177.365234375,394.7090566567866,308.62556400010556,161.991798793606,142.93312325409232,183.22000122070312,1.0939722061157227
2023-04-22,27169.5703125,,,,,,
2023-04-23,27400.314453125,,,,,,
2023-04-24,27070.849609375,395.12284448225694,308.2717949877712,161.400928797878,143.59923261923677,183.4600067138672,1.0968761444091797
2023-04-25,27207.931640625,390.71548786392196,304.489016620201,161.24334444666383,144.12652442758483,184.3000030517578,1.0969241857528687
2023-04-26,27324.548828125,388.55988695720504,305.91365628596066,160.32744626830737,142.78505828143642,184.3000030517578,1.0969241857528687
2023-04-27,28402.88671875,391.4083661380691,309.5590777235888,162.6811671878293,143.40494457588596,183.3800048828125,1.0994206666946411
2023-04-28,28929.609375,395.92160603550906,313.4008788087435,165.33030085507355,144.09880137990052,184.1699981689453,1.0965633392333984
2023-04-29,29088.04296875,,,,,,
2023-04-30,29114.021484375,,,,,,
2023-05-01,27680.79296875,399.6168049089298,315.4937811676875,166.07877442017465,144.13580303792193,183.91000366210938,1.0966956615447998
2023-05-02,27924.123046875,392.4476367591756,312.07442839591636,164.99548835131355,144.01553154527895,184.52000427246094,1.0943553447723389
2023-05-03,28178.388671875,392.3994991884123,311.65191134615395,164.62124085601573,143.79350542573025,186.92999267578125,1.100594401359558
2023-05-04,28694.0390625,388.5213894409254,309.6277977427473,161.81453073644045,143.47895355197346,188.80999755859375,1.0986838340759277
2023-05-05,28845.509765625,393.2367329689119,310.6987925389379,168.1665634032941,143.10889633624487,185.77000427246094,1.0971648693084717
2023-05-06,28468.966796875,,,,,,
2023-05-07,28441.3671875,,,,,,
2023-05-08,27310.134765625,395.77717051105407,315.71968217479,169.49604074216262,143.2754335097111,187.49000549316406,1.1012487411499023
2023-05-09,27375.6015625,395.2094551264847,315.7197802294426,168.993823309898,142.08198339474046,188.07000732421875,1.0944032669067383
2023-05-10,26883.669921875,393.4580667995226,315.99489521816594,169.28924951921832,141.02733235389599,187.82000732421875,1.0942834615707397
2023-05-11,26781.826171875,394.5165998009732,318.47091443998295,169.5551548305296,141.90621120745126,186.86000061035156,1.0901321172714233
2023-05-12,25878.4296875,393.6505304091499,317.31148147563414,168.63584185680983,142.83136234570574,186.5800018310547,1.085564136505127
2023-05-13,26710.873046875,,,,,,
2023-05-14,26661.35546875,,,,,,
2023-05-15,26766.09765625,394.76683736705866,318.3137283538319,169.09937498339835,143.0626496956895,187.02999877929688,1.0848575830459595
2023-05-16,26878.947265625,394.77640880213,320.33783180381295,169.42481443623242,143.33092177930564,184.4600067138672,1.0856702327728271
2023-05-17,26600.14453125,395.1613575223225,321.3400912336349,168.06385467134209,142.378016098881,183.47999572753906,1.081162929534912
2023-05-18,26415.1015625,399.03943829896787,325.7222995308489,170.19404516336385,140.2502435868413,181.33999633789062,1.0765421390533447
2023-05-19,26700.2109375,401.6183971431854,329.5838259221381,172.5213826746833,140.47228362035162,181.80999755859375,1.0761018991470337
2023-05-20,26843.27734375,,,,,,
2023-05-21,26706.921875,,,,,,
2023-05-22,26549.734375,401.61842735851235,330.37971696477655,171.05196458153654,137.68762416477676,182.91000366210938,1.0796570777893066
2023-05-23,26816.1796875,398.08674373587735,327.1961850279305,168.9119826700276,136.05938836628326,182.47999572753906,1.0763798952102661
2023-05-24,26106.576171875,394.4299479150844,323.8161503250398,168.16249079935005,135.15271878812896,181.77000427246094,1.0749683380126953
2023-05-25,25890.59375,396.8646161031706,330.80230273969363,169.31632809947834,133.54300970322728,180.10000610351562,1.0709964036941528
2023-05-26,26343.94921875,399.59755522238083,334.7226085346494,170.71669083708804,133.89453617329866,180.08999633789062,1.0702054500579834
2023-05-27,26621.140625,,,,,,
2023-05-28,26802.751953125,,,,,,
2023-05-29,27563.876953125,,,,,,1.0706294775009155
2023-05-30,27588.501953125,402.955982410714,342.45556969717313,174.12885165758402,131.6927534585639,181.1699981689453,1.067338466644287
2023-05-31,26866.453125,400.5309545391423,340.4708014143021,174.31623796446905,131.2764267521796,182.10000610351562,1.06516695022583
2023-06-01,26671.720703125,401.07952389464964,340.61805620562313,174.4838587106697,131.7852598857579,182.72000122070312,1.0664163827896118
2023-06-02,26574.64453125,407.96965243794403,345.8748996800786,176.781680741823,133.58004374435765,180.9600067138672,1.071811318397522
2023-06-03,26958.00390625,,,,,,
2023-06-04,26968.224609375,,,,,,
2023-06-05,25445.16796875,410.29839108056865,347.68285073248705,175.57852688511534,134.81970805318622,180.60000610351562,1.0674750804901123
2023-06-06,25434.8671875,409.93273100728186,346.77883357493243,174.97695616659206,132.80290346627697,181.52000427246094,1.0667349100112915
2023-06-07,26146.98828125,410.0481711705742,342.11158811981494,174.8684849721747,132.72890606252824,180.14999389648438,1.0668829679489136
2023-06-08,26246.6640625,409.769054880937,342.8091719662363,175.00654388250445,134.07034041799477,181.9600067138672,1.0702168941497803
2023-06-09,26339.314453125,412.7041994579485,346.8771217711748,178.1327514419261,133.8945590396754,181.72000122070312,1.0747718811035156
2023-06-10,25501.8359375,,,,,,
2023-06-11,25668.986328125,,,,,,
2023-06-12,25675.197265625,413.9551270818145,349.00931208022024,178.468018885392,133.7280661712347,181.0399932861328,1.073433518409729
2023-06-13,25728.365234375,418.2470206735575,353.75508690804236,179.91769818813273,133.47824146124339,180.1699981689453,1.076055645942688
2023-06-14,24902.15234375,417.2462527373111,354.1383256374959,179.50350482104812,133.98707952953123,180.13999938964844,1.077574610710144
2023-06-15,24797.16796875,419.78671159999425,357.636217766432,181.2392041529346,135.5690663329359,180.17999267578125,1.0804269313812256
2023-06-16,25245.357421875,423.9926092848296,361.07525599467357,181.72239585614398,137.75236705238316,181.41000366210938,1.0920130014419556
2023-06-17,26174.4921875,,,,,,
2023-06-18,26325.890625,,,,,,
2023-06-19,26312.83203125,,,,,,1.0911003351211548
2023-06-20,26668.791015625,420.1870041214196,358.0383324018878,181.8604983629463,137.02153529745388,179.22000122070312,1.0894551277160645
2023-06-21,28283.41015625,419.5108951805997,355.1554054556322,180.0656175699355,136.79947164905806,178.19000244140625,1.0906671285629272
2023-06-22,29679.158203125,418.80583057108225,354.4272564085089,181.13069423738702,138.2889410417829,177.6300048828125,1.095110297203064
2023-06-23,29845.21484375,417.71436548656794,355.01764962720034,182.45216546765664,136.8827549186304,178.08999633789062,1.0845046043395996
2023-06-24,30290.146484375,,,,,,
2023-06-25,30327.943359375,,,,,,
2023-06-26,29955.744140625,416.4780427984246,351.83949046945395,182.66910172140945,135.73556833046356,178.4199981689453,1.088814616203308
2023-06-27,30236.650390625,417.1445110170716,352.74476147658174,183.10303478095216,137.2805563546832,177.42999267578125,1.0903223752975464
2023-06-28,29921.822265625,419.5881259491554,356.080295758173,185.00633258317922,136.88276796343615,176.6999969482422,1.0899657011032104
2023-06-29,30057.203125,420.67957490667465,356.3164059384481,186.32781886596203,136.0871384774978,175.7899932861328,1.0862362384796143
2023-06-30,29600.275390625,426.05951350289007,361.32461544214715,188.61575961709715,138.57575420769575,177.32000732421875,1.0836466550827026
2023-07-01,30328.865234375,,,,,,
2023-07-02,30264.01953125,,,,,,
2023-07-03,30586.513671875,427.52773780049586,363.0365774410757,189.10885998965753,139.20483539585086,178.4600067138672,1.0871810913085938
2023-07-04,30659.35546875,,,,,,1.0890754461288452
2023-07-05,30225.61328125,426.8225765200303,362.73152624064664,187.98457816150727,140.10223647842471,177.8300018310547,1.086507797241211
2023-07-06,29892.2265625,422.1477318870011,358.6581484968216,186.58425595947688,139.4731290355019,176.66000366210938,1.083435297012329
2023-07-07,29777.28515625,423.3454134187473,360.12424272442456,187.60987325439862,137.61359158149656,178.35000610351562,1.0868619680404663
2023-07-08,30080.16015625,,,,,,
2023-07-09,30085.591796875,,,,,,
2023-07-10,29985.39453125,422.6596473764828,357.5659631843357,184.4540942539423,137.60435105480818,178.25999450683594,1.0944511890411377
2023-07-11,30358.09765625,424.44651594855435,358.75652041765636,184.02018687082855,135.9576293807589,179.1300048828125,1.0978635549545288
2023-07-12,30228.8359375,429.7299496500487,364.34515118816057,185.864317131752,136.58668293434508,181.10000610351562,1.1012852191925049
2023-07-13,30268.3515625,432.18325865422753,369.4222234106645,187.15619821079162,137.10476446506874,181.49000549316406,1.113065242767334
2023-07-14,29966.38671875,433.1877213239847,372.09847980698714,187.00829198764853,137.5951163111658,181.11000061035156,1.1206114292144775
2023-07-15,30263.462890625,,,,,,
2023-07-16,30089.669921875,,,,,,
2023-07-17,29685.783203125,433.7575605810342,373.21029383715927,189.1581605746784,137.81714096009742,180.63999938964844,1.1205486059188843
2023-07-18,29556.427734375,434.69450839296843,373.889240508332,189.75968856677812,137.27132770784237,182.32000732421875,1.1220070123672485
2023-07-19,29794.26953125,438.61601798371265,378.12006757474666,189.9865244553515,137.71538062060932,182.8699951171875,1.1176306009292603
2023-07-20,29638.095703125,436.0371193951603,369.67800988298177,189.8386203157028,137.91276791087273,182.47000122070312,1.1133129596710205
2023-07-21,29733.8515625,436.74222281063936,369.15655080179084,188.58618628535973,140.29604321367322,181.67999267578125,1.110962986946106
2023-07-22,29664.12109375,,,,,,
2023-07-23,29741.52734375,,,,,,
2023-07-24,28934.294921875,436.86777572408096,368.32024921012385,189.59205676918674,141.78560404204308,181.33999633789062,1.1068804264068604
2023-07-25,29062.43359375,438.3841648336445,370.8685562243706,190.25281124926505,141.92522459208377,181.10000610351562,1.1022076606750488
2023-07-26,29113.912109375,437.91090104233945,369.14669945351966,190.64724972991124,142.3348492515626,182.30999755859375,1.1038380861282349
2023-07-27,29099.3515625,436.14327857085254,369.27460621894454,189.88790988625553,141.43181846895848,180.32000732421875,1.0984907150268555
2023-07-28,29125.845703125,437.0512358426156,374.1056774417926,191.4559363697747,143.92680708453616,181.25,1.0947027206420898
2023-07-29,29264.166015625,,,,,,
2023-07-30,29059.501953125,,,,,,
2023-07-31,29131.578125,440.4897885662861,376.19159240697024,192.560428204252,144.35503141021093,182.30999755859375,1.100618600845337
2023-08-01,28657.0234375,439.94890960634154,374.56810260541835,192.5801849485631,145.10910510760547,180.19000244140625,1.095446228981018
2023-08-02,28946.509765625,434.01840394785836,367.1297286772393,189.19759252290805,145.20224192166563,179.41000366210938,1.0919772386550903
2023-08-03,28959.48828125,432.1060027164115,365.7916084042258,188.0536636534335,145.4256482216304,179.27999877929688,1.0913575887680054
2023-08-04,28885.3359375,431.0434797536367,365.55541217782184,179.40488328381886,144.4388153091076,179.85000610351562,1.0936251878738403
2023-08-05,28957.796875,,,,,,
2023-08-06,28963.833984375,,,,,,
2023-08-07,28724.140625,432.7048045400754,365.53574062735606,174.89805755245857,144.7553395572811,179.27000427246094,1.096611499786377
2023-08-08,29113.814453125,430.0775985479417,362.8889976997199,175.12490000933562,145.72355160493723,178.4600067138672,1.0930992364883423
2023-08-09,29376.80078125,429.7781754061016,361.2359845962108,174.56276182695083,145.94698961144175,177.77999877929688,1.0955902338027954
2023-08-10,29354.447265625,429.52703269634964,361.1375660391518,175.14462641506705,145.04393873089484,177.5399932861328,1.096803903579712
2023-08-11,29253.517578125,428.22309738246776,358.82546229399486,174.34424265962002,145.03463919270857,177.49000549316406,1.0951822996139526
2023-08-12,29357.587890625,,,,,,
2023-08-13,29265.806640625,,,,,,
2023-08-14,29124.10546875,429.21805425124865,358.83527281179767,175.09474782272636,144.7646493539133,176.5800018310547,1.087748646736145
2023-08-15,29088.853515625,427.2089741403311,359.8585306581353,174.8379899652799,143.79647833812967,176.3300018310547,1.0900845527648926
2023-08-16,28701.779296875,424.53347780183003,356.6115935528061,174.29485048513217,142.31619823692068,175.55999755859375,1.0897756814956665
2023-08-17,25409.111328125,420.8824689600864,352.4004000236627,171.31258808782235,141.31078880066184,174.92999267578125,1.0862362384796143
2023-08-18,25668.921875,418.2359284981317,349.0058945064905,169.81159252872837,140.73358870338595,175.10000610351562,1.0846457481384277
2023-08-19,25802.408203125,,,,,,
2023-08-20,26004.314453125,,,,,,
2023-08-21,25846.087890625,420.4671462190992,353.3744807454022,171.56935789788312,140.81736014358788,174.9600067138672,1.0870628356933594
2023-08-22,25520.728515625,422.6403332909712,356.8476827797194,174.0480254103657,140.51014778030492,175.30999755859375,1.0834001302719116
2023-08-23,25804.998046875,424.1181287339091,358.5007013012925,176.10201110060572,141.94384858059905,177.07000732421875,1.0802985429763794
2023-08-24,25914.92578125,421.9545463127507,355.20464028142896,173.8110039705464,141.95314721265797,177.41000366210938,1.081548810005188
2023-08-25,25786.8125,420.15800790417546,352.813616618734,173.62337343895007,141.93452980175408,176.6300048828125,1.076669692993164
2023-08-26,25983.87890625,,,,,,
2023-08-27,25965.09765625,,,,,,
2023-08-28,25880.599609375,424.9584141058072,358.392475423515,176.31928695480332,142.48380775182622,177.50999450683594,1.0799369812011719
2023-08-29,25912.62890625,427.3634885979469,360.34061027809554,177.25739693272806,141.5342097510107,177.89999389648438,1.0783531665802002
2023-08-30,27069.20703125,433.4678410527647,367.8478954803411,182.43191025327192,143.0982209679968,180.2899932861328,1.085611343383789
2023-08-31,25752.9296875,434.80076379653127,370.8095146489998,185.13768501849643,143.20995243340505,179.94000244140625,1.0837171077728271
2023-09-01,25362.609375,434.337165211912,370.03227793748385,185.92769123419916,142.9585908373116,179.50999450683594,1.0785857439041138
2023-09-02,25753.09375,,,,,,
2023-09-03,25817.03125,,,,,,
2023-09-04,25657.025390625,,,,,,1.0774004459381104
2023-09-05,25589.98828125,433.84458117342785,369.78620523277215,185.26608644093676,141.8786776177101,178.63999938964844,1.0707554817199707
2023-09-06,25404.359375,428.66740278671307,366.7066329588486,179.20278998997966,141.07805924127865,177.6999969482422,1.0705147981643677
2023-09-07,25608.201171875,427.6435811384425,363.21372665470983,171.37186410651492,141.85076624419852,177.89999389648438,1.068764328956604
2023-09-08,25677.48046875,429.36290993507305,365.6242492069954,175.56874581023814,141.83213983237923,177.89999389648438,1.0695072412490845
2023-09-09,25810.494140625,,,,,,
2023-09-10,25640.26171875,,,,,,
2023-09-11,24930.296875,431.2367157088773,367.65118938805244,175.1243584797436,142.5117312062965,178.25999450683594,1.0711455345153809
2023-09-12,25133.078125,430.19353604446763,366.5098515969315,172.63587633671216,141.1059754631304,177.0500030517578,1.070617914199829
2023-09-13,25781.123046875,429.8940067553328,365.899773384144,171.80637096422893,141.18972700083495,177.0399932861328,1.0717424154281616
2023-09-14,26171.451171875,432.4440481531944,367.87741313850705,171.41132506918257,142.78171174709613,176.36000061035156,1.065507411956787
2023-09-15,26240.701171875,429.3168595859164,363.9122498464243,171.64836639188815,142.65138077922046,178.33999633789062,1.0634677410125732
2023-09-16,26473.890625,,,,,,
2023-09-17,26445.07421875,,,,,,
2023-09-18,26415.515625,428.96789063501143,363.6212415458056,173.96899129951683,142.9120671504253,178.3800048828125,1.0656323432922363
2023-09-19,26681.60546875,426.42836539622306,361.4239024926307,174.91701409671836,141.26425874360424,179.02999877929688,1.0676347017288208
2023-09-20,26864.08203125,424.96470225740006,359.1181771883691,173.20858308214417,142.77241045068388,179.32000732421875,1.0675777196884155
2023-09-21,26389.30078125,417.98587113932,352.44740717910935,171.6878404044714,141.5714824640355,177.69000244140625,1.0619093179702759
2023-09-22,26495.533203125,416.78398949119213,352.34886753279636,171.87547142547365,140.92910575392585,178.50999450683594,1.0615260601043701
2023-09-23,26520.51953125,,,,,,
2023-09-24,26221.05078125,,,,,,
2023-09-25,26011.46875,415.552900361533,350.7131778472453,171.97420160197885,139.66298892917104,177.63999938964844,1.0577309131622314
2023-09-26,26090.712890625,411.9666291671396,348.03305891189785,169.51534481079926,138.51791405098263,176.16000366210938,1.0568143129348755
2023-09-27,26111.46484375,409.32043434886083,346.21024761051166,166.93795639924983,136.50702390575714,173.6999969482422,1.0509058237075806
2023-09-28,26327.322265625,411.8211763569914,348.0626195587254,165.5258128129139,135.62260664482204,172.32000732421875,1.049185872077942
2023-09-29,26721.763671875,412.82928558629357,351.78727222768936,168.21184303928078,134.82199689481573,171.27000427246094,1.0558546781539917
2023-09-30,26888.96875,,,,,,
2023-10-01,26965.09375,,,,,,
2023-10-02,27347.787109375,411.4237734247356,352.6740755034777,168.79446358018748,133.96550845674852,169.5,1.0492738485336304
2023-10-03,27216.001953125,407.27520783651096,348.1020706923418,168.6858469308082,134.9988523081148,168.75,1.0449867248535156
2023-10-04,27248.10546875,407.64359070503724,350.0924443998235,168.83393190668662,134.92438445641469,168.5,1.045369029045105
2023-10-05,27375.6015625,408.2347496497117,349.93487372651356,170.52261166431626,133.7699995659612,168.3000030517578,1.0500892400741577
2023-10-06,27215.552734375,407.68234534407696,349.64906850019884,171.01635659512883,131.68463939225816,168.5,1.0483938455581665
2023-10-07,27870.423828125,,,,,,
2023-10-08,27740.662109375,,,,,,
2023-10-09,27302.5625,413.8954989431742,355.492095800062,173.60362121945622,131.82427986521128,171.0800018310547,1.0521442890167236
2023-10-10,27301.654296875,419.2459668319729,361.01985488274585,175.72673446240606,133.79792632472908,171.89999389648438,1.0555983781814575
2023-10-11,26561.099609375,419.8759482263836,362.7935249958405,175.38115395493855,132.71801399066393,173.25999450683594,1.0592771768569946
2023-10-12,26558.3203125,417.98582518977616,362.1136492104433,176.80309148754606,131.88015120830318,173.24000549316406,1.0545964241027832
2023-10-13,26686.322265625,416.67731756779995,358.5269773449452,175.91437292525092,133.3044994858003,176.72000122070312,1.0496152639389038
2023-10-14,26814.5859375,,,,,,
2023-10-15,26817.89453125,,,,,,
2023-10-16,27130.47265625,420.25402134631616,361.0987245658137,174.3047411678942,135.417830002632,177.5399932861328,1.0516352653503418
2023-10-17,28110.185546875,419.1684195342952,358.3299388750343,172.61610626933813,135.21301078981188,177.97999572753906,1.0533411502838135
2023-10-18,28174.251953125,415.91156461169203,356.7139395823082,172.9222367694585,138.49929461415945,179.75,1.0527091026306152
2023-10-19,28177.98828125,412.65476846702256,353.89587464125333,173.00120664203897,137.88386756365156,180.82000732421875,1.0528864860534668
2023-10-20,28601.669921875,408.14754390760345,349.17603969846044,170.48310107616433,138.57713526585164,183.08999633789062,1.056579828262329
2023-10-21,29481.751953125,,,,,,
2023-10-22,29720.3125,,,,,,
2023-10-23,30097.828125,404.9683224528733,345.97376187562634,167.80695589693704,138.23987131666655,182.7100067138672,1.057183027267456
2023-10-24,32880.76171875,407.8180076603951,350.575320331539,169.30795876796012,138.7176662100966,181.67999267578125,1.0584250688552856
2023-10-25,33709.109375,404.21226147565824,344.62375980416624,168.5179209624252,139.70132906802084,182.0399932861328,1.0566803216934204
2023-10-26,33762.32421875,398.95874174042217,337.33228009309397,163.60015755926395,140.2821861486483,182.8699951171875,1.0526316165924072
2023-10-27,33416.88671875,396.64213226616755,339.0368574336132,164.74569858206283,137.04070528564085,183.47000122070312,1.053629755973816
2023-10-28,33874.8046875,,,,,,
2023-10-29,33947.56640625,,,,,,
2023-10-30,34110.97265625,399.55973840849714,341.37218469520366,166.7601878982554,138.2211258845753,184.72999572753906,1.054841160774231
2023-10-31,34083.30859375,401.4885410773971,341.5396775996275,165.80230595130433,139.25165872566637,183.5,1.0567585229873657
2023-11-01,34170.69140625,405.7922246289102,346.46641959905463,167.99457285522465,139.7856402944793,182.6699981689453,1.0522881746292114
2023-11-02,34401.57421875,413.4592845158063,355.0191668891615,173.26786256268767,139.50458675624475,183.5,1.0584250688552856
2023-11-03,34133.44140625,419.71117325541815,359.17730927962293,171.18423421755685,140.16973520158604,184.35000610351562,1.0615485906600952
2023-11-04,34616.69140625,,,,,,
2023-11-05,34594.2421875,,,,,,
2023-11-06,34765.36328125,420.3605910898025,361.53233679599015,174.00849494223715,140.619461694775,183.33999633789062,1.0723400115966797
2023-11-07,34545.81640625,421.1651439105342,363.640930200235,176.73400192517136,140.63817601938044,181.75,1.0664732456207275
2023-11-08,35147.80078125,421.51404441898217,365.1879646102937,179.3212498937122,140.06669131617718,180.57000732421875,1.0660640001296997
2023-11-09,35592.1015625,420.08922765476564,364.15329397571884,179.53851741631973,139.70133148044155,180.88999938964844,1.0681477785110474
2023-11-10,36362.75390625,420.5060206531149,365.8383087626663,181.47581782404296,140.4508157973052,179.25,1.0657685995101929
2023-11-11,36773.66796875,,,,,,
2023-11-12,36779.1171875,,,,,,
2023-11-13,36399.60546875,424.95502612182986,369.74020795754484,182.1482051958573,141.88416740409372,179.11000061035156,1.0665528774261475
2023-11-14,34948.5,432.3894615518305,377.56379963116063,184.21480130754796,142.0996448865109,181.6199951171875,1.0693585872650146
2023-11-15,35383.78125,435.01622391603615,378.60830004775363,185.67826393327664,140.88175823071612,181.30999755859375,1.0832945108413696
2023-11-16,35545.47265625,434.3571620148054,377.93822825333365,186.5384909930313,141.75301881321678,182.8000030517578,1.0830950736999512
2023-11-17,35901.234375,435.4911981146269,378.65757675359185,186.45941980581802,141.35954463913956,183.4499969482422,1.0825204849243164
2023-11-18,36233.3125,,,,,,
2023-11-19,36414.59765625,,,,,,
2023-11-20,36882.53125,436.6833774860901,380.391708225642,187.75472463510502,140.20724501813723,182.22999572753906,1.0897995233535767
2023-11-21,35813.8125,438.0791737195552,381.0322593676381,187.61627466574618,139.42963718832814,185.07000732421875,1.0922993421554565
2023-11-22,35670.97265625,439.9499569252717,383.3379173294895,188.69407794514686,140.61946405829232,184.27000427246094,1.0854581594467163
2023-11-23,36923.86328125,,,,,,1.0888028144836426
2023-11-24,37261.60546875,440.7641484378246,382.80588004949124,187.13177703645835,141.4907043531104,185.16000366210938,1.089561939239502
2023-11-25,37617.41796875,,,,,,
2023-11-26,37162.75,,,,,,
2023-11-27,36750.12890625,440.13408138085987,382.58909448430353,186.78568783853885,141.21905020069676,185.92999267578125,1.0925856828689575
2023-11-28,36891.08984375,439.57196404328505,382.3624507839871,187.2800983304318,141.60311686821734,187.52000427246094,1.0935057401657104
2023-11-29,37612.6328125,440.2504452581405,383.751742528822,186.85492560121705,141.45323955403333,189.02000427246094,1.096118688583374
2023-11-30,37531.140625,439.4167950935211,380.16517943756156,186.0836789058975,140.60072896485386,188.27999877929688,1.0894907712936401
2023-12-01,37629.359375,441.18094348970146,380.4114882710684,187.11199034893104,142.61489804768578,188.69000244140625,1.0831537246704102
2023-12-02,38652.59375,,,,,,
2023-12-03,39298.1640625,,,,,,
2023-12-04,39978.62890625,440.3861087358581,377.0514767703932,185.35190415389414,142.08089784512003,187.25999450683594,1.0805671215057373
2023-12-05,41421.1484375,440.89984300542426,378.5787124502714,188.05135551468544,136.94703421932326,186.3000030517578,1.078260064125061
2023-12-06,43478.08203125,440.35702166378525,379.0615260202326,189.95977851245675,136.44115788508552,187.5,1.0773192644119263
2023-12-07,42880.6484375,442.27622650644105,381.2884078381228,191.42319951100376,136.79713253181194,187.25999450683594,1.0757662057876587
2023-12-08,43125.296875,443.16794177253433,382.7861090413666,191.50229501018384,135.39188771832832,184.89999389648438,1.0731456279754639
2023-12-09,43627.59765625,,,,,,
2023-12-10,43593.28515625,,,,,,
2023-12-11,40234.578125,445.358553474564,385.7914513797825,189.2774811684409,135.51367344247612,183.14999389648438,1.0743216276168823
2023-12-12,40667.5625,446.45377709893216,388.6292106206721,189.57413099725628,135.91650172104815,183.25999450683594,1.0761829614639282
2023-12-13,40676.8671875,449.8656850098202,392.99430327502,192.66911702808835,136.26315602865495,183.3800048828125,1.0774004459381104
2023-12-14,41767.08984375,454.83818462019093,394.47234592801004,193.96442237725344,135.2607271739315,188.0800018310547,1.088020920753479
2023-12-15,41692.96875,454.9109942306135,397.6549706592437,194.79504567055722,133.49948852956942,186.82000732421875,1.0902271270751953
2023-12-16,41723.11328125,,,,,,
2023-12-17,41274.54296875,,,,,,
2023-12-18,40530.2578125,457.30518842783584,399.4661904298243,192.21425301938103,135.0452502673115,187.24000549316406,1.0894551277160645
2023-12-19,41826.3359375,459.7965540277921,402.1812612065287,193.69745188302565,136.20693503489764,188.1300048828125,1.091607689857483
2023-12-20,42223.81640625,455.2905624937439,397.78771478214475,192.64930725097656,134.7548490124354,188.08999633789062,1.0935654640197754
2023-12-21,43330.05078125,456.28325178797456,399.33786206115974,191.3342368191114,134.08969765653518,188.75,1.0936251878738403
2023-12-22,43441.96875,459.06669078214355,401.32229576593045,190.8101216032956,135.17640667217992,190.07000732421875,1.0994206666946411
2023-12-23,43351.35546875,,,,,,
2023-12-24,42786.91796875,,,,,,
2023-12-25,42765.76953125,,,,,,1.0999890565872192
2023-12-26,41676.48828125,461.2953136791012,403.95844437499267,190.6717128965979,135.81344893667077,190.39999389648438,1.1009578704833984
2023-12-27,42167.58203125,462.1711954005529,405.08957679300846,188.95120308408815,136.1788259855933,191.5399932861328,1.1029249429702759
2023-12-28,42318.55078125,463.5045277970175,405.9391646926511,191.0079306668944,135.8790005245571,191.44000244140625,1.1071009635925293
2023-12-29,41424.0625,460.62377959337147,402.62001354809854,189.58401220758475,136.52546489175677,190.74000549316406,1.1043256521224976
2023-12-30,41556.2265625,,,,,,
2023-12-31,41998.25390625,,,,,,
2024-01-01,42214.9765625,,,,,,1.1039965152740479
2024-01-02,44176.94921875,457.8890273530107,395.369326823485,181.83176685644636,137.06881236221886,190.5,1.0941996574401855
2024-01-03,40813.53515625,455.63125954765485,393.0479871898376,181.37691491631995,137.88388043885382,188.16000366210938,1.0898706912994385
2024-01-04,42675.17578125,454.5411944622418,391.2402260881703,178.85546161628733,138.43660880744574,188.69000244140625,1.0917030572891235
2024-01-05,42784.71875,453.93776436095277,390.52893870896423,178.15340966673114,137.2936740168803,189.0800018310547,1.0879853963851929
2024-01-06,43475.15625,,,,,,
2024-01-07,43662.23046875,,,,,,
2024-01-08,43244.08203125,455.7577198150965,392.99860205888314,179.46852282651062,138.32418772328865,187.11000061035156,1.092454433441162
2024-01-09,45244.71484375,458.72602412321226,396.82147232234684,180.68475037086026,138.69893182591858,187.72999572753906,1.0912623405456543
2024-01-10,44483.15234375,461.17852110920177,400.2393761596448,181.8614365329183,139.832485950289,187.2100067138672,1.0923351049423218
2024-01-11,45678.64453125,459.61170706620095,399.3206391076395,181.56480461990643,139.8605809317999,186.55999755859375,1.0931470394134521
2024-01-12,41903.76953125,462.502121615046,403.18308286889186,183.11722519297732,140.42269859439665,189.16000366210938,1.0937089920043945
2024-01-13,42464.14453125,,,,,,
2024-01-14,41724.61328125,,,,,,
2024-01-15,41705.41796875,,,,,,1.0934100151062012
2024-01-16,42085.99609375,460.39023221216354,401.879140541304,178.9049149905355,139.47651314246295,187.5399932861328,1.086708426475525
2024-01-17,42189.30859375,457.28566988777015,398.0167749505994,178.2819487070673,139.59827636450498,185.4499969482422,1.0845398902893066
2024-01-18,40631.171875,459.7673604180853,404.1808244553629,183.75005912545993,138.5095515880084,186.3000030517578,1.084869384765625
2024-01-19,40297.45703125,463.777102418609,409.58422571941946,186.7065866846462,138.87721949456517,187.44000244140625,1.0868265628814697
2024-01-20,41446.82421875,,,,,,
2024-01-21,41497.0078125,,,,,,
2024-01-22,39450.1171875,469.8498844138423,415.995216497246,190.1080727596782,137.906197358116,186.85000610351562,1.0880327224731445
2024-01-23,38521.89453125,469.9569358590548,415.4519472523529,191.6604959575266,144.13782096631633,187.27999877929688,1.0824267864227295
2024-01-24,39508.796875,471.89363377790727,420.1540033688027,192.16480052192722,143.38362950663327,186.32000732421875,1.0851871967315674
2024-01-25,39545.6640625,472.39004139507995,418.820436831776,190.9485708187439,143.3553270007188,186.4600067138672,1.0826143026351929
2024-01-26,39825.69140625,473.509232074134,418.0005549754572,189.7916731135176,146.44757526187843,186.75999450683594,1.0813382863998413
2024-01-27,41431.28125,,,,,,
2024-01-28,41696.91015625,,,,,,
2024-01-29,41818.33203125,474.12232032676826,418.45493756237755,187.45807019569023,146.50412381191327,187.19000244140625,1.079715371131897
2024-01-30,42711.37109375,476.983568210537,419.2155718239364,185.37169046557113,146.90008821086892,187.97999572753906,1.0812681913375854
2024-01-31,42298.9453125,469.92772123444905,411.7179496692199,182.28663127585358,147.72971671720015,188.1300048828125,1.0807656049728394
2024-02-01,41879.19140625,470.8425939142762,412.72555441329524,181.7625567551165,147.65426825661092,188.99000549316406,1.078027606010437
2024-02-02,42584.3359375,476.1952805049677,417.6449376290023,177.24370243482153,148.51219013063445,187.85000610351562,1.0783065557479858
2024-02-03,42890.80859375,,,,,,
2024-02-04,42374.83203125,,,,,,
2024-02-05,42264.81640625,477.1004342987586,419.8280559423624,183.75992879401906,148.54044476416786,186.6999969482422,1.072466492652893
2024-02-06,42529.01953125,478.871606822303,420.0453513036871,184.67954732588265,148.83272245397453,187.74000549316406,1.0724550485610962
2024-02-07,42775.95703125,482.0929770540646,423.8682985252067,186.49895962721544,149.65293231933035,188.27999877929688,1.0756388902664185
2024-02-08,44332.125,483.9421467021212,426.16996158844313,185.25304448034683,148.73844735149484,187.82000732421875,1.074310064315796
2024-02-09,45260.82421875,485.1391705814137,427.8690231128558,186.1329987846296,147.97480336155948,187.13999938964844,1.0763914585113525
2024-02-10,46905.3203125,,,,,,
2024-02-11,47617.40625,,,,,,
2024-02-12,47745.76171875,486.84223792928447,429.3606002277538,184.9349868995182,146.58898292919673,186.36000061035156,1.0757662057876587
2024-02-13,48406.49609375,477.57723287028176,420.1540530622514,181.68755769129083,146.57955624911543,184.3300018310547,1.0702054500579834
2024-02-14,49296.83203125,481.1586808363787,423.66081661689094,180.62820312290157,146.04216259801856,183.77999877929688,1.069553017616272
2024-02-15,51371.62890625,485.4408311080291,426.0809960674444,179.54903541760635,147.21117234669447,185.10000610351562,1.072524070739746
2024-02-16,51641.3671875,485.39215073377574,424.6190524047314,179.86585283584154,147.70142117744848,184.83999633789062,1.0734450817108154
2024-02-17,50669.66796875,,,,,,
2024-02-18,51233.70703125,,,,,,
2024-02-19,51711.8203125,,,,,,1.0762988328933716
2024-02-20,50792.3125,481.20737545898015,418.346261346787,178.21240712023044,149.07785905825907,187.39999389648438,1.0762524604797363
2024-02-21,50671.7578125,480.3411949189208,416.49908643004204,178.8658660184515,150.07713973178193,187.10000610351562,1.0791910886764526
2024-02-22,50926.29296875,489.54781221335594,428.43199559983816,180.64801151557128,149.54920345983624,187.0500030517578,1.0805087089538574
2024-02-23,50561.77734375,493.51856105397593,430.486717969249,180.42028422645075,150.99165158553274,187.4600067138672,1.0813733339309692
2024-02-24,50585.4453125,,,,,,
2024-02-25,51306.171875,,,,,,
2024-02-26,50931.03125,492.3117704350963,431.04979754489244,178.85597124394113,150.9067950232022,187.52999877929688,1.0813382863998413
2024-02-27,54484.19921875,491.23148157958644,429.7359871107177,177.77679547469845,149.86032920473545,187.8800048828125,1.0833649635314941
2024-02-28,56738.42578125,491.4358493661455,429.0147951055771,178.34114943443706,149.55865146099518,188.02999877929688,1.0798670053482056
2024-02-29,60498.73046875,491.815425510208,429.7261072238398,177.74708592784262,149.1249734604302,189.22999572753906,1.0805671215057373
2024-03-01,60802.52734375,494.9394511031337,434.48739279006463,175.61846756104012,148.58763133367154,189.44000244140625,1.079925298690796
2024-03-02,61657.2890625,,,,,,
2024-03-03,61435.0234375,,,,,,
2024-03-04,62386.51953125,498.2873313148722,438.369619473107,172.06408093389737,148.64420346546257,193.8800048828125,1.0838581323623657
2024-03-05,59323.91015625,491.3871514111604,428.3727428120302,167.93550746706842,149.6906265722837,196.64999389648438,1.084269404411316
2024-03-06,62848.671875,494.8031986362925,431.5733535962779,167.00482743895031,149.81320304166948,197.44000244140625,1.084293007850647
2024-03-07,65655.53125,496.15597704493354,435.4950357987029,166.81674075207243,150.3411456977875,198.91000366210938,1.086932897567749
2024-03-08,66230.453125,497.4406368151398,433.0056810784902,167.26226790901475,149.22868890178958,200.4499969482422,1.0927051305770874
2024-03-09,68053.125,,,,,,
2024-03-10,68239.9765625,,,,,,
2024-03-11,67194.8828125,494.88106560592894,430.1409789239274,170.34139373001014,151.61385591197924,201.4600067138672,1.0914647579193115
2024-03-12,68728.8515625,497.17784111143084,431.14859299678636,169.31170429451927,152.0003680282057,199.16000366210938,1.0903223752975464
2024-03-13,71334.09375,500.7106580961506,433.7762330042358,169.06420612614593,152.09468167760733,200.35000610351562,1.0920488834381104
2024-03-14,68563.0234375,498.11218023321516,431.079455553198,170.34138929390355,151.90611385112345,199.33999633789062,1.0884116888046265
2024-03-15,65630.6953125,496.0477073102581,427.4738327526326,168.5988682774061,151.12363800120679,199.57000732421875,1.0873819589614868
2024-03-16,64801.39453125,,,,,,
2024-03-17,64545.31640625,,,,,,
2024-03-18,66594.2265625,500.26507469946,432.490156226249,171.7967859641753,151.78355198962922,199.50999450683594,1.0880801677703857
2024-03-19,61536.1796875,498.9763936514032,428.6226278409683,171.31164624406932,151.94381830020083,198.94000244140625,1.0835057497024536
2024-03-20,60807.78515625,502.8423468084039,433.30131642838063,173.3511809805003,152.22666700709232,199.1199951171875,1.0836936235427856
2024-03-21,64580.91796875,509.5100647824686,440.8286189706875,169.14338597139206,151.89668593260646,200.60000610351562,1.0856467485427856
2024-03-22,62355.37109375,508.592403744498,439.66146154914395,168.37113733503185,152.2266359847715,199.72000122070312,1.080905795097351
2024-03-23,63038.4921875,,,,,,
2024-03-24,63825.8515625,,,,,,
2024-03-25,66414.8359375,507.26469698888116,437.7325820233636,167.76721443821097,150.58623912761757,200.97000122070312,1.080263614654541
2024-03-26,69335.609375,506.0835014250274,438.2766990543278,167.8959138727621,150.97278097300108,201.07000732421875,1.082602620124817
2024-03-27,68381.9296875,507.14752139258985,437.12925080626644,168.42063422483255,152.10405844072773,202.32000732421875,1.081174612045288
2024-03-28,68895.5078125,510.3593370763644,438.83060154444735,168.81667037520143,152.4434570507742,203.8699951171875,1.0775513648986816
2024-03-29,69076.65625,,,,,,1.0768898725509644
2024-03-30,69601.0625,,,,,,
2024-03-31,69624.8671875,,,,,,
2024-04-01,68110.6953125,508.5924208160107,438.2074283944994,167.79690490268092,150.65225599051146,206.2899932861328,1.0731571912765503
2024-04-02,64586.59375,504.20905639561914,433.2716175055322,166.55931106297376,150.50138904720558,208.36000061035156,1.072535514831543
2024-04-03,64559.8984375,505.3708077109344,434.1816188556079,166.90582876011774,146.76808565742496,210.3000030517578,1.0764726400375366
2024-04-04,65113.796875,500.5774945359362,430.38335799892496,167.14346313476562,146.51355040394822,211.02000427246094,1.0835057497024536
2024-04-05,66011.4765625,501.7977623960231,431.22410267243185,167.27214102824712,145.83475936531335,212.22000122070312,1.0791677236557007
2024-04-06,67491.71875,,,,,,
2024-04-07,68851.6328125,,,,,,
2024-04-08,69064.2421875,505.58551474588614,434.42899593259517,166.56923932419392,146.72094907680994,214.61000061035156,1.0821573734283447
2024-04-09,68212.921875,502.1296782746543,432.68808133949716,166.6781477036779,146.7869502157522,216.4499969482422,1.0849870443344116
2024-04-10,67503.5625,499.9233821983309,431.5406785345994,165.45044033625643,146.739793574956,214.67999267578125,1.073375940322876
2024-04-11,69571.8125,499.9136311857634,433.20235289872653,166.49000200344838,146.85295993855993,215.88999938964844,1.0700452327728271
2024-04-12,65254.8359375,496.98492439940395,432.1341485615993,172.47994902506244,145.88193405347877,216.02000427246094,1.062371850013733
2024-04-13,60919.10546875,,,,,,
2024-04-14,62205.8515625,,,,,,
2024-04-15,62332.0703125,491.61561081165047,425.5365774509986,170.78690583147454,146.43812828162382,215.16000366210938,1.0623606443405151
2024-04-16,61716.40234375,490.2781268160622,425.03211508664594,166.59891404642835,146.7586433226223,218.77999877929688,1.0604116916656494
2024-04-17,59768.5859375,487.2615443714678,420.2842287497744,166.33157348632812,146.82467595061365,218.52000427246094,1.0608166456222534
2024-04-18,60833.48046875,486.714794359639,418.23670854458396,164.8959946340493,147.98147573684668,219.30999755859375,1.0647813081741333
2024-04-19,59651.390625,482.12652879623903,408.58280678519526,162.45051229612085,145.66630941512716,220.0800018310547,1.0611768960952759
2024-04-20,63172.40234375,,,,,,
2024-04-21,64277.72265625,,,,,,
2024-04-22,64548.1796875,483.65920663681294,409.44333179355846,163.1336578084027,149.20547834176665,215.13999938964844,1.0625072717666626
2024-04-23,65864.8671875,487.6617913619136,414.3197623321765,163.2822057253187,152.21330080689552,213.8699951171875,1.0639317035675049
2024-04-24,63589.87109375,491.17624034467946,419.59189664985104,164.55938480415762,151.26444265784707,214.36000061035156,1.0679197311401367
2024-04-25,62783.6328125,485.6702321576898,413.59772089332074,166.4801094484109,153.78838736879447,214.33999633789062,1.0678740739822388
2024-04-26,63322.3984375,493.68518162682494,422.2822977668712,167.49984906174126,152.2797254869056,215.52999877929688,1.0675548315048218
2024-04-27,62424.71875,,,,,,
2024-04-28,62793.59765625,,,,,,
2024-04-29,61795.45703125,495.19835393785416,425.30908244856215,171.38094074443057,152.20379394911188,215.25,1.0690956115722656
2024-04-30,59120.06640625,490.0536193847656,419.89851294550385,168.31174889120035,153.3329502000085,211.8000030517578,1.068433165550232
2024-05-01,56555.29296875,487.99367378182563,416.09033575149846,167.43055209459067,153.92119035958873,212.41000366210938,1.0650080442428589
2024-05-02,56937.203125,487.68131503899394,416.0606350688799,169.19289835753364,154.3197203146666,211.49000549316406,1.0675777196884155
2024-05-03,58848.3125,496.47730640185137,427.92038151036974,180.84603267784937,153.86429039639833,210.7100067138672,1.0725010633468628
2024-05-04,62599.3515625,,,,,,
2024-05-05,62955.3046875,,,,,,
2024-05-06,62746.23828125,501.1046384911043,431.7780377160311,178.62825898838415,154.90799219894438,214.47000122070312,1.0756388902664185
2024-05-07,62285.98046875,504.17981521335923,434.80473090539914,179.51930088998813,156.16997690955301,213.8800048828125,1.0755810737609863
2024-05-08,60877.12890625,502.90090860900597,432.79679796970544,179.6480343404535,156.49259065236174,213.5,1.0735719203948975
2024-05-09,60648.07421875,504.4336447297941,433.69693803654405,180.3014688648197,156.60644688083545,214.44000244140625,1.0725126266479492
2024-05-10,60208.78125,507.2452440275092,435.71479191286244,180.56586910059414,157.22318411611127,218.0800018310547,1.0762062072753906
2024-05-11,60492.625,,,,,,
2024-05-12,60632.6015625,,,,,,
2024-05-13,60769.83984375,507.3915974260266,436.8523260801147,183.0344740478803,156.90058653430728,215.8000030517578,1.0766464471817017
2024-05-14,61123.765625,508.1920827014514,437.6535091414476,184.69011878206607,155.56271831469687,216.97999572753906,1.0776442289352417
2024-05-15,61330.41015625,512.7023092523975,442.0453111653553,185.76087383759318,156.67286975143017,217.64999389648438,1.0813616514205933
2024-05-16,64613.0546875,515.9825072697596,446.90193232511433,188.03119361367854,158.06767103070374,219.41000366210938,1.0855170488357544
2024-05-17,65119.31640625,514.7915121402848,444.65662335588394,187.55528802161362,158.34283452673895,221.6699981689453,1.0836349725723267
2024-05-18,66663.5,,,,,,
2024-05-19,65937.1796875,,,,,,
2024-05-20,66086.171875,516.5975616577482,446.88212917453916,187.38675756521698,158.25742185920632,223.02000427246094,1.0855052471160889
2024-05-21,69191.125,516.4999028909981,447.92073510394465,189.28036268210627,158.73184000826657,223.6999969482422,1.0845986604690552
2024-05-22,68977.6953125,515.0648847480338,448.15811721893635,188.63593413629764,159.05445030914711,219.74000549316406,1.0822510719299316
2024-05-23,66356.953125,512.2532779910508,446.94153709318385,185.0272019643745,156.86263956217738,215.66000366210938,1.0813032388687134
2024-05-24,66622.671875,514.3620914027401,448.6428560676612,186.42509288132968,156.70131692781905,215.74000549316406,1.0806137323379517
2024-05-25,68515.8203125,,,,,,
2024-05-26,68183.890625,,,,,,
2024-05-27,68232.5,,,,,,1.0841753482818604
2024-05-28,67227.15625,514.5864879004678,451.7289222852623,187.47599667367734,153.95917937485717,217.2100067138672,1.0859060287475586
2024-05-29,67101.4921875,512.8879487699058,450.3936022845126,187.8824768517226,153.16214139148036,216.1199951171875,1.080952525138855
2024-05-30,67118.078125,508.94383216366884,445.31933550680014,188.99288109200768,153.21906967248748,216.41000366210938,1.0788999795913696
2024-05-31,66633.421875,506.0444490191236,438.24701222029506,188.27905284340878,153.68402556434324,214.64999389648438,1.081162929534912
2024-06-01,67386.1953125,,,,,,
2024-06-02,67315.5234375,,,,,,
2024-06-03,67589.8359375,510.18360486685094,443.0343538674876,190.86662095571478,155.2590741878925,215.5399932861328,1.0828019380569458
2024-06-04,68564.640625,512.4875596797398,446.22928846559876,191.37223723797064,155.9896768878481,214.1999969482422,1.0860711336135864
2024-06-05,70390.7109375,516.1679828855217,449.47370515181433,193.19645419760306,156.54002944100975,215.92999267578125,1.0860947370529175
2024-06-06,70119.125,520.0242145910106,457.16915999813136,192.50244866402238,156.6348810265672,218.10000610351562,1.0863661766052246
2024-06-07,68507.2578125,519.8875261250549,456.8229881379394,192.47272888451312,158.30486435120218,211.5399932861328,1.0804970264434814
2024-06-08,69210.7421875,,,,,,
2024-06-09,69160.84375,,,,,,
2024-06-10,69232.421875,519.916797584573,456.5163473996493,190.49980075281104,157.58376903424738,212.75999450683594,1.073364496231079
2024-06-11,66123.6015625,519.4091430834137,457.0108712848029,191.96710777388114,157.5268076809793,213.24000549316406,1.0721101760864258
2024-06-12,66902.453125,527.4631115100716,466.17032012465427,205.1231180281253,155.8189015000119,214.1999969482422,1.073502779006958
2024-06-13,66304.5625,526.7700371068663,469.26634848832265,209.7827737762817,156.0561092887016,212.25999450683594,1.075384497642517
2024-06-14,65056.89453125,527.0238379218912,470.87859282283176,209.48536314811375,156.7962048620822,214.97999572753906,1.0668145418167114
2024-06-15,65871.7734375,,,,,,
2024-06-16,66018.25,,,,,,
2024-06-17,65094.96484375,528.7420075865693,472.94590045979214,210.8931452933454,156.93853167884552,213.60000610351562,1.068764328956604
2024-06-18,64066.95703125,533.7403021449248,478.1784245124455,211.17073132176122,158.39976942987224,214.0399932861328,1.0711110830307007
2024-06-19,64693.30078125,,,,,,1.0726275444030762
2024-06-20,64547.84765625,532.2270793840357,474.4097759845892,207.0563681724187,158.323862366003,216.14999389648438,1.0707554817199707
2024-06-21,63378.89453125,531.8288032321234,473.4701993597817,205.33132746963062,158.627470120344,214.25999450683594,1.0671902894973755
2024-06-22,63929.7578125,,,,,,
2024-06-23,63180.796875,,,,,,
2024-06-24,58601.69921875,531.4369212698475,469.41777397286,204.8157865138524,158.9121107871355,215.1999969482422,1.0684444904327393
2024-06-25,60239.75,531.2607431275164,470.70565640050626,206.81844945769743,157.41294970208145,214.1199951171875,1.0692213773727417
2024-06-26,60695.1875,531.8385861304241,473.6877426969305,208.83102368645302,157.18523026393163,212.1199951171875,1.0667691230773926
2024-06-27,60585.33203125,533.3859430174333,474.84684046619515,210.5263358320774,157.033401107439,214.4499969482422,1.0677828788757324
2024-06-28,59985.40234375,531.7603035552984,474.014614539721,208.49394377490637,156.1604903073076,214.82000732421875,1.0686043500900269
2024-06-29,60300.96484375,,,,,,
2024-06-30,60632.94921875,,,,,,
2024-07-01,62495.51171875,531.339002473828,471.8351183529178,210.10002805599396,153.90224301204958,214.49000549316406,1.072075605392456
2024-07-02,61752.74609375,532.4457925507478,475.81771252663776,213.2526983679821,153.43730615860335,214.6199951171875,1.0710651874542236
2024-07-03,59419.38671875,537.3428237195677,481.70258851623953,217.14897630904898,154.64234588528376,217.3300018310547,1.0737102031707764
2024-07-04,56777.8046875,,,,,,1.0784229040145874
2024-07-05,53717.375,539.7617544001083,487.0226236059382,219.7464397478406,155.13574327552556,219.5800018310547,1.0810693502426147
2024-07-06,56038.9609375,,,,,,
2024-07-07,55793.32421875,,,,,,
2024-07-08,54321.01953125,542.7684974779849,490.89630684162825,221.3327047505454,157.14728431585834,217.41000366210938,1.0815136432647705
2024-07-09,56316.875,544.0711239537649,491.6294799402582,224.4259054004998,156.69183957773797,217.27000427246094,1.0806254148483276
2024-07-10,57178.4140625,545.2953107088132,493.7594701786326,227.28117906796422,157.07135611228026,219.16000366210938,1.081186294555664
2024-07-11,57120.37890625,544.3747234457534,486.1706643474196,223.83108651749725,156.3502655295138,221.47999572753906,1.0832945108413696
2024-07-12,56590.17578125,545.667538567234,487.4684863179307,226.71607753741577,157.5267954303174,221.86000061035156,1.086307168006897
2024-07-13,57796.44140625,,,,,,
2024-07-14,59225.25,,,,,,
2024-07-15,60704.9296875,548.0964700225896,489.49945539424647,231.08823078613918,156.04662023487202,223.02000427246094,1.088435411453247
2024-07-16,62487.96875,550.5154392403327,488.56815140505716,230.33473879844306,156.18896795712462,225.3000030517578,1.0872164964675903
2024-07-17,63896.0859375,545.1386373621594,477.224557622275,224.6936146131452,158.76980771103973,226.6699981689453,1.0896332263946533
2024-07-18,63246.1640625,539.0859974733345,471.8449804007106,220.36112971273346,159.67119504962267,225.57000732421875,1.0905362367630005
2024-07-19,63329.34375,536.6179614633988,469.53664478511604,221.36248326433122,159.53380278645915,221.41000366210938,1.0877368450164795
2024-07-20,66299.6171875,,,,,,
2024-07-21,65842.296875,,,,,,
2024-07-22,66611.296875,539.6639229224022,473.2715611637346,221.17409763275575,160.07786987480856,220.39999389648438,1.0873701572418213
2024-07-23,65484.4609375,541.8773700301276,475.67902005911884,220.76759935066607,158.76061347463607,221.86000061035156,1.084445834159851
2024-07-24,65146.99609375,529.1549928867055,458.2128864838002,215.2652677100796,158.05422053052877,221.74000549316406,1.0826728343963623
2024-07-25,63473.47265625,526.3735438881854,451.3967509671105,212.77682977395946,159.28560419407748,217.52000427246094,1.0829308032989502
2024-07-26,65743.765625,530.3303285661854,455.4982979856442,214.15488466672127,159.43834881839757,219.6999969482422,1.084269404411316
2024-07-27,66705.21875,,,,,,
2024-07-28,67085.828125,,,,,,
2024-07-29,66532.59375,531.5349026238763,457.3311501815237,213.8971319294418,160.46924076079165,219.0500030517578,1.0803102254867554
2024-07-30,65323.19140625,527.4214517116767,449.93051231846664,214.26395224147618,150.8569327498577,220.36000061035156,1.0799952745437622
2024-07-31,64532.046875,536.2947780748914,462.07659074748636,218.7352157578384,151.9737686523616,223.63999938964844,1.0808707475662231
2024-08-01,62248.94140625,528.3127341764186,451.74351079884156,215.15622233135366,153.37697006477316,225.0500030517578,1.0778300762176514
2024-08-02,61184.89453125,517.7059303208597,440.3404851566056,215.84030263063204,157.64379626431574,222.8699951171875,1.0782949924468994
2024-08-03,59836.52734375,,,,,,
2024-08-04,57210.8046875,,,,,,
2024-08-05,49121.23828125,499.75370979338373,419.51574708871345,194.3167520967801,159.09471647573497,220.24000549316406,1.089372158050537
2024-08-06,53973.2734375,507.19706454680966,430.52255505334097,199.34320096724198,160.22106708130738,220.11000061035156,1.0904649496078491
2024-08-07,54620.5078125,507.3733196862517,430.33428273182557,204.61753049861642,160.3737817667189,220.35000610351562,1.0906909704208374
2024-08-08,54766.7265625,511.08531467340157,433.0884865440954,207.0365669160157,161.31880332583924,222.52000427246094,1.0882340669631958
2024-08-09,59587.859375,517.6667385635127,441.4698288405631,210.1496011292121,161.9392549529087,223.82000732421875,1.0909645557403564
2024-08-10,60287.56640625,,,,,,
2024-08-11,58348.82421875,,,,,,
2024-08-12,57688.8984375,520.0075304089534,444.3825252809175,213.9958359256548,158.6460873938057,225.97000122070312,1.0913337469100952
2024-08-13,58506.25390625,525.2275960596088,451.4463093931689,217.38044783379533,158.89424526473243,227.58999633789062,1.0915720462799072
2024-08-14,58472.875,528.9885080949739,454.14096900274984,218.06529253738043,158.28334678584113,225.35000610351562,1.098828673362732
2024-08-15,56161.59375,537.5679813653051,464.02834595348503,221.1025352094067,159.17106684307447,225.1199951171875,1.09505033493042
2024-08-16,57110.01953125,539.8989177341498,467.2679450064729,221.9859508745138,159.21880696898793,229.00999450683594,1.0973695516586304
2024-08-17,58814.83203125,,,,,,
2024-08-18,58445.40234375,,,,,,
2024-08-19,57864.7109375,542.4452860411917,468.9719576926455,221.38045847347976,160.52651471099506,229.74000549316406,1.1023900508880615
2024-08-20,58610.8828125,545.8437865187526,474.1038088531109,223.7725505409132,160.46926779721232,231.1300048828125,1.107248067855835
2024-08-21,58823.4453125,543.2974141481618,474.86664249742586,223.37553826276908,161.8915108165068,230.47999572753906,1.11055588722229
2024-08-22,59815.25390625,543.542157059687,469.40782556843743,222.23407290784718,161.45244501171098,228.25999450683594,1.1099271774291992
2024-08-23,60372.05078125,545.8046443878154,470.8641963105765,222.66087229355688,160.60289562517335,230.52000427246094,1.110679268836975
2024-08-24,63619.91796875,,,,,,
2024-08-25,63833.51953125,,,,,,
2024-08-26,62849.55859375,547.528352675827,468.8431803115089,222.22414052811973,161.03242245593069,232.05999755859375,1.1152873039245605
2024-08-27,58116.75,546.8133563476018,467.3273758146257,223.21672230373292,161.39514724049783,231.57000732421875,1.1151255369186401
2024-08-28,57890.67578125,543.601060631449,463.54288867121295,224.0008084384826,160.91791905757722,230.72999572753906,1.1105434894561768
2024-08-29,58786.2265625,545.6968421488655,465.00911671200544,227.1770435151196,161.26153164287862,231.9199981689453,1.1056320667266846
2024-08-30,57768.53125,545.6577940930898,466.1385676448057,225.78743262658827,161.9774400617446,230.5500030517578,1.1053999662399292
2024-08-31,58768.78515625,,,,,,
2024-09-01,57217.82421875,,,,,,
2024-09-02,57136.02734375,,,,,,1.1042524576187134
2024-09-03,57425.16796875,538.1850458833093,455.1416524496019,219.52438650802387,163.21836382030787,228.52000427246094,1.1033751964569092
2024-09-04,55673.1640625,538.1359934145067,453.477258224592,215.86183603349318,165.73838096345534,229.3800048828125,1.1040817499160767
2024-09-05,55712.453125,535.8246177750381,453.6852962003829,219.87178579311316,166.73109350659544,231.3300018310547,1.1075178384780884
2024-09-06,52598.69921875,528.3225490242058,444.0258857158704,218.13481142105056,167.3706309202891,229.6199951171875,1.1067211627960205
2024-09-07,53740.0703125,,,,,,
2024-09-08,53653.7578125,,,,,,
2024-09-09,54598.43359375,531.4958170549409,445.6407659677918,215.09757995493325,166.72152909378548,230.38999938964844,1.10349702835083
2024-09-10,56419.4140625,532.1813804449696,448.02836861259885,215.1174187834135,167.9147319284295,231.1199951171875,1.101624846458435
2024-09-11,55567.33984375,528.8318826121556,447.08719099889396,216.26879790334314,165.73838489022467,231.08999633789062,1.100279450416565
2024-09-12,57330.1015625,541.3483388424467,462.51252198450715,218.1844402475294,164.60243275548365,234.4199981689453,1.1006548404693604
2024-09-13,57650.11328125,547.920069645679,467.8623879449723,220.25887596851652,164.94610118866427,237.75999450683594,1.1073951721191406
2024-09-14,59517.8828125,,,,,,
2024-09-15,58696.30859375,,,,,,
2024-09-16,57501.33984375,548.3609450381223,465.524288528779,212.32834292284386,166.39702890693897,238.0500030517578,1.1087088584899902
2024-09-17,57628.0703125,549.2324757022386,466.59424438062723,212.904016801209,167.38972355074856,236.61000061035156,1.1113086938858032
2024-09-18,59218.25390625,549.2717571625421,466.4555272479723,215.92137182236397,164.7265650525907,235.3000030517578,1.110913634300232
2024-09-19,61609.8671875,556.3722663136862,476.0258103183634,222.95865620671253,162.63608127505904,237.38999938964844,1.107051968574524
2024-09-20,62364.60546875,555.219996107625,473.8561221774012,225.92638886705737,163.7051694906199,240.47000122070312,1.1137346029281616
2024-09-21,62783.10546875,,,,,,
2024-09-22,62440.7265625,,,,,,
2024-09-23,62628.078125,558.0984411315784,477.7959811138323,224.12984974700805,164.74561855528427,242.58999633789062,1.1084877252578735
2024-09-24,62737.41796875,557.6071931426925,476.3772853530918,224.05045616714196,164.77428893797207,243.14999389648438,1.1103955507278442
2024-09-25,62945.375,558.8941616149112,480.732578237264,222.35320871856098,164.2397113843362,244.7899932861328,1.1141688823699951
2024-09-26,62669.26953125,559.866775948692,481.96276544725106,223.73283210674714,163.57154163919952,245.19000244140625,1.112681269645691
2024-09-27,64852.9921875,560.3776161208616,481.7247009952947,225.60874837392768,164.73608875255735,244.19000244140625,1.1126564741134644
2024-09-28,65458.03515625,,,,,,
2024-09-29,65450.015625,,,,,,
2024-09-30,62873.6171875,558.0787581388843,479.10552858521237,227.9412771261621,164.8601916109503,242.5,1.1136106252670288
2024-10-01,60189.27734375,556.035444442894,473.6291700994233,222.07526286618742,164.37335314503687,245.05999755859375,1.1061090230941772
2024-10-02,59996.94921875,555.3183290115846,473.9466197241842,221.360617941662,163.30426135529055,243.99000549316406,1.1034117937088013
2024-10-03,59878.8046875,555.5344286086627,475.2065415805555,221.65838486968212,162.05379499231555,243.69000244140625,1.1009578704833984
2024-10-04,60459.94140625,558.09848649286,478.57971250941176,222.46237094034984,160.6124238132577,244.0500030517578,1.0956143140792847
2024-10-05,61689.58203125,,,,,,
2024-10-06,61833.1484375,,,,,,
2024-10-07,62152.55078125,556.6543868115797,477.0716968180428,219.68319006872073,159.2855936969518,243.80999755859375,1.095554232597351
2024-10-08,61843.5625,559.5032914013763,480.02815591476696,221.58889489724396,158.71288578346162,240.6300048828125,1.096166729927063
2024-10-09,60314.61328125,562.4701514366566,484.0958218394654,223.1571606453159,160.36425659176155,240.63999938964844,1.094067931175232
2024-10-10,58895.20703125,564.3759797176003,485.6632999428998,225.47973405841245,160.71740173238211,241.50999450683594,1.0914051532745361
2024-10-11,60046.125,565.7709716649979,486.298268176488,225.6484741750507,161.2901425585199,244.47000122070312,1.0927408933639526
2024-10-12,62443.26953125,,,,,,
2024-10-13,62035.63671875,,,,,,
2024-10-14,62442.15234375,570.5061957931404,491.34807641617016,226.89910245149323,162.97970916583753,244.25999450683594,1.0905719995498657
2024-10-15,64809.1953125,568.3546560789198,484.82005775780306,230.6410474142004,164.96519468928153,244.52999877929688,1.0885775089263916
2024-10-16,66758.7265625,568.7673576490918,483.718795252719,228.12986736523644,163.1229129749975,246.36000061035156,1.0868147611618042
2024-10-17,66647.390625,571.9109378019983,487.3102273222296,228.8048220166126,163.95333745342833,247.6199951171875,1.0813850164413452
2024-10-18,67177.8203125,572.3235945792737,489.40352876657005,232.26884075534687,161.74877373970446,249.89999389648438,1.0828253030776978
2024-10-19,68024.640625,,,,,,
2024-10-20,68105.71875,,,,,,
2024-10-21,66829.8515625,570.378356688641,487.42922335035456,232.7055644739604,161.7391789713511,250.72999572753906,1.0821105241775513
2024-10-22,66581.3671875,570.1622940232531,488.0840368199485,230.86936376892484,161.85440447704755,252.52000427246094,1.0801936388015747
2024-10-23,65188.03515625,564.3071139493308,481.2187106828383,226.06533615950997,162.008014735937,250.1999969482422,1.0762641429901123
2024-10-24,66454.1015625,566.4193810527883,485.5740180882913,226.71049918514768,162.2000504088774,251.39999389648438,1.0771567821502686
2024-10-25,65521.79296875,567.9027646254573,490.52460813834386,227.86188088691335,161.3455044055585,251.77000427246094,1.081186294555664
2024-10-26,66360.59375,,,,,,
2024-10-27,66847.2265625,,,,,,
2024-10-28,67535.1328125,570.2997691348281,491.189320221086,230.81972458948547,161.67195128523034,252.9499969482422,1.078271746635437
2024-10-29,69729.9140625,568.2466677584584,489.94919430030234,230.59141979007921,160.18372625631912,254.22999572753906,1.077040672302246
2024-10-30,71411.734375,569.0914726763393,491.97313907393766,227.84201349481597,159.34840642428355,255.91000366210938,1.0809992551803589
2024-10-31,69590.5,558.4324763422399,479.92895155012076,223.69313535160188,158.51304577527273,252.1999969482422,1.0845046043395996
2024-11-01,68779.703125,560.5741663070255,481.36755903272683,218.63110809640673,158.41702570890075,252.44000244140625,1.084845781326294
2024-11-02,69033.71875,,,,,,
2024-11-03,67482.5234375,,,,,,
2024-11-04,66803.6484375,557.8922001113365,480.4250346737851,218.07526420177624,158.02335256522554,252.27000427246094,1.0870392322540283
2024-11-05,67458.8671875,560.4759261934032,483.6691560835817,219.49460455688452,157.78331784214802,252.41000366210938,1.0873347520828247
2024-11-06,69322.03125,575.0840276009245,495.6538016210877,219.54423614319148,153.44338208552463,244.9499969482422,1.068376064300537
2024-11-07,74480.421875,582.5601702684252,504.32476456953594,222.8990781242877,155.04685950839882,248.1199951171875,1.0714094638824463
2024-11-08,75648.7421875,585.6742957423695,508.36257264354634,224.9726384261151,157.39924777441394,247.77999877929688,1.0710422992706299
2024-11-09,75773.7890625,,,,,,
2024-11-10,76565.4296875,,,,,,
2024-11-11,80283.25,586.4896646144927,506.8843925321375,220.093823487321,159.17556327630012,241.05999755859375,1.0628799200057983
2024-11-12,85155.109375,583.9059310932324,505.80295361288677,221.94201602014732,158.97392128178927,239.38999938964844,1.0597037076950073
2024-11-13,86256.9296875,584.4855486263699,505.9220366929146,221.34582330978657,159.07951062569197,237.58999633789062,1.0559773445129395
2024-11-14,86682.8125,582.2163022724781,503.7592810433263,223.57158960851197,159.8764680641205,236.1300048828125,1.0499238967895508
2024-11-15,87124.8984375,573.5810036102117,490.58414799637626,222.84621765747355,160.2317332470739,236.3300018310547,1.052443265914917
2024-11-16,90094.2265625,,,,,,
2024-11-17,88741.6640625,,,,,,
2024-11-18,89393.59375,575.0350659488972,492.8064433987384,223.74050538640262,162.10406253875763,240.4499969482422,1.0531193017959595
2024-11-19,90426.984375,573.7479582489347,493.1536355499042,225.22103903072198,162.90098458418296,242.02999877929688,1.0528532266616821
2024-11-20,91619.5,574.3373524745978,492.6377521945281,224.45594670445817,162.75694288213433,243.50999450683594,1.0508506298065186
2024-11-21,94132.6015625,577.1077952881657,493.62986778963904,224.27710117470866,163.43868212373295,245.69000244140625,1.0469120740890503
2024-11-22,97222.6640625,582.7074417987914,498.80862662020473,226.61216818417898,166.95285140808937,247.86000061035156,1.0339871644973755
2024-11-23,97232.890625,,,,,,
2024-11-24,95788.078125,,,,,,
2024-11-25,92642.9140625,584.7213793724078,500.2769490739955,228.28149797848934,169.8525442085363,241.47999572753906,1.0449539422988892
2024-11-26,90770.8125,587.540783398016,503.22349121211295,231.84870566104107,170.14057825005116,241.5800018310547,1.0427310466766357
2024-11-27,91778.6640625,586.7647756879834,497.9653396767726,232.32566796514345,171.6096170363778,243.1999969482422,1.0475481748580933
2024-11-28,94677.3515625,,,,,,1.0529197454452515
2024-11-29,95407.8828125,588.8278416543462,501.31865253598164,232.48463370489634,171.17757618737767,244.72999572753906,1.0542962551116943
2024-11-30,96144.21875,,,,,,
2024-12-01,95770.1875,,,,,,
2024-12-02,94482.8671875,591.8633182342458,506.58681307521033,235.65437354492806,170.91832525873411,243.13999938964844,1.0462220907211304
2024-12-03,93629.5625,591.73570807165,509.3149386184986,237.38334952948236,168.22026662552594,243.3000030517578,1.048185110092163
2024-12-04,94660.5234375,594.2997236656325,515.4958283369896,239.71841824290905,166.54958977279418,244.3699951171875,1.0473946332931519
2024-12-05,91998.78125,595.6259055147337,517.301298490151,240.59282850575005,167.50014000557204,242.14999389648438,1.050894856452942
2024-12-06,96514.875,596.333365657436,518.2240284052577,240.5431396985891,166.82803008795707,242.44000244140625,1.0546075105667114
2024-12-07,99030.8828125,,,,,,
2024-12-08,98771.515625,,,,,,
2024-12-09,94355.9140625,593.445071963169,517.102973878682,240.21524480725012,163.64028799138396,245.25999450683594,1.0533078908920288
2024-12-10,94321.2578125,591.5294342892446,515.0592258717493,243.78247081974237,163.16021043631335,247.8300018310547,1.0500340461730957
2024-12-11,95747.2265625,594.8401094183695,520.4463366907022,244.69660488558225,163.61148876584232,248.97000122070312,1.0481630563735962
2024-12-12,99339.953125,593.6907348632812,521.8651193703002,244.12029436088807,163.24664339092186,246.8699951171875,1.0464848279953003
2024-12-13,99233.28125,592.1973163772925,523.1350101576185,244.67674782957272,163.34265466909793,244.27000427246094,1.045434594154358
2024-12-14,100634.0546875,,,,,,
2024-12-15,101227.03125,,,,,,
2024-12-16,103322.984375,594.5552201188243,528.7899213110657,246.07778066556844,164.28360621953047,244.2899932861328,1.0475043058395386
2024-12-17,105291.734375,592.2760503625989,529.911018011913,248.19426586582333,163.24663333786913,243.22999572753906,1.047998309135437
2024-12-18,100041.5390625,575.5752867073982,510.942073860317,246.1672359539693,162.28646310210777,238.82000732421875,1.0467805862426758
2024-12-19,95587.6796875,575.5360174904994,509.77136208940215,245.52135228225407,160.68301359951238,238.72999572753906,1.0352503061294556
2024-12-20,92175.1796875,572.6036951737447,505.2672783831969,244.13023820234332,160.82704276746463,241.1699981689453,1.0344257354736328
2024-12-21,96426.5234375,,,,,,
2024-12-22,94202.1875,,,,,,
2024-12-23,92403.1328125,579.2570769218985,512.8790017472445,251.84099141600396,159.73245252030605,240.64999389648438,1.038594126701355
2024-12-24,93448.015625,586.9554933157183,520.8881517500126,253.66927695641888,160.75020645291607,240.82000732421875,1.0387451648712158
2024-12-25,97593.46875,,,,,,1.0401498079299927
2024-12-26,95137.8828125,589.5281816588665,522.994722895012,255.99445048269988,161.37430897602553,242.1999969482422,1.0391446352005005
2024-12-27,93310.7421875,582.3128451341881,514.5979649367405,251.4534699071419,162.51690589599548,241.0500030517578,1.0406694412231445
2024-12-28,94014.2890625,,,,,,
2024-12-29,92881.7890625,,,,,,
2024-12-30,91317.1328125,576.0535631828352,508.60593328242436,249.15813098648073,160.06849827455537,239.5800018310547,1.0374196767807007
2024-12-31,91914.03125,576.0634704063194,507.0459049159329,247.84649497663966,159.95327016721873,241.0500030517578,1.0348539352416992
2025-01-01,92788.125,,,,,,
2025-01-02,94201.5703125,572.1994566718678,502.5245044941701,240.2848294479123,159.30036529698393,244.0800018310547,1.0231853723526
2025-01-03,96034.6171875,578.044689478734,509.3015977009679,240.3543640210219,157.7065059379262,243.36000061035156,1.0265464782714844
2025-01-04,97562.9765625,,,,,,
2025-01-05,97291.765625,,,,,,
2025-01-06,97926.1484375,585.1122021784661,518.7417623146622,241.6560500607284,154.04829022256615,242.0500030517578,1.029632806777954
2025-01-07,96132.875,578.3897338233832,510.0468799728483,239.81779188041267,154.3363658554906,243.80999755859375,1.035947322845459
2025-01-08,92525.84375,576.8323377526707,507.35388554228564,238.52603985831155,154.17310527813189,244.50999450683594,1.0276752710342407
2025-01-09,91220.84375,,,,,,1.0286160707473755
2025-01-10,92250.09375,570.2773736421228,500.74578709152473,231.5208099984783,151.1966069796888,247.5500030517578,1.0221186876296997
2025-01-11,93840.046875,,,,,,
2025-01-12,93712.5078125,,,,,,
2025-01-13,89260.1015625,567.1231694250464,496.5524148250259,228.26162915914,152.09917679896355,245.14999389648438,1.0183818340301514
2025-01-14,94322.15625,570.0802375478183,498.4304916746537,230.9941559742804,152.00313661714856,245.52000427246094,1.0239711999893188
2025-01-15,96501.640625,580.7751281246863,508.2382987029594,232.94171493841435,152.99210147993153,247.00999450683594,1.0270631313323975
2025-01-16,97364.4453125,582.4803673486446,509.71895854451463,226.58236221549976,152.8000759798105,250.27000427246094,1.0263779163360596
2025-01-17,99948.90625,587.0935375428814,509.8779077274795,227.02951162481844,153.24175450446486,249.14999389648438,1.0266518592834473
2025-01-18,102226.6171875,,,,,,
2025-01-19,99570.53125,,,,,,
2025-01-20,99471.359375,,,,,,1.0279394388198853
2025-01-21,100103.953125,590.1097477554644,516.7841297495139,217.98726416864307,154.5475806065445,251.8300018310547,1.034457802772522
2025-01-22,103360.265625,596.7041025475482,525.926281781428,218.39465138442915,157.88893535802512,253.77999877929688,1.0400739908218384
2025-01-23,101257.8046875,596.8617535693179,525.1213630726537,220.88873040600683,156.81357868023315,252.82000732421875,1.0385618209838867
2025-01-24,102772.125,598.1234189150732,524.8232261530454,220.00439436057442,157.65383889755577,255.61000061035156,1.0413196086883545
2025-01-25,104120.375,,,,,,
2025-01-26,102507.7109375,,,,,,
2025-01-27,97795.9375,586.1373960687419,506.9365241022923,222.5580508531902,160.46494211227576,251.9199981689453,1.045434594154358
2025-01-28,100238.1875,588.7099714764748,508.5563122008364,229.3446904229109,160.46495326248217,253.88999938964844,1.0415256023406982
2025-01-29,101283.8203125,590.6518414168764,513.6441392716389,232.52438199561368,160.24275952365133,253.3000030517578,1.0383461713790894
2025-01-30,103321.6484375,592.130374590218,514.9458310521527,235.7040725307193,160.2910345482493,256.45001220703125,1.0391337871551514
2025-01-31,101543.8828125,592.4557124803268,517.9070142215932,231.9580244316672,159.59552291971954,257.8599853515625,1.0362050533294678
2025-02-01,100297.7109375,,,,,,
2025-02-02,96216.078125,,,,,,
2025-02-03,91242.890625,582.0466619706364,507.8309687758005,224.2671369795404,159.61483617036896,259.5199890136719,1.0213043689727783
2025-02-04,96208.109375,588.7396375989994,514.9656364261884,225.21111642561868,160.6291847984869,261.3500061035156,1.0276541709899902
2025-02-05,96174.828125,590.0210739471236,517.3406339590531,226.82083777153602,160.94795502251762,263.8900146484375,1.0370432138442993
2025-02-06,95707.3515625,594.013089933138,522.4283060989018,228.96711414866223,162.31968850212468,261.489990234375,1.0354539155960083
2025-02-07,95653.8828125,591.4700733254969,518.9008382267226,225.81722939017394,162.1651264976265,263.260009765625,1.0324605703353882
2025-02-08,95702.4921875,,,,,,
2025-02-09,94745.2578125,,,,,,
2025-02-10,95320.84375,594.1215398587573,523.432007239571,226.00584416726187,160.7450973650941,267.239990234375,1.0299509763717651
2025-02-11,94875.0390625,593.8159609148958,522.5178778686476,226.93096309298542,160.84169872486484,266.7099914550781,1.0292725563049316
2025-02-12,94101.203125,589.9520997695843,518.6622518801204,229.4675323792709,162.26173004733045,266.3500061035156,1.031821370124817
2025-02-13,95269.7109375,594.5749384975967,525.856597948036,234.33184765944378,163.39198414053826,268.2200012207031,1.0379257202148438
2025-02-14,96342.8046875,600.3609371281675,532.2958340155867,239.72336558929686,156.78442412622368,265.45001220703125,1.0448119640350342
2025-02-15,97240.1953125,,,,,,
2025-02-16,96060.9765625,,,,,,
2025-02-17,95243.546875,,,,,,1.0467368364334106
2025-02-18,93388.8359375,599.6808827255115,532.6634926781901,240.56889220053384,156.6878163999837,269.6000061035156,1.044277310371399
2025-02-19,95011.96875,600.8440242708047,533.0808594023651,241.88197342314302,159.62454137250114,269.239990234375,1.0405069589614868
2025-02-20,96442.671875,598.3404019341449,529.1060954227281,243.00600383864503,157.26745257857806,270.1700134277344,1.0419706106185913
2025-02-21,94852.9609375,590.8983224108222,522.3985708362279,243.93111682470231,160.28140363174143,269.510009765625,1.0449975728988647
2025-02-22,95765.34375,,,,,,
2025-02-23,95270.453125,,,,,,
2025-02-24,91371.7421875,587.9608571639533,516.2574515413156,243.1353323966777,164.019872666185,270.3800048828125,1.045434594154358
2025-02-25,86008.234375,581.1300283822392,506.23098354843376,243.62276739789988,164.9955632721895,266.45001220703125,1.0457953214645386
2025-02-26,82131.8984375,583.3970246238699,508.14890831803217,237.87313357927937,164.85065729112844,266.6600036621094,1.0476469993591309
2025-02-27,83144.9609375,576.290203877955,496.9002199954935,235.81400561415145,164.8313353929419,264.45001220703125,1.0404852628707886
2025-02-28,78248.9140625,574.1118369424444,493.7998352114138,228.9900589647863,166.0098881917036,261.25,1.038184404373169
2025-03-01,83794.234375,,,,,,
2025-03-02,85040.2109375,,,,,,
2025-03-03,85081.3046875,571.6080711867788,490.4708934129811,234.8690087281554,167.61345685625332,265.07000732421875,1.039047360420227
2025-03-04,81529.2421875,564.0675042327628,484.6677252997208,233.44649624540747,167.0338639744471,267.5199890136719,1.0471752882003784
2025-03-05,86379.7734375,564.8855623415612,488.1655836699512,228.0251680036218,167.14010911150956,267.9599914550781,1.0602879524230957
2025-03-06,87852.140625,561.9680033325571,483.1374453830968,231.93453157387603,166.96623916427205,268.1600036621094,1.0782485008239746
2025-03-07,84717.6796875,557.5421542389136,477.5031471015196,233.5261018066448,168.1351105257641,267.6400146484375,1.0782135725021362
2025-03-08,85247.484375,,,,,,
2025-03-09,80052.484375,,,,,,
2025-03-10,77420.59375,547.6458132504099,465.7079486891979,223.04150278970278,169.85463961756952,265.6400146484375,1.0806254148483276
2025-03-11,76624.25,544.1267490127518,464.0682803902365,216.30707871737093,166.46389328592227,268.44000244140625,1.0836819410324097
2025-03-12,80635.25,545.7729200294035,468.8182025802525,213.78045671174684,162.0685466903807,268.3599853515625,1.087725043296814
2025-03-13,79931.8515625,541.8201680493273,463.4919809381716,207.3245394208188,161.59519309949974,271.54998779296875,1.082297921180725
2025-03-14,80797.5625,543.604366956188,470.13982810737366,208.47843695256688,160.9576063092776,274.6600036621094,1.0831302404403687
2025-03-15,83639.59375,,,,,,
2025-03-16,82017.90625,,,,,,
2025-03-17,82492.15625,554.3089918436672,474.7903088976975,208.86641153353526,162.4162942576207,275.3900146484375,1.0869210958480835
2025-03-18,81179.9921875,551.0661118946721,469.43425447701435,210.37840804794794,161.88500277191807,278.9700012207031,1.0897043943405151
2025-03-19,82569.7265625,553.5993346617712,471.8788012950444,212.6265295918345,161.43096426306616,279.05999755859375,1.0875948667526245
2025-03-20,83647.1953125,554.5555445552985,473.1805338469725,211.10457731145533,160.3876693078064,279.42999267578125,1.0818296670913696
2025-03-21,83171.0703125,551.7054963570508,469.93114605028205,210.16950634984832,158.5425694002491,276.5899963378906,1.0805671215057373
2025-03-22,83674.78125,,,,,,
2025-03-23,83794.9140625,,,,,,
2025-03-24,85541.1953125,563.7375780431137,482.0665930507614,217.43113083289424,159.74043065074227,276.8599853515625,1.079074501991272
2025-03-25,86346.078125,567.1880294433175,488.05761261924056,218.92326587520165,156.68783072375567,278.2699890136719,1.0778650045394897
2025-03-26,85861.453125,560.7616559941828,480.49420901971564,219.31120492080973,157.45096637752027,277.7799987792969,1.076878309249878
2025-03-27,85837.9375,558.5371327368356,477.9365616361051,219.40073045135125,160.95762310814993,279.5899963378906,1.0742061138153076
2025-03-28,83557.640625,548.7790253468997,465.79536391222956,216.5358700680628,161.92361674419413,282.8599853515625,1.07658851146698
2025-03-29,81634.140625,,,,,,
2025-03-30,81573.25,,,,,,
2025-03-31,81293.890625,540.6719872727307,455.12696717610356,215.09346536760611,162.38731403418996,285.8500061035156,1.0785740613937378
2025-04-01,82429.359375,547.4048260096515,462.18286035410387,217.74947658321986,163.31469337829785,285.9100036621094,1.0779578685760498
2025-04-02,82343.5390625,548.52197624234,463.6159127395909,219.85834611462542,162.59018445595177,287.3599853515625,1.0782020092010498
2025-04-03,81282.1015625,530.6171875,447.9716210778618,200.19223396809613,164.92794941233603,282.45001220703125,1.0882458686828613
2025-04-04,81670.75,499.3358674214966,420.63397216796875,186.3553350717911,157.91466679415515,278.0199890136719,1.0964791774749756
2025-04-05,82377.734375,,,,,,
2025-04-06,77097.7421875,,,,,,
2025-04-07,74436.6796875,476.3394695378794,400.45169308643915,173.70219548773406,153.7801092375778,272.5799865722656,1.0903223752975464
2025-04-08,76198.0234375,483.61604333672847,407.8159703583268,168.32064359895526,151.384408780756,274.239990234375,1.0891940593719482
2025-04-09,74589.671875,487.46196103833506,413.4288133631856,170.98654976711688,151.365066059555,281.0400085449219,1.0972250699996948
2025-04-10,78456.1328125,503.5475844453038,430.5459844866977,182.03814529024513,155.28709909760812,287.2300109863281,1.0953142642974854
2025-04-11,78936.3203125,514.1756919605745,439.2040426870755,185.0820690088969,157.09354482788368,296.80999755859375,1.1250872611999512
2025-04-12,82769.375,,,,,,
2025-04-13,83027.0078125,,,,,,
2025-04-14,83690.640625,527.8093712828247,450.4496325846052,200.10271391024364,160.14616406065966,294.5299987792969,1.1299690008163452
2025-04-15,83598.8203125,530.7259857198238,453.9526805576148,198.7498630049633,162.5612055394666,296.0899963378906,1.1285662651062012
2025-04-16,83100.6171875,514.3931980244283,435.6512567922465,191.35890907242805,160.15581226585195,303.79998779296875,1.129420280456543
2025-04-17,83749.75,517.9721816819745,439.2339021288606,193.39814444403507,161.66281273072292,302.7300109863281,1.13413405418396
2025-04-18,84298.8828125,,,,,,
2025-04-19,84353.4609375,,,,,,
2025-04-20,83976.84375,,,,,,
2025-04-21,85143.8359375,502.6973228946177,425.86858083880827,188.8123615658979,159.68635302060318,313.95001220703125,
2025-04-22,87084.53125,513.305704354498,435.51192735142513,194.93999616163734,159.9390821602595,310.3599853515625,1.1453967094421387
2025-04-23,91962.9609375,527.8291602174767,450.698400444071,201.7340854567431,158.5490758128652,300.5899963378906,1.13379967212677
2025-04-24,91696.7109375,529.3814182452572,453.6341981671536,201.8733727998236,152.2016749113963,304.7099914550781,1.1322335004806519
2025-04-25,92898.59375,537.5280483044934,463.1481859616907,205.1162098506388,153.35836461311374,301.010009765625,1.1316184997558594
2025-04-26,93927.25,,,,,,
2025-04-27,93665.3984375,,,,,,
2025-04-28,92860.8046875,538.8429907853031,463.7850969803822,206.36958545714222,155.90512871092395,302.9700012207031,1.133105993270874
2025-04-29,93796.6328125,542.3329124899421,467.32793004665405,207.27481462988695,154.74837628324045,304.0,1.1371389627456665
2025-04-30,92979.640625,535.3826699025942,460.2024029412006,205.5837430092506,155.47740614725112,303.44000244140625,1.1327080726623535
2025-05-01,94153.6328125,551.5373699314374,478.4242058431775,207.80202473083082,154.60260382794732,295.32000732421875,1.126697063446045
2025-05-02,96375.9453125,556.0062449925595,482.49448832227375,201.09745506032002,155.42880548717605,297.0299987792969,1.1275228261947632
2025-05-03,95821.2890625,,,,,,
2025-05-04,94173.4296875,,,,,,
2025-05-05,93566.265625,555.3338684753841,481.768031598775,197.1682163705072,153.60140001274362,304.67999267578125,1.1312856674194336
2025-05-06,93399.859375,550.6476235760448,475.88651326591844,195.9844550154461,153.24173088432573,311.3999938964844,1.1281206607818604
2025-05-07,95829.3359375,549.738030089525,474.4833116025476,192.23427392267118,154.1068482004001,310.0799865722656,1.1327080726623535
2025-05-08,96913.875,555.3338575244147,481.8377175267332,193.65675249053749,153.59165690094957,303.04998779296875,1.123608112335205
2025-05-09,102343.09375,556.3819209310694,483.8579524315384,196.5017396407649,153.00844018811765,306.010009765625,1.1199839115142822
2025-05-10,102830.484375,,,,,,
2025-05-11,103364.7421875,,,,,,
2025-05-12,100814.40625,570.5000520977247,499.0643154796623,205.93301745006437,152.30859314093587,296.82000732421875,1.1075055599212646
2025-05-13,101515.09375,576.234360216526,505.97090943590337,208.17412935394688,152.95983244186687,297.239990234375,1.109668493270874
2025-05-14,102618.296875,578.9036666864055,513.2655789214306,209.7478820292828,153.16396545892502,291.9599914550781,1.1182429790496826
2025-05-15,101440.8125,578.4686469334371,512.6883550423395,208.71198473801002,154.26237090499833,293.75,1.117480754852295
2025-05-16,103137.4765625,582.6013544692614,514.6090729974479,208.94109887256835,157.32430294263656,291.7799987792969,1.1141440868377686
2025-05-17,102659.1796875,,,,,,
2025-05-18,103142.6015625,,,,,,
2025-05-19,102112.6875,581.4346564328234,511.76283198638407,203.45284348728632,158.84067167091416,296.4800109863281,1.1173559427261353
2025-05-20,104206.515625,582.917632829089,514.171198352801,204.2198167548668,159.99740340836675,298.29998779296875,1.12186861038208
2025-05-21,106127.234375,575.2258370862548,508.77728647765286,199.91689108628387,160.01683582367406,303.6700134277344,1.1287446022033691
2025-05-22,109285.0703125,574.8204937262445,509.83213340019597,198.91087172706415,159.43363721864063,302.1000061035156,1.1267098188400269
2025-05-23,106841.3046875,569.0763411937487,503.14455323986806,192.6955373289648,158.90871357606207,307.4700012207031,1.1279934644699097
2025-05-24,106895.2890625,,,,,,
2025-05-25,106683.375,,,,,,
2025-05-26,108735.640625,,,,,,1.136932134628296
2025-05-27,107609.5546875,571.8743267058999,512.1112214329714,196.64984031499387,160.64865147439548,302.739990234375,1.1325156688690186
2025-05-28,106812.9296875,580.3373051792158,515.8928245699911,199.11008702875665,162.38860729644406,303.05999755859375,1.128426194190979
2025-05-29,105374.3984375,579.4276761926377,514.8280023627366,197.72558456215265,161.7859644173533,304.4599914550781,1.12271249294281
2025-05-30,103685.7890625,576.6298211275496,509.46396914496165,196.00242594876025,163.88554336888325,301.5,1.1314393281936646
2025-05-31,103136.1171875,,,,,,
2025-06-01,103826.953125,,,,,,
2025-06-02,103727.546875,578.429170462151,513.4845216279213,199.3292261245183,161.58182430158382,308.7200012207031,1.135589361190796
2025-06-03,104920.84375,585.1421107506463,520.172109482974,200.16589694161215,161.26104635015471,307.1499938964844,1.1367640495300293
2025-06-04,104232.703125,588.7408877328025,523.4362788655679,201.30139858491114,161.28050191926428,308.739990234375,1.1359375715255737
2025-06-05,100436.8828125,584.3512195951713,520.1422186545674,199.35910500622674,157.96584245814336,307.6499938964844,1.1406149864196777
2025-06-06,101169.5703125,590.0953601848463,525.6655248338539,201.2515910514923,158.7143110455331,305.1000061035156,1.137229561805725
2025-06-07,103987.3125,,,,,,
2025-06-08,105075.328125,,,,,,
2025-06-09,105400.234375,591.7069074945726,526.4616932284755,199.2296343157191,157.53816108093878,305.05999755859375,1.138757586479187
2025-06-10,108367.7109375,592.3001042710282,526.3423380359699,199.77743286642308,157.39233298546662,305.8699951171875,1.1374623775482178
2025-06-11,108086.328125,592.4781545343917,527.5564282374158,197.62597377823997,157.16877232799877,305.8500061035156,1.1406019926071167
2025-06-12,105785.6875,592.7252483956809,528.282871317245,196.58013147350607,157.15903947833547,311.1499938964844,1.1502846479415894
2025-06-13,102822.0234375,588.7310943639458,523.1974536303323,194.92666975119658,155.4385380857174,315.0400085449219,1.1492931842803955
2025-06-14,104379.3671875,,,,,,
2025-06-15,104519.8828125,,,,,,
2025-06-16,104997.625,593.4172853343232,527.894718657064,195.78328974313985,155.53572592137863,311.6499938964844,1.1524852514266968
2025-06-17,103396.53125,589.9965201271316,525.3670252740969,194.43863454049264,153.88328316305612,310.1199951171875,1.1512514352798462
2025-06-18,103602.265625,589.7097855095001,524.8594657253662,194.29916455806153,153.25144527962306,309.8599853515625,1.1482374668121338
2025-06-19,103940.7734375,,,,,,1.1448458433151245
2025-06-20,102372.2109375,587.8735769623825,522.3516174800588,196.08210930882012,153.43615742131303,309.25,1.1496102809906006
2025-06-21,100973.0625,,,,,,
2025-06-22,98286.203125,,,,,,
2025-06-23,99705.75,586.9116980815279,521.7128229011945,198.17380945321412,154.5539864356632,310.30999755859375,1.1455540657043457
2025-06-24,104740.2421875,598.3347417480489,534.2861174166954,199.40888822531906,155.18579284087437,303.5400085449219,1.1582921743392944
2025-06-25,105881.390625,600.4468830082857,537.3845756916884,199.82724651799433,154.27211683478467,305.1199951171875,1.1590977907180786
2025-06-26,106666.3515625,603.2530708764845,539.5167156535897,198.67184150130464,152.77516957202266,304.8599853515625,1.1668611764907837
2025-06-27,106449.9921875,605.6923970890058,542.5254624415982,199.20969672208463,153.86383213408064,299.8900146484375,1.1684290170669556
2025-06-28,106883.9765625,,,,,,
2025-06-29,107230.109375,,,,,,
2025-06-30,106759.6484375,609.8669572755672,546.9789678853869,198.4726031076903,153.70832404992842,301.95001220703125,1.170905351638794
2025-07-01,105270.2265625,610.3429883405835,542.6450333450836,205.32541013409474,154.92336831262065,307.3599853515625,1.1767750978469849
2025-07-02,105157.3984375,611.4238380015553,544.099649838931,207.31752868499885,155.38994740618082,306.9599914550781,1.1749224662780762
2025-07-03,108605.796875,617.1948857443227,551.1334998356798,210.97303162710094,155.32189719539772,306.1499938964844,1.1720856428146362
2025-07-04,107296.3828125,,,,,,1.1756683588027954
2025-07-05,107842.2734375,,,,,,
2025-07-06,107847.015625,,,,,,
2025-07-07,107527.0546875,612.6731098992973,547.5469053516296,207.97491173225177,154.8358822731371,304.5299987792969,1.1719070672988892
2025-07-08,107499.5546875,614.3093261623386,549.0612280892235,207.6262968509882,153.03762260894715,302.7699890136719,1.168470025062561
2025-07-09,108357.6796875,615.6875662931247,551.0538285444961,206.40117103180637,151.58926550485268,303.2300109863281,1.1690847873687744
2025-07-10,110660.75,617.7699115690501,550.7051180084419,209.20003300630606,152.64879154750017,304.82000732421875,1.166575312614441
2025-07-11,115245.6875,616.3024903072059,550.0077097543851,209.03074119537857,152.06557997003077,308.5199890136719,1.1665889024734497
2025-07-12,116977.0234375,,,,,,
2025-07-13,117265.4375,,,,,,
2025-07-14,118959.1953125,616.5701165685465,549.5893307950605,206.71988962428105,148.5856822635347,307.7300109863281,1.1656641960144043
2025-07-15,115765.6875,616.8279435196437,554.6006247913591,208.09443976951917,147.6525173640908,305.7900085449219,1.1602139472961426
2025-07-16,117064.8203125,612.8516386863737,549.5194892045199,207.81556132948495,148.0121839792118,305.7300109863281,1.1564035415649414
2025-07-17,117508.21875,618.9301097920578,555.1486333295833,208.7618004967043,149.57715764166278,305.1199951171875,1.1569386720657349
2025-07-18,116925.984375,621.1909387049365,557.9083608963978,208.87135730762196,150.35539906838767,308.32000732421875,1.1612648963928223
2025-07-19,117388.4140625,,,,,,
2025-07-20,116550.1328125,,,,,,
2025-07-21,116584.3984375,623.0551302914085,559.9807060956166,210.7937335563828,151.58854009824145,311.6099853515625,1.1614941358566284
2025-07-22,116233.2265625,620.9232136557434,556.5434579032301,211.39137195770533,151.59830340641773,313.6199951171875,1.1680059432983398
2025-07-23,117391.390625,624.4333721871909,557.5099110527195,211.57065737650467,154.31904826772953,311.4200134277344,1.1712344884872437
2025-07-24,117247.96875,628.6576082944551,561.2060703387892,212.68622683006964,154.6811772620494,309.05999755859375,1.1733232736587524
2025-07-25,114759.8203125,629.5005143245561,562.1825124752501,212.55672164240056,153.6731266491262,306.20001220703125,1.1707408428192139
2025-07-26,117181.2265625,,,,,,
2025-07-27,117859.6875,,,,,,
2025-07-28,117441.4375,630.1945756243812,564.7728868526946,212.21809958876685,152.89996755133777,304.04998779296875,1.1609952449798584
2025-07-29,116987.3671875,629.0046860832861,564.434219030358,209.9869466315705,151.53958912972797,304.989990234375,1.1519941091537476
2025-07-30,115800.828125,626.2281734095909,562.9595959750744,206.89917652304968,148.8090580616741,300.9599914550781,1.1459347009658813
2025-07-31,115505.21875,625.4646925404661,561.7839416385068,206.3414028602417,146.71467984866936,302.8599853515625,1.1406540870666504
2025-08-01,112724.4453125,614.0811684978922,549.6391201209816,200.7037794341265,147.31170014649018,307.45001220703125,1.1394582986831665
2025-08-02,112005.765625,,,,,,
2025-08-03,111943.8046875,,,,,,
2025-08-04,114130.40625,620.3183784803682,556.8822111512052,200.88304868853191,146.82233717704855,310.3699951171875,1.1550945043563843
2025-08-05,112701.109375,621.7660617410078,557.6592854470431,201.36115745633876,147.11594226953406,310.2200012207031,1.1530035734176636
2025-08-06,113372.25,622.8468502662965,558.5559991276681,204.77759854868273,147.00828207605258,309.8399963378906,1.156510591506958
2025-08-07,114279.7109375,623.8186464662513,563.0193682552224,215.7241736307253,149.44519900459755,310.70001220703125,1.1614266633987427
2025-08-08,115917.4609375,628.4096707981653,568.0408133424522,218.38364441813084,149.31799409928004,311.0,1.1630746126174927
2025-08-09,116363.8359375,,,,,,
2025-08-10,116485.1640625,,,,,,
2025-08-11,118159.03125,629.3219380955197,569.4555407796788,224.1259370249458,150.0422029792883,307.6300048828125,1.1591111421585083
2025-08-12,118228.71875,631.4340237207567,570.3720239097617,226.429412881848,151.02088286146616,306.7099914550781,1.1599314212799072
2025-08-13,118939.6328125,637.2745085703324,576.7982091868794,229.77992501054072,151.6472561603649,308.45001220703125,1.1671879291534424
2025-08-14,117254.8828125,636.9373576458678,575.7720953282917,230.19875827485632,150.0030752621984,306.5199890136719,1.1638462543487549
2025-08-15,116864.5703125,637.1158311699311,573.4406912378071,228.69299310222902,150.92302743534637,306.8699951171875,1.1647816896438599
2025-08-16,117271.953125,,,,,,
2025-08-17,117279.5234375,,,,,,
2025-08-18,114723.6796875,636.778768159409,573.1118984877381,229.46081868168693,150.88388346290026,306.6300048828125,1.166167140007019
2025-08-19,112730.3984375,633.1098193903536,566.1477315418194,228.70298322789472,152.35190604604057,305.19000244140625,1.1641037464141846
2025-08-20,112387.9609375,627.6263466835007,556.7726389420532,225.13307755654054,155.03351694929194,307.3999938964844,1.1623852252960205
2025-08-21,111986.234375,628.4791732160404,558.9046880126308,223.14868274098328,153.82969970606197,307.0299987792969,1.1602678298950195
2025-08-22,111678.9453125,631.8902394824283,561.186237654488,224.77410085849388,154.9356214077657,306.42999267578125,1.1583592891693115
2025-08-23,114536.109375,,,,,,
2025-08-24,111060.546875,,,,,,
2025-08-25,109324.28125,636.9472983174492,567.0544013373471,225.59178073979155,152.56721778540026,309.6700134277344,1.1667250394821167
2025-08-26,108762.0390625,636.1738713484165,566.6957355547859,224.05612439304167,152.02893145481193,310.30999755859375,1.1602543592453003
2025-08-27,110398.265625,638.9998504138363,568.2600159705794,227.6160475796746,152.46933576243143,310.7699890136719,1.157474398612976
2025-08-28,110900.921875,639.9121297324674,570.3422863370614,228.69301327644948,151.7255412182812,313.07000732421875,1.1629530191421509
2025-08-29,107559.625,637.7306640961879,566.4366907257225,230.71727541448905,152.33231641651295,314.6400146484375,1.1654332876205444
2025-08-30,107444.4453125,,,,,,
2025-08-31,108104.65625,,,,,,
2025-09-01,107271.1796875,,,,,,1.1688660383224487
2025-09-02,108454.03125,629.5797882088864,557.4700627066655,226.32970313085187,153.6339703539397,320.239990234375,1.1613458395004272
2025-09-03,110582.9609375,635.0731807265284,564.6333889904666,233.69885053091846,153.16421224004372,326.7300109863281,1.1609817743301392
2025-09-04,109347.2265625,638.0975387911232,566.9249745111877,236.07214416452067,154.44628485658905,325.3500061035156,1.1632235050201416
2025-09-05,110233.3984375,637.9190556866993,569.4156841594208,237.81718240373485,155.0335083061997,328.92999267578125,1.1653246879577637
2025-09-06,110024.0859375,,,,,,
2025-09-07,110211.625,,,,,,
2025-09-08,110630.609375,641.7862237872296,575.6326093036281,235.67324414176576,154.87691698080363,333.2300109863281,1.1705764532089233
2025-09-09,110776.703125,641.7762803015634,574.9052929899314,232.70166073618753,154.82797397219434,333.8500061035156,1.1718658208847046
2025-09-10,110940.078125,645.157576582919,576.4096872460331,225.31256565050364,152.5672070511561,326.19000244140625,1.1688660383224487
2025-09-11,113453.8359375,648.092817304151,579.4682684312116,226.010588238333,154.03525015063974,332.9700012207031,1.1668883562088013
2025-09-12,114794.484375,651.3748946038203,581.9390971782137,228.373926506362,154.4169406133753,335.2300109863281,1.170261263847351
2025-09-13,115248.2734375,,,,,,
2025-09-14,115222.3984375,,,,,,
2025-09-15,114461.0625,653.7943936028013,586.1136154844122,234.3669397384463,152.87060623914135,336.2300109863281,1.1717147827148438
2025-09-16,114813.09375,653.6655188822047,588.3055311111864,235.65332541334,153.54590456260016,338.6199951171875,1.17583429813385
2025-09-17,114794.9765625,648.7967821934204,582.2081448420756,237.05934071942244,155.0530717648413,335.5199890136719,1.18343186378479
2025-09-18,116188.796875,654.716505821751,590.7664209781601,235.98236714862816,153.8101578945142,333.80999755859375,1.1751296520233154
2025-09-19,115141.8203125,656.6311583459587,593.6456386208329,239.53234916144805,152.64550433039255,336.30999755859375,1.1730343103408813
2025-09-20,115473.5234375,,,,,,
2025-09-21,115252.578125,,,,,,
2025-09-22,112037.6484375,658.4209110544651,596.1990824942005,247.42002368458668,149.78774938817966,341.8399963378906,1.172717809677124
2025-09-23,111535.5703125,658.2320617574377,595.4609900615409,252.86462630601793,147.752094158231,345.32000732421875,1.178175449371338
2025-09-24,111229.640625,655.9350982101993,591.8502333814113,250.33178410429736,148.55461193297756,342.1400146484375,1.1731306314468384
2025-09-25,108713.3984375,650.7048739536411,587.0026056631178,250.99989343760635,148.54482792592634,342.4700012207031,1.1667931079864502
2025-09-26,108728.9765625,654.1553026157394,589.5560723046866,253.06405044687503,148.30015543753618,345.30999755859375,1.16593599319458
2025-09-27,109144.296875,,,,,,
2025-09-28,109236.9453125,,,,,,
2025-09-29,111589.953125,658.112721358766,595.8898943349653,252.29622703166862,148.55460512868348,351.2799987792969,1.1705353260040283
2025-09-30,112740.5625,657.8641309647478,594.5832523790604,252.39595068950493,149.58223688891178,350.8699951171875,1.1713168621063232
2025-10-01,113981.3984375,659.3059681646932,594.8226361779185,254.21080232618834,148.18271613427206,354.7900085449219,1.171687364578247
2025-10-02,118383.15625,663.004842335434,601.3958573858611,253.43299812845933,148.39803605478735,351.3999938964844,1.1685655117034912
2025-10-03,119344.3125,664.377038831869,599.859840058186,253.23357360959045,148.76013438797045,355.79998779296875,1.1716187000274658
2025-10-04,121577.5703125,,,,,,
2025-10-05,122191.9609375,,,,,,
2025-10-06,123196.046875,665.669704301124,604.4280726015548,254.33049322602108,147.19421360258937,361.3699951171875,1.1654061079025269
2025-10-07,120681.96875,663.8898014056139,601.4956480641417,254.70938317067183,146.85170363054203,364.54998779296875,1.1655147075653076
2025-10-08,121119.1796875,665.6299006256374,603.7200088104369,255.3874592951906,147.4193391455907,370.5,1.1603620052337646
2025-10-09,119812.03125,665.4211353124821,605.9342796270852,252.42584836214985,146.3917219848716,362.8299865722656,1.1549211740493774
2025-10-10,104582.4140625,649.14378031214,587.5511938507611,243.3116425485481,146.26448459056263,365.44000244140625,1.1560827493667603
2025-10-11,109760.5625,,,,,,
2025-10-12,109715.5390625,,,,,,
2025-10-13,113821.1875,656.0345659370097,595.7103438165695,244.86725241658198,143.8373624826338,375.5799865722656,1.1559356451034546
2025-10-14,110029.484375,649.4718888267987,588.6284235801336,244.00966795095763,143.9450003977024,377.8999938964844,1.154521107673645
2025-10-15,110235.8359375,655.1993304017814,594.4136488911962,246.77184661648403,144.13095894563563,384.5899963378906,1.1602543592453003
2025-10-16,107537.03125,653.3896149312258,593.9847524006545,244.43846029169785,144.76708679646077,390.3999938964844,1.1643340587615967
2025-10-17,103598.4296875,654.4138037793879,594.8525491800316,246.57242016484557,147.2235868916517,385.2200012207031,1.165813684463501
2025-10-18,106387.453125,,,,,,
2025-10-19,106157.7890625,,,,,,
2025-10-20,107485.015625,663.4921159142255,605.5252900595317,254.90884523128253,148.07505729769414,394.20001220703125,1.1645375490188599
2025-10-21,107534.75,666.1866772188026,607.7696457807522,261.0913359303388,147.65420036533453,375.6499938964844,1.1598505973815918
2025-10-22,106778.0,659.5445816579371,598.2139715066553,254.70938662410154,147.57590686779093,368.92999267578125,1.1577692031860352
2025-10-23,107548.4296875,664.019063764971,602.9818500103868,257.2821086816683,147.3704062105685,378.6499938964844,1.1586410999298096
2025-10-24,109770.1484375,671.8246714345047,613.5648269782704,258.44880663072195,149.33719555968506,376.80999755859375,1.1601735353469849
2025-10-25,110704.40625,,,,,,
2025-10-26,111268.484375,,,,,,
2025-10-27,113882.2890625,678.2580209918731,622.4422152319877,263.90339825112477,147.95747192063496,365.3399963378906,1.1618720293045044
2025-10-28,112291.6796875,680.9526890414517,627.648925370604,267.39351124836816,148.44037290463098,360.1199951171875,1.1627906560897827
2025-10-29,109368.71875,679.0037407351697,628.6463695521778,266.35642794866993,146.32148003986663,361.3599853515625,1.1619800329208374
2025-10-30,106376.6875,675.98095703125,624.3473257513068,267.72259312931254,147.17888817314298,364.5,1.1547610759735107
2025-10-31,108288.2734375,675.3943230278239,625.0954113092228,268.40069127196034,146.3806153070593,365.5,1.152379035949707
2025-11-01,109372.953125,,,,,,
2025-11-02,109523.453125,,,,,,
2025-11-03,105336.359375,676.0903560257897,628.2473125587718,265.49886601188945,145.631623732812,367.5400085449219,1.1506155729293823
2025-11-04,98962.0625,670.7607556049009,616.8864094378021,266.86501191822913,144.13359843971958,361.3900146484375,1.1473548412322998
2025-11-05,98989.9140625,670.3529860359731,615.6395900613109,266.17696342424256,143.54227863036783,364.6499938964844,1.1470125913619995
2025-11-06,100336.8671875,664.9338680034818,608.7471381645778,267.1342708755924,142.3695187990984,364.70001220703125,1.149385690689087
2025-11-07,99257.0546875,657.4663915648358,597.1466973484642,266.0173996929098,143.887228430557,366.4200134277344,1.153043508529663
2025-11-08,101458.0390625,,,,,,
2025-11-09,101468.875,,,,,,
2025-11-10,104350.6484375,671.2082272333661,615.3203917446493,266.96401085683,142.0048555978814,374.7799987792969,1.1543744802474976
2025-11-11,102457.328125,674.8871520395073,615.9487814833327,269.2996575494418,143.56199400384676,376.8699951171875,1.1548144817352295
2025-11-12,100836.6171875,677.0946296424269,616.2379957742788,271.19615348009904,145.37536907306662,379.44000244140625,1.1563233137130737
2025-11-13,97988.71875,666.723693536663,604.5378855310528,271.5854266195937,145.50348644825976,381.2099914550781,1.1579837799072266
2025-11-14,94000.734375,659.5147893727298,595.6505328274214,269.10002929321837,145.47392120931636,370.8900146484375,1.1608065366744995
2025-11-15,94420.46875,,,,,,
2025-11-16,92971.1640625,,,,,,
2025-11-17,91214.7578125,658.4209391867944,598.3436886131177,265.237217022597,142.91154778489712,368.5199890136719,1.1583056449890137
2025-11-18,89300.4609375,652.1466953365565,589.8353996813287,264.8279974843966,143.40432127243187,371.6199951171875,1.1573805809020996
2025-11-19,88526.828125,655.020380360944,593.077155027408,265.00762791735707,143.74926244218437,373.0299987792969,1.1535356044769287
2025-11-20,86040.796875,648.1991802397498,583.262167456246,265.42688147061517,144.0153450690368,371.8500061035156,1.1507744789123535
2025-11-21,80659.8125,647.1650267848305,579.2623261905873,265.17732758833057,146.1539419884132,372.94000244140625,1.1492139101028442
2025-11-22,83490.8984375,,,,,,
2025-11-23,84641.7734375,,,,,,
2025-11-24,85272.1953125,657.8442577670318,593.6456226504143,270.397615191446,144.41940745324712,374.19000244140625,1.1502846479415894
2025-11-25,86131.4296875,660.7178178396566,595.8001307211132,274.73957871594786,145.0895757830003,378.05999755859375,1.1512116193771362
2025-11-26,86316.8984375,672.8885849296569,608.8368989020178,276.1170014953278,145.47392213706894,380.4599914550781,1.154961109161377
2025-11-27,90089.515625,,,,,,1.1577155590057373
2025-11-28,90257.1171875,676.6471609574353,613.8541054647261,275.4781737009374,145.05014673322594,384.989990234375,1.1557353734970093
2025-11-29,90260.1875,,,,,,
2025-11-30,90394.3125,,,,,,
2025-12-01,83862.25,674.8971513739515,610.961477711232,275.62792768573877,145.21770248451648,388.05999755859375,1.159003734588623
2025-12-02,86202.1953125,675.4838303983408,616.018606165418,282.10587559562896,140.4477243429854,382.9100036621094,1.1592992544174194
2025-12-03,91056.390625,675.8417725523884,616.4575112334458,282.77461708045536,143.74925421056946,385.8299865722656,1.1628177165985107
2025-12-04,90976.1015625,677.4824173401821,617.9636071501104,278.07334059490756,142.40892950924456,385.3999938964844,1.1653653383255005
2025-12-05,88152.140625,680.7040993957534,622.1230338136666,277.53434330937836,141.1770122216042,386.17999267578125,1.162858247756958
2025-12-06,88951.6640625,,,,,,
2025-12-07,87799.5625,,,,,,
2025-12-08,89644.890625,677.7111260885928,620.10815265492,275.6378704438954,136.1409709445997,384.010009765625,1.1616965532302856
2025-12-09,89586.9765625,678.7253258622812,619.4199118254116,276.40645748061854,136.98851749662762,385.2699890136719,1.1616965532302856
2025-12-10,91640.1328125,677.4526176554032,619.4099106697121,275.92734368017386,137.5206994432833,384.5,1.1622366905212402
2025-12-11,89335.296875,678.3076987410943,616.148234091509,273.3022288840155,138.32884740407317,388.5,1.1683062314987183
2025-12-12,89532.6015625,675.3246617594549,609.8044563667469,276.30666253778065,138.8018913522159,391.4700012207031,1.172016978263855
2025-12-13,89800.9921875,,,,,,
2025-12-14,87634.9375,,,,,,
2025-12-15,85304.078125,675.4042533093998,607.7696446385382,272.33402020742307,141.12773705574003,394.07000732421875,1.1727042198181152
2025-12-16,85381.6875,671.1584377196804,605.3657088583533,271.2859911871425,142.55674902235805,394.5899963378906,1.1746050119400024
2025-12-17,85316.265625,667.3998140691156,598.7526499708691,271.13626563598973,144.3307157556051,397.25,1.1704530715942383
2025-12-18,84436.3125,671.0788959983324,605.3757504118026,266.4549687260805,143.24664644454327,396.04998779296875,1.17134428024292
2025-12-19,85107.6640625,674.6275542880097,610.3131071204459,269.399477884542,141.85704281799417,397.1700134277344,1.1704120635986328
2025-12-20,87924.875,,,,,,
2025-12-21,87613.203125,,,,,,
2025-12-22,87908.0703125,678.7364013691785,616.9920478025754,270.00836035897595,140.35902505493178,405.7200012207031,1.1710835695266724
2025-12-23,86606.9765625,682.0074163952171,617.0020349130734,269.06012395403746,140.02395937067072,407.1000061035156,1.176429033279419
2025-12-24,86411.796875,685.9267046355759,620.9370481838333,271.69521595033444,140.76311184429966,408.8299865722656,1.1774264574050903
2025-12-25,86949.2578125,,,,,,
2025-12-26,86628.140625,687.392725060237,622.3552536061636,272.35396775197984,142.2216767785809,414.75,1.1763044595718384
2025-12-27,87182.9765625,,,,,,
2025-12-28,87394.953125,,,,,,
2025-12-29,86717.9140625,684.2014421207446,617.9508150333834,271.8449608988494,141.86689758071768,395.3299865722656,1.1754058599472046
2025-12-30,86735.546875,684.7100944386586,618.4401448660525,271.77507361210075,141.49240439671516,398.55999755859375,1.1746188402175903
2025-12-31,87130.5625,679.8533550408816,613.2766946262738,271.24605357156486,141.15731615281692,395.5899963378906,1.1720856428146362
2026-01-01,87399.40625,,,,,,
2026-01-02,88298.6171875,677.9684744567207,609.381669736326,268.5011336129586,139.19611502599955,396.25,1.17134428024292
2026-01-03,89328.0703125,,,,,,
2026-01-04,90595.1015625,,,,,,
2026-01-05,91414.625,684.5106074856512,615.9433108116908,265.6464557026853,137.57983767172783,406.1499938964844,1.166003942489624
2026-01-06,91286.546875,685.9067890249802,617.7610283782293,261.6338984265986,137.49114011008558,410.30999755859375,1.1684154272079468
2026-01-07,90601.8046875,687.4426026835383,621.7760085257346,259.32817380451803,135.62849904935726,406.6499938964844,1.1674468517303467
2026-01-08,89233.875,685.6175622141362,617.0219780933957,255.22581364132833,135.82559930302205,406.3999938964844,1.1652837991714478
2026-01-09,89625.3828125,687.3029303433501,618.280371644388,255.74485516422806,138.79204260178747,411.79998779296875,1.161926031112671
2026-01-10,90283.3984375,,,,,,
2026-01-11,90212.0234375,,,,,,
2026-01-12,90055.0234375,688.7490319805348,621.4763979710708,256.32378048041085,139.65932686566353,421.5199890136719,1.162304162979126
2026-01-13,90941.9296875,689.467040360938,622.9145755930199,257.9108470550362,140.9010687818893,420.07000732421875,1.1635212898254395
2026-01-14,94583.046875,684.1714948792828,613.7860691564842,256.23393227813756,142.28080439992226,422.8399963378906,1.1637108325958252
2026-01-15,95103.2421875,689.3673203481677,619.9682771169513,256.5732877053955,142.26111668260722,422.7900085449219,1.1593934297561646
2026-01-16,94259.2734375,688.22043529661,618.1006533744517,254.45724364888233,141.58108648377637,417.0400085449219,1.1585471630096436
2026-01-17,95005.6171875,,,,,,
2026-01-18,93588.8671875,,,,,,
2026-01-19,92089.25,,,,,,1.1609547138214111
2026-01-20,87814.9296875,674.7272992054969,606.2855126563834,242.9685916985444,142.03442874422842,434.1000061035156,1.1633453369140625
2026-01-21,87231.5703125,676.2830453044572,607.0944662344775,244.72532928784554,142.872127195549,437.1099853515625,1.169700026512146
2026-01-22,88438.4453125,685.0491285530771,617.0020437780021,247.68980878155546,145.36551737403482,443.55999755859375,1.167392373085022
2026-01-23,88486.359375,685.2884137823622,617.8709699342951,244.22624741136653,148.68042643368705,453.45001220703125,1.1728966236114502
2026-01-24,89044.2890625,,,,,,
2026-01-25,86003.7109375,,,,,,
2026-01-26,86429.2890625,688.0409174669724,621.3365426117721,249.336758511775,147.41000526839778,460.3599853515625,1.183712124824524
2026-01-27,87228.921875,691.6810104865692,626.5499998769385,257.73112933459527,146.82439910868234,463.95001220703125,1.185185194015503
2026-01-28,88721.4609375,692.0499903412962,631.014348844542,254.03803333601454,145.69292283643657,481.25,1.1921935081481934
2026-01-29,83250.6015625,682.9648421722587,617.4914101080947,253.93820707645818,146.01053677970796,468.510009765625,1.1908447742462158
2026-01-30,81071.4765625,685.2485609149509,618.5200822009824,251.7123292610244,148.03528262295887,430.79998779296875,1.187394618988037
2026-01-31,75815.8828125,,,,,,
2026-02-01,75698.8984375,,,,,,
2026-02-02,74551.3359375,687.5423149981101,617.8808797571519,258.7293169184304,150.1195864867234,422.54998779296875,1.179078459739685
2026-02-03,72897.140625,682.1670182684101,610.1905958568021,267.11372779647115,151.0624875841251,448.30999755859375,1.178078293800354
2026-02-04,71779.9296875,679.9031787408285,599.7138024298947,271.7850411492978,154.5958813299483,445.7099914550781,1.1792314052581787
2026-02-05,62353.53515625,673.9494421186707,594.0110373128413,272.72332314901723,154.95319521929093,440.3500061035156,1.1780505180358887
2026-02-06,60074.203125,678.995603890688,598.0159600076653,276.4164219647768,156.82905843646145,450.0299987792969,1.176747441291809
2026-02-07,67364.4453125,,,,,,
2026-02-08,68852.8984375,,,,,,
2026-02-09,68291.03125,686.4652913399738,604.3080353554789,271.4499228389202,154.85395255811076,460.8500061035156,1.1817816495895386
2026-02-10,67913.09375,689.7761552680904,610.2405694597212,272.68876099546605,155.54870509985648,459.5199890136719,1.1890182495117188
2026-02-11,65757.3046875,687.3029816841566,606.9247331463698,274.1973776592452,157.00772913824767,462.82000732421875,1.1839083433151245
2026-02-12,65092.109375,678.5169776231163,598.8149461335121,259.94051360693726,158.45680385674487,448.05999755859375,1.1853257417678833
2026-02-13,65835.78125,675.6747287653898,595.6689134343201,255.21485759663088,158.51637768017062,456.25,1.1848762035369873
2026-02-14,68706.6171875,,,,,,
2026-02-15,68052.546875,,,,,,
2026-02-16,67301.5859375,,,,,,1.1847639083862305
2026-02-17,66615.28125,673.9394826742099,592.5927882610704,255.30478047881587,157.69256846341835,445.5299987792969,1.180553913116455
2026-02-18,65845.8984375,680.9702998190471,599.9634770047899,262.20844437502524,154.60581787124107,455.32000732421875,1.1810418367385864
2026-02-19,65637.4296875,679.6937101433548,599.993476524114,259.81060750150084,155.65788811225167,456.0299987792969,1.1743016242980957
2026-02-20,66452.484375,679.8732661615737,598.4753818004266,257.9223826043077,156.9779552139456,458.3399963378906,1.1745498180389404
2026-02-21,67533.0703125,,,,,,
2026-02-22,67185.6015625,,,,,,
2026-02-23,63924.4375,678.5169762252317,598.2955745850619,263.13755670993424,159.1019640471176,474.6099853515625,1.1775233745574951
2026-02-24,62553.1875,678.1479481229125,598.9747284234804,267.46358073991865,162.7147572180737,469.54998779296875,1.1767336130142212
2026-02-25,63942.484375,688.2204651135966,610.2305417280922,270.8005039088116,160.88850163692203,472.8999938964844,1.1771352291107178
2026-02-26,66523.734375,682.486077089091,603.2193924504018,270.55071567552415,161.64282109161113,442.0400085449219,1.1782448291778564
2026-02-27,64946.03515625,679.7835149777827,601.4316544188312,262.6480379442022,162.46661689113853,479.1099853515625,1.1790506839752197
2026-02-28,63062.21875,,,,,,
2026-03-01,65076.73046875,,,,,,
2026-03-02,65303.13671875,676.1734035367807,597.2369017749593,259.960490133898,162.22841471454672,483.2799987792969,1.1672834157943726
2026-03-03,66237.6171875,667.8361281509542,591.1246545665933,259.8905695547566,157.43450598109627,458.92999267578125,1.153203010559082
2026-03-04,67437.40625,677.7689744100875,602.6701065956436,261.179387723623,156.13430637443312,469.3900146484375,1.1576753854751587
2026-03-05,70654.8828125,673.7699188745959,601.5015388569162,257.01320478174756,152.62076959476622,463.9100036621094,1.1561896800994873
2026-03-06,67757.8203125,667.9358467743081,597.5764953219963,254.13584003818684,150.7548104089041,467.07000732421875,1.1547610759735107
2026-03-07,66969.2578125,,,,,,
2026-03-08,65639.1953125,,,,,,
2026-03-09,65858.0078125,660.5859743093405,590.5853272955466,253.44647267699952,151.75725316200914,464.7900085449219,1.150814175605774
2026-03-10,68402.71875,672.9222404542279,604.65756151405,256.71350175461305,152.45203273050996,474.2099914550781,1.1608469486236572
2026-03-11,68998.8671875,671.5061293267642,604.2681201890963,259.3110658747261,150.29824413229485,473.1300048828125,1.1566978693008423
2026-03-12,69230.15625,664.0564256954588,596.2981160455262,253.94601921584928,149.20647072168128,466.6000061035156,1.151145339012146
2026-03-13,70410.7265625,659.5587462493693,591.8237748266745,249.29033192864068,149.05758980488423,460.2200012207031,1.1434844732284546
2026-03-14,70339.5859375,,,,,,
2026-03-15,70882.421875,,,,,,
2026-03-16,72300.6328125,665.3030536555561,598.3554812666724,249.6499992581203,149.52407841472717,456.9100036621094,1.1415655612945557
2026-03-17,73444.2265625,667.8760155087483,601.1120429286618,251.94787083452104,150.06996373876063,456.8699951171875,1.146696925163269
2026-03-18,70503.859375,659.3892034355257,593.8112802396884,248.7708084606242,145.36539384075292,444.3900146484375,1.1492536067962646
2026-03-19,68805.5234375,653.3855958813168,586.3406715242521,247.0723745163624,143.7078627261721,416.79998779296875,1.144505262374878
2026-03-20,69398.8828125,644.719970703125,577.8113788279011,245.77356028907465,143.17191609696502,411.2300109863281,1.1526447534561157
2026-03-21,68602.9140625,,,,,,
2026-03-22,67372.875,,,,,,
2026-03-23,67458.84375,653.9400024414062,585.9600219726562,250.0496214753341,142.4076660416259,399.6400146484375,1.1485011577606201
2026-03-24,68920.6953125,649.8800048828125,581.9299926757812,249.32029842391177,141.1670001126379,399.20001220703125,1.1569254398345947
2026-03-25,70383.59375,654.239990234375,585.6900024414062,251.3684162845015,141.16700383023758,412.25,1.1563634872436523
2026-03-26,68118.3515625,644.8200073242188,573.4299926757812,250.53918279672283,141.1769433595942,400.260009765625,1.1523923873901367
2026-03-27,65532.5703125,633.1099853515625,561.5700073242188,247.8416601166152,140.9486521027654,405.4100036621094,1.1502978801727295
2026-03-28,65906.7421875,,,,,,
2026-03-29,64971.70703125,,,,,,
2026-03-30,65759.8046875,629.280029296875,555.5999755859375,245.28400520065438,141.50447188020192,412.6600036621094,1.1443873643875122
2026-03-31,65950.4375,637.97998046875,564.2100219726562,246.87255213324852,141.21662863285317,419.5899963378906,1.144924521446228
2026-04-01,67555.359375,653.0,580.4199829101562,253.096813183035,142.13969447641853,433.760009765625,1.1555883884429932
2026-04-02,65725.2578125,645.1099853515625,571.9199829101562,250.4192795609811,141.51439648523746,421.1700134277344,1.1510393619537354
2026-04-03,66281.5390625,,,,,,1.1520869731903076
2026-04-04,66769.640625,,,,,,
2026-04-05,66610.6328125,,,,,,
2026-04-06,68347.078125,655.52001953125,584.6900024414062,256.2239194053331,140.85931906874507,426.7099914550781,1.1506949663162231
2026-04-07,67740.5078125,651.0599975585938,578.4000244140625,245.47383916108728,139.68814526105808,423.1000061035156,1.1525251865386963
2026-04-08,70707.46875,671.4600219726562,602.1199951171875,256.29386854025813,140.8096938025878,431.30999755859375,1.1666841506958008
2026-04-09,70486.359375,673.77001953125,603.030029296875,255.8342992320816,141.93125409014817,435.8699951171875,1.1651073694229126
2026-04-10,71434.828125,678.4500122070312,609.5800170898438,258.78155637925676,143.67809941810964,436.0,1.1678149700164795
2026-04-11,72556.3359375,,,,,,
2026-04-12,70540.5703125,,,,,,
2026-04-13,70588.5234375,676.5800170898438,608.1099853515625,256.4237552437805,141.5640153795384,431.6300048828125,1.167147159576416
2026-04-14,73877.203125,687.6599731445312,620.0999755859375,256.9532612999924,141.70298118071463,439.0199890136719,1.1756960153579712
2026-04-15,73549.203125,694.2000122070312,628.2000122070312,257.57269269729437,141.1967710080221,439.6000061035156,1.177398681640625
2026-04-16,73346.265625,698.530029296875,635.260009765625,261.0294875448873,141.59380199630985,438.17999267578125,1.176955223083496
2026-04-17,74558.6015625,705.760009765625,644.0700073242188,266.47448343207725,142.09006550070504,445.32000732421875,1.1772878170013428
2026-04-18,75504.9453125,,,,,,
2026-04-19,73802.3828125,,,,,,
2026-04-20,73775.5703125,706.1400146484375,642.52001953125,270.04120633500696,142.51684300551244,440.04998779296875,1.1739156246185303
2026-04-21,74852.671875,702.6400146484375,642.2100219726562,265.1557075406741,141.25634765625,428.7099914550781,1.174315333366394
2026-04-22,76159.578125,708.219970703125,648.52001953125,266.62435952726383,141.15708277415672,433.7799987792969,1.1713716983795166
2026-04-23,77014.453125,702.280029296875,645.52001953125,271.39995382845746,142.32825390720163,428.2200012207031,1.167924165725708
2026-04-24,77318.4453125,709.010009765625,656.530029296875,269.4017800912603,147.6199951171875,430.6499938964844,1.1673243045806885
2026-04-25,77184.6640625,,,,,,
2026-04-26,77334.890625,,,,,,
2026-04-27,76481.34375,712.2999877929688,660.6900024414062,264.8260075108844,147.4199981689453,428.5199890136719,1.1705901622772217
2026-04-28,75673.6015625,709.25,653.8099975585938,268.4127145556596,148.42999267578125,418.3999938964844,1.1678286790847778
2026-04-29,74958.5703125,708.3699951171875,656.5900268554688,266.7942019267937,145.88999938964844,414.1600036621094,1.1683608293533325
2026-04-30,75318.984375,710.4500122070312,657.5599975585938,267.893213328058,145.9499969482422,422.739990234375,1.165623426437378
2026-05-01,76294.6953125,720.469970703125,668.7999877929688,278.1137509144006,146.4600067138672,421.0799865722656,1.1719344854354858
2026-05-02,78031.9609375,,,,,,
2026-05-03,78073.078125,,,,,,
2026-05-04,78217.9609375,714.989990234375,668.9000244140625,274.60697695873915,143.27000427246094,413.2799987792969,1.1690847873687744
2026-05-05,79787.578125,721.489990234375,677.510009765625,276.2455026895375,142.17999267578125,417.9100036621094,1.1677467823028564
2026-05-06,80751.0234375,727.8200073242188,686.47998046875,280.8112868075762,145.94000244140625,429.6000061035156,1.1712619066238403
2026-05-07,79522.65625,729.75,691.77001953125,285.5169394038565,146.02000427246094,430.25,1.1746740341186523
2026-05-08,79205.515625,734.5700073242188,699.5,289.7330669166447,146.2100067138672,431.70001220703125,1.172525405883789
2026-05-09,80119.9296875,,,,,,
2026-05-10,80274.1328125,,,,,,
2026-05-11,80451.421875,736.4500122070312,708.9099731445312,290.2300109863281,141.97000122070312,432.2099914550781,1.174936294555664
2026-05-12,79832.1015625,731.8300170898438,696.6400146484375,292.55999755859375,142.86000061035156,425.8500061035156,1.1723054647445679
2026-05-13,78725.5078125,735.469970703125,704.8300170898438,293.5,141.66000366210938,428.75,1.1696317195892334
2026-05-14,78909.6796875,743.5599975585938,714.219970703125,295.3800048828125,142.6300048828125,427.1000061035156,1.1672425270080566
2026-05-15,78635.3671875,737.9600219726562,705.5499877929688,296.5199890136719,141.1999969482422,414.1199951171875,1.1618314981460571
2026-05-16,77630.734375,,,,,,
2026-05-17,76783.4140625,,,,,,
2026-05-18,76029.2265625,733.3900146484375,698.8499755859375,294.9100036621094,141.6300048828125,416.05999755859375,1.1609008312225342
2026-05-19,76082.3671875,731.530029296875,695.25,296.3500061035156,140.85000610351562,409.8800048828125,1.1593127250671387
2026-05-20,76463.6484375,733.8900146484375,703.7899780273438,298.0799865722656,140.6199951171875,410.0799865722656,1.1583592891693115
2026-05-21,76655.4375,737.030029296875,706.77001953125,300.3999938964844,140.08999633789062,411.95001220703125,1.1577290296554565
2026-05-22,75323.875,744.47998046875,715.9500122070312,305.8399963378906,143.52999877929688,412.0,1.1589365005493164
2026-05-23,74255.234375,,,,,,
2026-05-24,76019.890625,,,,,,
2026-05-25,76833.0390625,,,,,,1.1630340814590454
2026-05-26,75569.46875,748.3699951171875,724.1599731445312,307.6700134277344,142.52999877929688,411.5,1.161737084388733
2026-05-27,74136.5,748.219970703125,725.4400024414062,308.29998779296875,143.4600067138672,404.29998779296875,1.1623852252960205
2026-05-28,72493.4140625,749.22998046875,726.4099731445312,309.57000732421875,145.00999450683594,405.4100036621094,1.1587486267089844
2026-05-29,72435.625,754.6900024414062,735.25,309.5299987792969,143.1999969482422,415.0799865722656,1.1625880002975464
2026-05-30,73125.234375,,,,,,
2026-05-31,73315.015625,,,,,,
2026-06-01,70599.5078125,754.6900024414062,735.989990234375,305.0199890136719,138.86000061035156,408.239990234375,1.1607391834259033
2026-06-02,66127.265625,756.75,739.22998046875,306.69000244140625,139.02999877929688,411.1000061035156,1.162912368774414
2026-06-03,64009.67578125,753.5700073242188,741.010009765625,308.8500061035156,140.0,406.2300109863281,1.1595412492752075
2026-06-04,61335.75,751.469970703125,732.6199951171875,309.6499938964844,139.88999938964844,409.010009765625,1.1599044799804688
2026-06-05,59108.91796875,735.530029296875,704.3200073242188,307.1499938964844,141.8000030517578,395.9200134277344,1.1531099081039429
2026-06-06,59496.625,,,,,,
2026-06-07,60724.06640625,,,,,,
2026-06-08,62384.66796875,738.1900024414062,713.0700073242188,301.1700134277344,145.02000427246094,396.0299987792969,1.1500862836837769
2026-06-09,60756.6875,722.5900268554688,686.3699951171875,287.7799987792969,144.52999877929688,388.75,1.152790904045105
2026-06-10,60788.0234375,725.3300170898438,692.9299926757812,287.3800048828125,148.3800048828125,374.54998779296875,1.15340256690979
2026-06-11,61447.96875,724.4099731445312,695.0,289.5899963378906,147.77000427246094,371.8800048828125,1.151450276374817
2026-06-12,62778.79296875,735.030029296875,711.280029296875,289.6199951171875,148.3000030517578,383.3500061035156,1.1558021306991577
2026-06-13,63431.3203125,,,,,,
2026-06-14,63634.0234375,,,,,,
2026-06-15,65315.8359375,751.760009765625,737.3800048828125,291.70001220703125,148.75999450683594,396.1499938964844,1.1594606637954712
2026-06-16,65315.0703125,749.8800048828125,729.6400146484375,293.9700012207031,150.5500030517578,395.82000732421875,1.1575413942337036
2026-06-17,63870.9296875,739.219970703125,720.8499755859375,294.3599853515625,149.77000427246094,387.0799865722656,1.1586545705795288
2026-06-18,62292.75,743.8599853515625,732.530029296875,295.6199951171875,150.5,385.6000061035156,1.1454228162765503
2026-06-19,,,,,,,1.1462632417678833
