Date,BTC-USD,SPY,QQQ,AAPL,PG,GLD,EURUSD=X
2018-01-01,14112.2001953125,,,,,,1.200494647026062
2018-01-02,13625.0,235.74358610597346,148.39282633839383,39.7761820981515,73.29334542359902,124.66000366210938,1.2010858058929443
2018-01-03,14978.2001953125,236.72936705656858,150.36433548442506,40.33019497342311,72.34450119399267,125.05000305175781,1.2061998844146729
2018-01-04,15270.7001953125,238.70099949537035,152.20312371561604,40.33252097704683,72.42426363405359,124.88999938964844,1.2011290788650513
2018-01-05,15477.2001953125,239.85401408255126,152.66760126849624,40.54292003219282,72.77507950612711,124.93000030517578,1.2066218852996826
2018-01-06,17462.099609375,,,,,,
2018-01-07,17527.30078125,,,,,,
2018-01-08,16476.19921875,240.5581013991269,153.4732032662687,40.75563430786133,72.50398043652213,125.19999694824219,1.203948974609375
2018-01-09,15123.7001953125,241.517510954642,154.37364481042138,40.802376800591794,72.93454500537743,124.48999786376953,1.1969597339630127
2018-01-10,14588.5,240.88381247686453,153.3974055341179,40.47746402207704,72.48801693982305,125.16999816894531,1.1929330825805664
2018-01-11,14968.2001953125,241.825564426552,153.98505460556953,40.81173298285246,72.08134378020715,125.37000274658203,1.1954858303070068
2018-01-12,13453.900390625,243.2954586087151,154.6390865975742,41.18340935111223,71.8022946274948,126.01000213623047,1.2042099237442017
2018-01-13,13952.400390625,,,,,,
2018-01-14,14370.7998046875,,,,,,
2018-01-15,13767.2998046875,,,,,,1.2193039655685425
2018-01-16,13836.099609375,245.8742631251526,156.94230230725148,41.58546096764788,71.87406828747505,126.5999984741211,1.2269939184188843
2018-01-17,11431.099609375,244.71255994218367,156.20296572448808,41.176394373281866,72.20891315505496,126.7699966430664,1.227144479751587
2018-01-18,11198.7998046875,245.9887062235787,156.8948894530521,41.929094823419305,72.50232882595947,126.12999725341797,1.218145489692688
2018-01-19,11429.7998046875,246.27041209526817,157.63416381246864,41.75143564894141,72.53446434461732,126.56999969482422,1.223585844039917
2018-01-20,11656.2001953125,,,,,,
2018-01-21,12889.2001953125,,,,,,
2018-01-22,11633.099609375,246.5961391273181,157.60578199317771,41.44521571876117,73.01651280141874,126.51000213623047,1.2255953550338745
2018-01-23,10944.5,248.85805580664078,159.84267142988645,41.44521681046371,72.16487936630968,126.52999877929688,1.225730538368225
2018-01-24,10903.400390625,249.98468212184525,161.0084933004039,41.433527740131495,71.55426218331328,128.38999938964844,1.2309662103652954
2018-01-25,11421.7001953125,250.10793928909638,160.72416833598345,40.793015407545305,71.24897967156053,128.69000244140625,1.23960280418396
2018-01-26,11256.0,250.18720098591655,160.45876735743664,40.20630887024904,70.83921915575658,128.24000549316406,1.239234209060669
2018-01-27,11174.900390625,,,,,,
2018-01-28,11475.2998046875,,,,,,
2018-01-29,11755.5,251.66577415032683,161.67195381284975,39.77617524811732,70.4535607912142,127.58000183105469,1.2428226470947266
2018-01-30,11306.7998046875,248.7348499334868,159.75741260407804,38.693890842913504,69.75456394043891,127.91000366210938,1.238175392150879
2018-01-31,10108.2001953125,248.84932718998905,160.79997721763561,39.007123526143936,69.74654434909999,127.44999694824219,1.2408334016799927
2018-02-01,10237.2998046875,247.38813944651108,159.33083149942797,39.077256358536815,69.21626913047803,127.18000030517578,1.2417423725128174
2018-02-02,9142.2802734375,246.51685703921194,158.5725473524017,38.80375196035035,68.74220754373653,126.80999755859375,1.2512669563293457
2018-02-03,8852.1201171875,,,,,,
2018-02-04,9175.7001953125,,,,,,
2018-02-05,8270.5400390625,240.68136600719666,154.5632326079805,37.19083407744985,67.48083886960215,126.81999969482422,1.2447099685668945
2018-02-06,7051.75,228.7903613429874,147.68194676290503,36.192689296369814,64.70094073364547,126.54000091552734,1.2368277311325073
2018-02-07,7755.490234375,236.32459647468235,153.34995043155294,38.12352610597919,66.12302816885354,125.4800033569336,1.2381447553634644
2018-02-08,7637.85986328125,235.89325141817721,152.24101781321542,37.46899643189285,65.90611972706289,124.91999816894531,1.2268433570861816
2018-02-09,8271.83984375,229.5472489990059,147.5018319142129,36.86599613070262,65.06248775857976,124.6500015258789,1.2260762453079224
2018-02-10,8720.080078125,,,,,,
2018-02-11,8616.1298828125,,,,,,
2018-02-12,8141.43017578125,232.2141386358816,149.473312138296,37.20163266035302,64.76523464608981,125.19000244140625,1.2253400087356567
2018-02-13,8926.7197265625,232.33737939762483,149.71977975116891,38.01137241019179,65.19906799653917,125.66999816894531,1.2301182746887207
2018-02-14,8599.919921875,232.63669031911442,150.46859365321387,38.267211068093054,65.12675384839844,126.47000122070312,1.2352999448776245
2018-02-15,9488.3203125,239.0266869632627,155.5773970031958,39.85151934431027,65.05446390418226,128.42999267578125,1.2467117309570312
2018-02-16,10135.7001953125,239.68673797361885,156.54419333494633,40.454721563931344,66.05071873204938,128.3000030517578,1.250734806060791
2018-02-17,10207.5,,,,,,
2018-02-18,11123.400390625,,,,,,
2018-02-19,10552.599609375,,,,,,1.241187572479248
2018-02-20,11231.7998046875,239.43155354996446,155.8048866191861,40.381967200086905,66.03465074391302,127.27999877929688,1.2399102449417114
2018-02-21,11372.2001953125,239.31707860169553,157.4351495465662,40.56503641863772,65.32762846865823,126.36000061035156,1.233547568321228
2018-02-22,10660.400390625,238.61292237749535,156.90443662159848,40.32329023698601,64.65272848187873,125.91999816894531,1.2280335426330566
2018-02-23,9937.0703125,239.22025999611984,157.46364210677353,40.76219058627438,65.08659034447624,126.05999755859375,1.2326048612594604
2018-02-24,10287.7001953125,,,,,,
2018-02-25,9796.419921875,,,,,,
2018-02-26,9669.4296875,242.8641557031754,160.14598068480566,41.391216287340875,65.44010515873545,126.44999694824219,1.2288333177566528
2018-02-27,10393.900390625,244.78293423401286,161.55823407937365,42.03667174392078,65.7936181520555,126.05999755859375,1.2316029071807861
2018-02-28,10687.2001953125,242.64415962706857,160.4208484912087,42.07422969537611,64.82146419508489,125.08999633789062,1.2222100496292114
2018-03-01,10385.0,238.88584580420968,158.57258679618744,41.905241724703394,62.989608613608794,124.1500015258789,1.2190959453582764
2018-03-02,10977.400390625,233.94809404808356,154.023002492756,40.55799246886187,63.05389654428703,125.66999816894531,1.227129340171814
2018-03-03,11101.900390625,,,,,,
2018-03-04,11497.400390625,,,,,,
2018-03-05,11532.400390625,235.64682480585518,156.5916161799506,41.12364926720145,63.696627507259855,125.3499984741211,1.231845736503601
2018-03-06,11500.099609375,240.5493268729292,159.85214130965107,41.75736630395347,64.60452264174656,126.19999694824219,1.2337758541107178
2018-03-07,10803.900390625,238.01449598620087,158.52516968662982,41.06027110203652,63.89748816595424,126.22000122070312,1.2419275045394897
2018-03-08,9951.4404296875,240.7693564135305,160.78102574884153,41.18702968898438,63.608245982452694,125.69000244140625,1.2416189908981323
2018-03-09,9414.6904296875,242.66173259355944,162.14590799141615,41.76910835419292,64.41972365802373,124.94000244140625,1.2307844161987305
2018-03-10,9350.58984375,,,,,,
2018-03-11,8852.7802734375,,,,,,
2018-03-12,9602.9296875,245.74228617095227,164.6102860576,42.31597708610445,64.45992575446711,125.04000091552734,1.2308601140975952
2018-03-13,9173.0400390625,246.30559172999912,165.378037431466,42.855812120337546,64.27510991419324,125.66999816894531,1.2338672876358032
2018-03-14,9214.650390625,244.51894846433524,163.60553745629025,42.323028278121285,64.02603915549484,125.48999786376953,1.2392956018447876
2018-03-15,8290.759765625,242.8201434578408,162.83782832162055,41.89584799922378,63.54397052833453,125.12000274658203,1.2375319004058838
2018-03-16,8322.91015625,242.57318673061928,162.85673454492354,41.931056957763644,63.41545157309317,124.83999633789062,1.2307692766189575
2018-03-17,8321.91015625,,,,,,
2018-03-18,7890.52001953125,,,,,,
2018-03-19,8344.1201171875,241.55692641312461,160.53866537339556,41.61888802159753,63.44757715297722,124.56999969482422,1.228078842163086
2018-03-20,8619.669921875,239.42725065128056,158.7063542988606,41.13069152832031,63.2627993442043,124.41000366210938,1.2338062524795532
2018-03-21,8937.48046875,239.39189836930612,158.74438096424763,41.083743285691064,62.70839406780591,125.4000015258789,1.224814772605896
2018-03-22,8939.4404296875,236.74961765474657,156.27605369409443,39.90079799352127,61.72820899335769,126.08999633789062,1.234872817993164
2018-03-23,8736.25,233.44464923481146,154.37727636616455,39.5229238913069,61.696068149222675,127.81999969482422,1.2326048612594604
2018-03-24,8901.9501953125,,,,,,
2018-03-25,8612.8095703125,,,,,,
2018-03-26,8498.4697265625,231.64190216567016,153.53232161056064,39.4478137655839,61.519313173737046,128.0500030517578,1.2353914976119995
2018-03-27,8200.0,235.21200520069758,157.23485166004454,40.764534600998445,61.48716949957384,127.2300033569336,1.2455006837844849
2018-03-28,7836.830078125,230.4224436755508,150.16210114596254,39.25535512087376,62.62806420872707,126.4800033569336,1.240802526473999
2018-03-29,7979.06982421875,230.7493369078176,150.09560461595564,39.38679414587791,63.81716090698045,125.41999816894531,1.231284499168396
2018-03-30,7171.4501953125,,,,,,1.2302544116973877
2018-03-31,6892.47998046875,,,,,,
2018-04-01,7003.06005859375,,,,,,
2018-04-02,6844.85986328125,232.0130642531419,150.94054114974196,39.11217992291302,63.68056543296145,126.6500015258789,1.231284499168396
2018-04-03,7102.259765625,228.76108647586676,148.92791765401836,39.34688194941007,62.31470754825843,126.54000091552734,1.2293318510055542
2018-04-04,7456.41015625,226.88764555655212,146.4120686024786,38.69908517590817,62.523608380107945,127.5,1.2279430627822876
2018-04-05,6848.64990234375,234.66405067378514,153.1620441261568,40.50635441106232,63.543977443882504,125.44999694824219,1.2287880182266235
2018-04-06,6815.9599609375,232.78187422548618,150.8361128349577,40.128480014153794,62.96551327546145,126.56999969482422,1.2250999212265015
2018-04-07,6630.509765625,,,,,,
2018-04-08,6919.97998046875,,,,,,
2018-04-09,7044.31982421875,230.970302405471,149.98171239272162,39.87264768313758,63.310976128928786,126.44999694824219,1.227144479751587
2018-04-10,6795.43994140625,233.5330013233873,152.09877025496803,40.60493471440127,63.238658460449265,127.0199966430664,1.2322251796722412
2018-04-11,6843.47021484375,232.82607373811788,152.0892707299291,40.42420849279554,62.820880465332486,128.08999633789062,1.2363842725753784
2018-04-12,6955.3798828125,234.4078811025094,153.08611006721637,40.70117504412537,63.18242583359051,127.25,1.237623691558838
2018-04-13,7901.08984375,236.30780389474955,154.7664832386876,41.02271875981588,62.7164220867744,127.06999969482422,1.2333498001098633
2018-04-14,7874.669921875,,,,,,
2018-04-15,7999.330078125,,,,,,
2018-04-16,8337.5703125,235.94551539526447,154.27280916736,41.081403217619894,63.1181546152775,127.73999786376953,1.2333041429519653
2018-04-17,8071.66015625,238.00449228466618,155.9247208623373,41.42407623230813,63.415437129922445,127.0199966430664,1.238466739654541
2018-04-18,7944.43017578125,239.2063502095114,157.69058392327872,41.733887619020656,63.13422532363361,128.32000732421875,1.2373021841049194
2018-04-19,8159.27001953125,238.28729427980818,157.21584406744014,40.78331119064587,61.13177654077647,127.80999755859375,1.2378535270690918
2018-04-20,8286.8798828125,237.54509940813713,156.16207199777793,40.04162123421735,60.037095309855594,126.69000244140625,1.2344155311584473
2018-04-21,8848.7900390625,,,,,,
2018-04-22,8925.0595703125,,,,,,
2018-04-23,8794.3896484375,236.17522430550414,154.83298366808154,39.15677362538438,59.67217226859265,125.62000274658203,1.227385401725769
2018-04-24,8934.33984375,236.59061414581126,154.4248283487405,38.88449892224397,59.24242495703672,125.77999877929688,1.2211204767227173
2018-04-25,9701.0302734375,232.33124008188568,150.7032065023883,38.16863731070807,58.71535625266914,125.2300033569336,1.2236157655715942
2018-04-26,8867.3203125,233.99253857515498,152.56396865295923,38.52070932702644,58.845097039119324,125.54000091552734,1.2170779705047607
2018-04-27,9290.6298828125,235.94548205661184,156.0481715789864,38.49254827406108,58.81267875675594,125.19999694824219,1.2107563018798828
2018-04-28,8939.26953125,,,,,,
2018-04-29,9346.41015625,,,,,,
2018-04-30,9426.1103515625,236.1752674598288,154.2443613184627,38.053638592508214,59.120796107017846,124.41000366210938,1.2128562927246094
2018-05-01,9251.4697265625,233.179519958485,152.39309175528817,39.05819542045914,58.42344570859652,123.9000015258789,1.208313226699829
2018-05-02,9104.599609375,233.96604976962223,154.80448472212976,41.1283333112394,58.33425395165645,123.9000015258789,1.1992132663726807
2018-05-03,9233.9697265625,231.75685056008035,152.84877644412694,41.28089937538475,57.4179733745823,124.66000366210938,1.1951714754104614
2018-05-04,9695.5,231.1028283116458,152.9437081078926,41.8371649912268,57.88016653701319,124.0999984741211,1.1989257335662842
2018-05-05,9700.2802734375,,,,,,
2018-05-06,9845.3095703125,,,,,,
2018-05-07,9645.669921875,235.84830724288375,157.25384256361795,43.46371415611706,58.926178681195594,124.5,1.1955716609954834
2018-05-08,9380.8701171875,235.50365480335702,157.4911845121246,43.41912263854349,58.423451189340454,124.13999938964844,1.1932604312896729
2018-05-09,9223.73046875,236.5464000313064,157.94688755325822,43.7852611249509,58.19638570699537,124.44999694824219,1.186676025390625
2018-05-10,9325.9599609375,238.89704303304075,159.89309086618326,44.06456535393887,59.14513168824183,125.22000122070312,1.1847639083862305
2018-05-11,9052.9599609375,240.5053024320229,160.8424796831784,44.646824986202176,59.704623808808606,125.56999969482422,1.191525936126709
2018-05-12,8441.4404296875,,,,,,
2018-05-13,8515.490234375,,,,,,
2018-05-14,8713.099609375,241.5481115650527,161.25071990133614,44.53372248173257,59.82624746044337,125.16000366210938,1.1951572895050049
2018-05-15,8705.1904296875,240.00158813166456,159.88364034605314,44.008296792998124,59.44513992759532,122.81999969482422,1.1932035684585571
2018-05-16,8504.41015625,239.6039959988271,159.5798645651996,43.841012012369504,59.17756217176972,122.37999725341797,1.1822566986083984
2018-05-17,8370.0498046875,240.31093789069186,159.8646381848353,44.29574027728579,59.61542357140747,122.2300033569336,1.1814186573028564
2018-05-18,8091.830078125,240.0280826839939,159.19056832369682,44.104906917053825,59.98843445397456,122.05000305175781,1.1792036294937134
2018-05-19,8255.73046875,,,,,,
2018-05-20,8246.990234375,,,,,,
2018-05-21,8522.330078125,241.25642345508206,160.21588922456885,44.29575668563138,59.80194150120859,122.16000366210938,1.1763737201690674
2018-05-22,8419.8701171875,242.09597283331613,160.60518150049703,44.385286984121706,60.377652363898605,122.69999694824219,1.1788839101791382
2018-05-23,8037.080078125,239.6305371220134,158.45003776861986,43.90698701129441,60.020865308247636,122.13999938964844,1.1789672374725342
2018-05-24,7561.1201171875,241.16814289660945,160.96588134765625,44.47717701426208,60.06953227955478,123.0999984741211,1.1707134246826172
2018-05-25,7592.2998046875,240.4964599609375,160.94690596405545,44.34994425694681,59.92354943461789,123.66000366210938,1.1723191738128662
2018-05-26,7486.47998046875,,,,,,
2018-05-27,7362.080078125,,,,,,
2018-05-28,7371.31005859375,,,,,,1.1687567234039307
2018-05-29,7129.4599609375,238.87049866232422,160.3963069763595,44.20149683194327,60.053289369842,122.83999633789062,1.1627501249313354
2018-05-30,7469.72998046875,239.03840959985598,160.99438129254085,44.22977610630169,60.27223873315153,123.16999816894531,1.153761863708496
2018-05-31,7406.14990234375,240.49651999924623,161.5639811324152,44.11197362013253,60.547929651121905,123.26000213623047,1.1666160821914673
2018-06-01,7500.7001953125,240.72617694878127,162.2665826365044,44.293400548573096,59.46136535204385,122.58000183105469,1.1693308353424072
2018-06-02,7536.72021484375,,,,,,
2018-06-03,7632.08984375,,,,,,
2018-06-04,7722.52978515625,242.5997048834602,164.41209723882514,45.15338689688778,59.63164941770821,122.8499984741211,1.1669973134994507
2018-06-05,7500.89990234375,243.05920808091656,165.86464396635867,45.49032190729074,60.231696469452885,122.55000305175781,1.1701792478561401
2018-06-06,7625.97021484375,243.71316511275833,166.15899811966275,45.62226003673747,60.06142752731382,123.08000183105469,1.1726628541946411
2018-06-07,7650.81982421875,245.62186973324768,166.98490428121306,45.74242747573462,60.15060754764938,122.95999908447266,1.1783976554870605
2018-06-08,7685.14013671875,244.6498265681184,164.8203574587638,45.04265021927023,61.504773114811776,123.08000183105469,1.1793843507766724
2018-06-09,7632.52001953125,,,,,,
2018-06-10,7499.5498046875,,,,,,
2018-06-11,6799.2900390625,246.054956864218,165.48495196602633,45.08505809281272,62.412958996085365,123.0999984741211,1.1786893606185913
2018-06-12,6905.81982421875,246.57624272588066,166.28239841717584,45.094482345524824,63.102174562677874,122.94999694824219,1.1773293018341064
2018-06-13,6596.8798828125,246.71771182982977,167.1842645343281,45.33717074386563,62.761612323552164,122.83999633789062,1.1747568845748901
2018-06-14,6342.75,246.55860485683905,167.68746131945846,45.132190452604284,62.080476173241664,123.62999725341797,1.1806375980377197
2018-06-15,6674.080078125,245.52649004573834,167.97227340620293,44.774043181267466,61.756123821566064,122.18000030517578,1.156336784362793
2018-06-16,6455.4501953125,,,,,,
2018-06-17,6545.52978515625,,,,,,
2018-06-18,6510.06982421875,244.54113478173028,166.9617260873724,44.26748598323643,62.32374523009225,121.3499984741211,1.1597026586532593
2018-06-19,6742.39013671875,243.21862106184778,165.80108233149804,43.62188694452313,61.293942362427835,120.80999755859375,1.163007140159607
2018-06-20,6770.759765625,245.23361787913623,168.21764114687196,43.90697705384341,61.91019369851716,120.79000091552734,1.1589365005493164
2018-06-21,6780.08984375,244.95838476265965,169.06436483378408,44.11903132362873,61.245283041913666,119.91999816894531,1.1577022075653076
2018-06-22,6737.8798828125,244.69216200232157,167.73237405059044,43.85279121043432,62.26698726013432,120.20999908447266,1.1606987714767456
2018-06-23,6090.10009765625,,,,,,
2018-06-24,6164.27978515625,,,,,,
2018-06-25,6171.97021484375,242.72149328077796,165.28730473951538,43.21191781471853,62.66431828310884,120.0,1.1660583019256592
2018-06-26,6253.5498046875,241.12377079078652,163.6413873463879,43.11530634927581,63.07785572049817,119.27999877929688,1.1701792478561401
2018-06-27,6084.39990234375,241.67403316486272,164.4025358283392,43.64308664748483,63.33732669173799,118.95999908447266,1.164808750152588
2018-06-28,6153.16015625,239.03767186606163,161.28190093577922,43.37685407100263,63.134616886434415,118.58999633789062,1.156243085861206
2018-06-29,5898.1298828125,241.54979912275832,163.65082475237958,43.89284334908779,63.191375927712464,118.43000030517578,1.15644371509552
2018-06-30,6214.22021484375,,,,,,
2018-07-01,6411.68017578125,,,,,,
2018-07-02,6380.3798828125,239.23299268750813,161.77659887274888,43.310870122267346,62.842698050075896,118.18000030517578,1.1678422689437866
2018-07-03,6596.66015625,242.2155321465129,165.02090789079148,44.24626602094871,63.68603104997495,118.41000366210938,1.1640766859054565
2018-07-04,6550.8701171875,,,,,,1.16593599319458
2018-07-05,6599.7099609375,241.5941229113419,163.555735287891,43.65016518948845,63.361659363148924,118.91999816894531,1.1661807298660278
2018-07-06,6638.68994140625,242.45518827943604,164.8972507675194,43.68785278271046,64.36713229301901,118.97000122070312,1.169385552406311
2018-07-07,6668.7099609375,,,,,,
2018-07-08,6857.7998046875,,,,,,
2018-07-09,6775.080078125,245.48212046029752,167.94169369044104,44.649171565377365,63.621139758027475,119.6500015258789,1.1751710176467896
2018-07-10,6739.2099609375,247.1331252520839,168.89308228187085,44.934270952056835,63.30489409995493,118.88999938964844,1.1757513284683228
2018-07-11,6330.77001953125,246.01470715904813,167.3803648040443,44.41356335394152,64.56986425557957,118.44999694824219,1.1730343103408813
2018-07-12,6396.77978515625,247.0177910656898,168.58866503560176,44.65623532684284,64.33472410821769,118.0,1.167569637298584
2018-07-13,6235.02978515625,247.80775566993393,170.72931800949908,45.02144504787517,64.12387396967955,117.62000274658203,1.16637122631073
2018-07-14,6247.5,,,,,,
2018-07-15,6272.7001953125,,,,,,
2018-07-16,6357.009765625,248.2249931714177,170.9195727582349,45.12511762037944,64.22929785311605,117.51000213623047,1.1678968667984009
2018-07-17,6739.64990234375,247.18645833464043,168.66477463549015,44.708081328191334,64.59419914800405,116.72000122070312,1.1710561513900757
2018-07-18,7315.31982421875,249.0416592981718,171.52852572836923,45.186379767318016,64.64285278320312,116.02999877929688,1.1657729148864746
2018-07-19,7378.2001953125,248.81960562095045,170.5676085518102,44.69393159004951,64.1658229245344,115.12999725341797,1.1646188497543335
2018-07-20,7467.39990234375,248.34041464496903,170.84348737614243,45.18638977537583,64.08399859250447,116.4000015258789,1.1654739379882812
2018-07-21,7352.72021484375,,,,,,
2018-07-22,7417.7998046875,,,,,,
2018-07-23,7414.7099609375,248.05634734707684,169.78747972380594,44.92719968848247,64.22310328047902,116.25,1.1741775274276733
2018-07-24,7716.509765625,250.13349309116006,172.59408318918383,45.34422660434203,63.44575968747814,116.22000122070312,1.169864296913147
2018-07-25,8379.66015625,249.72510289533034,171.61413570751634,45.487959243995,64.41128876225764,116.79000091552734,1.168770432472229
2018-07-26,8176.85009765625,251.38504968274742,171.57608675737603,45.85317123292575,65.09860988497445,116.23999786376953,1.1739845275878906
2018-07-27,7950.39990234375,251.83775830816563,172.3847675064688,45.94270404769693,65.18860975979536,115.91999816894531,1.1644561290740967
2018-07-28,8169.06005859375,,,,,,
2018-07-29,8205.8203125,,,,,,
2018-07-30,8221.580078125,249.88489848695707,168.9978063595179,45.2146462036936,65.51589304207845,115.80000305175781,1.1663167476654053
2018-07-31,8181.2001953125,249.2636313367242,167.2567004828956,44.83765890299014,65.77772526271157,115.47000122070312,1.170864224433899
2018-08-01,7769.0400390625,249.92926397666997,168.265137391176,46.918150683987434,65.80228982695543,115.62999725341797,1.168961763381958
2018-08-02,7634.18994140625,248.00320492638218,167.3232656844995,47.25978457536614,66.11322338179055,115.16999816894531,1.1663848161697388
2018-08-03,7562.14013671875,250.79029541740223,171.12887327509927,48.779521745629395,67.20963845314763,115.08999633789062,1.1585606336593628
2018-08-04,7438.669921875,,,,,,
2018-08-05,7031.080078125,,,,,,
2018-08-06,7062.93994140625,251.77564045937442,171.2145701428253,49.008059489642534,67.2587649969578,114.55999755859375,1.156136155128479
2018-08-07,6958.31982421875,253.32912659579844,172.82236871410836,49.319074957057836,67.43056149602242,114.8499984741211,1.155748724937439
2018-08-08,6746.85009765625,253.32910452861861,172.7272473105678,48.548606536921845,67.176911526881,114.75,1.1603351831436157
2018-08-09,6305.56005859375,253.45331378938022,173.06979370117188,49.368557091360415,67.45510396955564,115.0199966430664,1.1610087156295776
2018-08-10,6571.419921875,251.60688541151606,171.8995432085062,49.02861098938335,66.5223474691675,114.80999755859375,1.1528706550598145
2018-08-11,6185.7900390625,,,,,,
2018-08-12,6283.64990234375,,,,,,
2018-08-13,6341.35986328125,251.62468830328046,172.0613258148062,49.48967042478114,66.84961368879905,113.80999755859375,1.1395881175994873
2018-08-14,6287.66015625,251.13656574397376,172.21350607979582,49.690661587811235,66.59595480008757,113.25,1.139847993850708
2018-08-15,6221.419921875,250.6571583247941,171.26209766279058,49.468407558933215,66.52232058883547,112.16999816894531,1.1348161697387695
2018-08-16,6294.22998046875,251.5625640299013,171.83294680733516,50.066597106681336,67.47149121362975,111.45999908447266,1.134429931640625
2018-08-17,6340.91015625,251.94427184369758,170.63418956222478,50.46618706310315,68.51065060075076,111.69000244140625,1.137229561805725
2018-08-18,6583.43017578125,,,,,,
2018-08-19,6422.56982421875,,,,,,
2018-08-20,6500.509765625,253.48880435971984,171.49999250831695,51.56800483956419,68.6415623288006,112.37999725341797,1.1437852382659912
2018-08-21,6301.06982421875,254.09232465421528,171.4808985303409,51.26062646675485,68.37970857022975,112.7699966430664,1.1489102840423584
2018-08-22,6486.25,253.76399460900163,171.23353024696442,50.62223217694636,68.57607809828762,113.38999938964844,1.15763521194458
2018-08-23,6371.33984375,253.843808350209,171.95663577675703,50.75226795914584,67.92151299776249,112.68000030517578,1.1586277484893799
2018-08-24,6551.52001953125,254.26112033260495,172.58458880289808,51.21333757583482,68.09333365121822,113.25,1.1542812585830688
2018-08-25,6719.9501953125,,,,,,
2018-08-26,6754.64013671875,,,,,,
2018-08-27,6710.7998046875,256.40926312144313,174.48733155007903,51.34337923890554,68.32245318675338,114.12000274658203,1.164442539215088
2018-08-28,6891.080078125,257.68741586376615,175.84785967539767,51.7831663768743,68.50245017145319,114.76000213623047,1.1683471202850342
2018-08-29,7091.7099609375,257.5630253451648,175.94303240607167,52.05271233047196,68.3306152813961,114.16000366210938,1.1693034172058105
2018-08-30,7043.759765625,258.2555538204787,177.322563796762,52.785672712873435,68.23242640530464,113.91999816894531,1.1709327697753906
2018-08-31,6973.97021484375,257.2790273013543,177.1322308392761,53.556463999725075,68.19970036349939,113.72000122070312,1.1665889024734497
2018-09-01,7044.81005859375,,,,,,
2018-09-02,7189.580078125,,,,,,
2018-09-03,7279.02978515625,,,,,,1.1598505973815918
2018-09-04,7263.0,257.2791006122579,177.03711702067955,54.00571549067332,67.48784071648898,112.75,1.16130530834198
2018-09-05,7361.4599609375,256.897403877992,176.50435454071743,54.14285726319419,67.18510442781049,113.36000061035156,1.1588022708892822
2018-09-06,6755.14013671875,256.66660029963003,174.6110548079352,53.49027465750758,67.83968778200571,113.88999938964844,1.1634942293167114
2018-09-07,6528.919921875,254.7404119315528,171.728252560719,52.454655476291386,67.1769367908468,113.26000213623047,1.1623852252960205
2018-09-08,6460.169921875,,,,,,
2018-09-09,6223.3798828125,,,,,,
2018-09-10,6301.56982421875,256.30267635287424,173.2980887211757,52.24186387354506,67.56965614077293,113.26000213623047,1.1558955907821655
2018-09-11,6331.8798828125,255.08655922474992,172.19451358938502,51.54671960522813,67.20144778133333,112.6500015258789,1.1593396663665771
2018-09-12,6317.009765625,256.58675726542555,173.96408202713735,53.185258631754344,67.01325798926062,113.12000274658203,1.159595012664795
2018-09-13,6354.240234375,257.70517974058833,174.79178947030212,52.84952340827975,68.13425011744658,114.72000122070312,1.1626555919647217
2018-09-14,6515.41015625,258.3620426364613,175.68611392280758,53.37678363174455,68.29787774226031,113.79000091552734,1.1690436601638794
2018-09-15,6509.39990234375,,,,,,
2018-09-16,6536.68017578125,,,,,,
2018-09-17,6514.06005859375,258.1489805848816,174.7537614478204,52.52559609238329,68.32242930607555,113.5999984741211,1.162358283996582
2018-09-18,6280.91015625,257.04834095714324,172.67020399606466,51.49470294727404,68.96884037451846,113.79000091552734,1.1669156551361084
2018-09-19,6371.85009765625,258.2821135932705,173.98310216174224,51.66258218448119,68.666092004724,113.94000244140625,1.167883276939392
2018-09-20,6398.85009765625,259.7645329642432,175.0201789857123,52.073992180573526,68.96885140443274,114.20999908447266,1.1674060821533203
2018-09-21,6513.8701171875,261.34172092502115,176.2189165822095,52.20166812140533,70.2125571957328,112.87000274658203,1.1776067018508911
2018-09-22,6735.0498046875,,,,,,
2018-09-23,6715.31982421875,,,,,,
2018-09-24,6704.77001953125,259.78128445436346,173.51468824230875,51.26535388953533,70.06528138063761,113.68000030517578,1.1751019954681396
2018-09-25,6603.64013671875,259.9506340298228,175.19213826555557,51.958130371548314,68.96066729646711,113.75,1.1753228902816772
2018-09-26,6452.7900390625,259.3978577222201,175.6591617550111,52.25369872648437,68.11787641040937,113.11000061035156,1.1766090393066406
2018-09-27,6495.2900390625,258.9520830810282,176.34538013030877,52.92045647589352,67.94602629865436,112.0999984741211,1.1747153997421265
2018-09-28,6678.75,258.57758117404654,176.6218086168273,53.14979737223942,67.93785881172653,112.16000366210938,1.1636837720870972
2018-09-29,6643.10009765625,,,,,,
2018-09-30,6604.7099609375,,,,,,
2018-10-01,6619.85009765625,260.46784283610697,178.1086603786876,53.89694833800921,68.16698349693672,112.4000015258789,1.160496711730957
2018-10-02,6593.240234375,259.9773864746094,177.2890035172982,53.731452552639425,68.306065293679,113.69999694824219,1.157755732536316
2018-10-03,6553.85986328125,261.0295876624094,177.78462021874145,54.39348748822865,69.09156190056116,113.87000274658203,1.155041217803955
2018-10-04,6497.91015625,259.6385763650199,176.51697100864973,54.566089500033,67.50421679588146,113.83000183105469,1.147736668586731
2018-10-05,6574.14990234375,258.30997967842393,173.81011136147947,53.899327312763546,67.07872114966015,113.80999755859375,1.1517553329467773
2018-10-06,6622.4501953125,,,,,,
2018-10-07,6590.68017578125,,,,,,
2018-10-08,6600.18994140625,255.95593872277664,171.1032846256679,52.53978519538805,67.07873747095142,112.25,1.1523923873901367
2018-10-09,6653.080078125,256.25907658719046,170.77921630325477,52.87789106435932,67.41421718504475,112.37000274658203,1.1494648456573486
2018-10-10,6640.2900390625,255.75978424546548,170.14065003844507,53.30821307731672,66.9396440898979,112.47000122070312,1.1504037380218506
2018-10-11,6586.740234375,247.0659941262699,163.0017985776529,50.721539244147124,66.80052934639954,114.19999694824219,1.1532163619995117
2018-10-12,6239.25,246.78955019049047,166.00408818956052,52.11654480060176,64.94316303534326,115.58000183105469,1.1590440273284912
2018-10-13,6278.080078125,,,,,,
2018-10-14,6288.490234375,,,,,,
2018-10-15,6292.64013671875,245.7016624383773,165.56565922687395,52.29151625611603,64.64858555497452,116.12000274658203,1.1550945043563843
2018-10-16,6601.41015625,246.63791323813768,165.8611361051867,51.76424921811775,65.384979439137,116.48999786376953,1.1583324670791626
2018-10-17,6590.52001953125,250.06196685381698,169.73079831702663,52.561061472294256,66.08047505744864,115.88999938964844,1.15763521194458
2018-10-18,6542.330078125,249.1346728395284,168.33923562791134,51.51125865851134,66.6230988161397,115.83000183105469,1.1500862836837769
2018-10-19,6478.06982421875,247.11051650237442,166.39487762137185,51.5585467461468,70.04879537589092,116.2300033569336,1.145514726638794
2018-10-20,6460.919921875,,,,,,
2018-10-21,6490.08984375,,,,,,
2018-10-22,6486.0498046875,246.99461345512103,165.89926337181694,51.967592478519066,71.59240638009808,115.56999969482422,1.1511188745498657
2018-10-23,6472.35986328125,241.59993397454068,162.6395882103334,51.0312826427505,70.99808100911625,117.16000366210938,1.1464734077453613
2018-10-24,6478.89013671875,243.7221665604862,164.95568113987076,52.63198967990546,72.04639977299902,116.37999725341797,1.1472625732421875
2018-10-25,6484.64990234375,238.4167212180317,160.03756438463077,51.475796278943854,72.73155537442817,116.58000183105469,1.1398738622665405
2018-10-26,6468.43994140625,237.11479754214855,157.45465186420344,51.04782749681985,73.21030507661733,116.83000183105469,1.1375141143798828
2018-10-27,6480.83984375,,,,,,
2018-10-28,6482.66015625,,,,,,
2018-10-29,6492.35009765625,239.68287313180807,161.2766987014843,51.82572833174674,72.88011232957916,116.41000366210938,1.1398738622665405
2018-10-30,6337.0400390625,235.1086245151739,155.11949576102336,49.92473008302534,73.34239378088361,115.8499984741211,1.1375141143798828
2018-10-31,6336.990234375,241.3324599805179,160.71429748881647,51.27954555631616,73.2763531667271,114.88999938964844,1.1345844268798828
2018-11-01,6318.14013671875,242.17958335786605,162.0963515545466,51.792616501453125,73.3093489496466,116.33000183105469,1.1313880681991577
2018-11-02,6378.919921875,244.98837100355448,163.48788246651003,49.546439871294645,74.19259354494827,116.61000061035156,1.1402769088745117
2018-11-03,6387.240234375,,,,,,
2018-11-04,6365.47021484375,,,,,,
2018-11-05,6363.6201171875,242.92856098023867,161.64836909645146,48.305108099645274,74.20087951758644,116.27999877929688,1.1397050619125366
2018-11-06,6433.3798828125,243.71318368453908,161.0479163992154,47.74237132513075,75.00157942745197,116.44000244140625,1.140862226486206
2018-11-07,6468.5,247.49393876614997,164.202693463216,48.69997188616448,75.60414908507634,116.26000213623047,1.144099235534668
2018-11-08,6522.27001953125,249.76766559997583,166.5664558458546,49.82132566766374,75.07584856840153,115.7699966430664,1.1433275938034058
2018-11-09,6442.60009765625,248.80466133719972,164.72695730193846,48.77022964453493,75.40604134286195,114.5999984741211,1.1368545293807983
2018-11-10,6386.1298828125,,,,,,
2018-11-11,6413.6298828125,,,,,,
2018-11-12,6411.759765625,247.16400847527626,162.33462833709405,47.21614107916425,76.11593357106135,114.01000213623047,1.1324771642684937
2018-11-13,6373.18994140625,243.5080869349678,159.27509328847975,45.46747093822109,75.91784173638436,113.72000122070312,1.1224100589752197
2018-11-14,6351.240234375,244.46223232705265,160.2377769767685,46.006077416821554,77.11475659575336,113.52999877929688,1.1316057443618774
2018-11-15,5736.14990234375,239.6649914330321,157.1686970248715,44.69872824786671,77.04045458187005,114.83000183105469,1.1313625574111938
2018-11-16,5645.31982421875,242.34901628972628,158.64606121194257,45.19935909025038,77.44491577148438,115.83000183105469,1.13252854347229
2018-11-17,5578.580078125,,,,,,
2018-11-18,5559.740234375,,,,,,
2018-11-19,5620.77978515625,243.4724566298117,158.88432284227636,45.080719453626,77.36238031228496,115.44999694824219,1.1412137746810913
2018-11-20,4863.93017578125,236.6154672493297,150.94490654008018,42.32131712569472,76.96616614410651,115.94000244140625,1.1454753875732422
2018-11-21,4465.5400390625,237.06129197420626,153.78515290287464,42.64399822705807,75.66190917963279,115.94000244140625,1.137268304824829
2018-11-22,4611.56982421875,,,,,,1.1388872861862183
2018-11-23,4360.7001953125,234.67163062216989,151.63113017498264,41.507494383952164,75.32351926697137,115.76000213623047,1.1402637958526611
2018-11-24,4347.68994140625,,,,,,
2018-11-25,3880.780029296875,,,,,,
2018-11-26,4015.070068359375,236.99004105316456,153.87091559764764,41.34140913508516,75.2409347857405,115.83999633789062,1.1338896751403809
2018-11-27,3765.949951171875,237.48931889071778,154.40468746557343,40.693666190363125,75.8848097787144,115.55000305175781,1.1334270238876343
2018-11-28,3822.469970703125,240.39621058389733,156.90187523800697,41.93219192550799,76.46261862129457,114.76000213623047,1.129713773727417
2018-11-29,4269.00439453125,244.06095703708348,160.11385475827257,43.33918830928703,76.65250322716804,115.97000122070312,1.1366606950759888
2018-11-30,4289.0888671875,244.15013446131957,160.48557848779416,42.776871754458696,76.9166212237448,115.41999816894531,1.1392766237258911
2018-12-01,4024.46435546875,,,,,,
2018-12-02,4200.7333984375,,,,,,
2018-12-03,4147.32373046875,249.91935540908307,164.9938103311214,43.76627212076378,78.14655419868724,116.5999984741211,1.1341854333877563
2018-12-04,3886.294921875,248.21621516014721,163.39258349508168,42.93346662237809,77.1725475460094,117.37000274658203,1.135589361190796
2018-12-05,3958.894775390625,,,,,,1.1343655586242676
2018-12-06,3754.074462890625,237.1148392029293,154.76688443768427,40.75297981442607,76.52041261453881,117.37999725341797,1.1347260475158691
2018-12-07,3512.59033203125,240.2714214987865,158.36967259651934,41.163442701049085,77.25508376896005,117.62000274658203,1.137682318687439
2018-12-08,3421.910400390625,,,,,,
2018-12-09,3473.2275390625,,,,,,
2018-12-10,3612.04638671875,234.84099458567204,153.52782521149555,39.1490601674904,76.974426663664,117.69999694824219,1.140380859375
2018-12-11,3497.5546875,238.66632675751862,157.95983986310952,40.72926436066037,77.36238610365481,117.66999816894531,1.135499119758606
2018-12-12,3421.458251953125,238.49694635249477,158.21719399703255,40.43028940365676,77.76686208311817,117.69999694824219,1.1322848796844482
2018-12-13,3487.87939453125,237.649782403147,158.34106744837337,40.45165022819319,78.31166470432065,117.54000091552734,1.137268304824829
2018-12-14,3311.751953125,234.47545576293268,155.55795704844547,40.09812804123451,79.61590324096925,116.62999725341797,1.1363248825073242
2018-12-15,3243.99755859375,,,,,,
2018-12-16,3236.274658203125,,,,,,
2018-12-17,3253.123046875,231.30108550488026,152.87020926515117,39.255816656585765,79.24443381905036,117.37000274658203,1.130671739578247
2018-12-18,3544.761474609375,229.33940067554468,151.211750919865,39.239224006854776,76.8753569045575,117.8499984741211,1.1349965333938599
2018-12-19,3706.824951171875,227.52932388944615,150.76376165868552,39.386319792315824,76.39660814535931,118.23999786376953,1.1375658512115479
2018-12-20,3742.195068359375,222.79444183469164,146.92271258077474,38.05762010916007,75.53810310501339,119.11000061035156,1.138783574104309
2018-12-21,4133.70361328125,221.2971926298084,145.87429755808162,37.217700060216195,74.79520189987517,119.19000244140625,1.1457772254943848
2018-12-22,3898.083740234375,,,,,,
2018-12-23,4020.99462890625,,,,,,
2018-12-24,4000.331787109375,214.391257590333,139.62941977679438,35.151100216804714,74.6631273447786,119.56999969482422,1.137203574180603
2018-12-25,4081.030517578125,,,,,,1.1405109167099
2018-12-26,3819.666748046875,211.63781597827943,138.67358686988814,35.18669150802309,72.1619670502427,120.62000274658203,1.1413440704345703
2018-12-27,3854.6884765625,217.55726318862372,143.7299767371191,36.97568792254167,73.9697214977995,120.56999969482422,1.1363636255264282
2018-12-28,3653.1318359375,223.84440983280513,147.34306621497728,37.369540609642506,76.40486871466841,120.80000305175781,1.1430922746658325
2018-12-29,3932.49169921875,,,,,,
2018-12-30,3822.384765625,,,,,,
2018-12-31,3866.839111328125,223.82647408811934,147.64896022772237,37.61393391895783,75.63714095277219,120.9800033569336,1.1438899040222168
2019-01-01,3746.71337890625,,,,,,1.1494252681732178
2019-01-02,3849.21630859375,220.61564101388458,144.3226369995191,36.750288975035055,75.14188562095481,121.3499984741211,1.1461317539215088
2019-01-03,3931.048583984375,222.63363352752896,145.8615248034969,34.16171362708224,75.06757233425114,121.77999877929688,1.131733775138855
2019-01-04,3832.0400390625,222.0595916892461,145.61301184560864,34.29220295413125,74.98504612516503,121.31999969482422,1.1390948295593262
2019-01-05,3851.973876953125,,,,,,
2019-01-06,3836.51904296875,,,,,,
2019-01-07,4078.5849609375,226.63367752908553,149.70402616078695,35.281600249745665,75.86831001379495,122.16000366210938,1.141291856765747
2019-01-08,4028.47216796875,230.33784464859812,152.49511953408603,35.485649452234306,76.52039781864045,121.1500015258789,1.1479343175888062
2019-01-09,4031.552001953125,231.0015215835189,153.06855615268833,35.89612398881753,76.51215370678445,121.44999694824219,1.1457247734069824
2019-01-10,4034.411376953125,229.83562239676925,152.55241059760064,36.183217066092084,75.02633291135284,121.9800033569336,1.1555217504501343
2019-01-11,3674.015380859375,231.10918026804572,153.25019550994455,36.273367307262035,75.6701862887001,121.73999786376953,1.1515165567398071
2019-01-12,3686.97314453125,,,,,,
2019-01-13,3658.8681640625,,,,,,
2019-01-14,3557.31103515625,230.37370700114573,152.29436297775848,35.7917243040485,75.52986997888127,122.1500015258789,1.1462763547897339
2019-01-15,3704.21630859375,231.23475913278858,152.93480687737414,35.65411028555859,75.24096032359807,122.27999877929688,1.147315263748169
2019-01-16,3631.509765625,233.93433888012572,155.46774077142646,36.320829274052095,75.72797894545043,122.04000091552734,1.141409158706665
2019-01-17,3651.87109375,233.19891877819984,154.68396092606267,36.58655523624995,75.46996707092968,122.02999877929688,1.1398999691009521
2019-01-18,3677.990478515625,237.6564693733523,157.50367962616622,37.369549802011335,76.01910367563337,121.2300033569336,1.1391856670379639
2019-01-19,3652.3779296875,,,,,,
2019-01-20,3725.446044921875,,,,,,
2019-01-21,3600.372802734375,,,,,,1.1365444660186768
2019-01-22,3575.081298828125,237.5129025266222,156.81547387742702,37.11093212681015,76.03571267100119,121.18000030517578,1.1369578838348389
2019-01-23,3605.55712890625,236.78644235026223,155.58248516299463,36.57471200591153,78.3569709851511,120.95999908447266,1.1363766193389893
2019-01-24,3584.500244140625,236.06893344044875,155.49642713045793,36.56521442488471,78.4485188186187,121.16000366210938,1.1387057304382324
2019-01-25,3607.390380859375,238.22141899740802,157.24560710962174,36.89026785958372,78.55664539512162,122.0199966430664,1.1309914588928223
2019-01-26,3599.71533203125,,,,,,
2019-01-27,3604.687255859375,,,,,,
2019-01-28,3584.283203125,236.2304129857847,155.8214178778153,36.963818953658674,77.64147313952004,122.75,1.141265869140625
2019-01-29,3468.8701171875,236.70572604449566,155.99342219509322,37.07297716838964,78.0324913038801,123.70999908447266,1.1429747343063354
2019-01-30,3443.89697265625,237.76410136148363,156.18466335565972,38.73383622739391,77.88273771220568,123.91000366210938,1.1435105800628662
2019-01-31,3485.4091796875,239.92551793572912,159.33891506102242,39.41242029951825,78.56497377760363,125.18000030517578,1.1485539674758911
2019-02-01,3460.547119140625,242.2933017562561,159.94105923122956,39.614098831561684,80.16239013665403,124.88999938964844,1.145081877708435
2019-02-02,3484.6259765625,,,,,,
2019-02-03,3516.1396484375,,,,,,
2019-02-04,3467.211669921875,242.2574453074274,160.08445058977605,39.72086513717964,80.8779171661443,123.98999786376953,1.1457247734069824
2019-02-05,3454.950927734375,244.34718570779833,162.26373767159265,41.01397692943241,81.52687421040787,124.29000091552734,1.14357590675354
2019-02-06,3469.091796875,244.66117840526783,163.51591994516588,41.43868450470518,80.91119499913125,124.16000366210938,1.1408753395080566
2019-02-07,3414.929443359375,243.00185935827335,161.5660072497974,40.904826038437854,81.13583384470915,123.80000305175781,1.1366348266601562
2019-02-08,3401.37646484375,241.03764969516837,159.39621117074248,40.26771919259328,80.71151552229996,124.05000305175781,1.1339925527572632
2019-02-09,3671.5859375,,,,,,
2019-02-10,3673.201416015625,,,,,,
2019-02-11,3695.613037109375,243.2350520120421,161.69980866387036,40.7585744212062,81.11086654050001,123.19000244140625,1.1324259042739868
2019-02-12,3642.751953125,244.32926977124873,162.13956159442995,40.53220813832866,81.8513469132304,123.95999908447266,1.128031611442566
2019-02-13,3653.60400390625,246.6701146070692,164.07028019179472,40.8395916413653,82.60845850924846,123.83999633789062,1.1332728862762451
2019-02-14,3631.170166015625,245.54902206240385,162.87553452871506,40.43927960962729,82.11757631140699,123.83999633789062,1.126405119895935
2019-02-15,3617.368408203125,247.86289129890864,164.90192448677166,40.80623611906368,82.32557820095668,124.58999633789062,1.1294713020324707
2019-02-16,3615.270263671875,,,,,,
2019-02-17,3633.359375,,,,,,
2019-02-18,3671.369873046875,,,,,,1.1294840574264526
2019-02-19,3911.66162109375,247.97062873148565,163.84090734363298,40.43927284620034,82.00110090501516,125.9800033569336,1.131208896636963
2019-02-20,3946.68505859375,249.16343253351516,164.7872151228341,40.791937772979175,83.01614699310372,127.0,1.1343011856079102
2019-02-21,4000.2568359375,249.0647861823057,164.20410211881222,40.93729535437326,82.45038152300799,126.1500015258789,1.1346358060836792
2019-02-22,3952.406494140625,249.43250603911778,164.3953476078206,40.88486432636196,82.94126739352012,125.52999877929688,1.1339796781539917
2019-02-23,3998.916259765625,,,,,,
2019-02-24,4145.4580078125,,,,,,
2019-02-25,3807.00244140625,251.7823475232968,166.51726044043835,41.499645058988676,83.4986819366412,125.77999877929688,1.1340183019638062
2019-02-26,3878.697265625,250.34736625046182,165.45628859438563,41.39241061710472,83.06605460517866,125.33000183105469,1.1366219520568848
2019-02-27,3857.479736328125,249.80023878389963,165.26511861580562,41.27326604666543,82.65006300515059,125.16999816894531,1.1394193172454834
2019-02-28,3848.261962890625,250.19482156237186,165.40851054419096,41.53777599764727,82.29230776260788,124.70999908447266,1.1377859115600586
2019-03-01,3853.757080078125,251.5222460706085,166.73711082149845,41.528236712468996,82.0427050761747,123.4800033569336,1.137255311012268
2019-03-02,3855.318115234375,,,,,,
2019-03-03,3862.26611328125,,,,,,
2019-03-04,3845.091552734375,252.56266478077004,167.78855632135912,41.86422496802693,82.00942551283033,121.55999755859375,1.1375269889831543
2019-03-05,3759.83251953125,250.7150851723559,166.84228515625,41.9237931397582,82.29229472024804,121.37999725341797,1.133825421333313
2019-03-06,3897.0810546875,250.36527686435716,167.00479208200017,41.621171381521776,82.25069028512053,121.43000030517578,1.1306205987930298
2019-03-07,3903.384765625,248.28449999190326,165.47540687596953,41.43053652305642,82.34222523681674,121.2699966430664,1.1312474012374878
2019-03-08,3913.225830078125,244.7956504825107,162.02482475390224,40.58464114771072,82.2174408995186,122.69999694824219,1.1201971769332886
2019-03-09,3894.552490234375,,,,,,
2019-03-10,3966.17431640625,,,,,,
2019-03-11,3953.740234375,246.8763993919627,164.2901410549087,41.81656454463562,82.19247240661267,122.5199966430664,1.123103380203247
2019-03-12,3903.75830078125,250.2845885402205,167.45400940758387,42.89123050226052,83.01611191131688,122.54000091552734,1.125885248184204
2019-03-13,3913.04736328125,251.5581602847145,168.8017650126981,43.42736668986569,83.19084373271357,123.55999755859375,1.1286808252334595
2019-03-14,3905.576904296875,252.3564594728826,169.30837345513206,43.82053342503637,83.98125445824265,122.33000183105469,1.1332857608795166
2019-03-15,3926.663330078125,252.72026159197057,169.56644059049918,44.04690664893718,84.66347059273505,123.05999755859375,1.1307612657546997
2019-03-16,3963.900146484375,,,,,,
2019-03-17,4047.719482421875,,,,,,
2019-03-18,4029.968505859375,253.63003730487662,170.4016869811278,44.273269369596825,84.91306645616984,123.30000305175781,1.1319899559020996
2019-03-19,4032.69189453125,255.39573887193404,171.5795385924272,44.88089565250784,84.78828995729747,123.72000122070312,1.13355553150177
2019-03-20,4070.7939453125,254.1795130666399,171.46458340206138,44.375741144089886,84.63852494203621,123.66000366210938,1.1353057622909546
2019-03-21,4083.953857421875,252.81024900956263,171.61783923336975,45.27884496121636,84.2641341222623,124.36000061035156,1.143000841140747
2019-03-22,4028.5146484375,255.1344514991071,174.06920845553097,46.546508338197334,85.26252478880164,123.93000030517578,1.1373976469039917
2019-03-23,4022.71337890625,,,,,,
2019-03-24,4035.16357421875,,,,,,
2019-03-25,4024.11279296875,251.21580350295577,170.36339975085755,45.63388069031745,84.58027843237181,124.55999755859375,1.129611611366272
2019-03-26,3969.228759765625,253.125593361551,171.98173589725516,45.66963053267575,85.2292339884554,124.4800033569336,1.1314520835876465
2019-03-27,3984.244873046875,253.23365285914716,171.71361539048704,44.976211880352054,85.49545253922341,124.3499984741211,1.1274465322494507
2019-03-28,4087.58447265625,252.54906468905634,170.79429619849455,45.02387869438107,85.9530731296872,122.27999877929688,1.1251378059387207
2019-03-29,4068.2998046875,254.3867931441947,172.06784981586515,45.23356826498443,86.41066800245225,122.63999938964844,1.1229519844055176
2019-03-30,4092.13623046875,,,,,,
2019-03-31,4105.4560546875,,,,,,
2019-04-01,4105.3623046875,256.46764508707605,173.81068953697869,45.66485812631572,86.71851675633837,122.4000015258789,1.1223469972610474
2019-04-02,4156.91943359375,257.67488146159405,174.50972185651142,45.533803597504026,86.2026592448062,121.72000122070312,1.1205987930297852
2019-04-03,4879.9580078125,258.827804971364,175.9651887592786,46.0485014625707,86.1777140957579,121.7300033569336,1.1202850341796875
2019-04-04,4971.3076171875,258.34148420891455,176.03229407592437,46.41545880854789,86.09451961209392,121.0999984741211,1.124530553817749
2019-04-05,4922.80615234375,259.3683813046049,176.42485906218317,46.811005131413616,86.20267384982013,121.87999725341797,1.1224603652954102
2019-04-06,5036.79296875,,,,,,
2019-04-07,5062.7939453125,,,,,,
2019-04-08,5199.83544921875,259.5304909294682,176.53980321669127,46.8038588026213,86.46889537338801,122.97000122070312,1.1222084760665894
2019-04-09,5289.91796875,259.1881932281539,176.67380355019955,47.73317206117505,86.9847438234058,123.26000213623047,1.1256444454193115
2019-04-10,5204.10546875,259.2332084875261,176.8845053245099,47.34237670467407,87.07625382318012,123.22000122070312,1.12649405002594
2019-04-11,5325.08154296875,260.18806020426575,177.8995829851585,47.85945441527274,87.00969361052748,122.54000091552734,1.1276118755340576
2019-04-12,5061.20068359375,261.24212410166086,177.9665891995375,47.46627623560912,87.1511193664044,121.95999908447266,1.1259359121322632
2019-04-13,5088.85009765625,,,,,,
2019-04-14,5095.7587890625,,,,,,
2019-04-15,5167.32177734375,261.45839504620494,177.95702530012605,47.31855473245824,87.34248272780681,121.19999694824219,1.130365014076233
2019-04-16,5066.57763671875,262.0979282633414,178.6273318833931,47.52824036298592,88.17447822079836,120.37999725341797,1.130441665649414
2019-04-17,5236.13525390625,262.5032851494761,179.78595008325274,47.547307445984586,89.03992060364489,120.45999908447266,1.1285152435302734
2019-04-18,5251.48046875,261.33224455017637,179.50830666641573,48.400370192581796,88.8304571265116,120.23999786376953,1.1300712823867798
2019-04-19,5298.154296875,,,,,,1.123608112335205
2019-04-20,5304.16064453125,,,,,,
2019-04-21,5335.87890625,,,,,,
2019-04-22,5312.49462890625,260.4945463143555,178.65604953791353,48.33127168618853,88.92262988009722,120.45999908447266,1.1244546175003052
2019-04-23,5399.36572265625,261.8546696519358,180.40839632739102,48.71251655805477,87.1463653887878,119.66999816894531,1.125885248184204
2019-04-24,5571.50830078125,263.75547245228483,182.39062931286628,49.410689482360645,86.56823007504975,120.05999755859375,1.1224478483200073
2019-04-25,5466.5244140625,263.1519627642455,183.0226292491528,49.28440764800036,86.38388252660761,120.72000122070312,1.1156978607177734
2019-04-26,5210.3046875,263.1338733529149,182.1129083860973,48.8245100123111,87.09607053906663,121.26000213623047,1.113709807395935
2019-04-27,5279.47119140625,,,,,,
2019-04-28,5271.74658203125,,,,,,
2019-04-29,5284.8583984375,264.4040756501018,182.56295166842122,48.705367877898986,88.45342578737854,120.87999725341797,1.1149017810821533
2019-04-30,5247.72607421875,264.38611435131276,181.44257795294018,48.386074191108,87.85855257015018,120.88999938964844,1.1184180974960327
2019-05-01,5350.91455078125,265.4940832056484,182.6874408544605,50.01115999790759,88.93936390448123,121.02999877929688,1.1218308210372925
2019-05-02,5402.4228515625,262.7555322221292,180.85849431079924,50.00163618282265,88.14342110138934,119.69000244140625,1.1201846599578857
2019-05-03,5505.55224609375,263.78246458162147,181.62452843104873,50.251831720650216,88.8053413624215,120.55999755859375,1.1172560453414917
2019-05-04,5769.20263671875,,,,,,
2019-05-05,5831.068359375,,,,,,
2019-05-06,5791.693359375,260.56654394116345,179.11569140185003,48.679157328406795,88.0763832133692,120.61000061035156,1.1187058687210083
2019-05-07,5745.59912109375,261.3771733983688,179.90090592594535,49.05802986425357,88.00099967253206,121.0199966430664,1.1204482316970825
2019-05-08,5849.4814453125,259.01702880859375,177.75593850378775,48.10965396395561,87.96745412181866,121.54000091552734,1.118956208229065
2019-05-09,5982.31640625,256.9451197195856,175.9077384540658,47.75224219272583,87.6993478388901,120.95999908447266,1.1197456121444702
2019-05-10,6175.82275390625,257.2964978336447,176.30040163162693,47.22330722271242,87.12122484429909,121.41000366210938,1.1218559741973877
2019-05-11,6379.6669921875,,,,,,
2019-05-12,7203.50732421875,,,,,,
2019-05-13,6971.17822265625,254.41376563134563,172.64240039238317,44.90065057528068,88.09313833984855,122.62999725341797,1.1236711740493774
2019-05-14,7807.88427734375,254.02643504069349,171.90509771253465,44.58968654744338,88.62099694726194,122.5999984741211,1.1232421398162842
2019-05-15,7989.37451171875,253.66609401171596,171.74227757907622,44.55619123871001,88.48696024334683,122.70999908447266,1.120360255241394
2019-05-16,8194.5009765625,257.49469006251053,175.40023280935426,45.42689968507999,89.43372642019939,122.02999877929688,1.1209505796432495
2019-05-17,7886.92578125,256.8640914521032,175.3332545421296,44.7140705245547,89.8777942427438,121.02999877929688,1.117480754852295
2019-05-18,7341.66455078125,,,,,,
2019-05-19,7267.962890625,,,,,,
2019-05-20,8196.923828125,255.89114711983015,172.83393582507313,43.89838725228515,90.02022811107199,120.51000213623047,1.1165324449539185
2019-05-21,7977.96923828125,257.48561696577354,173.8011074391442,44.30503163302324,90.04536093948016,120.08000183105469,1.1169440746307373
2019-05-22,7956.2919921875,257.14333727037746,173.14994774433018,44.171075781629334,88.88914808859337,120.3499984741211,
2019-05-23,7677.26904296875,255.0803864030303,171.34972929412194,43.00855911757338,89.38345448329608,120.81999969482422,1.115511178970337
2019-05-24,7881.6953125,255.60292259327096,171.60826240074047,43.10423430651815,89.77724762704068,121.12999725341797,1.1183805465698242
2019-05-25,7991.88525390625,,,,,,
2019-05-26,8055.2060546875,,,,,,
2019-05-27,8674.072265625,,,,,,1.1206364631652832
2019-05-28,8802.7578125,255.01738417734387,171.08155047919024,42.79805332195135,89.40020784663758,120.80000305175781,1.1193571090698242
2019-05-29,8718.591796875,251.2518863252841,168.90785564797758,42.20005178150852,87.10446074807601,121.11000061035156,1.1170687675476074
2019-05-30,8661.7607421875,251.43197900170523,169.01322306066768,42.56603133944261,87.44799996659711,120.95999908447266,1.1138337850570679
2019-05-31,8320.2861328125,248.81065210515442,167.27998120887491,42.15460804379681,87.8836547016689,122.55000305175781,1.1129908561706543
2019-06-01,8573.83984375,,,,,,
2019-06-02,8565.4736328125,,,,,,
2019-06-03,8741.7470703125,248.00880249353676,166.12128397591508,42.00390878409617,86.42576920494777,124.08999633789062,1.1173434257507324
2019-06-04,8210.9853515625,249.63940708523882,164.7328359494608,41.96563498785348,87.14635739982853,124.87999725341797,1.1245558261871338
2019-06-05,7704.34326171875,254.3327076460896,169.08982004988547,44.080180266448075,88.17692275289411,126.18000030517578,1.1255050897598267
2019-06-06,7819.63330078125,255.19752776383675,169.02279530194843,43.79314204238784,89.52588035605716,125.93000030517578,1.122725009918213
2019-06-07,7826.9013671875,257.57568513051484,170.98581207518632,44.61360655057878,90.27159761871366,126.79000091552734,1.127548336982727
2019-06-08,8036.77490234375,,,,,,
2019-06-09,7949.6748046875,,,,,,
2019-06-10,7692.28466796875,260.67469017162296,174.5192857270207,45.881376473575656,90.75757262003813,125.45999908447266,1.1319003105163574
2019-06-11,8004.24365234375,262.133839562428,177.2101033704551,46.61094460560243,91.27702698757965,124.94000244140625,1.1318362951278687
2019-06-12,7925.43408203125,260.01698727953396,175.14171224117527,46.39326612217786,91.83001058088725,125.5999984741211,1.132939100265503
2019-06-13,8145.54541015625,260.70162584014724,175.33324509788855,46.57267065219424,92.14843540860053,126.02999877929688,1.1293054819107056
2019-06-14,8230.8984375,260.57550048828125,174.73951412570332,45.8191886319466,92.97789548890741,127.20999908447266,1.1279551982879639
2019-06-15,8689.74609375,,,,,,
2019-06-16,8841.4404296875,,,,,,
2019-06-17,8988.923828125,260.8096802680297,175.27577172803416,46.142117571014545,93.13707080581585,126.69999694824219,1.121604323387146
2019-06-18,9335.466796875,262.49435005792014,178.02403198662188,46.8955931379687,93.38006630389404,127.58000183105469,1.12271249294281
2019-06-19,9078.7275390625,263.5392835877693,178.74221734494384,47.76390336299069,91.74624012901292,126.7699966430664,1.1197456121444702
2019-06-20,9273.060546875,266.6832283388617,181.67240109478232,47.92894825704651,92.81870468939516,130.41000366210938,1.1235828399658203
2019-06-21,9525.07421875,266.251288502116,180.6287111314632,47.553407198246234,93.52250910768714,131.77000427246094,1.1293182373046875
2019-06-22,10175.923828125,,,,,,
2019-06-23,10696.69140625,,,,,,
2019-06-24,10853.744140625,266.34181358325094,180.9320645608177,47.491204251365325,93.69008807357852,132.77000427246094,1.1383039951324463
2019-06-25,11007.2021484375,265.8620215575545,180.4521687706325,47.46489952077428,93.93305961174654,134.89999389648438,1.1400169134140015
2019-06-26,11778.5810546875,264.0967858046772,178.65758886096017,47.30702989408513,93.32978697872338,132.99000549316406,1.1368545293807983
2019-06-27,13017.125,263.69861212653933,178.94548994154562,47.90980994600214,92.09812793118738,132.3800048828125,1.1374623775482178
2019-06-28,11162.16796875,264.8481905283756,179.41574675339376,47.524699340515674,93.72358342808919,133.0500030517578,1.1371389627456665
2019-06-29,12400.763671875,,,,,,
2019-06-30,11931.9912109375,,,,,,
2019-07-01,10796.9306640625,268.55957168944997,182.64993799040062,48.59871092795432,92.09813884488982,131.55999755859375,1.1363636255264282
2019-07-02,10588.68359375,267.59105928211835,181.57504788634887,48.17772417850372,92.67624469019788,131.27000427246094,1.1287063360214233
2019-07-03,10818.15625,269.01219161006856,182.81303574265354,48.62502883489124,93.80738740791193,133.61000061035156,1.1290887594223022
2019-07-04,11972.71875,,,,,,1.1287955045700073
2019-07-05,11203.1025390625,269.2475267615392,182.46758825934742,48.64176894973504,94.6536121415935,131.4600067138672,1.128604531288147
2019-07-06,10982.5439453125,,,,,,
2019-07-07,11217.6162109375,,,,,,
2019-07-08,11446.5966796875,268.8583641963323,182.1604752793452,48.03420208422318,94.96364277201712,132.17999267578125,1.1227880716323853
2019-07-09,12284.326171875,267.52763883202334,181.2007776831294,47.649087439105884,95.43284010102282,131.42999267578125,1.12147855758667
2019-07-10,12571.537109375,270.0893365552128,184.08946895386526,48.28296724647705,95.06416254689262,132.94000244140625,1.1204607486724854
2019-07-11,12139.7138671875,270.9493075836309,185.0779766883669,48.63221103397268,95.2317719626624,133.5800018310547,1.1261261701583862
2019-07-12,11354.2998046875,271.42906689299434,184.86683699514674,48.42649079222815,95.57528068204994,132.88999938964844,1.1250239610671997
2019-07-13,11813.126953125,,,,,,
2019-07-14,11381.0205078125,,,,,,
2019-07-15,10257.8388671875,272.587791549062,186.16238395412344,48.81877623409258,96.41313271662618,133.17999267578125,1.1271796226501465
2019-07-16,10896.6533203125,272.15322575697263,186.0952099754642,48.938374549843836,96.9577612895508,133.17999267578125,1.1260881423950195
2019-07-17,9471.2138671875,271.33859768577247,185.36588914071413,48.80921787684371,96.96615415631074,133.0,1.1213276386260986
2019-07-18,9698.5029296875,269.02116679322734,183.58083379642346,48.79726689169287,96.91945279014706,133.8300018310547,1.1227755546569824
2019-07-19,10653.9560546875,271.60104807864786,185.93207664466973,49.22543030950413,97.4001417683571,135.4499969482422,1.1261515617370605
2019-07-20,10525.8193359375,,,,,,
2019-07-21,10777.529296875,,,,,,
2019-07-22,10596.9482421875,269.4013284941631,183.72480547665862,48.7135358552826,97.01221832135705,134.55999755859375,1.1218056678771973
2019-07-23,10346.748046875,270.78647374069436,185.77852817975426,49.86409602597792,97.5772118317977,134.42999267578125,1.1204984188079834
2019-07-24,9887.73046875,270.8316412045889,185.26990385023888,49.67512729577653,96.00871158015947,134.58999633789062,1.115100622177124
2019-07-25,9809.0966796875,272.4157552597237,186.6518555037324,49.96694883497979,94.01010617646061,134.24000549316406,1.114230990409851
2019-07-26,9913.126953125,272.25287897362153,186.6902355104539,49.62967672847252,95.46899487434135,134.24000549316406,1.1145166158676147
2019-07-27,9871.1650390625,,,,,,
2019-07-28,9491.626953125,,,,,,
2019-07-29,9548.1787109375,273.2666470176047,187.24689969584858,49.864090987781196,96.75080037094524,134.05999755859375,1.113089919090271
2019-07-30,9522.3291015625,271.48342130098905,185.34667573998604,49.935846800775565,101.04314245116215,134.75999450683594,1.1142184734344482
2019-07-31,9604.05078125,272.46103201638994,186.46950160849616,51.76814519291497,100.90822539342241,135.02999877929688,1.1157352924346924
2019-08-01,10077.4423828125,269.3923878679063,183.7151842567128,51.16535872118057,99.98060358032099,132.4199981689453,1.1072235107421875
2019-08-02,10402.04296875,265.99776415892455,181.11438921467683,49.163234154260714,98.25185544158435,135.38999938964844,1.1081806421279907
2019-08-03,10519.2783203125,,,,,,
2019-08-04,10821.6328125,,,,,,
2019-08-05,10960.7353515625,260.7837820409055,176.0375957275831,47.35964111669537,97.89766133608772,137.92999267578125,1.1107407808303833
2019-08-06,11811.544921875,258.8104261086006,175.04913925141736,46.957783150481916,95.84002870064093,138.3300018310547,1.1242650747299194
2019-08-07,11476.193359375,257.4434814036897,173.9646553021642,46.74251147526255,95.92436966187555,141.27999877929688,1.1205862760543823
2019-08-08,11954.0400390625,262.1687465315291,177.62110707686975,47.88827430446387,97.4170011142726,140.89999389648438,1.120485782623291
2019-08-09,11953.4697265625,264.8481563528481,179.80920713447338,48.33435204748465,99.18791354890041,141.27999877929688,1.118730902671814
2019-08-10,11861.556640625,,,,,,
2019-08-11,11349.740234375,,,,,,
2019-08-12,11528.189453125,262.47656132527663,177.87062494891572,47.93097076329877,98.47955249155437,141.6699981689453,1.1206867694854736
2019-08-13,11385.052734375,260.46695627826205,176.76698091162126,48.267131545137225,98.25185895616414,143.1699981689453,1.1218308210372925
2019-08-14,10889.4873046875,260.76563897648515,177.8897847092821,48.780960598066514,98.20967969540925,142.89999389648438,1.1177555322647095
2019-08-15,10038.421875,257.8779789447643,175.62491581754216,48.852993722567405,98.49641877931916,142.9600067138672,1.114504098892212
2019-08-16,10319.419921875,259.3263824546937,176.7861974330223,49.04988469774485,99.55895244014827,142.75,1.1111358404159546
2019-08-17,10358.72265625,,,,,,
2019-08-18,10233.005859375,,,,,,
2019-08-19,10350.283203125,264.4951712812332,180.57693616983818,50.57218971325113,101.1696606710971,141.3300018310547,1.109385371208191
2019-08-20,10916.3466796875,264.11493390797597,180.38505921534542,50.634620585098965,101.23709712879544,141.77000427246094,1.1082541942596436
2019-08-21,10764.572265625,264.7576851703663,181.00883231487717,51.141253161466004,100.57933194159182,141.6199951171875,1.1098532676696777
2019-08-22,10142.521484375,265.4366093079304,181.36391454202402,51.189276167751544,100.41912512331176,141.38999938964844,1.1090408563613892
2019-08-23,10136.3095703125,263.34559233234813,179.21419925710444,50.28645752648354,100.46967996830723,141.83999633789062,1.1083279848098755
2019-08-24,10407.64453125,,,,,,
2019-08-25,10160.7373046875,,,,,,
2019-08-26,10126.2998046875,260.04148316459356,176.71896387238175,49.429264742992345,99.29753881051651,144.35000610351562,1.1143054962158203
2019-08-27,10372.826171875,262.0963526786402,178.6095551148087,49.90947864777375,101.18652020226565,144.3000030517578,1.110111951828003
2019-08-28,10203.4267578125,259.0185294396297,176.42147601154778,49.00667191279658,101.58286112817459,145.38999938964844,1.109004020690918
2019-08-29,9756.7861328125,264.0697022845135,179.83799461380124,50.0631602076527,102.7044487990884,145.39999389648438,1.1085368394851685
2019-08-30,9514.8447265625,266.33275276257075,181.31591667912633,50.46173050840228,102.84779088602009,143.83999633789062,1.1059622764587402
2019-08-31,9597.5390625,,,,,,
2019-09-01,9630.5927734375,,,,,,
2019-09-02,9757.4736328125,,,,,,1.0990943908691406
2019-09-03,10345.7255859375,263.02877636345954,178.71518743230138,49.56612630727239,101.01785284667183,144.9600067138672,1.0967316627502441
2019-09-04,10621.1806640625,265.3551411107405,179.88601116383188,50.03675026808803,102.75502477275258,145.5399932861328,1.0973576307296753
2019-09-05,10588.18359375,268.65915054275484,182.73631853603658,50.903549829089826,103.92719893731173,144.97999572753906,1.1037527322769165
2019-09-06,10578.1982421875,269.9083317683097,184.35819980113936,51.39576734347277,103.72481413480203,143.63999938964844,1.1036310195922852
2019-09-07,10353.931640625,,,,,,
2019-09-08,10518.1142578125,,,,,,
2019-09-09,10443.228515625,270.78639129029517,184.44453165179706,51.585449746566866,103.48027278017918,142.3699951171875,1.102074146270752
2019-09-10,10336.408203125,269.17512757759675,182.49636457345895,51.35015557390354,102.06355160320055,141.22999572753906,1.1047282218933105
2019-09-11,10123.03515625,270.17985412055356,183.30250322493882,52.3610251708255,101.07689282259197,140.33999633789062,1.1049723625183105
2019-09-12,10176.8193359375,272.69644962340993,185.80731724594645,53.97695957103258,103.42966244953664,142.67999267578125,1.1014429330825806
2019-09-13,10415.3623046875,273.1761455816851,185.17395197609454,52.824426967075894,102.72974471958325,141.72999572753906,1.1057665348052979
2019-09-14,10345.4033203125,,,,,,
2019-09-15,10356.4658203125,,,,,,
2019-09-16,10347.22265625,271.4200714477773,183.590417729349,52.279370756622576,102.7212933174457,141.60000610351562,1.1084139347076416
2019-09-17,10281.513671875,271.5105831463322,183.97430528006305,52.81482810263167,100.88293849985651,141.82000732421875,1.1004005670547485
2019-09-18,10247.7958984375,272.00841165390426,184.4541350348709,53.07895615977941,102.26594360174244,141.92999267578125,1.1074320077896118
2019-09-19,10200.49609375,272.9498693706403,185.0875116749625,53.307049108889316,102.3671227316852,141.57000732421875,1.1031439304351807
2019-09-20,10266.318359375,273.1463852597346,185.3274674484708,53.15578449922015,102.99114554011472,141.61000061035156,1.1046061515808105
2019-09-21,10183.6484375,,,,,,
2019-09-22,10024.115234375,,,,,,
2019-09-23,10067.962890625,270.59092655135265,183.05674748679775,52.572318178824,103.05017118993213,143.22000122070312,1.1019526720046997
2019-09-24,9729.3212890625,272.28238140130355,184.02795847090565,53.071745622463716,104.31511278087524,143.2100067138672,1.0993722677230835
2019-09-25,8603.4287109375,269.14503076538426,180.5756531490564,52.47627997233017,104.19705433191189,144.0800018310547,1.1015641689300537
2019-09-26,8487.669921875,270.6637446747886,182.54703607769014,52.824431771617654,104.26453282730337,142.19000244140625,1.0951822996139526
2019-09-27,8113.10107421875,270.8454461254015,182.45090229926467,52.95409485593707,104.91385148541146,140.35000610351562,1.0923112630844116
2019-09-28,8251.2734375,,,,,,
2019-09-29,8246.037109375,,,,,,
2019-09-30,8104.2265625,269.1540856912137,180.58532140928105,53.040529136604164,105.04878482134794,139.77000427246094,1.0941636562347412
2019-10-01,8299.720703125,270.7637634037494,182.22970657284932,54.04179249498683,104.87170021138256,138.07000732421875,1.0899182558059692
2019-10-02,8344.212890625,265.0891423486225,178.8639840436429,53.5591677213098,103.89347081603651,140.7899932861328,1.0935415029525757
2019-10-03,8390.7744140625,261.73348511855045,176.96959288511675,52.44745145389446,102.60323946523141,141.36000061035156,1.0962027311325073
2019-10-04,8259.494140625,264.7617225564784,179.9025691876663,54.178663133484626,103.04175260924028,141.47999572753906,1.0974900722503662
2019-10-05,8210.1494140625,,,,,,
2019-10-06,8149.876953125,,,,,,
2019-10-07,7989.12060546875,266.88058737396443,181.04691426464566,54.32992905331613,104.17176252220796,141.16000366210938,1.098659634590149
2019-10-08,8246.849609375,264.67077779882845,179.88330828942682,54.221885178414524,103.43811431436198,142.02999877929688,1.0972732305526733
2019-10-09,8229.8408203125,264.4070675955947,179.81600060934443,54.512413024902344,102.72129777844447,142.16000366210938,1.0960224866867065
2019-10-10,8585.2802734375,264.7981232978098,180.09487988876538,54.728513454537506,102.31652446232752,141.58999633789062,1.098587155342102
2019-10-11,8585.2626953125,269.4269323090313,183.50868240211975,55.93387223570824,102.91526630070037,139.97000122070312,1.1014429330825806
2019-10-12,8315.6650390625,,,,,,
2019-10-13,8336.90234375,,,,,,
2019-10-14,8320.83203125,269.1177195999643,183.51828893130602,56.402082686698684,102.56108864532358,140.4499969482422,1.1028155088424683
2019-10-15,8373.4580078125,270.1817208062417,184.3261164304356,56.75985808213798,101.35517026809198,140.27000427246094,1.1025844812393188
2019-10-16,8204.6748046875,271.3366413330304,185.46080872733805,56.03472259479586,99.230059748106,140.13999938964844,1.103399634361267
2019-10-17,8047.8125,272.5279070629822,186.74938506214906,56.447706408334824,99.55841692813598,140.5,1.1074295043945312
2019-10-18,8100.93359375,271.62763644782535,185.7877405858522,56.32764839764216,98.91343159716833,140.5,1.1127183437347412
2019-10-19,7973.8037109375,,,,,,
2019-10-20,7997.80712890625,,,,,,
2019-10-21,8225.115234375,272.2914796022164,185.3165699006643,57.03118520017032,99.65176881022205,140.72000122070312,1.1156107187271118
2019-10-22,8243.40234375,273.34640214246485,186.70131033935633,57.90517503559485,105.23606856513993,140.1300048828125,1.115200161933899
2019-10-23,8076.228515625,271.6640079961112,184.11451536412517,58.130884866797174,103.53023870896294,140.58999633789062,1.1129660606384277
2019-10-24,7509.72802734375,273.64656905775985,186.16278330691557,58.70954952666312,105.0323873850464,141.02000427246094,1.1132633686065674
2019-10-25,7490.703125,272.58252524376513,185.6819996546259,58.38540555436381,105.93200325405388,142.7899932861328,1.1104449033737183
2019-10-26,8667.5771484375,,,,,,
2019-10-27,9241.70703125,,,,,,
2019-10-28,9565.1015625,275.49248542748745,189.0092107643633,59.408277532037836,104.79476928710938,141.25,1.1084753274917603
2019-10-29,9248.4404296875,275.5472241443257,189.6727718315745,59.78043936588491,104.55713392787206,140.0,1.1102476119995117
2019-10-30,9422.462890625,275.93823170639735,188.88421915987018,58.769594309938476,105.22758077061206,140.5399932861328,1.111222267150879
2019-10-31,9202.4580078125,276.5747016616146,189.9804860341569,59.36507144431984,105.90653598657266,141.97999572753906,1.1154240369796753
2019-11-01,9193.9921875,277.29321451712957,190.3362652898412,59.91731948128368,105.9404777952214,142.2100067138672,1.1156107187271118
2019-11-02,9259.783203125,,,,,,
2019-11-03,9324.787109375,,,,,,
2019-11-04,9235.607421875,279.95779117686374,192.50957823577335,61.78777591806556,105.16817274606876,142.25999450683594,1.1169440746307373
2019-11-05,9413.0048828125,279.721326580286,192.6634520775289,61.72054836324468,100.84839157593399,140.64999389648438,1.1128298044204712
2019-11-06,9340.8642578125,279.21209240068293,192.307599512164,61.65332181124007,101.07756482289902,140.1199951171875,1.107444167137146
2019-11-07,9352.3935546875,280.6125210197655,193.05768224242294,62.3128483676645,102.12990255530799,140.11000061035156,1.1070642471313477
2019-11-08,9265.3681640625,279.9122796178653,192.39418938996187,62.30081136770355,101.71406447894341,137.72999572753906,1.103460431098938
2019-11-09,8809.46875,,,,,,
2019-11-10,8812.4892578125,,,,,,
2019-11-11,9056.91796875,279.566712897289,192.52882001258305,62.20688303941407,101.40006913191756,137.61000061035156,1.102280616760254
2019-11-12,8759.751953125,280.7761604037485,193.4135260931049,62.98958734351304,101.40853484647141,137.02999877929688,1.1034847497940063
2019-11-13,8812.033203125,280.01229829459345,193.13462451256848,62.888432430266306,101.7564816861713,137.8000030517578,1.1012123823165894
2019-11-14,8811.9365234375,280.8125701165942,193.1250088428892,63.519417983025704,102.36756026117843,138.38999938964844,1.1008729934692383
2019-11-15,8705.7080078125,282.8405487883665,194.87522503911487,63.502574886013555,102.68156228694835,138.02999877929688,1.102292776107788
2019-11-16,8491.166015625,,,,,,
2019-11-17,8549.470703125,,,,,,
2019-11-18,8573.98046875,283.3042825380905,194.8175186711466,64.01313169523063,102.05351938294352,138.44000244140625,1.1053999662399292
2019-11-19,8305.134765625,284.3500771269776,196.01956580793004,64.51885454553934,103.47932117501095,138.1300048828125,1.1072235107421875
2019-11-20,8203.61328125,283.07699087413437,195.057908713667,63.95051231825009,103.04647603214347,138.52999877929688,1.108033299446106
2019-11-21,8023.64453125,282.72232699674834,194.1828264655345,63.504983523819924,103.35200407217297,138.38999938964844,1.107898235321045
2019-11-22,7643.5693359375,282.9041757015737,194.4424546625167,63.24003322824343,102.03655240345508,138.3699951171875,1.1065618991851807
2019-11-23,7296.16455078125,,,,,,
2019-11-24,7398.6337890625,,,,,,
2019-11-25,7039.97705078125,283.71358367271534,194.92326055432025,63.26894500831201,102.21478560602417,137.32000732421875,1.1024142503738403
2019-11-26,7145.1591796875,285.01388898441314,196.50995963210903,64.28768211784275,102.46090019141666,136.97999572753906,1.1012003421783447
2019-11-27,7220.880859375,286.1051946240128,197.26965161204814,63.960172780042654,103.89516902683862,137.02999877929688,1.1022076606750488
2019-11-28,7536.8203125,,,,,,1.1006064414978027
2019-11-29,7466.72705078125,286.3326155519564,197.63505523776166,64.20581113752517,103.53023055353812,137.10000610351562,1.1011276245117188
2019-11-30,7764.05712890625,,,,,,
2019-12-01,7571.6162109375,,,,,,
2019-12-02,7424.0361328125,286.08706111657636,197.24079500233842,64.36715170309243,103.48780479268757,137.32000732421875,1.1017705202102661
2019-12-03,7323.9755859375,280.6852412775978,192.52884187455535,62.20928524383632,103.80180964276138,139.0399932861328,1.1076037883758545
2019-12-04,7320.125,282.54947817999374,194.67329150749472,62.874008927329,104.17521402801403,139.16000366210938,1.1081806421279907
2019-12-05,7253.24169921875,283.94087117115305,195.3559941417842,63.52903742377459,105.4652103329873,138.8000030517578,1.1082665920257568
2019-12-06,7450.5615234375,285.6596274218507,196.47146461660995,64.41775022734338,105.8556258336386,137.75999450683594,1.1104201078414917
2019-12-07,7547.265625,,,,,,
2019-12-08,7551.3388671875,,,,,,
2019-12-09,7561.79541015625,285.95066612044394,196.77925082818098,65.02461888758106,105.49916977245692,137.8000030517578,1.105780005455017
2019-12-10,7397.13427734375,285.3868101426187,196.33683953880416,64.68744509771174,105.89803754467489,138.25,1.1064517498016357
2019-12-11,7277.19775390625,285.5778171170683,196.5196055794728,64.73804673524272,105.46519041658968,138.1999969482422,1.109385371208191
2019-12-12,7216.73876953125,285.9415905269858,196.9138779805487,64.48996114027678,105.89803207584578,139.77999877929688,1.1133253574371338
2019-12-13,7244.662109375,288.1605540479869,198.48132846125282,65.37623737672222,105.41429880300923,138.52000427246094,1.1183431148529053
2019-12-14,7268.90283203125,,,,,,
2019-12-15,7124.23974609375,,,,,,
2019-12-16,7153.6630859375,290.29758563663097,200.54886349098717,66.71044750574998,106.48362727767454,139.1999969482422,1.1125203371047974
2019-12-17,6931.3154296875,290.93413905050215,201.50089824948188,67.32939453528536,106.58549110159827,139.02000427246094,1.113709807395935
2019-12-18,6647.6982421875,291.0068891101069,201.529719583804,67.38478014032236,106.34783004370388,138.86000061035156,1.1151504516601562
2019-12-19,7277.5908203125,290.825006142969,201.59700765415707,67.31253704760239,105.37185513678286,139.0399932861328,1.1115927696228027
2019-12-20,7208.63671875,292.85806572727074,203.73183998124807,67.96999593464518,107.06074579632036,139.3699951171875,1.112371802330017
2019-12-21,7220.59375,,,,,,
2019-12-22,7191.1884765625,,,,,,
2019-12-23,7508.90234375,293.89080002983917,204.30849048856078,67.56057609253462,106.52605411812623,139.52999877929688,1.1079840660095215
2019-12-24,7354.39306640625,293.78099530759755,204.30845305384233,68.5624563754821,105.9065524929743,140.44000244140625,1.1092993021011353
2019-12-25,7325.755859375,,,,,,1.109139323234558
2019-12-26,7274.79931640625,293.9454926967339,204.55901919420953,68.59376902155901,106.16964066086466,142.05999755859375,1.1095085144042969
2019-12-27,7238.14111328125,295.8554774530982,206.75631345496978,70.11099839799601,106.56001307427762,142.25999450683594,1.1101243495941162
2019-12-28,7289.03125,,,,,,
2019-12-29,7317.6474609375,,,,,,
2019-12-30,7420.27294921875,295.13354687019796,205.75407094570912,69.71120798213394,106.72975180518742,142.55999755859375,1.1181554794311523
2019-12-31,7294.43896484375,292.9219585916766,203.85552850796174,69.82441870841632,105.60099825464592,143.30999755859375,1.1204482316970825
2020-01-01,7194.89208984375,,,,,,1.1220825910568237
2020-01-02,7202.55126953125,295.67269108630387,206.6213954163053,71.34403937841115,105.6604151401902,143.86000061035156,1.1218937635421753
2020-01-03,6984.4287109375,293.49771070903796,205.56131512712398,71.56320547713457,103.67451684515646,145.75,1.1170812845230103
2020-01-04,7345.37548828125,,,,,,
2020-01-05,7410.45166015625,,,,,,
2020-01-06,7410.4521484375,292.88539410667613,204.79031021580045,70.75402098693286,104.0224848601108,148.44000244140625,1.1162458658218384
2020-01-07,7768.68212890625,295.19743554617594,207.8164131453682,72.21103349810856,104.28555056499474,147.57000732421875,1.1195825338363647
2020-01-08,8161.935546875,295.12435421537083,207.68149088105508,71.56561372170107,103.69996566061914,148.49000549316406,1.1155734062194824
2020-01-09,8082.2958984375,298.0670453650865,210.99670245217024,73.99320238999518,103.97155437722168,146.07000732421875,1.1114444732666016
2020-01-10,7878.3076171875,299.09974925042434,211.8736822590969,74.8024026801614,105.15121748704503,146.22000122070312,1.1109259128570557
2020-01-11,8162.19091796875,,,,,,
2020-01-12,8033.26171875,,,,,,
2020-01-13,8189.77197265625,298.2772800531271,211.37257143865799,75.05287832688332,105.23608339573558,146.35000610351562,1.1116546392440796
2020-01-14,8140.93310546875,299.26433055087114,212.82774294772395,76.2714631183451,105.78770737857283,145.4199981689453,1.1134493350982666
2020-01-15,8825.34375,299.1546261328861,212.21099353336876,75.10345563091921,106.13567878820325,146.2100067138672,1.1129660606384277
2020-01-16,8812.4814453125,301.30219453828755,213.24213360270775,75.52248959606675,107.0267915275914,146.27000427246094,1.1152697801589966
2020-01-17,8725.2099609375,303.1299315092865,215.1792569478071,76.16793161276121,107.23046987277792,146.50999450683594,1.113800287246704
2020-01-18,8927.2119140625,,,,,,
2020-01-19,8941.4453125,,,,,,
2020-01-20,8704.6318359375,,,,,,1.1095207929611206
2020-01-21,8658.9912109375,302.39877129641013,214.67806116988663,76.38947268651397,107.281394591202,145.77000427246094,1.1096439361572266
2020-01-22,8744.2109375,303.62328682478017,216.26821931348687,76.72423213565071,107.21348749996754,146.67999267578125,1.1085859537124634
2020-01-23,8680.650390625,302.1520504997015,215.62254365281586,76.56529382668359,106.11740427243578,147.0,1.1097548007965088
2020-01-24,8405.5673828125,303.80620806071624,217.45357574654093,77.12644008388187,106.90284049746083,146.89999389648438,1.105534315109253
2020-01-25,8440.119140625,,,,,,
2020-01-26,8364.41015625,,,,,,
2020-01-27,8597.30859375,295.2066810180619,209.77272694475005,74.67234921705278,106.50158577469098,149.24000549316406,1.1026331186294556
2020-01-28,8912.5244140625,297.06185926917453,211.67130459054076,75.28406170066347,107.50896676057306,148.36000061035156,1.1019648313522339
2020-01-29,9357.470703125,300.0958733171972,214.60095836244298,78.13791500924663,107.49192570276351,147.6999969482422,1.102292776107788
2020-01-30,9316.0166015625,296.42212914324796,212.38443750851857,77.19627050016777,106.53574235755909,148.69000244140625,1.101406455039978
2020-01-31,9508.3134765625,298.834687651797,215.42017385979722,77.29022231291486,107.56020220347766,148.8800048828125,1.1028763055801392
2020-02-01,9346.357421875,,,,,,
2020-02-02,9389.8203125,,,,,,
2020-02-03,9344.68359375,295.49912122993766,212.15315325342823,73.28514366287956,106.42475797776872,148.66000366210938,1.108905553817749
2020-02-04,9292.841796875,299.81256511181664,217.2415513073468,75.93671379066781,107.32116263059902,146.97000122070312,1.1062926054000854
2020-02-05,9183.416015625,303.6507933581962,221.85777820703598,77.91393700101683,107.49190337994749,146.3800048828125,1.104472041130066
2020-02-06,9617.8212890625,305.1494930421346,220.48930058555015,77.6851684350144,108.33709353601718,147.27999877929688,1.1000494956970215
2020-02-07,9726.0029296875,304.15341594950706,220.84588763527864,77.82123854389138,108.58469217159626,147.8300018310547,1.0981045961380005
2020-02-08,9793.0703125,,,,,,
2020-02-09,9863.89453125,,,,,,
2020-02-10,10115.5595703125,302.7003838721832,220.15199725678772,75.84415588740227,107.961446806686,148.2100067138672,1.0948705673217773
2020-02-11,9855.8916015625,307.2057149525741,224.7874699268471,78.11819639978289,107.79922224795122,148.02999877929688,1.091226577758789
2020-02-12,10202.3876953125,307.81800184241695,224.9128286888529,77.60398368209574,105.58810501505978,147.4199981689453,1.0921800136566162
2020-02-13,10323.9609375,306.93160682994335,224.19960562195075,78.26060628866534,105.63078280174595,148.24000549316406,1.0876421928405762
2020-02-14,10211.55078125,308.4394532632197,225.83795649082847,78.3933688702963,106.9625945114442,148.74000549316406,1.0845986604690552
2020-02-15,10313.8564453125,,,,,,
2020-02-16,9889.1796875,,,,,,
2020-02-17,9936.560546875,,,,,,1.0840578079223633
2020-02-18,9691.23046875,307.52554106527845,225.02843564093837,76.12900862033511,107.42361265081344,149.8800048828125,1.0837054252624512
2020-02-19,10143.798828125,308.69541242931956,227.56304954305114,77.24912158938099,106.58696180849904,151.0,1.0794706344604492
2020-02-20,9629.3251953125,308.64963919276863,227.8810493166871,77.88399976313329,107.11625874642276,152.0,1.080964207649231
2020-02-21,9611.7822265625,306.5751180835918,225.13449933729447,76.91600019658557,107.67973104427287,154.42999267578125,1.078771948814392
2020-02-22,9687.70703125,,,,,,
2020-02-23,9663.318359375,,,,,,
2020-02-24,9921.5830078125,295.3071862193686,213.63727545586343,71.75961758398634,106.93698543842747,158.5,1.0838581323623657
2020-02-25,9651.3125,296.0382762665826,215.15032589209045,72.65038734565039,105.02464821733452,155.1199951171875,1.084904670715332
2020-02-26,9338.2900390625,287.11892786401404,208.84758151750964,69.16934783382864,103.6587058411391,153.82000732421875,1.0881001949310303
2020-02-27,8825.09375,279.1500278323521,203.2484034425845,67.85852144500781,101.69515741175238,155.5800018310547,1.088565707206726
2020-02-28,8788.728515625,263.83356488451,191.43321606309027,62.103468343907636,93.44819688836827,152.7100067138672,1.0995535850524902
2020-02-29,8671.212890625,,,,,,
2020-03-01,8599.7587890625,,,,,,
2020-03-02,8563.2646484375,272.5244912250123,201.30169339435167,68.14336733709636,96.63259199065759,150.0,1.1052532196044922
2020-03-03,8865.3876953125,282.8420313278847,209.23306461036697,73.30701482551375,102.21592510261375,150.83999633789062,1.1144297122955322
2020-03-04,8788.5419921875,279.7531390923097,205.58062217606215,71.56164999828624,102.34399470049713,154.39999389648438,1.1177304983139038
2020-03-05,8760.28515625,278.7113812011502,204.97344235634355,71.33955724756618,103.55625947112813,156.05999755859375,1.113908290863037
2020-03-06,9078.30859375,267.90019291572844,197.2444347329739,68.07579124975517,100.76458581731752,158.3300018310547,1.1223849058151245
2020-03-07,9121.6005859375,,,,,,
2020-03-08,8908.2060546875,,,,,,
2020-03-09,8111.146484375,251.5878027351314,186.4603579912484,63.670179502443226,98.40831635927253,158.60000610351562,1.1386150121688843
2020-03-10,7922.14697265625,260.123369795359,193.81356956296509,66.90258302825225,101.5585513814921,156.17999267578125,1.1397439241409302
2020-03-11,7910.08984375,256.5226437962952,192.1174020035813,66.96292517997638,100.39749220287159,156.25,1.1316184997558594
2020-03-12,7913.6162109375,233.95014691450632,175.48360236117088,61.784814276675704,87.93318203897823,151.52999877929688,1.1260753870010376
2020-03-13,5017.8310546875,240.429398147559,180.28296555639227,63.94538830639056,90.92118929733792,149.4199981689453,1.118355631828308
2020-03-14,5573.07763671875,,,,,,
2020-03-15,5201.06689453125,,,,,,
2020-03-16,5385.2294921875,220.40660915986865,167.83169852373086,58.40756965352153,86.866028025403,137.55999755859375,1.1159594058990479
2020-03-17,5002.578125,223.93414936559594,169.10379457304703,59.74977632698614,95.14711703038773,140.17999267578125,1.1163331270217896
2020-03-18,5227.11376953125,215.90125823020935,165.38383131398143,57.88131450093201,96.48745142758024,141.75,1.1016855239868164
2020-03-19,5245.41650390625,218.64285844118245,169.31581239130233,59.72081496454535,99.5522988625383,139.0800018310547,1.0943433046340942
2020-03-20,6191.65380859375,222.94364621592393,175.14633478449502,59.67010772190427,93.21770618622247,140.7100067138672,1.0658481121063232
2020-03-21,6206.521484375,,,,,,
2020-03-22,6185.55810546875,,,,,,
2020-03-23,5831.37451171875,209.76166880858966,165.0699034124707,55.05930867623348,85.53422272871713,142.67999267578125,1.0687528848648071
2020-03-24,6436.642578125,215.4885612758454,173.7522370849659,57.05813231967632,86.42210505559315,153.5,1.0764726400375366
2020-03-25,6738.716796875,225.09466188292848,178.10784345878415,60.53192941719469,85.80740309709266,152.5800018310547,1.0801235437393188
2020-03-26,6675.1708984375,229.369162336313,177.57667687130197,59.51080257065681,88.68444209805324,153.30999755859375,1.0887553691864014
2020-03-27,6719.38916015625,232.8162667433577,180.53194845759674,61.01474738694628,90.91267599475252,153.0,1.1046184301376343
2020-03-28,6467.25390625,,,,,,
2020-03-29,6245.62451171875,,,,,,
2020-03-30,5925.53857421875,235.05000243161496,180.6574955868197,60.529517371062305,97.23875009523927,152.41000366210938,1.1135361194610596
2020-03-31,6430.6064453125,239.517575786038,185.1579908173705,61.70272385530984,96.89725414622913,151.36000061035156,1.1028398275375366
2020-04-01,6437.3193359375,227.95348423990177,178.44584542778767,59.50595387920076,92.15909640874197,148.1999969482422,1.1028155088424683
2020-04-02,6606.7763671875,225.38882134558207,175.03666135877623,58.01891202578832,91.93712684161599,151.1999969482422,1.0950982570648193
2020-04-03,6797.396484375,230.50897330571124,179.19917320434047,58.61277624472143,97.1021282477524,152.22999572753906,1.084386944770813
2020-04-04,6738.3828125,,,,,,
2020-04-05,6862.53759765625,,,,,,
2020-04-06,6788.0498046875,237.01725559130563,183.96041339985334,60.568142628925735,99.88524816612173,154.16000366210938,1.0808240175247192
2020-04-07,7273.64404296875,252.06522220219827,195.4434923611342,65.37206847487805,99.63766887433032,155.3300018310547,1.0801936388015747
2020-04-08,7179.283203125,246.31991721822396,191.36786458348087,63.42634690897305,97.65704309580188,155.91000366210938,1.0894314050674438
2020-04-09,7337.96630859375,255.1630179533185,195.42416018310405,64.86511973614601,98.39978878358711,158.0800018310547,1.0861183404922485
2020-04-10,7303.8154296875,,,,,,1.0925976037979126
2020-04-11,6867.4404296875,,,,,,
2020-04-12,6858.06787109375,,,,,,
2020-04-13,6965.61669921875,254.75852789066585,193.15459589197891,64.7709597033301,96.99114386038738,159.1699981689453,1.093135118484497
2020-04-14,6843.28173828125,258.2885153744186,200.1371243614047,67.59296193706734,101.38780943811348,162.72999572753906,1.0919533967971802
2020-04-15,6845.5615234375,255.15380261017032,201.344374568617,68.17232773147242,103.18062103088569,161.8000030517578,1.0982372760772705
2020-04-16,6640.4541015625,256.60619254108764,204.44450718169685,69.37450807804834,104.45264282883403,161.8800048828125,1.0903817415237427
2020-04-17,7116.552734375,262.3330800222529,208.7711496121478,68.72516946310567,104.53804039778389,159.72000122070312,1.0860122442245483
2020-04-18,7092.29150390625,,,,,,
2020-04-19,7260.92236328125,,,,,,
2020-04-20,7186.87353515625,259.7868595128614,206.0573010777867,67.09809629652644,103.70137987175801,158.6199951171875,1.0866258144378662
2020-04-21,6879.7841796875,254.3816726761035,203.39178236872834,66.69497200558625,102.01957075476119,157.60000610351562,1.0863542556762695
2020-04-22,6879.4404296875,255.87081075308308,201.94307896711717,66.05039726124157,102.43788061291175,160.5,1.0857409238815308
2020-04-23,7121.30615234375,257.8380038199027,204.54106582926468,66.59598944224571,101.96943054831245,162.38999938964844,1.0806838274002075
2020-04-24,7434.181640625,258.0586148072076,203.7491255617453,66.91705617630512,102.35616597959095,163.1300048828125,1.0776326656341553
2020-04-25,7550.48291015625,,,,,,
2020-04-26,7570.13916015625,,,,,,
2020-04-27,7679.4189453125,262.09409597915175,208.79043318362778,68.02751680090847,102.43351000877853,161.8800048828125,1.08236825466156
2020-04-28,7796.97021484375,267.51764391278255,209.88180785305164,68.81929803212363,100.63733948727827,160.88999938964844,1.0827198028564453
2020-04-29,7806.71240234375,267.98647324976343,208.79043781233008,68.73480456789414,100.99826992124558,160.10000610351562,1.0832358598709106
2020-04-30,8797.669921875,268.151827859147,212.42170978081583,69.99735081766806,99.6232345051491,160.22000122070312,1.0876659154891968
2020-05-01,8672.7822265625,262.26881020124006,207.1582815651756,69.10177190288344,101.06702420635804,158.0,1.0944750308990479
2020-05-02,8869.0576171875,,,,,,
2020-05-03,8983.6142578125,,,,,,
2020-05-04,8895.7451171875,258.0679028682671,204.22238199576486,69.80665406694762,100.62874186507486,160.3300018310547,1.0957462787628174
2020-05-05,8912.83203125,263.4914287350549,209.99767281483525,71.2285224464027,99.52010070723195,160.16000366210938,1.090453028678894
2020-05-06,9007.44140625,264.77830538088773,211.89056045311338,72.53208591439893,99.29665558261303,158.99000549316406,1.0840108394622803
2020-05-07,9261.8955078125,264.5117718579719,214.22772216796875,73.1983559121912,98.02474334040673,159.5,1.0800535678863525
2020-05-08,9936.162109375,267.58198598128706,215.8985361397177,73.98229650289032,97.5606342809949,161.0800018310547,1.0836936235427856
2020-05-09,9840.90625,,,,,,
2020-05-10,9591.1689453125,,,,,,
2020-05-11,8755.53515625,266.89254797828886,215.84057156583782,74.57775917368724,99.47712020223486,160.33999633789062,1.0840108394622803
2020-05-12,8610.3857421875,270.0639771433086,219.70365053939386,76.93296121988755,99.00446024327354,160.3000030517578,1.080917477607727
2020-05-13,8805.3876953125,262.95823845859854,215.03903045398326,75.55808267285332,98.21379313218497,160.94000244140625,1.0846339464187622
2020-05-14,9271.3291015625,256.42235460323354,210.50952738812586,73.70876906438306,97.57782905256768,161.52999877929688,1.0821925401687622
2020-05-15,9734.291015625,259.5661635119153,211.29183215768015,72.70180190645536,97.91299683560169,164.02000427246094,1.0806254148483276
2020-05-16,9333.240234375,,,,,,
2020-05-17,9374.9296875,,,,,,
2020-05-18,9675.6953125,269.383615942956,218.53513405086736,75.80498930633232,99.71776469245428,164.3300018310547,1.081946611404419
2020-05-19,9727.0634765625,270.57869857253786,219.90649107788292,76.25522103808397,98.90991001646486,163.60000610351562,1.0915838479995728
2020-05-20,9725.3291015625,271.9300337939139,221.64488932118866,76.65460843756124,97.11376580398652,164.5399932861328,1.0930156707763672
2020-05-21,9522.740234375,272.82164175506375,223.51851226475682,77.13386219842414,96.9418579571842,163.4600067138672,1.0979359149932861
2020-05-22,9080.3349609375,270.78092249867296,220.6308466216069,76.43432078527125,96.50355762685693,162.8800048828125,1.0952422618865967
2020-05-23,9185.0625,,,,,,
2020-05-24,9212.283203125,,,,,,
2020-05-25,8786.107421875,,,,,,1.0909050703048706
2020-05-26,8909.5859375,277.54647867739817,225.37278418266482,78.30543299444078,98.10207257656722,162.5800018310547,1.0901083946228027
2020-05-27,8837.380859375,277.7212306525081,220.86262425307078,76.52390248864035,96.68401685715031,159.4199981689453,1.098056435585022
2020-05-28,9184.9453125,280.04688227031033,221.26824860465416,76.67638285095582,99.28804975494918,162.1199951171875,1.1015278100967407
2020-05-29,9528.35546875,278.03372679987336,222.49471274716774,77.27668110998019,99.8036907759778,162.5800018310547,1.1078122854232788
2020-05-30,9438.9140625,,,,,,
2020-05-31,9700.10546875,,,,,,
2020-06-01,9463.60546875,279.1000166735685,224.50360015254122,76.91360886615988,99.69197599821761,162.9199981689453,1.1114568710327148
2020-06-02,10162.9736328125,281.7934214913829,226.47376580145584,77.6397816394303,100.61153903111378,163.88999938964844,1.1125574111938477
2020-06-03,9533.7607421875,285.18541958591584,228.17350088204523,78.58621903033732,101.49675434538464,160.33999633789062,1.1185681819915771
2020-06-04,9655.8544921875,285.98521647494385,228.24110337725907,78.5208656190316,101.4108087973195,161.13999938964844,1.123721718788147
2020-06-05,9800.2158203125,291.6109209590687,228.13486623900093,78.26912701737099,99.90683787617466,158.72000122070312,1.1337226629257202
2020-06-06,9664.904296875,,,,,,
2020-06-07,9653.0029296875,,,,,,
2020-06-08,9760.0634765625,294.3594665924078,231.34127267684426,79.93933051935436,100.92954534578907,158.89999389648438,1.1316057443618774
2020-06-09,9774.3603515625,294.43303648292283,232.4229246660119,80.3968056767083,102.61400890336348,161.10000610351562,1.1302883625030518
2020-06-10,9794.119140625,295.462583123064,236.66269558316435,84.21161714524366,102.27023509195043,162.10000610351562,1.1334141492843628
2020-06-11,9870.078125,286.3068725624546,233.87158419849115,84.55293109627195,102.10693673036684,163.35000610351562,1.1368675231933594
2020-06-12,9320.6904296875,283.34693642916073,230.906594941677,83.44189186655679,100.19904328797728,163.41000366210938,1.1289358139038086
2020-06-13,9480.7353515625,,,,,,
2020-06-14,9477.5537109375,,,,,,
2020-06-15,9386.03515625,273.9523329194972,224.48428271820094,80.66547714891838,98.4458360900882,160.52000427246094,1.1254163980484009
2020-06-16,9454.2666015625,290.0022666173974,235.4361562603609,85.07335265810912,101.8662887096775,161.85000610351562,1.13379967212677
2020-06-17,9533.7841796875,288.7061588750805,236.03491798055313,85.96654258564811,101.74597644520342,162.0,1.12649405002594
2020-06-18,9481.5673828125,284.97405743157583,234.96288585726356,85.06125001022909,100.94673911171891,162.1999969482422,1.1241259574890137
2020-06-19,9410.2939453125,290.0689386157883,238.28515152322632,85.8430918789263,103.55073312590469,162.8699951171875,1.1207244396209717
2020-06-20,9290.9599609375,,,,,,
2020-06-21,9330.9267578125,,,,,,
2020-06-22,9300.9150390625,284.36304192298934,235.7487814087661,85.04429286253834,102.0811637375393,165.05999755859375,1.1179429292678833
2020-06-23,9644.076171875,289.44101524855284,240.30549411155485,88.1087341820106,101.98661634561245,165.6300048828125,1.1277135610580444
2020-06-24,9632.1494140625,286.0711358531049,239.98628772759375,88.35079128217394,100.7404662626012,166.00999450683594,1.1313625574111938
2020-06-25,9314.126953125,280.1897990735888,235.86489367126862,87.30994555491553,100.54279536845755,165.88999938964844,1.1251378059387207
2020-06-26,9260.9951171875,282.6733996882287,237.78044585924073,88.20798383985682,101.05846099269257,164.8699951171875,1.1220825910568237
2020-06-27,9167.82421875,,,,,,
2020-06-28,9048.4609375,,,,,,
2020-06-29,9140.029296875,278.28780803699664,232.15954316972443,85.5066347136651,100.13027206858438,166.55999755859375,1.1224100589752197
2020-06-30,9185.5810546875,280.66989282570773,234.8684471681419,87.15988171149978,101.38504816380677,166.30999755859375,1.124707579612732
2020-07-01,9145.9853515625,285.8218387301167,239.57989785928706,88.37984062385425,102.82884918443068,167.0500030517578,1.123368263244629
2020-07-02,9231.1396484375,290.1335885242947,244.78481405774463,89.04065881814572,103.9890420230822,166.1999969482422,1.1253403425216675
2020-07-03,9124.8427734375,,,,,,1.123974323272705
2020-07-04,9084.2333984375,,,,,,
2020-07-05,9126.0908203125,,,,,,
2020-07-06,9072.849609375,292.10010781436097,247.13574447485212,89.56108299075036,104.65079681708083,167.75,1.1248847246170044
2020-07-07,9349.1611328125,291.1862184893879,249.7284810450246,90.87062222466152,104.2468852141947,167.41000366210938,1.131029725074768
2020-07-08,9253.0205078125,290.4752376937071,249.583379604465,91.18770707353977,104.97737044045533,170.32000732421875,1.1272813081741333
2020-07-09,9427.994140625,292.53415581966215,253.4435107398024,93.20404179945581,105.55319147129644,170.47999572753906,1.1337867975234985
2020-07-10,9273.357421875,290.19815363911744,253.50160334106744,92.30601639495103,105.33834478477947,169.9499969482422,1.1289230585098267
2020-07-11,9277.51171875,,,,,,
2020-07-12,9241.0546875,,,,,,
2020-07-13,9277.205078125,295.5717862583092,258.2227244787133,94.17469096863013,106.5672867069197,170.2899932861328,1.1308763027191162
2020-07-14,9238.703125,289.26569521963995,247.60010796017536,91.82671138557991,106.55868237253439,168.97000122070312,1.1345844268798828
2020-07-15,9241.8974609375,297.6768588380392,253.30801821490647,95.84488685944433,108.26894448145879,169.6199951171875,1.1410835981369019
2020-07-16,9191.98046875,295.25777436406463,249.62207567503765,93.49450240060445,107.49547876516283,169.8000030517578,1.1417349576950073
2020-07-17,9131.8125,297.1875241733961,251.1409670994148,93.90600938284572,107.50405546844398,169.94000244140625,1.1386499404907227
2020-07-18,9151.18359375,,,,,,
2020-07-19,9158.005859375,,,,,,
2020-07-20,9187.220703125,296.7719656553359,251.61501134912794,93.35413310853578,107.83063311495224,170.75999450683594,1.1439553499221802
2020-07-21,9162.5146484375,301.40695821426857,259.66419392424126,96.02158177786353,107.84780667769854,172.52999877929688,1.1457641124725342
2020-07-22,9375.080078125,299.71733865104954,255.9008459459863,93.620364272229,107.8564013245413,174.0500030517578,1.1535090208053589
2020-07-23,9527.1416015625,301.42540716743423,255.90085230881024,93.91568143989768,109.07323196520386,176.1699981689453,1.156671166419983
2020-07-24,9585.5146484375,296.32888854271727,245.77162505827138,88.09664593771886,109.82563353068292,179.13999938964844,1.1595009565353394
2020-07-25,9539.4853515625,,,,,,
2020-07-26,9680.234375,,,,,,
2020-07-27,9905.2177734375,296.9566300026394,248.88680221943287,90.73266467971463,108.71863432209597,181.85000610351562,1.1652567386627197
2020-07-28,11017.4638671875,297.6953350650081,250.87010832889274,91.36924487069622,109.2894304475682,182.02000427246094,1.1766505241394043
2020-07-29,10912.953125,297.4090043838402,249.98971931474543,90.77135574195019,110.31858884028983,184.00999450683594,1.17205810546875
2020-07-30,11099.8330078125,297.2059117473767,249.35124168758657,91.19497870904048,112.99958149300491,183.44000244140625,1.1786893606185913
2020-07-31,11110.2109375,300.89912438191095,257.2553107733634,99.61615635027891,112.99958235410075,184.50999450683594,1.1873664855957031
2020-08-01,11322.5703125,,,,,,
2020-08-02,11758.7646484375,,,,,,
2020-08-03,11043.7685546875,303.13343702102367,259.2773068764583,104.7622398081077,112.83527418037667,185.0500030517578,1.1784114837646484
2020-08-04,11246.203125,302.7086877001967,260.10925681737876,105.66514250286653,113.09469983931673,185.61000061035156,1.1760554313659668
2020-08-05,11203.8232421875,306.0418016743555,262.06348543256706,105.90235611566642,115.53355936897849,191.64999389648438,1.1814883947372437
2020-08-06,11749.87109375,306.051150008393,262.03451859036824,106.89718739322298,114.89359862258233,193.74000549316406,1.1873664855957031
2020-08-07,11778.89453125,307.71300494507875,265.1593444887768,109.80586800423681,114.92815933020852,192.7100067138672,1.1875073909759521
2020-08-08,11604.5537109375,,,,,,
2020-08-09,11737.3251953125,,,,,,
2020-08-10,11662.2568359375,309.3563548854789,262.9244959903747,109.21903076531765,115.62869719589575,191.1999969482422,1.1782448291778564
2020-08-11,11881.6474609375,311.00910310173,260.3511128647277,108.60794103965802,116.12165148963831,183.57000732421875,1.1737639904022217
2020-08-12,11404.5966796875,309.70729014184826,258.7161952017296,107.17966637873178,115.68923379471589,182.61000061035156,1.1739845275878906
2020-08-13,11588.4052734375,310.78750691268493,263.78561508556777,110.99408465160128,116.82216808889186,181.55999755859375,1.1796486377716064
2020-08-14,11772.6591796875,310.6028714247222,264.23059540468074,111.38208013380518,117.28054729225734,183.44000244140625,1.1818934679031372
2020-08-15,11768.697265625,,,,,,
2020-08-16,11866.685546875,,,,,,
2020-08-17,11895.658203125,312.0154599206983,265.0142053828791,112.57756555807367,116.70107256220413,184.69000244140625,1.185044765472412
2020-08-18,12251.8955078125,312.38486227984396,267.4232205147262,110.91890034610189,117.45347768904533,189.17999267578125,1.187930703163147
2020-08-19,11990.884765625,313.04031505654325,268.8840725870389,112.49998249055456,117.22000041422201,187.2100067138672,1.1947288513183594
2020-08-20,11761.5,309.63333681516343,266.3203515421925,112.27444791147464,116.96056292464114,181.19000244140625,1.184174656867981
2020-08-21,11878.0263671875,311.99699218231325,271.01241273916173,115.6814669811538,118.13672984364136,182.13999938964844,1.1870845556259155
2020-08-22,11585.4775390625,,,,,,
2020-08-23,11679.6962890625,,,,,,
2020-08-24,11663.689453125,315.8748485901053,275.9658279093969,124.83316679017967,118.90642721558193,182.91000366210938,1.1799131631851196
2020-08-25,11773.5888671875,317.176730204558,273.6245590254986,120.95330633788029,120.21233308710347,181.05999755859375,1.1795234680175781
2020-08-26,11366.89453125,318.3123353958914,277.8039537290661,122.39127306939878,119.84043852933955,180.25999450683594,1.1833338737487793
2020-08-27,11485.6083984375,321.77464196751936,283.43457879796097,123.32486945527224,120.07395204306826,185.0,1.1840205192565918
2020-08-28,11325.2958984375,322.63316773002816,282.8153478074514,122.22880256231407,119.6242537445658,183.97999572753906,1.1820470094680786
2020-08-29,11541.0546875,,,,,,
2020-08-30,11508.7138671875,,,,,,
2020-08-31,11713.306640625,323.4735012045628,283.53126227230973,123.7492518971319,119.5118274003267,184.7899932861328,1.1916537284851074
2020-09-01,11679.31640625,323.34417391191676,287.93313676616793,128.7737011544299,119.22644045385097,186.99000549316406,1.1939157247543335
2020-09-02,11964.8232421875,327.46208615275333,293.4089789537744,133.45869190086984,119.44260086951842,183.75,1.1923072338104248
2020-09-03,11407.19140625,328.56994487388585,288.3976121528264,123.09935129507485,121.71717017502043,182.3000030517578,1.1845955848693848
2020-09-04,10230.365234375,319.5772119329768,276.2657559430866,116.46473461185484,119.1831937685758,180.9499969482422,1.184370994567871
2020-09-05,10512.5302734375,,,,,,
2020-09-06,10167.216796875,,,,,,
2020-09-07,10280.998046875,,,,,,1.183656096458435
2020-09-08,10369.306640625,310.87981848066687,263.3598633923325,110.52848630276392,119.79723739129126,179.5,1.181921362876892
2020-09-09,10134.1513671875,311.65539056693245,266.66863957598133,113.73912907477926,117.98104687477395,182.5,1.1769136190414429
2020-09-10,10242.330078125,315.5978402401596,271.7961421605584,116.7460517271874,119.45126471349437,184.22999572753906,1.1806375980377197
2020-09-11,10369.0283203125,310.05809882812946,265.2270782554954,111.1298709484181,119.07937772605253,183.13999938964844,1.1826202869415283
2020-09-12,10409.861328125,,,,,,
2020-09-13,10452.3994140625,,,,,,
2020-09-14,10328.734375,311.59998582152673,265.4302743756,111.27536620520715,119.72802049416931,183.57000732421875,1.184356927871704
2020-09-15,10677.7548828125,314.9514765797402,269.94821149896916,114.77699015613865,120.03070548616019,184.4600067138672,1.186690092086792
2020-09-16,10797.76171875,315.31161561893896,270.7706127550769,111.77007759799923,120.70528178753818,184.97999572753906,1.1842728853225708
2020-09-17,10973.251953125,307.9715369017324,258.8419269979727,106.42552224944927,118.53454227027521,181.9199981689453,1.1804285049438477
2020-09-18,10951.8203125,310.8821027224487,262.9439931041904,107.08507634439113,118.40482523122385,183.07000732421875,1.1852554082870483
2020-09-19,10933.7529296875,,,,,,
2020-09-20,11095.8701171875,,,,,,
2020-09-21,10934.92578125,301.91817103397455,253.92731377012615,101.40103443810513,118.48264654648115,179.83999633789062,1.1845533847808838
2020-09-22,10459.6240234375,304.57862001536944,261.20250379362176,109.29661551959238,118.04161570534278,179.6300048828125,1.1761800050735474
2020-09-23,10535.4921875,306.7384904056228,263.2922076043881,108.26845317272523,119.71071633290364,176.97999572753906,1.1707545518875122
2020-09-24,10248.7861328125,297.7653868058365,252.8824178640421,102.01213533208141,118.19725056558876,174.36000061035156,1.1661943197250366
2020-09-25,10761.109375,299.0259943751535,257.2552742914648,105.17423363698332,117.52265039578913,174.41000366210938,1.1673650741577148
2020-09-26,10695.5751953125,,,,,,
2020-09-27,10746.892578125,,,,,,
2020-09-28,10776.61328125,308.8891253586317,267.5779806195505,111.5566650919616,119.8317954284019,175.8300018310547,1.1635076999664307
2020-09-29,10709.650390625,309.5843740782885,267.61674362747533,111.11047045765872,119.68478954483865,177.19000244140625,1.1677740812301636
2020-09-30,10843.87109375,308.7686699942234,267.1620303274032,110.37330565840851,119.48586575635228,177.7100067138672,1.1742740869522095
2020-10-01,10795.2548828125,313.03270872151455,272.6184871333979,114.1077098390407,120.71391743206833,178.7100067138672,1.1723741292953491
2020-10-02,10619.8212890625,307.48007849386664,267.0361710905202,109.50034801839159,119.28696516886113,178.69000244140625,1.1744118928909302
2020-10-03,10575.1005859375,,,,,,
2020-10-04,10550.4404296875,,,,,,
2020-10-05,10676.529296875,311.5218127530587,267.34573785743106,110.4897020352033,119.97017481805753,179.02000427246094,1.172195553779602
2020-10-06,10796.306640625,315.0906571878008,270.35463396504605,112.22594886007512,120.57553943892738,180.16000366210938,1.178828239440918
2020-10-07,10603.35546875,313.43135342172144,268.84536841355174,111.17837055181317,121.14635387072822,177.08999633789062,1.173736572265625
2020-10-08,10669.37109375,317.81598305879504,273.20856192053947,112.75942537460811,121.5614736984718,178.17999267578125,1.1765536069869995
2020-10-09,10927.9130859375,320.32804947834086,273.8954151546272,111.8185367116751,122.6684678118661,180.1300048828125,1.1767059564590454
2020-10-10,11059.142578125,,,,,,
2020-10-11,11296.08203125,,,,,,
2020-10-12,11392.6357421875,324.063844968693,281.0933150021138,116.45502931013961,123.95706745761949,180.57000732421875,1.1813349723815918
2020-10-13,11548.7197265625,326.55742954167613,286.7433043173576,121.50859444916024,124.38083855561774,178.55999755859375,1.1814186573028564
2020-10-14,11429.0478515625,325.13906040450945,285.73709562441013,117.36681956932418,124.69215968930291,179.08999633789062,1.1743981838226318
2020-10-15,11426.6025390625,318.61310219082094,277.85238302338996,115.15526489684527,123.72357531444314,177.7100067138672,1.1747568845748901
2020-10-16,11502.828125,323.4798076396234,282.30264868072373,117.63840880188037,124.89974623691499,179.22000122070312,1.1705764532089233
2020-10-17,11322.123046875,,,,,,
2020-10-18,11355.982421875,,,,,,
2020-10-19,11495.0380859375,323.1924415429291,281.03521617369915,116.358026294525,124.9429919583916,179.41000366210938,1.1715638637542725
2020-10-20,11745.974609375,318.381366603576,275.2982491603668,112.71094256212962,125.92889019228429,178.5399932861328,1.1768028736114502
2020-10-21,11913.0771484375,318.26087876428136,275.4047259800652,113.16684064497652,123.23060716448732,180.47000122070312,1.1829279661178589
2020-10-22,12801.6357421875,317.91787241035223,275.77228185190506,113.92340448698165,123.04520710893989,178.8800048828125,1.1851290464401245
2020-10-23,12971.548828125,320.67102412804957,275.5014345030558,112.89523260157101,123.28000583699473,179.08999633789062,1.181404709815979
2020-10-24,12931.57421875,,,,,,
2020-10-25,13108.0634765625,,,,,,
2020-10-26,13031.201171875,317.1485658849641,273.18923793913956,110.58670073335905,123.05390712462327,178.75,1.1848341226577759
2020-10-27,13075.2421875,314.9515782824497,272.3378043538886,112.02226653167769,123.43652638837817,178.7100067138672,1.1809443235397339
2020-10-28,13654.21484375,307.85095456057604,268.9614649881043,111.59547326085323,122.14078724665212,176.4499969482422,1.17816162109375
2020-10-29,13271.298828125,303.0398684553781,264.11454773832725,108.99594897135509,119.44488599659653,175.02000427246094,1.1747430562973022
2020-10-30,13437.8740234375,304.30987072993145,265.4109530559168,107.72527053869118,119.2970603516577,177.17999267578125,1.1676785945892334
2020-10-31,13546.5322265625,,,,,,
2020-11-01,13780.9951171875,,,,,,
2020-11-02,13737.0322265625,306.0896301269531,263.0019720549705,105.83382320217856,120.45367604773408,177.4499969482422,1.164252758026123
2020-11-03,13550.451171875,309.3248216610703,263.1083961377249,106.36730788899447,121.15807832279368,178.9499969482422,1.1642799377441406
2020-11-04,13950.48828125,315.9712924400372,274.3597980593231,110.71276748778232,122.14949400087316,178.92999267578125,1.1764568090438843
2020-11-05,14133.7333984375,323.7393687910326,283.97629469594665,114.40839736997158,123.87136718992556,181.0,1.1729930639266968
2020-11-06,15579.7294921875,324.3790384407535,284.1503865433121,114.96526366548072,124.07136165099583,183.39999389648438,1.1814186573028564
2020-11-07,15565.880859375,,,,,,
2020-11-08,14833.75390625,,,,,,
2020-11-09,15479.595703125,337.3938067723991,287.96226178841226,117.083465097586,127.09769132721826,176.4199981689453,1.1893151998519897
2020-11-10,15332.3505859375,327.6790159718678,275.88841524340836,112.27383288243148,120.09712282066037,176.75,1.1823265552520752
2020-11-11,15290.9091796875,330.37658868596975,276.7204321420818,113.86732041488949,123.35830755419589,174.6999969482422,1.1819632053375244
2020-11-12,15701.298828125,329.61637727502233,281.29641670126654,116.22842646880996,123.74092006450499,176.0399932861328,1.1778701543807983
2020-11-13,16276.4404296875,329.3290469036784,280.72566326802945,116.05352071993178,123.6713434801731,177.64999389648438,1.1805260181427002
2020-11-14,16317.80859375,,,,,,
2020-11-15,16068.1396484375,,,,,,
2020-11-16,15955.5771484375,334.622140095063,281.16093933922605,115.54828228699445,125.90630449968656,177.22999572753906,1.1844271421432495
2020-11-17,16685.69140625,333.6858582065338,283.8505502393088,116.16041093814378,123.39308339803631,177.25,1.1859723329544067
2020-11-18,17645.19140625,334.55725327164475,282.205877841639,115.24706694247119,123.48005199849025,176.25999450683594,1.186436653137207
2020-11-19,17803.861328125,329.63497720915376,280.11620794641226,114.25598215062608,121.63637224348017,174.3000030517578,1.1842869520187378
2020-11-20,17817.083984375,331.3962999206507,282.78629436530196,115.27619794234921,121.3406915992586,176.1199951171875,1.1867464780807495
2020-11-21,18621.31640625,,,,,,
2020-11-22,18642.232421875,,,,,,
2020-11-23,18370.017578125,331.1922808117231,281.9252978658632,113.85759556092404,121.15810576379188,175.10000610351562,1.1865352392196655
2020-11-24,18365.015625,333.9083515604822,282.00269286629174,110.68031687022992,120.73198590021809,169.3000030517578,1.1841803789138794
2020-11-25,19104.41015625,336.6152178939342,285.94986644210957,112.27382503154757,120.14931404811735,169.97999572753906,1.1900511980056763
2020-11-26,18729.83984375,,,,,,1.1917530298233032
2020-11-27,17153.9140625,337.27335489567287,288.60072560591834,113.26489496698315,120.5232452921331,166.89999389648438,1.1911852359771729
2020-11-28,17112.93359375,,,,,,
2020-11-29,17719.634765625,,,,,,
2020-11-30,18178.322265625,336.3369656288919,289.5972480069994,113.6535707986605,120.01016494480157,166.67999267578125,1.197074294090271
2020-12-01,19633.76953125,338.8770642217867,292.14172619652766,117.57903885839562,121.01895948438039,169.75999450683594,1.1937732696533203
2020-12-02,18801.744140625,338.18177783063066,292.41248895074875,118.56035832864589,121.20156503954756,170.57000732421875,1.2069860696792603
2020-12-03,19205.92578125,339.9058822567246,294.27008973997954,120.0178649561264,120.08843217608195,172.63999938964844,1.2113430500030518
2020-12-04,19446.966796875,340.4991875255157,294.42483987175973,119.12394191020984,119.32313881420615,172.77999877929688,1.2145354747772217
2020-12-05,18698.384765625,,,,,,
2020-12-06,19154.1796875,,,,,,
2020-12-07,19343.12890625,342.07508856328803,295.7599619605508,118.84215876062711,118.80138101349878,172.55999755859375,1.2120624780654907
2020-12-08,19191.529296875,340.86996459902065,296.7756282624566,120.84377397211294,119.15795320841102,175.50999450683594,1.2109469175338745
2020-12-09,18320.884765625,343.7992142553695,298.0431323963935,120.99923180163522,119.86231930011277,173.9199981689453,1.2109909057617188
2020-12-10,18553.298828125,338.6916205245105,289.4714407906166,117.08347755039478,118.72313156582483,172.89999389648438,1.2081671953201294
2020-12-11,18263.9296875,338.2559409711253,291.019384345454,118.95876073591047,116.93165211908233,172.25,1.214343786239624
2020-12-12,18051.3203125,,,,,,
2020-12-13,18806.765625,,,,,,
2020-12-14,19144.4921875,341.7228787095807,293.21548096516074,119.1239522979626,119.15791005136002,171.91000366210938,1.213356614112854
2020-12-15,19246.919921875,340.5733910132798,296.39841338827165,120.8145802742906,118.61004216981824,173.42999267578125,1.2148748636245728
2020-12-16,19418.818359375,342.8166332702564,297.6851847691639,123.79757294273104,118.88836282659835,174.1300048828125,1.215376853942871
2020-12-17,21308.3515625,344.7819445843925,300.5197328956756,125.245321352785,120.01885148149597,177.14999389648438,1.219705581665039
2020-12-18,22806.796875,345.3485696719916,301.5162526740724,125.30360828671483,120.23625646276291,176.64999389648438,1.2261964082717896
2020-12-19,23132.865234375,,,,,,
2020-12-20,23861.765625,,,,,,
2020-12-21,23474.455078125,339.7629543638441,297.02283664353786,121.4753279960592,119.97534788260342,176.2899932861328,1.221060872077942
2020-12-22,22794.0390625,342.7792278925102,300.3084774298646,127.87847449783371,119.39270021898263,176.1999969482422,1.2238404750823975
2020-12-23,23781.974609375,342.84433524058835,300.2697276304532,128.41285284686637,119.47965154105925,175.10000610351562,1.2185908555984497
2020-12-24,23240.203125,342.6581462095984,298.9710650326381,127.59673715473882,118.44479274955692,175.5500030517578,1.219393253326416
2020-12-25,23733.5703125,,,,,,1.2184720039367676
2020-12-26,24677.015625,,,,,,
2020-12-27,26439.373046875,,,,,,
2020-12-28,26280.822265625,346.0653140903759,302.6346095530133,130.1910087492954,120.14060916651812,177.25999450683594,1.220703125
2020-12-29,27081.810546875,347.9923877771309,304.37909320791135,134.13589678161503,121.07113341762305,176.25,1.2220009565353394
2020-12-30,27360.08984375,346.62395879952305,304.48575494609014,131.73588313851724,120.53194432143214,176.44000244140625,1.2253249883651733
2020-12-31,28841.57421875,346.1026197103733,303.2355002802753,130.27844532518537,120.27975451485364,178.07000732421875,1.229906439781189
2021-01-01,28994.009765625,,,,,,1.217285394668579
2021-01-02,29376.455078125,,,,,,
2021-01-03,32129.408203125,,,,,,
2021-01-04,32810.94921875,349.38880113928235,305.4065090807964,129.7343224533574,121.45380098661545,181.97000122070312,1.2249047756195068
2021-01-05,31977.041015625,342.67681712955124,298.7965485946262,125.23560676408721,120.0014831507883,182.8699951171875,1.225295066833496
2021-01-06,34013.61328125,344.17555304257576,297.54623109309864,124.0987683518539,120.67979799946207,181.49000549316406,1.2298610210418701
2021-01-07,36833.875,350.1242211986964,300.7252675935341,124.72061661130184,121.53205182130701,179.69000244140625,1.2337758541107178
2021-01-08,39381.765625,354.3041791798379,307.56781957057547,128.67523086681507,120.41889653143971,176.8300018310547,1.2268733978271484
2021-01-09,40788.640625,,,,,,
2021-01-10,40254.21875,,,,,,
2021-01-11,38346.53125,351.7532974365892,306.24978277755537,125.52707332046941,120.66239994341463,172.13999938964844,1.2187838554382324
2021-01-12,35516.359375,352.7215992262628,304.7764626548181,124.85666571536174,119.87975015930871,173.1300048828125,1.2161602973937988
2021-01-13,33915.12109375,352.5354151126377,304.51479403914834,125.1092433563661,119.22751365622305,173.67999267578125,1.2209266424179077
2021-01-14,37325.109375,354.30415242528704,306.75367820056675,127.09144014639318,119.51445659818023,173.44000244140625,1.2161750793457031
2021-01-15,39156.70703125,350.7014344796534,304.45670851288935,125.12871800814145,117.618646454375,172.83999633789062,1.2153000831604004
2021-01-16,36821.6484375,,,,,,
2021-01-17,36163.6484375,,,,,,
2021-01-18,35792.23828125,,,,,,1.206723928451538
2021-01-19,36642.234375,352.20952068020125,304.5729242650767,124.15706500945309,118.00997981445619,172.7100067138672,1.2078461647033691
2021-01-20,36050.11328125,354.78819724418975,310.28167223024104,125.01212908230433,115.25324925035925,174.3699951171875,1.2139458656311035
2021-01-21,35549.3984375,357.9347293006691,315.1373276057846,130.00641504597513,114.30363241569358,175.11000061035156,1.211533784866333
2021-01-22,30817.625,355.84938981981173,315.27307683718,132.41604973812463,114.62734821446222,172.88999938964844,1.2166190147399902
2021-01-23,32985.7578125,,,,,,
2021-01-24,32064.376953125,,,,,,
2021-01-25,32285.798828125,357.1713708385632,318.7816082767875,139.01355380816258,113.69122466328105,174.82000732421875,1.2168558835983276
2021-01-26,32358.61328125,358.7912198692873,318.7234080613514,139.52847909019215,115.70346242616243,173.97999572753906,1.2143291234970093
2021-01-27,32564.029296875,353.95968803310404,316.21323143641484,139.36337874928745,115.82594678682261,172.92999267578125,1.2163230180740356
2021-01-28,30441.041015625,350.36627971281166,310.7952540444055,135.56415800586728,111.84520693041407,174.27999877929688,1.2104778289794922
2021-01-29,34318.671875,349.6867018282273,309.73881617638284,131.97885239900157,113.90119735453585,174.8699951171875,1.212135910987854
2021-01-30,34295.93359375,,,,,,
2021-01-31,34270.87890625,,,,,,
2021-02-01,33114.578125,347.90861660624154,308.31417953407424,129.9577892114423,112.86007724872808,175.02000427246094,1.2122827768325806
2021-02-02,33533.19921875,353.4290462295083,315.45715072768695,131.88166811874655,113.38501333891662,172.49000549316406,1.2067675590515137
2021-02-03,35510.8203125,356.026389967423,319.66347719354394,131.9108002272906,112.81632232666016,172.36000061035156,1.203905463218689
2021-02-04,37475.10546875,356.5104377825251,317.7251251491448,132.43549143917588,113.19255217158101,168.2899932861328,1.2041809558868408
2021-02-05,36931.546875,361.3885499748435,321.02039344305297,133.6551792335879,112.96507124126367,168.99000549316406,1.1967447996139526
2021-02-06,38138.38671875,,,,,,
2021-02-07,39250.19140625,,,,,,
2021-02-08,38886.828125,362.3846241257551,322.84250881266615,132.3706427004726,113.67373461150605,171.97999572753906,1.2049354314804077
2021-02-09,46184.9921875,362.70121613525754,322.3772302822673,132.94477197557092,113.26253145429777,172.57000732421875,1.2052549123764038
2021-02-10,46469.76171875,365.0378769579993,324.6743693155153,132.80855342312873,112.64136098115132,173.14999389648438,1.2116951942443848
2021-02-11,44898.7109375,364.2185830573535,324.03464550911383,132.24413324277845,112.45761347685125,172.6999969482422,1.2119449377059937
2021-02-12,47877.03515625,362.9245980037026,323.4337715765903,130.7358433658653,111.98520942484278,170.2899932861328,1.213003396987915
2021-02-13,47491.203125,,,,,,
2021-02-14,47114.5078125,,,,,,
2021-02-15,48696.53515625,,,,,,1.212106466293335
2021-02-16,47944.45703125,366.7507370926893,326.8840742771446,131.84520181246612,111.9589461651993,168.13999938964844,1.2132388353347778
2021-02-17,49207.27734375,363.4552435609881,322.2318793215303,127.71925617483,111.2765426731178,166.9199981689453,1.2088537216186523
2021-02-18,52140.97265625,362.6824763517957,320.0608305911814,125.72438263501022,111.81897399611537,166.97999572753906,1.2045869827270508
2021-02-19,51675.98046875,364.99130695342166,323.57920251073546,126.73642239782728,113.16631208701767,166.75999450683594,1.2091752290725708
2021-02-20,55887.3359375,,,,,,
2021-02-21,56068.56640625,,,,,,
2021-02-22,57532.73828125,360.3273043244353,316.44574654396285,124.56641277376495,110.92658379303637,168.5399932861328,1.212444543838501
2021-02-23,54204.9296875,358.0930286391464,307.2382992934385,120.43073670834654,111.7927260212413,169.47999572753906,1.2166930437088013
2021-02-24,48835.0859375,359.64766215783163,308.92473819569517,121.57898434363891,111.41653305240852,167.64999389648438,1.2151997089385986
2021-02-25,49709.08203125,363.4459121163381,311.49311597474355,121.32596667655264,111.53900014742845,166.9199981689453,1.2169506549835205
2021-02-26,47180.46484375,357.8044726689712,306.12370351235546,119.29222499597206,110.70786665802844,165.0,1.2160124778747559
2021-02-27,46344.7734375,,,,,,
2021-02-28,46194.015625,,,,,,
2021-03-01,45159.50390625,358.95880058810565,309.43838918932,120.42101187120407,108.62565493830073,163.02999877929688,1.2090904712677002
2021-03-02,49612.10546875,362.8966935413863,314.26504533882803,124.95563918354922,108.37194026420285,161.92999267578125,1.2049063444137573
2021-03-03,48415.81640625,359.1449892511198,307.4999867015868,121.4525043304613,108.28442860071777,160.61000061035156,1.208503007888794
2021-03-04,50522.3046875,354.8906420427798,299.2713804181701,118.47481493176636,107.698279318693,160.60000610351562,1.204833745956421
2021-03-05,48527.03125,354.1830824863514,297.3523571765063,117.72552798386944,107.4007901032389,159.66000366210938,1.196859359741211
2021-03-06,48899.23046875,,,,,,
2021-03-07,48918.6796875,,,,,,
2021-03-08,51174.1171875,358.0930884659382,298.6317416108626,117.67685938357114,110.02545641092242,158.5800018310547,1.1924636363983154
2021-03-09,52272.96875,359.2008783576128,298.0017680987758,115.82800605568077,111.6789949538601,160.75,1.18519926071167
2021-03-10,54824.01171875,362.7756352759854,306.4241691358613,118.41644783023496,110.36666042755968,161.05999755859375,1.189668893814087
2021-03-11,55963.1796875,365.14023058798864,306.04616036038266,119.24356797692991,111.22404701757063,161.47000122070312,1.1927480697631836
2021-03-12,57821.21875,364.9912616619042,304.1949616046045,117.16112022904915,111.67898980728225,159.5399932861328,1.198164463043213
2021-03-13,57343.37109375,,,,,,
2021-03-14,61221.1328125,,,,,,
2021-03-15,59267.4296875,367.0951054485941,306.0655674633329,118.14397368976827,112.32639943857184,162.30999755859375,1.1951143741607666
2021-03-16,55840.78515625,369.64592676134737,311.2023734081659,122.31853968534864,112.4313794694463,162.36000061035156,1.192733883857727
2021-03-17,56825.828125,367.28135513431295,307.67444741471917,120.71292450730932,112.95631053704896,162.27000427246094,1.1902097463607788
2021-03-18,58893.078125,367.23487982898274,307.1123439366389,119.57437836077997,112.16894089690564,161.14999389648438,1.198063850402832
2021-03-19,57850.44140625,364.14131823450606,302.26625139318713,116.67457065039011,112.94758405447296,162.55999755859375,1.1917673349380493
2021-03-20,58332.26171875,,,,,,
2021-03-21,58309.9140625,,,,,,
2021-03-22,57517.890625,364.28139952570655,305.8892642780777,117.09300574322106,111.99395081855924,162.27000427246094,1.188452959060669
2021-03-23,54511.66015625,366.0372486874983,310.2756328272574,120.01230226774646,114.09368264842436,162.4499969482422,1.1933317184448242
2021-03-24,54710.48828125,365.1873437728255,309.20815794592994,119.51601473844956,114.55735446088751,162.2100067138672,1.184118628501892
2021-03-25,52726.74609375,360.4987572580339,300.8042525707295,116.32426633816141,116.43834431363835,163.05999755859375,1.1813768148422241
2021-03-26,51683.01171875,365.12202161175344,301.9105569511251,117.1124522760085,116.55210892469051,161.7100067138672,1.1776067018508911
2021-03-27,55137.56640625,,,,,,
2021-03-28,55974.94140625,,,,,,
2021-03-29,55947.8984375,368.3628933197625,306.1221529761731,118.3775042989523,118.10938239674668,161.4600067138672,1.1787601709365845
2021-03-30,57750.1328125,368.381579616897,304.60832640159686,116.8789257121579,119.51796671253398,157.94000244140625,1.1769136190414429
2021-03-31,58930.27734375,369.2408018270159,306.8111203558254,118.37750228821312,118.70431681755859,158.05999755859375,1.172333002090454
2021-04-01,58926.5625,372.09874775674973,313.51691926982494,120.33341860340158,118.15314165900531,161.55999755859375,1.1728966236114502
2021-04-02,59098.87890625,,,,,,1.177773118019104
2021-04-03,59397.41015625,,,,,,
2021-04-04,57604.83984375,,,,,,
2021-04-05,58760.875,376.8248104457492,317.4568552634088,120.53777850848313,118.07439868642521,161.52000427246094,1.1766366958618164
2021-04-06,59171.93359375,378.972983873967,320.9503235455035,123.09702657327624,118.98426500257555,162.7899932861328,1.181907296180725
2021-04-07,58186.5078125,379.141055188101,320.56219315319373,122.44504366920103,119.9641456052487,162.82000732421875,1.1875497102737427
2021-04-08,56099.9140625,380.99967367195654,324.6669875134823,125.4811068462127,119.77168045623672,164.1699981689453,1.187197208404541
2021-04-09,58326.5625,381.4293215703808,323.81309460675953,126.30826602843275,119.43048195700108,162.75,1.1915684938430786
2021-04-10,58253.77734375,,,,,,
2021-04-11,59846.23046875,,,,,,
2021-04-12,60175.9453125,383.7269281507639,326.1032850444389,128.95506856033387,119.42170425698156,162.72999572753906,1.1896406412124634
2021-04-13,59890.01953125,384.36197181036624,328.2383335566623,128.87724772998885,119.00176005828983,163.17999267578125,1.191213607788086
2021-04-14,63523.75390625,385.5761956165632,330.77114230852,131.3099933958929,118.56434601998977,162.77000427246094,1.1957430839538574
2021-04-15,63075.1953125,386.4260781596265,329.4318706559143,130.220150823009,118.95803822730454,164.07000732421875,1.1982362270355225
2021-04-16,63258.50390625,389.7043351328216,332.0326038272784,130.68718234573052,120.39284741879273,166.24000549316406,1.197074294090271
2021-04-17,61529.921875,,,,,,
2021-04-18,60701.88671875,,,,,,
2021-04-19,56191.5859375,388.77974091961784,330.3247340079446,129.91843832937323,119.80667305153034,165.91000366210938,1.1968307495117188
2021-04-20,55681.79296875,386.58486845168517,328.1995112420433,131.38782793049364,117.96937327598731,165.64999389648438,1.2043839693069458
2021-04-21,56471.12890625,384.3434254767139,325.18141445261983,128.79937448295544,120.63783275764513,167.17999267578125,1.2032536268234253
2021-04-22,53857.10546875,388.4342655987634,328.8690668857819,129.46105526749852,119.1908240955608,167.11000061035156,1.203818440437317
2021-04-23,51739.80859375,385.6135482901479,325.91894982444245,128.60476763173878,118.80343128768888,167.3699951171875,1.2017930746078491
2021-04-24,51143.2265625,,,,,,
2021-04-25,50052.83203125,,,,,,
2021-04-26,49077.79296875,389.88182724622914,329.62598057447394,131.20294297565732,117.53553635714574,166.6300048828125,1.208956003189087
2021-04-27,54030.3046875,390.3394793906885,331.81919196808207,131.3781122600293,115.55443473622859,166.9199981689453,1.2079205513000488
2021-04-28,55036.63671875,390.22741885643023,329.76184556196415,130.69688438470698,115.96826551814672,165.75,1.2088537216186523
2021-04-29,54858.08984375,392.5717631714263,332.2461477907984,132.7988386951313,115.61607759198489,165.5800018310547,1.2135775089263916
2021-04-30,53568.6640625,390.05929844599274,327.71426309227223,128.23498319758693,116.88397095752163,165.86000061035156,1.2124886512756348
2021-05-01,57714.6640625,,,,,,
2021-05-02,57825.86328125,,,,,,
2021-05-03,56620.2734375,391.7404249655094,329.1990479902384,128.48796838679135,118.01098278930618,167.61000061035156,1.2026457786560059
2021-05-04,57214.1796875,388.6023105837801,323.69678531149725,127.66088357051092,118.84747440729663,167.69000244140625,1.2059816122055054
2021-05-05,53252.1640625,389.82583314555814,322.4254149061531,125.72439172337612,118.31033774184397,166.6300048828125,1.2016342878341675
2021-05-06,57441.30859375,388.3781723084249,319.0386230172309,124.44963120105919,117.99337815005556,167.9499969482422,1.2009127140045166
2021-05-07,56413.953125,392.17019603570935,324.4826750216979,127.54629547170842,118.93548934590473,171.52999877929688,1.2065927982330322
2021-05-08,57352.765625,,,,,,
2021-05-09,58877.390625,,,,,,
2021-05-10,58250.87109375,394.60783736731895,322.939790337322,126.14264776926625,119.64865554198889,172.74000549316406,1.2167521715164185
2021-05-11,55847.2421875,385.8283134901169,310.2465741413895,120.38185488141869,121.93793312945908,170.55999755859375,1.214211106300354
2021-05-12,56714.53125,384.0818760668067,310.76088677179484,120.28438654552215,120.1769683543439,171.42999267578125,1.214550256729126
2021-05-13,49735.43359375,380.19647206863493,310.4600523975338,121.43459801116457,119.64866550186392,170.35000610351562,1.2076857089996338
2021-05-14,49682.98046875,385.93109523135814,313.0607397997424,123.06243260302256,121.21593632738086,172.0500030517578,1.2080212831497192
2021-05-15,49855.49609375,,,,,,
2021-05-16,46716.63671875,,,,,,
2021-05-17,46415.8984375,387.9672291939465,315.03075656808636,123.61803331863223,121.48006587508483,173.3000030517578,1.2147568464279175
2021-05-18,43488.05859375,388.35006374080274,315.76817005931326,123.3646094337638,120.15054962665717,175.17999267578125,1.215524673461914
2021-05-19,42944.9765625,380.0563093742371,307.29641227462685,120.050447495282,119.79837407290408,175.13999938964844,1.2226433753967285
2021-05-20,36753.66796875,384.6142002311314,314.53581909839676,122.06819413421118,120.44108856335515,175.32000732421875,1.217285394668579
2021-05-21,40596.94921875,389.34945519441624,320.65921696982167,124.59279439116175,121.6825710129342,176.5800018310547,1.2227928638458252
2021-05-22,37371.03125,,,,,,
2021-05-23,37531.44921875,,,,,,
2021-05-24,34700.36328125,389.7884149825735,319.6305997585061,122.82848472896345,121.50647342702365,176.14999389648438,1.2181158065795898
2021-05-25,38795.78125,392.5810799776849,324.19162465292703,124.59279971373591,121.55050451139198,176.14999389648438,1.2214486598968506
2021-05-26,38392.625,391.2174888575059,323.7937440335758,123.75450113667013,122.20207334279436,178.3699951171875,1.2248897552490234
2021-05-27,39316.890625,392.43165081383626,323.80348292638405,123.24764397847942,121.61214743766632,177.38999938964844,1.2190364599227905
2021-05-28,38507.08203125,393.1788390804018,324.24004812105676,122.3995899273286,118.99710497240875,177.4600067138672,1.2192742824554443
2021-05-29,35684.15625,,,,,,
2021-05-30,34607.40625,,,,,,
2021-05-31,35658.59375,,,,,,1.2190067768096924
2021-06-01,37293.79296875,394.67311347580033,325.3852552757995,121.9219706400981,119.56061242949298,178.75999450683594,1.223406195640564
2021-06-02,36699.921875,392.6184525081131,323.3958791614827,121.14216055572481,117.10408194881687,178.33999633789062,1.2218068838119507
2021-06-03,37599.41015625,390.2648664505085,320.77563751713006,121.53206925104124,117.30657781468028,175.8300018310547,1.2211503982543945
2021-06-04,39242.484375,392.973358609629,322.03730841015556,120.93745411736649,119.48137948544154,176.64999389648438,1.2130298614501953
2021-06-05,36880.15625,,,,,,
2021-06-06,35538.609375,,,,,,
2021-06-07,35835.265625,394.69185530536356,325.1426050715648,122.98444744531308,120.06250679521841,176.9600067138672,1.2165746688842773
2021-06-08,33589.51953125,395.17753710589864,328.393583682066,123.40359727053726,120.34423474776344,177.22999572753906,1.2189621925354004
2021-06-09,33416.9765625,395.24292720536323,328.17035779849925,123.99819373222839,119.34932775527687,177.3800048828125,1.2171818017959595
2021-06-10,37389.515625,395.0373870494079,327.2193864871086,123.81298472926724,118.88269216978587,176.6999969482422,1.217730164527893
2021-06-11,36697.03125,396.1956153911513,330.2955834012602,123.33537009563992,119.52541145325652,176.3300018310547,1.2173150777816772
2021-06-12,37340.14453125,,,,,,
2021-06-13,35555.7890625,,,,,,
2021-06-14,39016.96875,396.4103860815458,331.5764514679664,124.59276457227712,118.84743912262164,173.16000366210938,1.2110790014266968
2021-06-15,40427.16796875,397.3350997073947,333.9735324102014,126.6592498003718,119.04113718593989,174.77999877929688,1.212415099143982
2021-06-16,40168.69140625,396.5972469543856,332.60521679047145,127.0783839579929,119.02350524002655,173.91000366210938,1.2125474214553833
2021-06-17,38341.421875,393.832670472112,329.91715157235996,126.52279301183641,116.94562200640672,167.02000427246094,1.199184536933899
2021-06-18,38099.4765625,390.82940868218697,333.46890423340926,127.4097950909518,117.40345201473045,166.13999938964844,1.1913270950317383
2021-06-19,35854.52734375,,,,,,
2021-06-20,35563.140625,,,,,,
2021-06-21,35641.14453125,390.55762558464596,332.6898761727154,127.01013729010695,116.83113830726593,166.52000427246094,1.186901330947876
2021-06-22,31622.376953125,394.35264939802,334.3609813550357,128.79399242175575,117.13931477439961,166.35000610351562,1.1911568641662598
2021-06-23,32515.71484375,396.5453725429614,337.62531605726303,130.3925806003398,117.06004045898213,166.97000122070312,1.1937447786331177
2021-06-24,33682.80078125,398.13828242182683,339.7822001113243,131.0553765632134,117.06006392077212,167.0,1.1931607723236084
2021-06-25,34659.10546875,399.08477157347613,340.5011783527263,130.09040620403312,117.33300598080083,167.4499969482422,1.1927907466888428
2021-06-26,31594.6640625,,,,,,
2021-06-27,32287.5234375,,,,,,
2021-06-28,34679.12109375,400.2748080498527,340.80230523066535,130.04165459260284,118.77698302130335,166.67999267578125,1.1942152976989746
2021-06-29,34475.55859375,400.9400834258965,343.4741757669752,131.3965550234282,119.31408922438443,164.33999633789062,1.1930327415466309
2021-06-30,35908.38671875,400.3122760719077,344.737188231426,132.7319822442512,118.4952527947582,164.57000732421875,1.18999445438385
2021-07-01,35035.984375,401.86769002620366,343.99881066452366,133.15114759070119,119.24365814540943,166.64999389648438,1.1855363845825195
2021-07-02,33549.6015625,404.49143596219454,346.3791192382601,134.41826831389758,119.39336736260526,167.35000610351562,1.184707760810852
2021-07-03,33854.421875,,,,,,
2021-07-04,34665.56640625,,,,,,
2021-07-05,35284.34375,,,,,,1.1855926513671875
2021-07-06,33723.5078125,406.4685771019908,349.0411014509965,136.53350195950557,119.32289879340382,169.27000427246094,1.1861495971679688
2021-07-07,34225.6796875,406.35615449938257,352.14037799464285,139.91588320227135,119.77196138200051,168.72000122070312,1.1820330619812012
2021-07-08,33889.60546875,401.7833895422592,345.62128085020595,138.00536723887996,120.6172042243856,169.82000732421875,1.179356575012207
2021-07-09,32861.671875,405.2972630468599,347.98214865318926,139.1458433075578,120.8373653389176,168.83999633789062,1.1846938133239746
2021-07-10,33811.2421875,,,,,,
2021-07-11,33509.078125,,,,,,
2021-07-12,34254.015625,408.01462234463963,352.1403820578418,142.51848639937432,120.53795473592581,168.6999969482422,1.1873664855957031
2021-07-13,33125.46875,408.7736811446095,351.73231561024755,140.39347883974256,120.08892065329674,169.50999450683594,1.1864930391311646
2021-07-14,32723.845703125,409.8606803722424,354.452654694976,144.36076918149035,120.63480033678235,170.91000366210938,1.1774401664733887
2021-07-15,32827.875,407.4337224657248,352.6553379425304,145.47202235618528,121.51529275196269,170.88999938964844,1.1833338737487793
2021-07-16,31841.55078125,408.5581415441631,351.12033726995116,144.71163648718607,122.65115407351976,170.64999389648438,1.1813069581985474
2021-07-17,31397.30859375,,,,,,
2021-07-18,31533.884765625,,,,,,
2021-07-19,31800.01171875,399.35644496226297,343.9793365421211,140.1205738932986,123.54923080605872,169.50999450683594,1.1811535358428955
2021-07-20,30838.28515625,398.8785282705121,345.514474127725,139.83789124908492,123.65488353762751,170.50999450683594,1.1792453527450562
2021-07-21,29796.28515625,405.11921642523396,348.1570101344711,141.85565012536404,123.22340291747524,168.3300018310547,1.178550362586975
2021-07-22,32138.873046875,407.3681167667281,351.47970327513866,142.25529492286392,121.64161960126069,168.49000549316406,1.1795234680175781
2021-07-23,32305.958984375,409.97304653950414,354.91908737955197,143.82464898024415,121.80994106390841,168.5,1.1773570775985718
2021-07-24,33593.73046875,,,,,,
2021-07-25,34290.29296875,,,,,,
2021-07-26,35384.03125,411.65044900738826,357.03708054103595,144.5264338354404,123.70602594548293,168.5800018310547,1.1773016452789307
2021-07-27,37276.03515625,412.21274448918837,357.74629184182237,145.35501995009983,124.17565855800243,168.72999572753906,1.1806375980377197
2021-07-28,39503.1875,411.99714163798257,355.20081650644175,141.15382825419624,124.6363617734893,168.25999450683594,1.1822398900985718
2021-07-29,39995.453125,412.12830695326727,354.86079222041604,141.0368184978404,123.83010040962589,170.6999969482422,1.1846797466278076
2021-07-30,40027.484375,410.33855849930256,352.1306548305202,140.73466343435456,125.8147435116887,170.72000122070312,1.189202070236206
2021-07-31,42196.3046875,,,,,,
2021-08-01,41460.84375,,,,,,
2021-08-02,39907.26171875,412.6155215961337,355.86145466317794,142.6646588267022,125.61100287907682,169.3000030517578,1.1865352392196655
2021-08-03,39178.40234375,410.8352061543172,354.88992452387834,142.12859665195967,125.69073337925639,169.4199981689453,1.1874933242797852
2021-08-04,38213.33203125,412.09074476683855,356.33747200644353,143.5517196242508,126.7362121341259,171.27999877929688,1.186915397644043
2021-08-05,39744.515625,412.5031195904007,357.7073910590354,143.26903344221475,127.01086561001935,169.3699951171875,1.1839923858642578
2021-08-06,40865.8671875,414.2647578157139,357.89199016381457,142.86866162914254,126.72736999132644,165.83999633789062,1.1833199262619019
2021-08-07,42832.796875,,,,,,
2021-08-08,44574.4375,,,,,,
2021-08-09,43791.92578125,414.6021178906313,358.0377732003435,142.72226739584752,125.77047008621997,163.00999450683594,1.1750881671905518
2021-08-10,46280.84765625,414.742597463298,358.75672632250746,142.95656585685202,125.73504850679168,161.38999938964844,1.1739004850387573
2021-08-11,45599.703125,415.87653984943745,357.66855166382885,142.57581781429272,126.47045967248981,163.14999389648438,1.1719757318496704
2021-08-12,45576.87890625,415.6891180697549,355.28823812662705,142.71249604702388,126.83368770967817,163.64999389648438,1.1742050647735596
2021-08-13,44439.69140625,417.5349995492506,357.4256838386604,145.42638655047446,126.65649710577287,165.02000427246094,1.1736124753952026
2021-08-14,47810.6875,,,,,,
2021-08-15,47096.66796875,,,,,,
2021-08-16,47019.9609375,416.5418093350096,357.2119748219875,145.0065478391044,127.29442956735737,166.72999572753906,1.179634690284729
2021-08-17,45936.45703125,416.26997110737653,355.73521586261194,146.65635150331968,127.9411865807555,167.2899932861328,1.177994966506958
2021-08-18,44686.75,415.07056886412056,354.79274854455855,146.23663716721276,128.20705123286584,167.24000549316406,1.1709601879119873
2021-08-19,44741.8828125,408.8018064511608,349.9738430679288,141.5800696426097,126.84257173481316,167.24000549316406,1.1703845262527466
2021-08-20,46723.12109375,412.512527670003,354.67613576735766,143.93272733385453,128.6943176179756,166.8000030517578,1.1676785945892334
2021-08-21,49327.07421875,,,,,,
2021-08-22,48869.10546875,,,,,,
2021-08-23,49291.67578125,417.1321276721808,358.30975495051,144.7820517027598,127.84371621955498,168.82000732421875,1.1699738502502441
2021-08-24,49562.34765625,419.7651672363281,363.2064510749859,145.89492826143862,127.59564243792704,169.0399932861328,1.1746740341186523
2021-08-25,47727.2578125,419.9525966891945,363.97392073638974,146.24637657624294,126.76279445158697,167.8800048828125,1.1755025386810303
2021-08-26,49002.640625,420.3648902398338,363.2841770389699,144.82112485660906,126.310916558047,167.2100067138672,1.177300214767456
2021-08-27,46894.5546875,418.9687063675384,362.45831971800555,143.97180225819312,126.24005345400823,167.5800018310547,1.175295352935791
2021-08-28,49072.5859375,,,,,,
2021-08-29,48911.25,,,,,,
2021-08-30,48834.8515625,422.57631070476276,366.13077806650506,145.45562564226032,126.34637365998502,169.66000366210938,1.1799967288970947
2021-08-31,47024.33984375,423.6632387027082,369.6867080378009,149.02856544896787,126.73622373629125,169.22999572753906,1.179940938949585
2021-09-01,47099.7734375,424.0661623524176,370.2016672848812,149.19453621732464,126.1071910501863,169.94000244140625,1.1811953783035278
2021-09-02,48807.84765625,424.77831372503533,371.10515311883734,150.20977826854366,127.56023516273808,169.5,1.1842306852340698
2021-09-03,49288.25,423.5226862527916,368.43345133980495,150.10238418360416,127.37415792012699,170.58999633789062,1.1874228715896606
2021-09-04,50009.32421875,,,,,,
2021-09-05,49937.859375,,,,,,
2021-09-06,51769.00390625,,,,,,1.1885942220687866
2021-09-07,52660.48046875,424.20669853552585,370.82338804966736,151.2836060822293,127.87033605097415,169.55999755859375,1.187394618988037
2021-09-08,46827.76171875,422.5013195727054,371.0663801624214,153.24580029178898,126.77167005373192,168.02000427246094,1.1845533847808838
2021-09-09,45774.7421875,422.3232551840981,370.1725350030054,151.79126431107525,128.09184244359508,168.1699981689453,1.1820330619812012
2021-09-10,46396.6640625,422.64189201792766,370.3862376026058,151.3129047338198,127.63996799472868,167.80999755859375,1.1823545694351196
2021-09-11,44869.83984375,,,,,,
2021-09-12,45206.62890625,,,,,,
2021-09-13,46057.21484375,420.3929414709391,368.20989107721255,147.04686479158386,128.3399330773157,167.4499969482422,1.1812511682510376
2021-09-14,44960.05078125,419.90575326564493,367.1120810732379,146.77349074156675,129.4740606535823,168.22000122070312,1.1810698509216309
2021-09-15,47098.0,416.62609222178327,365.04270476619996,145.0261185341006,128.78291099491332,168.1300048828125,1.18035888671875
2021-09-16,48158.90625,419.15608350800755,365.9655843601332,144.90897545621797,128.33104789008445,164.3800048828125,1.1819353103637695
2021-09-17,47771.00390625,418.2428600689456,367.07324437526984,145.27994241453277,127.91461050505706,163.86000061035156,1.17648446559906
2021-09-18,47273.52734375,,,,,,
2021-09-19,48268.85546875,,,,,,
2021-09-20,47261.40625,408.8048589294982,357.40373906547455,140.37938418585364,127.78173243888565,164.2899932861328,1.1728830337524414
2021-09-21,43012.234375,410.3558724154265,357.5203744709026,140.5062336067531,126.68306905484201,165.80999755859375,1.1725666522979736
2021-09-22,40677.953125,409.9046690416803,357.04379244259434,141.01387841720836,127.4273243482395,165.88999938964844,1.1726078987121582
2021-09-23,43560.296875,413.4767946462248,360.6134280684026,143.1615238009879,127.63997060618787,164.10000610351562,1.1688934564590454
2021-09-24,44894.30078125,414.97146438680744,360.5063576936416,142.19507259526048,127.409615241231,163.0,1.1741775274276733
2021-09-25,42840.890625,,,,,,
2021-09-26,42721.62890625,,,,,,
2021-09-27,43234.18359375,416.2593696919336,360.06877162163283,142.0096450384804,126.83367962302113,163.85000610351562,1.1722092628479004
2021-09-28,42200.8984375,413.32646012046985,355.66271239422485,139.8424227657557,124.97308099076541,162.72999572753906,1.1696043014526367
2021-09-29,41064.984375,409.0962556033454,351.2858920320007,139.08096654322168,124.28195493995459,162.35000610351562,1.168688416481018
2021-09-30,41551.26953125,409.8764821735044,351.091238760543,140.2426397437822,126.38184747316727,162.66000366210938,1.1602274179458618
2021-10-01,43816.7421875,405.1386734490561,348.7862203586933,138.52453927839463,123.98069959799044,164.27000427246094,1.1574207544326782
2021-10-02,48137.46875,,,,,,
2021-10-03,47680.02734375,,,,,,
2021-10-04,48208.90625,407.03752756364304,348.7084085068805,138.3878720570302,123.50225920473926,163.69000244140625,1.160725712776184
2021-10-05,49174.9609375,404.4430304326626,344.0300027634827,136.17186716291496,122.97952263414273,163.94000244140625,1.1616560220718384
2021-10-06,51486.6640625,403.5312059070278,344.389829971963,136.15234566592073,123.14783651524101,164.22999572753906,1.1595144271850586
2021-10-07,55338.625,412.1043841974191,352.8711994076054,139.65692980871162,125.59328232971849,164.02000427246094,1.1555349826812744
2021-10-08,53802.14453125,413.1290299205683,354.11619466511115,140.60387247260306,126.07172270600644,166.32000732421875,1.1559224128723145
2021-10-09,53929.78125,,,,,,
2021-10-10,54952.8203125,,,,,,
2021-10-11,54734.125,410.9481526531211,349.7393762271604,138.88575464341304,126.14261017307635,164.0399932861328,1.1565908193588257
2021-10-12,57526.83203125,409.5474922480039,350.0312162202531,139.82286975119803,126.34640117793627,164.57000732421875,1.15529465675354
2021-10-13,56038.2578125,408.64494135304466,349.67133797686546,137.88024208325538,126.16916438293549,165.27999877929688,1.1530966758728027
2021-10-14,57372.83203125,412.7529748558683,353.736922473193,138.7295267040612,126.55016627797448,168.19000244140625,1.1599582433700562
2021-10-15,57345.90234375,418.0829930190192,357.8121817077922,140.3500225311004,128.04756122861326,165.38999938964844,1.1590708494186401
2021-10-16,61609.52734375,,,,,,
2021-10-17,60887.65234375,,,,,,
2021-10-18,61548.8046875,417.34974716147195,357.54958181402935,140.03766984054468,127.18810981270775,165.4199981689453,1.159595012664795
2021-10-19,62043.1640625,422.00294140527114,363.52161944896375,143.51295730034732,123.22762022509848,166.5,1.1614537239074707
2021-10-20,64284.5859375,424.0805321054758,365.6515535892763,145.16279603857302,124.17563791201813,166.2100067138672,1.1633858680725098
2021-10-21,66002.234375,424.68215501700655,363.9204072639906,145.27014914498275,125.57838302271371,166.6999969482422,1.165243148803711
2021-10-22,62237.890625,425.96064249714215,365.6905542419816,146.12924283758312,124.26789405125373,168.6699981689453,1.1625880002975464
2021-10-23,60694.62890625,,,,,,
2021-10-24,61368.34375,,,,,,
2021-10-25,60893.92578125,427.041662859405,365.28202289509034,145.14322894722775,125.17719059073556,168.66000366210938,1.1641308069229126
2021-10-26,63032.76171875,429.78654991386077,369.82426700241473,145.77776213009912,126.25596156186651,167.8800048828125,1.161170482635498
2021-10-27,60352.0,429.0815570599391,369.19203648262067,145.80708231384622,127.61104736876244,167.72999572753906,1.1598236560821533
2021-10-28,58470.73046875,428.1508248045862,371.49718141168137,146.256135746264,126.49664681537062,168.97999572753906,1.1598910093307495
2021-10-29,60624.87109375,428.53631168742606,370.6315800201051,143.7179733088264,126.73736873291422,166.2899932861328,1.1683744192123413
2021-10-30,62239.36328125,,,,,,
2021-10-31,61850.48828125,,,,,,
2021-11-01,61320.44921875,432.70056774459283,375.981023481736,145.44586537540286,127.80716532440289,167.3800048828125,1.1559356451034546
2021-11-02,60963.25390625,432.6253899070384,376.2144686065333,145.12372094423125,127.23660571001334,167.42999267578125,1.1601735353469849
2021-11-03,63254.3359375,433.6407307983925,378.8891678338036,146.8125891838913,128.49366837275824,165.33999633789062,1.158077597618103
2021-11-04,62941.8046875,437.4572266750685,383.6842314026562,147.97431139150908,127.34359027852938,167.50999450683594,1.1615750789642334
2021-11-05,61460.078125,441.14219466561576,389.0920916180877,148.49331669815876,129.66155766409213,168.4199981689453,1.1556684970855713
2021-11-06,61068.875,,,,,,
2021-11-07,61554.921875,,,,,,
2021-11-08,63344.06640625,441.5370209098921,387.6623426124407,148.02402320404659,129.71500476396352,170.42999267578125,1.1568450927734375
2021-11-09,67549.734375,441.1798210293701,388.2361888677813,146.84111017051336,129.29602890203384,170.72999572753906,1.1588693857192993
2021-11-10,66953.3359375,437.6640963262321,381.72926606554546,146.6651351263565,129.9289956159885,173.6699981689453,1.159366488456726
2021-11-11,64978.890625,437.31627671722447,381.82661172108067,145.6288070022433,130.9274966622123,173.97999572753906,1.1485671997070312
2021-11-12,64863.98046875,437.2316347180003,381.0483565829785,145.11067671997742,130.82052873720792,173.50999450683594,1.1447803974151611
2021-11-13,64158.12109375,,,,,,
2021-11-14,64455.37109375,,,,,,
2021-11-15,65521.2890625,440.5406680944853,385.0751708088336,147.00728981052836,131.07901939680886,174.10000610351562,1.1442302465438843
2021-11-16,63721.1953125,439.13992102624314,383.0812526688252,146.5869216938867,131.39994884341863,173.97000122070312,1.1367381811141968
2021-11-17,60139.62109375,440.87897766963937,386.8648496608476,147.6232038564801,131.02556328178648,174.24000549316406,1.1316184997558594
2021-11-18,60360.13671875,441.10469867386576,388.79057170851496,150.27258025090998,131.0879181304471,173.9600067138672,1.1318106651306152
2021-11-19,56896.12890625,441.45246699733707,392.38922695517255,154.12448394226502,131.899230000889,173.69000244140625,1.1370097398757935
2021-11-20,58115.08203125,,,,,,
2021-11-21,59730.5078125,,,,,,
2021-11-22,58706.84765625,442.65573171479053,394.47080387333807,158.06437288139423,131.0255461878518,169.89999389648438,1.1275737285614014
2021-11-23,56304.5546875,439.20574375407494,387.2148455722131,157.51687668201387,131.79226475257687,167.27999877929688,1.1243535280227661
2021-11-24,57565.8515625,438.1152611459688,384.12187605855655,157.15516717862224,132.63027819309286,166.5800018310547,1.1243914365768433
2021-11-25,57165.41796875,,,,,,1.1206992864608765
2021-11-26,58960.28515625,434.61837171536075,385.2696201765238,156.00157185337474,132.46087725118673,168.60000610351562,1.1209003925323486
2021-11-27,53736.4296875,,,,,,
2021-11-28,54813.0234375,,,,,,
2021-11-29,57291.90625,436.24463852719293,385.0556850127537,155.80603121042097,131.7565645009045,166.83999633789062,1.1291142702102661
2021-11-30,57830.11328125,434.29882936456096,387.8665791578093,156.41215841772612,131.77440144364613,167.77000427246094,1.1293565034866333
2021-12-01,56907.96484375,433.9602845358961,387.3801898424028,163.7346852701077,129.13556183999304,166.83999633789062,1.1330032348632812
2021-12-02,57217.37109375,423.7044336964784,375.24175177395284,155.1901268526862,131.06121007379866,165.88999938964844,1.1319644451141357
2021-12-03,56509.1640625,431.638417799551,380.60099735187833,160.35203598315746,131.96164449115383,165.49000549316406,1.130684494972229
2021-12-04,53727.87890625,,,,,,
2021-12-05,49201.51953125,,,,,,
2021-12-06,49413.48046875,428.78076881460004,373.1311552405075,160.61599065605895,133.896228789678,166.13999938964844,1.1302627325057983
2021-12-07,50581.828125,436.5642266881175,382.27390933098576,165.29885432698077,135.4652717595466,166.1999969482422,1.1284515857696533
2021-12-08,50667.6484375,440.5969864571496,387.2733248388635,168.28070694285483,135.21562896713712,166.50999450683594,1.1273066997528076
2021-12-09,50450.08203125,440.07993978691974,387.44833232178706,170.99856639649678,135.78622471383645,166.5399932861328,1.1344043016433716
2021-12-10,47642.14453125,441.0952372334483,385.7657016429064,171.29179439045112,137.15916244188503,166.72000122070312,1.129407525062561
2021-12-11,47264.6328125,,,,,,
2021-12-12,49354.85546875,,,,,,
2021-12-13,50114.7421875,441.9976995198621,387.1079592169525,177.0696450374433,138.45187826849678,166.89999389648438,1.1311193704605103
2021-12-14,46709.82421875,435.3233478323497,376.7006870204364,171.3308817563336,140.76973721398244,165.33999633789062,1.1283371448516846
2021-12-15,48379.75390625,435.63366301970495,377.3231972273167,171.19402728468987,140.53796451971127,165.27000427246094,1.1258726119995117
2021-12-16,48900.46484375,444.23497726904446,387.14682731739265,175.27080896540932,141.5097123440464,167.00999450683594,1.1293054819107056
2021-12-17,47653.73046875,435.3999644120147,372.8394133470758,166.12987292514003,143.2303540337967,168.72999572753906,1.1335426568984985
2021-12-18,46219.25390625,,,,,,
2021-12-19,46853.8671875,,,,,,
2021-12-20,46707.0625,428.73056845563246,369.6538627842273,164.51677542044033,139.61081513247785,167.8800048828125,1.1242523193359375
2021-12-21,46886.078125,432.62657449075914,374.0167921394008,167.72338564818043,140.54687636269983,167.69000244140625,1.1276754140853882
2021-12-22,48937.09765625,436.56976321936594,378.7497726949041,169.1703261593658,140.6538742860494,167.5800018310547,1.1290504932403564
2021-12-23,48626.34375,442.19209581442925,384.0087984673513,171.9174985527305,142.1961968541925,168.69000244140625,1.1330161094665527
2021-12-24,50806.05078125,,,,,,1.1324644088745117
2021-12-25,50854.91796875,,,,,,
2021-12-26,50428.69140625,,,,,,
2021-12-27,50802.609375,445.3145445167092,387.84583056663473,173.12975263201184,143.2392856350904,168.9600067138672,1.132387399673462
2021-12-28,50679.859375,450.65386765775884,393.8351623802079,176.13111784462515,144.3893218980955,169.3300018310547,1.1329776048660278
2021-12-29,47623.87109375,449.9558491527363,391.25435723845357,175.31966069433915,145.50368711556015,167.36000061035156,1.1313369274139404
2021-12-30,46490.60546875,450.85198851964896,390.84533941347075,175.4565540145469,146.5645904754135,168.42999267578125,1.1359764337539673
2021-12-31,47169.37109375,448.69166600009044,389.21898010882563,174.1073747963206,145.19163691818554,170.52999877929688,1.1323232650756836
2022-01-01,46311.74609375,,,,,,
2022-01-02,47680.92578125,,,,,,
2022-01-03,47343.54296875,449.31432242601716,388.62498213644994,173.85319685203027,144.14858819818045,168.86000061035156,1.1373846530914307
2022-01-04,46458.8515625,452.0688648240115,391.7316468203268,178.54586564233023,144.68352780235648,168.89999389648438,1.1301988363265991
2022-01-05,45899.359375,450.1256615847804,384.42746572757045,175.59339039534856,145.70874972281104,170.6199951171875,1.1285407543182373
2022-01-06,43565.51171875,441.3808839040391,372.42940265304225,168.83793801323478,146.51112616762933,167.16000366210938,1.1312217712402344
2022-01-07,43153.5703125,441.43746414128117,373.9973526174732,169.0236630282213,145.43237545950055,167.3699951171875,1.129586100578308
2022-01-08,41561.46484375,,,,,,
2022-01-09,41734.7265625,,,,,,
2022-01-10,41910.23046875,436.4849195241094,365.0279090976705,165.29885816519484,144.8796610995661,167.36000061035156,1.135344386100769
2022-01-11,41819.5078125,438.8715364116939,369.4492843140459,168.46646040973286,142.83805267578757,168.44000244140625,1.1332728862762451
2022-01-12,42742.1796875,444.8712086177971,378.3115168914577,172.1814317936139,141.090689097018,170.19000244140625,1.1370097398757935
2022-01-13,43946.7421875,445.4371314065704,378.61344007139684,171.8490227811223,142.0268084240787,170.08999633789062,1.1439814567565918
2022-01-14,42598.87109375,435.06044163485194,365.27139040203764,167.50832321300913,140.9212968736152,170.22000122070312,1.14565908908844
2022-01-15,43101.8984375,,,,,,
2022-01-16,43172.0390625,,,,,,
2022-01-17,43118.12109375,,,,,,1.1412137746810913
2022-01-18,42250.07421875,433.69263571758285,364.2682288705133,167.6745435442064,141.33140903592013,169.63999938964844,1.141291856765747
2022-01-19,42374.0390625,432.17377646871046,362.4276169600093,166.19829964047344,140.51124947036925,170.38999938964844,1.1330032348632812
2022-01-20,41744.02734375,428.04193941787696,360.1293840637579,163.24585020445963,143.51969122752132,172.30999755859375,1.134352684020996
2022-01-21,40699.60546875,420.31596407281415,350.07894570355364,160.74309086318223,146.10109093495413,172.0399932861328,1.1315417289733887
2022-01-22,36471.58984375,,,,,,
2022-01-23,35047.359375,,,,,,
2022-01-24,36275.734375,407.5525363125253,336.8732363075076,156.44149634340394,146.4865113568122,171.77999877929688,1.1340954303741455
2022-01-25,36654.8046875,408.52416133637433,337.6132971711856,155.4247355135648,143.81547668224107,171.9499969482422,1.132387399673462
2022-01-26,36950.515625,415.7501538816743,343.69032292092504,159.84364519078215,141.02789979032877,171.38999938964844,1.130352258682251
2022-01-27,36841.87890625,413.42959969479165,340.27193267364703,158.81711052646853,142.27377048405384,168.02000427246094,1.1242270469665527
2022-01-28,37128.4453125,408.16568303658295,334.0684979136164,162.00425626677838,142.16622023769972,166.55999755859375,1.1146159172058105
2022-01-29,37780.71484375,,,,,,
2022-01-30,38151.91796875,,,,,,
2022-01-31,37920.28125,416.2407272712182,343.97275169174054,166.35473547583268,142.82949495700842,167.7899932861328,1.115138053894043
2022-02-01,38481.765625,425.1458850994215,354.90930487488953,170.11858160517104,144.1202082242144,168.57000732421875,1.12291419506073
2022-02-02,38743.71484375,429.6927977248774,360.10015246087346,170.84204842565634,143.53763171499736,168.33999633789062,1.1273066997528076
2022-02-03,36944.8046875,425.4005449511961,349.1634773534148,170.57811566132818,145.1868576818652,168.30999755859375,1.1299946308135986
2022-02-04,37149.265625,421.0611533315171,344.8298123537539,168.05457472378333,146.21765049038473,168.0399932861328,1.1435105800628662
2022-02-05,41501.48046875,,,,,,
2022-02-06,41441.12109375,,,,,,
2022-02-07,42406.78125,424.04213853628335,349.25114058242553,169.20965988540354,145.08826881054244,169.4499969482422,1.1454622745513916
2022-02-08,43854.65234375,421.4196773714475,344.71289795589774,168.1035342150904,144.4160246467766,170.10000610351562,1.144086241722107
2022-02-09,44096.703125,429.4286854386847,354.25691149334943,172.33231049138615,143.73477615205698,170.67999267578125,1.1421130895614624
2022-02-10,44347.80078125,425.7684883309894,350.12762153742625,170.46260694632986,142.59641629028286,170.52000427246094,1.142126202583313
2022-02-11,43571.12890625,423.947845988049,349.0660901088654,168.690860750742,141.6283967549695,170.75,1.1411746740341187
2022-02-12,42412.30078125,,,,,,
2022-02-13,42236.56640625,,,,,,
2022-02-14,42157.3984375,414.9955162101405,337.43799008762295,163.83556797241158,139.95229614787104,173.77999877929688,1.1365832090377808
2022-02-15,42586.46484375,418.58969014890727,343.69035309651895,167.35956986279012,141.41332009782553,173.10000610351562,1.1306078433990479
2022-02-16,44578.27734375,418.77825854843894,344.57655164209007,168.22097415914394,140.5707753596778,173.49000549316406,1.135563611984253
2022-02-17,43937.0703125,418.10854352626,343.5248549073533,167.41828169802858,141.96009726024062,176.6999969482422,1.1373329162597656
2022-02-18,40552.1328125,412.5522705879942,337.36011738339107,166.23386310925557,142.96395442555476,177.07000732421875,1.1363893747329712
2022-02-19,40026.0234375,,,,,,
2022-02-20,40118.1015625,,,,,,
2022-02-21,38423.2109375,,,,,,1.131733775138855
2022-02-22,37068.76953125,407.4204966635997,329.64703413059453,161.49605730830203,143.5106831965167,177.6699981689453,1.1309658288955688
2022-02-23,38285.28125,408.14686816140767,332.40316803939936,162.04421705709984,141.88836881910166,177.38999938964844,1.1330546140670776
2022-02-24,37278.56640625,387.7328175718437,310.51036496050875,149.35790916683425,139.5041305168397,182.58999633789062,1.1305949687957764
2022-02-25,38333.74609375,405.2696289017005,332.393401594117,160.3801542624622,136.53727676718765,176.4199981689453,1.1190814971923828
2022-02-26,39213.08203125,,,,,,
2022-02-27,39098.69921875,,,,,,
2022-02-28,37706.0,407.55255287050466,333.5619955810024,159.61662156600548,140.08676584826486,178.86000061035156,1.118105411529541
2022-03-01,43194.50390625,410.3919967190823,336.7173519143617,161.22195543903135,138.3120209185539,179.0500030517578,1.1214659214019775
2022-03-02,44357.6171875,407.8732634005898,334.11712876141945,160.91852050375005,137.10199366492932,180.1300048828125,1.1131023168563843
2022-03-03,43925.1953125,415.51427803635465,340.78811757689374,164.91235266773373,137.82801313583593,179.9600067138672,1.1113580465316772
2022-03-04,42458.140625,407.2883840604993,330.9617802598061,161.01642127862274,137.2454025459266,182.11000061035156,1.1069294214248657
2022-03-05,39148.44921875,,,,,,
2022-03-06,39404.19921875,,,,,,
2022-03-07,38429.3046875,407.09969537962036,328.47833680830547,159.91023439793054,138.47336087895474,184.4499969482422,1.087393879890442
2022-03-08,38059.90234375,395.84559581407734,315.5842827764271,155.46617371481233,136.4028823203746,188.35000610351562,1.08695650100708
2022-03-09,38742.81640625,401.052866089248,323.08302735130843,158.06996768709067,133.40013659898588,186.0399932861328,1.0900845527648926
2022-03-10,41974.0703125,398.5813104458791,322.1774050898638,156.81700107101284,132.47694425675047,186.8800048828125,1.1073338985443115
2022-03-11,39439.96875,403.86407311815816,325.58593350178387,155.57381332247203,130.32573306551436,183.74000549316406,1.1012123823165894
2022-03-12,38794.46484375,,,,,,
2022-03-13,38884.7265625,,,,,,
2022-03-14,37846.31640625,397.0436722577172,314.6882612249,148.25179027503273,129.47428390705184,183.02999877929688,1.0932546854019165
2022-03-15,39664.25,395.98714740326733,312.497056425142,147.71337523300835,131.76884153953492,179.10000610351562,1.094534993171692
2022-03-16,39335.5703125,405.5337798825797,323.4921524521994,153.73353879751855,135.01357749789113,179.1300048828125,1.0967316627502441
2022-03-17,41140.84375,409.02413595065417,329.53009956836956,155.26058530967927,134.43990461055603,181.16000366210938,1.102244257926941
2022-03-18,40944.83984375,414.467909206015,333.78605460654137,157.12042735161046,135.2286686564582,179.92999267578125,1.1098902225494385
2022-03-19,41794.6484375,,,,,,
2022-03-20,42191.40625,,,,,,
2022-03-21,41246.1328125,420.46728690424806,341.472747390431,160.05708320205216,134.84323766708516,179.3300018310547,1.1042159795761108
2022-03-22,41074.10546875,421.9055997031732,341.8530501225999,162.01484532225444,137.52326627045122,179.60000610351562,1.1016370058059692
2022-03-23,42364.37890625,422.8991946168003,345.1878599650433,164.44248019289995,136.4207425596193,180.2899932861328,1.1030100584030151
2022-03-24,42886.65234375,421.9813008840571,344.98297609778405,167.44764277770662,135.246581308481,182.35000610351562,1.1006306409835815
2022-03-25,43964.546875,426.92085470819296,350.6287849157161,170.20810721060892,135.90991568631665,181.80999755859375,1.100897192955017
2022-03-26,44349.859375,,,,,,
2022-03-27,44505.35546875,,,,,,
2022-03-28,46821.8515625,427.77248986490883,350.38496370665933,168.53422465828777,137.71145165963986,180.3800048828125,1.098189115524292
2022-03-29,47100.4375,435.30482687325934,359.7066966193203,172.95877935054617,139.26213949495803,177.02000427246094,1.0993843078613281
2022-03-30,47456.8984375,435.60766008577025,360.07732080471203,174.77948791199498,136.68968802748896,179.75999450683594,1.1091516017913818
2022-03-31,47062.1484375,433.2892406276236,358.08813467922835,174.0844546486926,138.12379855597024,180.91000366210938,1.1161835193634033
2022-04-01,45554.1640625,428.9553659870978,353.7684957143745,170.35497284823808,137.60394499507254,179.5500030517578,1.1072357892990112
2022-04-02,46285.5,,,,,,
2022-04-03,45859.12890625,,,,,,
2022-04-04,46445.2734375,428.7849739372156,353.6710022659616,170.8835878567689,137.86383847798174,180.24000549316406,1.1047282218933105
2022-04-05,46624.5078125,430.7627409154782,358.6439089147844,173.7516656886956,137.68460540047815,180.91000366210938,1.0975863933563232
2022-04-06,45544.35546875,422.8803274607899,346.78684426072545,168.72019203962893,138.41062190452098,179.77999877929688,1.090643286705017
2022-04-07,43207.5,421.65012756907544,343.46194118095065,167.5455818608837,141.502922014401,179.8699951171875,1.0898232460021973
2022-04-08,43505.13671875,423.9022463943376,343.5399894735771,168.15246782773184,143.14323148350746,180.52000427246094,1.0864840745925903
2022-04-09,42282.078125,,,,,,
2022-04-10,42781.08984375,,,,,,
2022-04-11,42201.0390625,420.24958914576314,336.2171310728011,165.14730089465874,143.3672887229911,183.1699981689453,1.0884946584701538
2022-04-12,39533.71484375,419.27500151988085,337.14340927653535,164.47185939466212,142.79365021089296,184.0399932861328,1.0877959728240967
2022-04-13,40123.5703125,414.49635079817483,331.33193225146346,163.8551587010773,142.58750766947642,184.5,1.0826143026351929
2022-04-14,41160.21875,419.7196509137634,337.80639506262133,167.01696134936807,143.39419531552136,184.27999877929688,1.089656949043274
2022-04-15,39939.40234375,,,,,,1.0820988416671753
2022-04-16,40552.31640625,,,,,,
2022-04-17,40417.77734375,,,,,,
2022-04-18,39721.203125,413.341833148195,328.9430006089207,160.4584131571765,142.04971279185705,185.9499969482422,1.081525444984436
2022-04-19,40828.17578125,414.33540185587515,329.6060677727792,161.53521398147984,140.5169861817382,183.19000244140625,1.0781787633895874
2022-04-20,41501.74609375,422.90869921932216,338.440226895412,165.19622127922986,143.86029494172755,181.58999633789062,1.0794472694396973
2022-04-21,41371.515625,424.4416483063958,336.5876696247048,165.34306268686478,147.65990466876573,181.77000427246094,1.0849870443344116
2022-04-22,40525.86328125,413.43644206750025,325.97876223802604,162.94480808191494,147.13706838621275,180.72000122070312,1.0835175514221191
2022-04-23,39738.72265625,,,,,,
2022-04-24,39478.375,,,,,,
2022-04-25,39472.60546875,400.90780109531795,315.6624178317536,157.71755627231695,145.74899528052092,177.1699981689453,1.0811045169830322
2022-04-26,40448.421875,402.95176302506155,319.3092199050992,158.82370741856425,146.6323182929527,177.9499969482422,1.0714209079742432
2022-04-27,38120.30078125,394.8232669941469,309.33413839029913,152.61759051221244,144.4060189317315,176.4600067138672,1.0643619298934937
2022-04-28,39241.4296875,399.6019576141651,313.8292925866465,155.88704759214835,144.70346242489353,175.9199981689453,1.0555092096328735
2022-04-29,39768.6171875,400.832054296418,315.63319453014344,158.42235165998022,146.44304687522683,178.07000732421875,1.0504201650619507
2022-04-30,38605.859375,,,,,,
2022-05-01,37713.265625,,,,,,
2022-05-02,38472.1875,389.93102468617633,305.03402196148,153.40072515321864,145.6588777962184,173.61000061035156,1.0535964965820312
2022-05-03,38528.109375,392.7131004763314,310.56275386246165,154.81028218380573,142.6122694455333,173.88999938964844,1.0509058237075806
2022-05-04,37748.01171875,394.67186907445193,311.35250559210664,156.29818841895514,140.458056565973,174.32000732421875,1.0528532266616821
2022-05-05,39695.74609375,401.7405161814466,317.0665892987176,160.38993331507154,140.88170978889352,177.55999755859375,1.0622477531433105
2022-05-06,36573.18359375,389.01310741996485,303.2009206408079,152.93984857664353,139.50262031957763,175.38999938964844,1.0539740324020386
2022-05-07,36042.50390625,,,,,,
2022-05-08,35502.94140625,,,,,,
2022-05-09,34060.015625,383.3355021930368,295.91711189687913,151.8810971374127,138.7725362933642,174.27000427246094,1.053219199180603
2022-05-10,30273.654296875,382.7582178604821,296.92140946385376,152.4594939260044,140.20569863935955,173.8000030517578,1.056579828262329
2022-05-11,31016.18359375,376.68316971112745,291.00263678041307,150.4792343504193,138.8356315695399,172.50999450683594,1.0532968044281006
2022-05-12,28936.734375,368.45061311196713,280.2865121271832,139.9604210928437,138.3759431981457,172.07000732421875,1.05124831199646
2022-05-13,29030.91015625,375.3961840463711,288.3503817918,141.74458368466105,137.52867704406688,168.30999755859375,1.0379581451416016
2022-05-14,29285.642578125,,,,,,
2022-05-15,30098.5859375,,,,,,
2022-05-16,31304.375,378.4905282567008,292.670001529711,142.68571610317943,138.33084041929067,168.42999267578125,1.0400632619857788
2022-05-17,29862.408203125,384.6886388298432,296.8629014948216,145.9305738468132,139.8271293207967,170.44000244140625,1.0438958406448364
2022-05-18,30424.478515625,381.82140136948277,294.0253373880529,143.96011558077154,139.41250074585497,169.00999450683594,1.0547856092453003
2022-05-19,28720.359375,367.74096102040795,282.0806822827589,137.127274568989,129.26324600143388,171.5500030517578,1.0472739934921265
2022-05-20,30311.119140625,372.1221925167826,285.8249849206857,136.3528515735585,128.12748945436718,171.7100067138672,1.057898759841919
2022-05-21,29199.859375,,,,,,
2022-05-22,29432.47265625,,,,,,
2022-05-23,30309.396484375,371.72468584727085,282.52926382740617,135.0784317492794,128.7494708805449,173.1300048828125,1.0569819211959839
2022-05-24,29101.125,371.46913169376035,280.9496220270844,138.0389654521871,130.59722456324107,173.47000122070312,1.0682048797607422
2022-05-25,29653.134765625,371.2326397707966,278.58984938084336,135.70580258630076,132.59824904593717,172.7899932861328,1.0736525058746338
2022-05-26,29564.77734375,377.25096753960395,283.2020139981043,134.68628135538745,132.0303955078125,172.1300048828125,1.0686614513397217
2022-05-27,29251.140625,385.9944981924295,295.0005155220702,142.5288570634857,132.47208322626494,173.49000549316406,1.0732953548431396
2022-05-28,28622.625,,,,,,
2022-05-29,29019.8671875,,,,,,
2022-05-30,29443.365234375,,,,,,1.0731456279754639
2022-05-31,31723.865234375,391.33149711527295,301.3677635987881,146.1364648342796,132.7604877974462,172.7100067138672,1.0773539543151855
2022-06-01,31792.5546875,392.8644826922193,302.73296615550464,146.95012359470607,133.4004513307594,172.2100067138672,1.0734105110168457
2022-06-02,29794.890625,387.42340710258367,297.2529655584795,144.920824891666,131.5707006215638,173.66000366210938,1.0654165744781494
2022-06-03,30467.806640625,390.2433318753729,301.32873605577254,144.00911981753086,131.92224917835298,173.52999877929688,1.0751069784164429
2022-06-04,29706.138671875,,,,,,
2022-06-05,29835.1171875,,,,,,
2022-06-06,29910.283203125,392.49542593941146,303.00590213951847,144.13658414441952,132.8325828738328,172.80999755859375,1.0726046562194824
2022-06-07,31371.7421875,386.17435264332806,296.23878894920125,141.50935357913772,129.4975897361537,172.11000061035156,1.0691413879394531
2022-06-08,31151.48046875,391.6910721501235,301.3481935428459,145.6560729457736,131.86816150353062,172.88999938964844,1.0698620080947876
2022-06-09,30215.279296875,387.34765697732666,298.28652730672485,144.18560463111925,131.065928044586,172.4499969482422,1.071765422821045
2022-06-10,30110.330078125,373.6645695586442,286.33203587892865,137.51941663931075,126.99179421510871,170.88999938964844,1.0619205236434937
2022-06-11,29084.666015625,,,,,,
2022-06-12,28373.513671875,,,,,,
2022-06-13,26737.578125,359.4420946590602,272.77841004096007,130.2552525242583,125.73892856898287,171.17999267578125,1.0489987134933472
2022-06-14,22487.986328125,356.6032925923492,270.7404459125776,130.51014411570253,123.94522918345939,169.61000061035156,1.0415147542953491
2022-06-15,22196.73046875,357.08582684228884,272.4566377365892,131.64731188113106,121.1780823705365,170.39999389648438,1.0440592765808105
2022-06-16,22576.3046875,350.60392594515343,268.7221159754249,129.4807554755027,118.10449975009456,170.55999755859375,1.0456204414367676
2022-06-17,20385.71875,347.3665849634016,265.3969941010531,127.5103548974603,119.48355184298924,172.14999389648438,1.0546854734420776
2022-06-18,20473.42578125,,,,,,
2022-06-19,19010.90234375,,,,,,
2022-06-20,20553.37109375,,,,,,1.049141764640808
2022-06-21,20594.294921875,353.4298843377524,272.3257624590559,130.79441426737327,121.34033896805659,171.05999755859375,1.0520778894424438
2022-06-22,20719.4140625,352.2229356289405,272.10115516724903,132.13743964836019,122.29578184029458,171.61000061035156,1.053263545036316
2022-06-23,19986.607421875,357.94408234086904,276.68305987863914,134.1275183400123,125.3333391240113,171.38999938964844,1.0564124584197998
2022-06-24,21084.6484375,362.4677899153683,281.10855599749834,137.1468791706762,129.97529274758816,170.24000549316406,1.052011489868164
2022-06-25,21233.609375,,,,,,
2022-06-26,21496.494140625,,,,,,
2022-06-27,21028.23828125,371.63875334523215,289.1782562499726,139.89178050713437,129.90317713466666,170.60000610351562,1.0566133260726929
2022-06-28,20731.544921875,370.859513206885,286.2474363739082,139.33299738336785,129.38038843772156,170.07000732421875,1.0580891370773315
2022-06-29,20281.169921875,362.3063153699562,276.86868491471404,134.75492447437682,127.63180297287175,170.5800018310547,1.0523545742034912
2022-06-30,20108.3125,357.5639599441416,274.27966489242687,134.54901824559195,127.71293748808674,169.50999450683594,1.04465913772583
2022-07-01,19820.470703125,357.86805091376164,272.5212243301203,133.36287185008192,130.01134086447738,167.13999938964844,1.0477677583694458
2022-07-02,19274.8359375,,,,,,
2022-07-03,19242.095703125,,,,,,
2022-07-04,19297.314453125,,,,,,1.0433948040008545
2022-07-05,20225.353515625,357.22178593032197,271.89594571604516,135.05880629688934,130.31780624069887,167.17999267578125,1.0433186292648315
2022-07-06,20194.619140625,363.1425568197513,280.7275699573057,138.56834136394644,131.15608315288512,164.32000732421875,1.0257673263549805
2022-07-07,20547.814453125,366.0031367080708,282.95505535271474,140.4701612232241,130.95773454713284,162.42999267578125,1.0186411142349243
2022-07-08,21637.154296875,368.04645446042775,285.3485861471352,142.40137742200497,131.58873135590466,162.35000610351562,1.0169836282730103
2022-07-09,21716.828125,,,,,,
2022-07-10,21591.080078125,,,,,,
2022-07-11,20856.353515625,366.6968374266439,286.1301292362572,142.80334848304327,130.83159937135105,161.92999267578125,1.0166114568710327
2022-07-12,19970.474609375,364.6061122917404,283.6291449016066,142.89155544175705,131.47157342295728,161.22000122070312,1.004752516746521
2022-07-13,19325.97265625,356.48050078741414,274.1331989926005,140.17610485424197,130.1645904343581,160.10000610351562,1.0033109188079834
2022-07-14,20211.466796875,355.064490796516,276.46805152929664,141.24462523992875,129.57870434657386,159.02000427246094,1.0032706260681152
2022-07-15,20573.15625,363.5607769406915,283.0527371949575,146.83244295612025,131.00284675511955,159.00999450683594,1.0025665760040283
2022-07-16,20834.103515625,,,,,,
2022-07-17,21195.041015625,,,,,,
2022-07-18,20781.912109375,369.10129418165167,287.92777771278395,147.77357228115997,130.64230776307227,160.0800018310547,1.009631872177124
2022-07-19,22467.849609375,366.91553906146305,286.3548706124073,145.0090823866063,130.30881570317615,159.47000122070312,1.0145177841186523
2022-07-20,23393.19140625,372.98828349436786,291.84534577642216,148.14609070693865,129.7950467093568,159.7100067138672,1.0231330394744873
2022-07-21,23233.201171875,374.5944510061109,296.5054054078204,151.45958316742,127.55312837499925,158.30999755859375,1.0182781219482422
2022-07-22,23163.751953125,379.1181717855212,299.3679507669195,152.3320525114364,127.69831694457426,160.5500030517578,1.0221081972122192
2022-07-23,22706.984375,,,,,,
2022-07-24,22465.509765625,,,,,,
2022-07-25,22607.15625,376.1055368569356,295.05949165968326,150.9791857674136,129.54900855237315,160.63999938964844,1.0200231075286865
2022-07-26,21361.12109375,374.2902731538691,291.649945827495,149.2636385384265,129.449181712554,160.22999572753906,1.022494912147522
2022-07-27,21244.169921875,374.78449853291994,292.1481871544827,149.57738561961435,130.52879554575696,160.02000427246094,1.0129557847976685
2022-07-28,22933.640625,381.94070485844315,299.5241610241445,153.8907653704556,132.5790588098396,163.30999755859375,1.0209290981292725
2022-07-29,23845.212890625,387.34833097700186,304.2136703856845,158.06696899861157,128.30613817100667,163.88999938964844,1.0192328691482544
2022-07-30,23796.818359375,,,,,,
2022-07-31,23652.0703125,,,,,,
2022-08-01,23336.71875,388.84033261494034,306.4214903306957,157.84145882480365,125.5028678138699,164.97999572753906,1.0208247900009155
2022-08-02,23308.43359375,388.81185464934134,305.7083674554013,156.94937000342367,129.83020923203668,165.66000366210938,1.0261356830596924
2022-08-03,22981.302734375,389.9332960683664,308.7661886884473,157.67481177613547,128.51478540429022,164.77000427246094,1.015568733215332
2022-08-04,22848.21484375,393.80123040665455,315.5267304861252,162.7430888021846,131.4087624104567,165.52999877929688,1.015764594078064
2022-08-05,22626.833984375,389.32507853281464,311.8338701673425,160.22042780912037,130.41084173223945,164.99000549316406,1.024779200553894
2022-08-06,23291.423828125,,,,,,
2022-08-07,22963.505859375,,,,,,
2022-08-08,23179.52734375,394.63757214293867,315.253165518733,163.32253000929188,131.57207577262287,166.02999877929688,1.0170871019363403
2022-08-09,23811.484375,391.7579620888554,311.42351504824404,161.0155852740051,132.06194821371562,167.47999572753906,1.0197629928588867
2022-08-10,23162.8984375,397.9923437821938,317.10937327023964,164.60854654925055,132.35225494244804,167.38999938964844,1.0208144187927246
2022-08-11,23948.345703125,401.993357133819,320.74360811155844,166.9449048275435,133.18688776943674,167.16000366210938,1.0300782918930054
2022-08-12,23957.203125,401.0810138483799,318.66269991315835,166.70935086886797,132.37041923067008,167.1699981689453,1.0316723585128784
2022-08-13,24402.1875,,,,,,
2022-08-14,24429.056640625,,,,,,
2022-08-15,24318.31640625,403.68498595264106,321.8280597641891,168.3781703061028,133.24135560745597,165.99000549316406,1.0256409645080566
2022-08-16,24126.13671875,406.49802644193505,324.40720036948693,169.61512926108554,134.59307363510467,165.30999755859375,1.0161981582641602
2022-08-17,23881.31640625,404.76845200711864,321.48611386986494,169.6052979143018,135.2643949356201,165.2100067138672,1.0170663595199585
2022-08-18,23341.0390625,405.6712159722093,320.8705858438306,170.56732446959606,135.05574450355894,164.60000610351562,1.0180189609527588
2022-08-19,23213.3125,403.8845695793236,318.65302542531253,169.86055507755876,135.364185186226,163.64999389648438,1.0089900493621826
2022-08-20,20872.841796875,,,,,,
2022-08-21,21160.392578125,,,,,,
2022-08-22,21531.462890625,396.34816754384633,311.15974534576816,166.58171149389958,135.15554061282444,161.66000366210938,1.0035223960876465
2022-08-23,21401.044921875,392.4041568162922,306.8806428397244,164.0195016745625,134.6565696529668,161.9600067138672,0.9939467906951904
2022-08-24,21526.455078125,391.6533959625738,306.3824241250464,164.2551587296091,133.0054438203634,162.44000244140625,0.9966909885406494
2022-08-25,21395.458984375,394.6280951098861,309.52816629459426,165.68840868200775,131.75349801930355,163.97000122070312,0.9969095587730408
2022-08-26,21596.0859375,398.5720522592657,312.89863119826936,167.44558409670634,132.45202757241543,163.1199951171875,0.9971283078193665
2022-08-27,20262.48046875,,,,,,
2022-08-28,20041.03515625,,,,,,
2022-08-29,19615.154296875,382.2353335276929,297.599591598888,158.19810669053518,128.1882129123238,161.8800048828125,0.993867814540863
2022-08-30,20298.611328125,383.80344189629403,299.045490832156,159.1601794345339,129.1951673047501,161.27000427246094,1.0014019012451172
2022-08-31,19799.58203125,380.07802891985665,296.9841164897894,157.37354474862363,127.37167959773782,159.5,1.0025062561035156
2022-09-01,20050.498046875,373.38753471575,289.88174038469464,153.77079140207798,125.0401876661546,158.1699981689453,1.003905177116394
2022-09-02,20126.072265625,380.41068976459894,295.37217284959314,156.82379496598037,127.38985949900925,159.35000610351562,0.995232880115509
2022-09-03,19969.71875,,,,,,
2022-09-04,19832.470703125,,,,,,
2022-09-05,19988.7890625,,,,,,0.9909427762031555
2022-09-06,19817.724609375,373.6156334387337,288.84616005182266,153.60386838160778,123.27115880550049,159.1699981689453,0.9952229857444763
2022-09-07,18837.68359375,371.04956742201074,286.7749528560577,151.98409298992328,123.40720681275629,158.14999389648438,0.9897951483726501
2022-09-08,19289.94140625,375.7633523475096,290.0086826705722,151.80741774838046,124.29628273229184,159.5399932861328,0.9995701909065247
2022-09-09,19328.140625,382.74855148359427,295.8508631880941,152.62220516793604,125.14904912002947,159.72000122070312,1.0012015104293823
2022-09-10,21376.912109375,,,,,,
2022-09-11,21678.54296875,,,,,,
2022-09-12,21770.1484375,388.48874399097315,301.39024631695224,156.66672837890903,126.47357943833624,161.0399932861328,1.0071406364440918
2022-09-13,22371.48046875,381.88367179340526,294.84460581073347,156.97104316313002,127.7164683500345,158.47000122070312,1.0129557847976685
2022-09-14,20184.5546875,374.88902163325827,288.07431078310657,151.9546696901294,125.79316315422545,158.67999267578125,0.9982032775878906
2022-09-15,20242.2890625,373.45402792521134,287.2926966209855,151.81719923234522,125.90201562949953,156.75999450683594,0.9984025359153748
2022-09-16,19704.005859375,366.57147330224217,281.08908996251955,148.44022763272653,124.68636810932334,154.66000366210938,0.9988313317298889
2022-09-17,19777.033203125,,,,,,
2022-09-18,20127.234375,,,,,,
2022-09-19,19418.572265625,364.77744712887517,280.0087093607299,146.5750321533895,125.37583107683378,154.8699951171875,1.002234935760498
2022-09-20,19545.591796875,367.44944233835855,282.3477921314196,150.59008188296497,124.65915374953299,155.02999877929688,1.0029587745666504
2022-09-21,18891.283203125,368.4513532726731,283.42450580026133,154.45792171393398,125.26700275083245,155.97000122070312,0.997078537940979
2022-09-22,18534.650390625,359.3571850053135,275.996049179424,149.58879338602387,123.14413062439002,156.25999450683594,0.983071506023407
2022-09-23,19412.400390625,353.63161092219536,271.6407101821921,148.42058784002563,123.08968994547226,153.89999389648438,0.9841550588607788
2022-09-24,19296.990234375,,,,,,
2022-09-25,18936.310546875,,,,,,
2022-09-26,18803.900390625,349.6523393463072,269.174363457484,146.91860212230296,122.998971650769,153.22000122070312,0.968992292881012
2022-09-27,19221.83984375,351.1886392749828,271.8951659614625,149.94222342090066,123.34372171826297,152.25,0.9623712301254272
2022-09-28,19104.62109375,347.7152275322068,268.6164912597073,144.9355927960457,120.67653412576014,153.1999969482422,0.9596191644668579
2022-09-29,19427.779296875,350.03404240715685,269.98676711460337,143.42384928540386,119.63324165187503,154.13999938964844,0.9708172082901001
2022-09-30,19573.431640625,345.25318357199444,265.25954706384584,138.69213315187477,117.02955267877863,154.94000244140625,0.9829555749893188
2022-10-01,19431.10546875,,,,,,
2022-10-02,19311.849609375,,,,,,
2022-10-03,19044.068359375,344.5660844856892,263.34135466668965,135.6783287485433,115.44194755398075,155.44000244140625,0.9792688488960266
2022-10-04,19623.583984375,355.3683600338881,273.0500687714272,142.37339030080975,117.12029041321156,159.17999267578125,0.9832068681716919
2022-10-05,20335.900390625,356.313047756302,272.35520431840735,141.4309855077748,117.21099090576172,159.32000732421875,0.998432457447052
2022-10-06,20161.0390625,358.4410803172353,274.9781134751825,143.13914221609966,116.92977087872775,159.41000366210938,0.9910998940467834
2022-10-07,19957.55859375,352.09525889115315,269.16463975667466,139.9290298735793,114.76155191478652,158.4600067138672,0.9789045453071594
2022-10-08,19546.328125,,,,,,
2022-10-09,19417.478515625,,,,,,
2022-10-10,19446.416015625,347.3143111479812,263.5663690250921,137.84788513183594,111.92198526442431,155.94000244140625,0.9735012650489807
2022-10-11,19139.0,341.8560389658956,259.06437898410945,137.337365394685,112.21230218768274,155.49000549316406,0.9710057377815247
2022-10-12,19052.646484375,341.7891897787711,257.7920454441237,136.58152223774053,113.25557200536835,155.50999450683594,0.9700167775154114
2022-10-13,19156.966796875,333.2389867095814,249.72750510933875,132.5173428390662,112.04899259463483,153.47999572753906,0.9707984328269958
2022-10-14,19382.533203125,351.6944872171797,265.42593309253607,141.66664791660483,114.98834452632428,154.02000427246094,0.975134015083313
2022-10-15,19185.4375,,,,,,
2022-10-16,19068.9140625,,,,,,
2022-10-17,19268.5625,347.362126415413,261.1587563065971,138.48595592005591,114.31701156275727,154.9199981689453,0.973937451839447
2022-10-18,19550.466796875,357.9735554343078,270.6425133229995,142.825015544548,117.32893149900117,154.0800018310547,0.9846396446228027
2022-10-19,19335.02734375,352.11430914770796,264.1830042620747,139.09460416043055,119.42459539693532,152.08999633789062,0.9863878488540649
2022-10-20,19138.0859375,351.19826004641624,263.8404572423426,140.40025572638473,117.51292698970539,151.9199981689453,0.9766482710838318
2022-10-21,19053.203125,348.42137072610865,262.2745224263195,140.25299045906925,115.61255179551647,151.97999572753906,0.9778899550437927
2022-10-22,19172.380859375,,,,,,
2022-10-23,19207.734375,,,,,,
2022-10-24,19567.76953125,358.698788584184,269.820389534672,144.493896124247,118.30779742330081,153.4499969482422,0.9860085844993591
2022-10-25,19344.96484375,361.4661151762165,273.4611132950566,147.34069898538402,118.40829210398965,153.9600067138672,0.9886503219604492
2022-10-26,20092.236328125,364.16670060269513,272.53137952198904,148.19482861119383,119.36761719613716,154.77999877929688,0.9963731169700623
2022-10-27,20772.802734375,365.55039117436706,270.89694777541763,145.35778155872993,120.60104215165116,154.7100067138672,1.009193778038025
2022-10-28,20287.95703125,362.49677973202483,266.434018748282,145.48537216958695,121.67001790948058,152.9600067138672,0.9967803955078125
2022-10-29,20595.103515625,,,,,,
2022-10-30,20817.982421875,,,,,,
2022-10-31,20633.6953125,368.7663054799875,272.9816062790332,150.35449330723716,123.52470429276585,152.16000366210938,0.9955002665519714
2022-11-01,20494.8984375,372.2970465066368,275.50668317358867,152.23931825640548,123.06790521807197,153.82000732421875,0.9886307716369629
2022-11-02,20482.958984375,366.34247921682703,269.2232974549257,146.22162239502856,123.08616277351271,154.16000366210938,0.9877909421920776
2022-11-03,20162.689453125,354.4809155332156,257.41032081089025,139.45783369878677,120.35436003681528,150.6999969482422,0.9814409017562866
2022-11-04,20208.76953125,359.7580535469761,259.87664754666133,139.71866273149064,121.80707553787904,154.9499969482422,0.9749630093574524
2022-11-05,21144.83203125,,,,,,
2022-11-06,21285.056640625,,,,,,
2022-11-07,20924.62109375,360.4354853214063,260.09200070845395,134.82178704829124,123.66176274170137,156.22000122070312,0.9928810596466064
2022-11-08,20600.671875,363.68001733717375,263.4097918494507,138.06670690734794,125.00481186863232,155.99000549316406,1.0018634796142578
2022-11-09,18543.76171875,362.55401428993724,262.0591548198439,136.18857977969958,125.05048115306593,159.36000061035156,1.008084774017334
2022-11-10,15883.158203125,370.30264142200895,270.13355069119353,138.88286812786214,127.41684112731853,162.00999450683594,1.0019538402557373
2022-11-11,17583.251953125,377.4977734770305,276.54407769304146,143.3864383750097,129.00658205516962,163.91000366210938,1.0192224979400635
2022-11-12,17036.875,,,,,,
2022-11-13,16799.72265625,,,,,,
2022-11-14,16352.0283203125,378.51889318368023,279.77383416051316,146.48384590068005,128.37617377139722,164.1999969482422,1.0328551530838013
2022-11-15,16617.484375,382.8035471312726,285.9886362575642,149.67963703147598,129.81971743752985,165.27000427246094,1.0319278240203857
2022-11-16,16884.341796875,378.63338733958733,281.2712881054512,146.6411761367448,129.28064409656378,165.41000366210938,1.0357863903045654
2022-11-17,16670.42578125,372.60241210724644,274.8999252259217,143.98622301357588,128.92432722334027,163.7899932861328,1.0395010709762573
2022-11-18,16687.912109375,379.54944898801807,281.76059522592635,149.76810292744864,129.66442350195922,163.3800048828125,1.036172866821289
2022-11-19,16696.220703125,,,,,,
2022-11-20,16712.919921875,,,,,,
2022-11-21,16291.2236328125,376.59127932303574,277.3661666856122,147.6540145740021,130.70595484570472,162.44000244140625,1.0330898761749268
2022-11-22,15782.30078125,378.49021994388283,276.62241305758806,145.65788443814483,132.87126621531584,162.3000030517578,1.0245691537857056
2022-11-23,16195.5888671875,381.2766458135579,279.8814493901695,146.95582360996656,133.3007002350361,161.69000244140625,1.0311086177825928
2022-11-24,16611.63671875,,,,,,1.0416233539581299
2022-11-25,16602.26953125,383.45240227506304,281.07552004961843,145.83487333926465,134.1138593595634,162.85000610351562,1.040810227394104
2022-11-26,16521.576171875,,,,,,
2022-11-27,16463.8828125,,,,,,
2022-11-28,16440.22265625,380.8377796763317,278.83423237314076,142.71777000634125,133.7483599271732,162.92999267578125,1.0367528200149536
2022-11-29,16217.6396484375,377.9367417321205,276.9160637978805,141.8819361067611,133.1636342339774,162.6999969482422,1.034554123878479
2022-11-30,16445.4765625,377.4023553187591,274.8607064926113,139.04016787618127,133.0722895792298,163.69000244140625,1.0324499607086182
2022-12-01,17168.001953125,390.0750097932602,287.4370705865298,145.73656252403373,136.61720840644148,167.47999572753906,1.042535424232483
2022-12-02,16968.68359375,383.853229920111,282.3967467133728,143.5240993516398,135.64876003402065,166.17999267578125,1.052842140197754
2022-12-03,17090.09765625,,,,,,
2022-12-04,16908.169921875,,,,,,
2022-12-05,17128.89453125,385.4754306592434,284.19761464913205,145.30386574755366,135.86804986598784,166.5500030517578,1.0544185638427734
2022-12-06,16975.23828125,381.1526671084108,281.3593004278178,144.61555599946504,136.79083019865516,165.1999969482422,1.0496923923492432
2022-12-07,17089.505859375,374.96904604426254,274.49859184458353,139.8170142991394,136.14212247008652,165.47000122070312,1.0469011068344116
2022-12-08,16847.349609375,377.068403979044,275.9079421946226,139.98419447504244,136.55326109016656,166.5800018310547,1.051325798034668
2022-12-09,17232.1484375,376.877540928146,276.7887515955548,139.96449489513216,137.6861889174562,167.25999450683594,1.0559661388397217
2022-12-10,17134.220703125,,,,,,
2022-12-11,17129.7109375,,,,,,
2022-12-12,17102.5,376.0855229503339,276.2113374934605,140.3184631007223,138.16127424090516,166.44000244140625,1.0522217750549316
2022-12-13,17206.44140625,391.45874902933895,290.334067852014,147.00499369488003,140.16217812113555,169.2100067138672,1.0541739463806152
2022-12-14,17782.06640625,383.24246302501166,281.9172251208929,142.9242617747897,139.5957029373858,168.42999267578125,1.062665343284607
2022-12-15,17813.64453125,376.2667969393166,276.31896272447955,138.75503452609877,138.61809927703393,165.72999572753906,1.0676347017288208
2022-12-16,17364.546875,369.2517350620785,270.3195057192116,134.4087776749108,137.37556095603617,166.02000427246094,1.064056158065796
2022-12-17,16646.982421875,,,,,,
2022-12-18,16795.609375,,,,,,
2022-12-19,16759.041015625,367.6124594366193,268.6807856212014,132.85516655290323,137.24766007809262,166.7100067138672,1.05850350856781
2022-12-20,16441.787109375,363.5477938735729,263.47144964439775,129.19725476241064,136.42539535221889,168.10000610351562,1.0614584684371948
2022-12-21,16904.52734375,367.40158229485894,265.47279341612267,130.76068907847488,137.73185340628555,169.0399932861328,1.062699317932129
2022-12-22,16818.380859375,367.20980089104194,265.2569715563839,132.10786913644063,138.07905522793286,167.75999450683594,1.0610079765319824
2022-12-23,16829.64453125,363.950423157118,260.4399854422568,128.73507853958517,139.15715641824346,166.8800048828125,1.060333013534546
2022-12-24,16796.9765625,,,,,,
2022-12-25,16847.505859375,,,,,,
2022-12-26,16842.25,,,,,,1.0667804479599
2022-12-27,16919.291015625,366.960616093891,261.685883283232,129.18740012847,139.5134926322091,167.88999938964844,1.064022183418274
2022-12-28,16716.400390625,365.56097308852884,258.18357575317634,127.50595548300566,140.9570654900858,168.0500030517578,1.0637166500091553
2022-12-29,16552.322265625,363.93123576240765,257.9774983432451,125.8540011982905,139.61396670465206,168.5399932861328,1.062925100326538
2022-12-30,16641.330078125,364.89952091921486,258.6250465038309,126.26698223669045,139.26677453834853,169.25999450683594,1.066075325012207
2022-12-31,16603.673828125,,,,,,
2023-01-01,16547.9140625,,,,,,
2023-01-02,16625.509765625,,,,,,1.0709733963012695
2023-01-03,16688.84765625,368.47529963421397,263.55965975189497,128.10576937065363,137.91459493527293,171.32000732421875,1.0677714347839355
2023-01-04,16680.205078125,367.3345015753635,261.5878356449477,124.77233620258212,138.86479497062982,172.86000061035156,1.0546854734420776
2023-01-05,16863.47265625,365.9347896482895,259.03715994646996,125.0083504698081,139.06577801731464,170.82000732421875,1.0606365203857422
2023-01-06,16836.47265625,366.787997866155,258.36010113618534,123.90701849100518,138.73689161265744,171.75999450683594,1.0522217750549316
2023-01-07,16952.1171875,,,,,,
2023-01-08,16954.146484375,,,,,,
2023-01-09,17093.9921875,374.2271369047477,265.6984240862427,128.2925949020793,140.1895871009711,174.50999450683594,1.0656323432922363
2023-01-10,17192.94921875,371.2361537559992,264.38384106727113,128.08610610497774,138.96530894445678,174.61000061035156,1.073318362236023
2023-01-11,17446.359375,376.01025589251583,268.7299117808398,129.05956971451124,139.16629571097272,174.75999450683594,1.0738946199417114
2023-01-12,18117.59375,380.2665995563064,272.85023240145443,131.6456901154858,138.5998030978975,176.00999450683594,1.0766000747680664
2023-01-13,18868.90625,377.34276186889844,271.26102576078074,129.82658137088367,136.6903300182307,176.9600067138672,1.0860239267349243
2023-01-14,19910.537109375,,,,,,
2023-01-15,20977.484375,,,,,,
2023-01-16,20882.224609375,,,,,,1.082461953163147
2023-01-17,21175.833984375,382.00176656830166,275.4500454160634,132.57984966159466,137.76842132317273,178.2100067138672,1.0830129384994507
2023-01-18,21161.05078125,382.5098268846119,277.7457845695854,134.53662257229425,136.7359909149703,178.9199981689453,1.0793308019638062
2023-01-19,20686.74609375,373.258831880303,270.9862565414772,131.8423392118264,131.7560049228354,178.3699951171875,1.0797853469848633
2023-01-20,21085.373046875,373.96835756273396,271.5455000347287,133.0222897939842,130.84581537482643,179.05999755859375,1.083388328552246
2023-01-21,22677.427734375,,,,,,
2023-01-22,22777.986328125,,,,,,
2023-01-23,22721.087890625,380.31458203818664,278.1676065441461,135.81492969380113,131.80195180376924,178.35000610351562,1.0864723920822144
2023-01-24,22929.626953125,382.3852133953482,281.86612337300437,137.96838472187488,129.34720745687767,179.55999755859375,1.0874292850494385
2023-01-25,22639.267578125,379.57639153162364,278.3931793538839,138.53871015801215,129.071400494353,179.35000610351562,1.088814616203308
2023-01-26,23108.955078125,386.45950819175505,285.7020646910738,140.78067082207204,130.30335164579466,180.14999389648438,1.0922038555145264
2023-01-27,23030.716796875,386.967595605409,286.46731345608214,140.7708371263728,129.69659673050484,179.27000427246094,1.0894432067871094
2023-01-28,23079.96484375,,,,,,
2023-01-29,23031.44921875,,,,,,
2023-01-30,23774.6484375,386.14313857209555,287.3796528484936,142.54077586673455,129.59543029735008,179.2899932861328,1.0871455669403076
2023-01-31,22840.796875,384.5421906397612,284.8092950925129,140.31848180314623,129.84367793686434,178.82000732421875,1.0850694179534912
2023-02-01,23137.8359375,388.45348175657574,288.831631729578,141.56728874190614,130.62512058028747,179.75,1.0860947370529175
2023-02-02,23720.82421875,397.70442814895335,301.7422379154438,146.41503824093917,130.70787048339844,181.0800018310547,1.1012852191925049
2023-02-03,23469.412109375,394.56960600643197,299.1621361358604,145.5595309829737,131.2687039735024,174.9199981689453,1.0905125141143799
2023-02-04,23446.3203125,,,,,,
2023-02-05,23332.248046875,,,,,,
2023-02-06,22954.021484375,392.8440604283562,297.75923649741816,150.02377712562708,130.56080562848683,174.11000061035156,1.079086184501648
2023-02-07,22757.267578125,391.9620943439746,297.71017487608094,148.12597415973434,128.68524475889134,173.72000122070312,1.0730764865875244
2023-02-08,23263.416015625,396.0459739638543,302.69393776816526,151.31194020980092,127.84861826935135,174.94000244140625,1.0729728937149048
2023-02-09,22946.56640625,397.2730427680662,302.9882681237909,151.21361237069686,127.68313365754945,175.49000549316406,1.0715816020965576
2023-02-10,21819.005859375,389.0765392196659,293.8055906090698,147.1900598433605,125.90872370503398,173.6300048828125,1.0742292404174805
2023-02-11,21651.841796875,,,,,,
2023-02-12,21870.90234375,,,,,,
2023-02-13,21787.0,391.8183353582287,295.424356988804,148.65744714640496,127.7383054111074,172.6999969482422,1.0677714347839355
2023-02-14,21801.822265625,394.2340728818384,297.1509876493258,149.8096612758476,128.84152251098294,171.97000122070312,1.0730419158935547
2023-02-15,22220.5859375,393.38091503799455,299.1228844068346,150.78463194852628,127.89457670371598,170.60000610351562,1.0735719203948975
2023-02-16,24307.349609375,391.88540381719497,298.61271491031835,151.17852906062296,126.31325651329253,170.33999633789062,1.0691757202148438
2023-02-17,23621.283203125,389.2682823043391,295.36541372252225,150.03619479649413,125.57776147057118,169.8699951171875,1.0665756464004517
2023-02-18,24565.296875,,,,,,
2023-02-19,24640.02734375,,,,,,
2023-02-20,24336.623046875,,,,,,1.0684444904327393
2023-02-21,24833.048828125,386.39234798566156,291.6276726240972,147.91880821074704,127.67393607584756,171.1999969482422,1.068261981010437
2023-02-22,24437.41796875,382.9987512663258,289.0376672323923,146.60899081957194,128.69443572582048,170.80999755859375,1.065200924873352
2023-02-23,24190.71875,384.95435986418846,292.3242188075793,147.810473815914,128.92430079365644,169.83999633789062,1.0605803728103638
2023-02-24,23946.0078125,379.0683237378521,286.2318077691083,144.87574571223192,127.72912019528009,168.4199981689453,1.0598047971725464
2023-02-25,23200.125,,,,,,
2023-02-26,23174.150390625,,,,,,
2023-02-27,23561.451171875,383.33429643374495,289.4791077993854,145.46664446890208,128.35428870748572,168.8800048828125,1.0554758310317993
2023-02-28,23521.837890625,380.80348526155615,287.74268898380404,144.81670098117985,127.28779639955242,168.77999877929688,1.0611205101013184
2023-03-01,23150.9296875,379.05871889408525,287.70339937074044,144.60006911791345,126.92006483735985,170.9499969482422,1.0577309131622314
2023-03-02,23647.01953125,376.4416315212209,283.1906219892063,142.18725337015044,126.87407643592704,170.52000427246094,1.066894292831421
2023-03-03,23476.6328125,383.1809267997028,289.79307686613646,145.79161175732688,129.80689830369232,171.4499969482422,1.0599732398986816
2023-03-04,22362.923828125,,,,,,
2023-03-05,22354.14453125,,,,,,
2023-03-06,22436.81640625,388.3000515971973,295.23790852017675,151.45432771735832,129.3840066610615,172.32000732421875,1.0626201629638672
2023-03-07,22428.322265625,387.6961807819027,294.38437249879576,151.36562767071513,129.10815969745263,170.4199981689453,1.0688328742980957
2023-03-08,22216.44140625,381.91553257565727,291.14690948879917,150.48919246419973,126.13857004390893,168.61000061035156,1.05507493019104
2023-03-09,21720.080078125,383.2095852008517,292.6772954111653,151.22781194000862,127.0119989751397,169.75,1.0549525022506714
2023-03-10,20367.001953125,374.8215147441384,287.2815444320978,147.92871088177273,125.90873127704934,171.92999267578125,1.0584698915481567
2023-03-11,20187.876953125,,,,,,
2023-03-12,20628.029296875,,,,,,
2023-03-13,22156.40625,366.021130129731,281.2971396240923,145.56513330123872,125.99149432177988,176.66000366210938,1.0683646202087402
2023-03-14,24201.765625,374.35173718346283,288.7335772571999,148.98243524821328,127.14068028632568,177.35000610351562,1.0725010633468628
2023-03-15,24770.92578125,369.9324213189262,289.1259187355792,148.89376260307495,127.61877060151699,178.86000061035156,1.0727657079696655
2023-03-16,24373.45703125,370.8239247170232,292.3536342883857,149.84907174243986,130.49642160509268,179.50999450683594,1.0583354234695435
2023-03-17,25055.123046875,378.39793151645165,300.90837394378406,153.70953434482817,131.0112906290768,181.02000427246094,1.0614134073257446
2023-03-18,27448.1171875,,,,,,
2023-03-19,26969.50390625,,,,,,
2023-03-20,28041.6015625,376.06916402579844,298.95707995181795,152.71489092530072,131.93065536144604,184.19000244140625,1.0678855180740356
2023-03-21,27768.392578125,382.2664406357319,302.57298738561116,154.93070734117964,133.22698263183136,182.64999389648438,1.071914792060852
2023-03-22,28158.720703125,383.70026302343734,304.8623321401105,156.88061300312046,132.42710693649056,180.39999389648438,1.0774236917495728
2023-03-23,27301.95703125,380.1974338773298,304.51842966489943,156.41777837205046,132.6110119701774,183.91000366210938,1.0870392322540283
2023-03-24,28324.111328125,377.069990985465,303.92894408666183,156.44730394409444,132.6661606380872,185.61000061035156,1.0835057497024536
2023-03-25,27487.337890625,,,,,,
2023-03-26,27495.5234375,,,,,,
2023-03-27,27994.068359375,383.11324113581304,306.16919123041095,157.51092158923748,135.04736839073814,181.14999389648438,1.077818512916565
2023-03-28,27132.888671875,380.85183851528325,302.7989907375691,155.57080817581272,134.7347730778516,182.30999755859375,1.0807071924209595
2023-03-29,27267.03125,384.8550092196648,305.4617259902813,156.94956160428092,135.2220212108557,182.49000549316406,1.0839520692825317
2023-03-30,28350.140625,388.85816364557934,309.74567539023667,159.07676882534926,135.07494112844824,182.75,1.0843634605407715
2023-03-31,28032.26171875,389.40671748046964,310.40408157810003,159.97293860815142,135.82881902709093,184.11000061035156,1.0904649496078491
2023-04-01,28473.33203125,,,,,,
2023-04-02,28462.845703125,,,,,,
2023-04-03,28183.080078125,393.43874659917225,313.21420687465223,161.77514833228696,136.46315610892793,183.85000610351562,1.0803335905075073
2023-04-04,27795.2734375,396.10437947935486,315.0123660990055,164.06978664465908,137.98018674513358,184.72000122070312,1.091226577758789
2023-04-05,28169.7265625,392.53427444783404,312.5559079537238,162.23798454444034,139.12941138233535,188.33999633789062,1.0960105657577515
2023-04-06,28175.2265625,391.437167451645,308.7631205247058,159.96311293315853,139.62585935157193,186.88999938964844,1.090334177017212
2023-04-07,28038.966796875,,,,,,1.0920130014419556
2023-04-08,27920.513671875,,,,,,
2023-04-09,27952.3671875,,,,,,
2023-04-10,28336.02734375,391.28318728502614,309.5787379688699,158.96840146235982,139.42355836585816,185.17999267578125,1.0913575887680054
2023-04-11,29653.6796875,394.7956238624572,312.2906125041193,159.88428065231392,139.06503053835706,185.91000366210938,1.086932897567749
2023-04-12,30231.58203125,396.34489961567357,312.28079572849316,158.77145737665472,138.19161454055805,187.5399932861328,1.0917507410049438
2023-04-13,29892.740234375,393.7562823916815,309.3428236023274,159.1752417539843,138.73405236271256,189.75999450683594,1.0999890565872192
2023-04-14,30409.5625,397.2495021524552,312.0548000917982,162.09027277975596,139.14777647414004,188.0800018310547,1.1054610013961792
2023-04-15,30490.75,,,,,,
2023-04-16,30315.9765625,,,,,,
2023-04-17,30317.146484375,396.82611712486937,312.6050129930765,162.58269264644778,138.98228430334456,185.88999938964844,1.098659634590149
2023-04-18,29449.091796875,399.9150951800139,315.39552430525794,163.57736611842117,138.8076065675314,185.24000549316406,1.0925379991531372
2023-04-19,30394.1875,396.6818088890477,310.8953109711348,163.28188286850465,138.98228296501168,184.35000610351562,1.0975382328033447
2023-04-20,28823.68359375,395.7098258250606,310.18786478954866,163.5675258869679,139.11230702280128,186.13999938964844,1.095218300819397
2023-04-21,28249.23046875,396.65290416377644,310.4040151510289,162.5432913390932,143.3401842456109,184.97999572753906,1.0970927476882935
2023-04-22,27265.89453125,,,,,,
2023-04-23,27816.14453125,,,,,,
2023-04-24,27591.73046875,396.46043453439125,310.8657966445567,162.49407133338445,143.59923261923677,184.07000732421875,1.0992271900177002
2023-04-25,27514.873046875,395.103601057788,308.8123240884824,162.68117729099055,144.7926215968232,184.83999633789062,1.1059499979019165
2023-04-26,28300.05859375,391.3890687387205,307.9770614150983,160.58349205788602,143.6731923869343,186.6300048828125,1.0978394746780396
2023-04-27,28428.46484375,391.65857511674506,310.1977730605562,162.6811671878293,143.67324120697333,183.89999389648438,1.1047282218933105
2023-04-28,29481.013671875,395.9793420542231,314.53082960959074,165.93103698503495,144.5798747942345,184.7899932861328,1.1032048463821411
2023-04-29,29336.56640625,,,,,,
2023-04-30,29245.515625,,,,,,
2023-05-01,29227.103515625,399.8092778572073,316.47635236195066,166.70905380019818,144.3485797916754,186.0500030517578,1.1010911464691162
2023-05-02,28087.17578125,399.13564578414,316.5058341595277,167.5067633643402,144.86665267895785,184.64999389648438,1.0969241857528687
2023-05-03,28680.494140625,395.8541741351487,314.17712640782753,166.9256982160475,144.91292326768158,187.61000061035156,1.1010911464691162
2023-05-04,29031.3046875,391.59114772802405,311.5339880602636,162.3857237588548,144.41334743727234,188.86000061035156,1.1068925857543945
2023-05-05,28851.48046875,393.4965450134205,312.9194127732155,168.38322333782398,143.76573318375142,186.55999755859375,1.102292776107788
2023-05-06,29538.859375,,,,,,
2023-05-07,28901.623046875,,,,,,
2023-05-08,28450.45703125,397.4034698360924,316.800516139299,169.86041647416434,143.71950779345823,187.82000732421875,1.10186767578125
2023-05-09,27695.068359375,395.63287211761855,316.3879214383984,170.42179836441701,144.1820400785565,188.1199951171875,1.0996140241622925
2023-05-10,27654.63671875,398.2792294687583,318.47096377915307,170.39224965147537,141.9617119702038,188.97999572753906,1.096467137336731
2023-05-11,27621.0859375,396.4219762908843,320.02339344471517,171.20964753246403,143.21989893727954,188.44000244140625,1.098406195640564
2023-05-12,26987.662109375,397.8365674670435,321.04523928532205,171.2196142676148,143.11815147578432,187.42999267578125,1.0912145376205444
2023-05-13,26807.76953125,,,,,,
2023-05-14,26788.974609375,,,,,,
2023-05-15,26931.384765625,396.6818170861844,319.8367315655272,170.76601261404946,144.88516389414983,187.3000030517578,1.0852696895599365
2023-05-16,27171.513671875,396.3353398421656,320.3771430453496,169.61219003463674,144.200549500024,186.5800018310547,1.0873701572418213
2023-05-17,27035.470703125,396.80689259108277,322.51915867337476,169.3360281894031,144.56133135697004,184.30999755859375,1.0865668058395386
2023-05-18,27401.650390625,399.26074988190857,325.7419401567872,170.60823676479856,141.83221395920634,182.10000610351562,1.0838346481323242
2023-05-19,26826.75390625,404.3321069908471,331.6079200448358,173.9513327998332,141.0551223105193,182.25,1.0775396823883057
2023-05-20,26888.841796875,,,,,,
2023-05-21,27118.423828125,,,,,,
2023-05-22,26749.892578125,402.85981035962357,330.38955227178974,171.57463586444004,141.08286250620182,183.22000122070312,1.0822745561599731
2023-05-23,26855.9609375,401.35857830108944,330.0358299758091,170.7364116817252,137.65060497281212,182.77999877929688,1.0811045169830322
2023-05-24,27224.603515625,396.8742131296412,325.5946017325634,168.7246024757336,136.54041872148582,183.5399932861328,1.076971173286438
2023-05-25,26329.4609375,399.1067761340057,333.22925512330363,170.02637505144457,134.59766119693296,181.17999267578125,1.0757315158843994
2023-05-26,26474.181640625,399.67452677861917,334.82087162241515,170.92379413047703,134.44962178998458,181.00999450683594,1.0724436044692993
2023-05-27,26720.181640625,,,,,,
2023-05-28,26871.158203125,,,,,,
2023-05-29,28075.591796875,,,,,,1.0723055601119995
2023-05-30,27745.123046875,406.1219771957275,346.56271048312635,174.51345913931758,133.08969989893092,181.72000122070312,1.0707669258117676
2023-05-31,27700.529296875,402.51330230251745,342.2983696963661,174.87836477742368,132.44210389678022,182.38999938964844,1.073306918144226
2023-06-01,27218.412109375,402.33050994129945,341.66941434054206,175.24321733975688,132.52536948452197,182.80999755859375,1.0695186853408813
2023-06-02,26824.556640625,408.4989090066005,347.6336805484104,178.52721426739677,133.6910552622659,183.52999877929688,1.0760787725448608
2023-06-03,27252.32421875,,,,,,
2023-06-04,27075.123046875,,,,,,
2023-06-05,27123.109375,412.1363990044285,348.25272887676743,180.10507993454968,135.11575756454909,180.7899932861328,1.0698620080947876
2023-06-06,25732.109375,410.5871214183071,348.10531064293906,177.4818481362361,135.1342436057096,182.36000061035156,1.0711798667907715
2023-06-07,27235.650390625,412.2903604628489,348.9404690538599,175.97299569419778,133.2284719476589,181.94000244140625,1.0698047876358032
2023-06-08,26347.654296875,410.5388877591547,343.03514407994106,175.44044804834044,134.4588947803802,182.0,1.0707440376281738
2023-06-09,26505.923828125,413.75310954996445,348.44924174376325,178.9907186665087,134.7734329858433,182.36000061035156,1.078271746635437
2023-06-10,26481.76171875,,,,,,
2023-06-11,25854.03125,,,,,,
2023-06-12,25934.28515625,414.67685648093624,349.98204800024035,178.7638742754878,135.9946406928315,181.8000030517578,1.0750954151153564
2023-06-13,25902.94140625,418.9110140981565,356.9582784250545,180.2727216495119,133.69101818369452,182.10000610351562,1.0762988328933716
2023-06-14,25920.2578125,420.53735216092747,356.93862957320954,180.83483150172444,134.43113963383635,181.69000244140625,1.078934907913208
2023-06-15,25121.673828125,419.8829186958016,358.2552123333636,181.41672344240808,136.15190499583466,180.27999877929688,1.084304690361023
2023-06-16,25575.283203125,427.904413934663,366.22391921096187,184.14837692000424,137.77087367424755,181.92999267578125,1.0945948362350464
2023-06-17,26328.6796875,,,,,,
2023-06-18,26510.45703125,,,,,,
2023-06-19,26335.44140625,,,,,,1.0942115783691406
2023-06-20,26841.6640625,422.52444796434224,360.0652033270036,181.8604983629463,138.53875380620062,180.05999755859375,1.0924304723739624
2023-06-21,28311.310546875,421.2784731312149,359.8585372284782,182.34367850052172,137.1602731112146,179.14999389648438,1.0920368432998657
2023-06-22,29995.935546875,419.14389467353715,354.8306667482636,181.19973368511316,139.09381672433548,178.36000061035156,1.0992635488510132
2023-06-23,29896.3828125,418.1586622892244,356.38528138026277,182.98470820219737,139.00130436123223,179.60000610351562,1.0958904027938843
2023-06-24,30708.73828125,,,,,,
2023-06-25,30545.150390625,,,,,,
2023-06-26,30480.5234375,417.8592449307871,356.1785756153898,184.24698696904443,137.0122568903662,179.0500030517578,1.0906671285629272
2023-06-27,30274.3203125,417.59847607026,353.47285182722567,183.31999439512526,137.3268158519066,179.07000732421875,1.091048002243042
2023-06-28,30696.560546875,420.20627410375766,356.15902609665824,185.33175690914044,138.1501964253696,177.22999572753906,1.0957223176956177
2023-06-29,30086.1875,421.0852281845511,358.38261161325084,186.4658826988121,137.36381306124886,175.8300018310547,1.0915838479995728
2023-06-30,30441.353515625,426.3782705598957,361.63944672812863,188.98065447297634,138.61276745648274,177.69000244140625,1.0868029594421387
2023-07-01,30471.84765625,,,,,,
2023-07-02,30587.26953125,,,,,,
2023-07-03,30624.515625,427.8078514299053,364.1188942951923,191.10093714903454,140.1392151255924,178.61000061035156,1.0907504558563232
2023-07-04,31156.865234375,,,,,,1.091309905052185
2023-07-05,30778.724609375,426.83224475721846,362.77089140209085,188.92145597370774,140.27801412335492,179.41000366210938,1.0884946584701538
2023-07-06,30507.150390625,424.42722521043544,360.6161677546873,187.21540718494302,139.88019005647723,177.50999450683594,1.0856584310531616
2023-07-07,29907.998046875,423.66417049204466,361.32462523858015,188.76369580404943,140.35199262351745,178.3800048828125,1.0890636444091797
2023-07-08,30346.921875,,,,,,
2023-07-09,30291.611328125,,,,,,
2023-07-10,30172.423828125,423.2295133382579,360.0749443133993,186.6434031135775,137.78937491698002,178.3699951171875,1.0969723463058472
2023-07-11,30417.6328125,425.4220646553444,360.89163773710936,186.5447914459214,137.59510556022963,179.42999267578125,1.100594401359558
2023-07-12,30622.24609375,431.1594635773627,366.35235412152997,187.0575799007695,136.947484364843,181.17999267578125,1.101406455039978
2023-07-13,30387.48828125,432.617887210663,370.002732023854,187.86624506525828,137.84487399436176,181.9600067138672,1.1144545078277588
2023-07-14,31474.720703125,435.109843497716,373.4858091986902,187.59998771190843,138.09469636012693,181.58999633789062,1.1223469972610474
2023-07-15,30331.783203125,,,,,,
2023-07-16,30297.47265625,,,,,,
2023-07-17,30249.626953125,433.8058722872245,373.6924045131907,189.2469126832782,138.44622497487927,180.99000549316406,1.1227755546569824
2023-07-18,30147.0703125,435.1291664096603,375.8177134466004,190.67683864321535,137.51185736127042,182.7899932861328,1.1237596273422241
2023-07-19,29862.046875,439.48533409064345,380.5995627236231,190.4303150490968,138.3537250278228,183.4499969482422,1.1228890419006348
2023-07-20,29915.25,438.6739839174844,376.4571954822207,192.39280905028917,139.2254282902919,183.72999572753906,1.120523452758789
2023-07-21,29805.111328125,438.47112777830426,373.08237777764356,191.41651794617295,140.714973489553,182.05999755859375,1.113709807395935
2023-07-22,29908.697265625,,,,,,
2023-07-23,29790.111328125,,,,,,
2023-07-24,30081.662109375,437.9012750217946,370.56358341647297,190.73602285584008,142.28831758583053,182.22000122070312,1.112532615661621
2023-07-25,29178.970703125,438.4324765430136,370.88825382019803,190.65714646634552,142.88411479219909,181.72000122070312,1.1063170433044434
2023-07-26,29225.759765625,438.96370723872633,371.6458619601726,190.99240175479122,142.54896663882442,182.66000366210938,1.1050456762313843
2023-07-27,29353.798828125,443.3584062674554,376.9098266210042,193.30993672945922,143.517179541214,181.63999938964844,1.1078368425369263
2023-07-28,29212.1640625,440.3255847201604,374.6173045040131,191.97860770429688,143.98266256125254,181.47999572753906,1.0978755950927734
2023-07-29,29319.4453125,,,,,,
2023-07-30,29357.09375,,,,,,
2023-07-31,29278.314453125,441.8034013690048,377.6182869887491,193.3493708168966,145.6025176509654,182.42999267578125,1.1024264097213745
2023-08-01,29230.873046875,440.70229523457317,376.1620464793932,193.52691923606866,145.1184238230586,180.85000610351562,1.0997591018676758
2023-08-02,29704.146484375,437.78533196247287,373.1611574017235,192.34347668203839,145.20224192166563,180.57000732421875,1.1007881164550781
2023-08-03,29161.8125,432.75315569310766,365.95888787007584,188.9215022402868,145.9376661965926,179.44000244140625,1.0944151878356934
2023-08-04,29174.3828125,435.3416597654818,369.70755141474365,182.95511789971007,146.56140851273722,180.25,1.095158338546753
2023-08-05,29075.388671875,,,,,,
2023-08-06,29043.701171875,,,,,,
2023-08-07,29038.513671875,433.40023969323573,367.86762374671235,179.61197056531847,144.92290596013703,180.14999389648438,1.1002674102783203
2023-08-08,29180.01953125,432.7917203880473,366.64757532989904,177.20572916857282,146.4217734445592,178.63999938964844,1.100315809249878
2023-08-09,29766.6953125,433.70931608230507,366.3031607187657,178.3693964131728,146.44970309216924,178.67999267578125,1.0958904027938843
2023-08-10,29563.97265625,432.8979459150622,365.00435973041675,176.9986245515979,146.31935262015486,178.22000122070312,1.0977671146392822
2023-08-11,29424.90234375,428.8219385368356,360.1045451250728,175.10462674008653,145.63045461450355,177.6999969482422,1.0981649160385132
2023-08-12,29399.787109375,,,,,,
2023-08-13,29416.59375,,,,,,
2023-08-14,29283.263671875,429.5271431380979,359.5535144676342,175.74650562753334,146.28212257131216,176.86000061035156,1.094439148902893
2023-08-15,29408.048828125,431.0435212704258,363.42031268537795,176.6451282666605,145.03464599976314,176.75,1.0909883975982666
2023-08-16,29169.07421875,427.36350074460506,359.9864284102872,174.9169842350172,144.07571636602557,176.6199951171875,1.0904173851013184
2023-08-17,28699.802734375,426.10788651233355,358.1071176846967,174.9268647491592,142.63276802496034,176.52999877929688,1.0874884128570557
2023-08-18,26636.078125,418.58363133261804,349.54706796393924,170.14734105941557,141.152518955412,175.8300018310547,1.0874648094177246
2023-08-19,26047.83203125,,,,,,
2023-08-20,26096.861328125,,,,,,
2023-08-21,26188.69140625,422.6210410735604,353.83692384755506,172.88274314562352,141.5900605998092,175.89999389648438,1.087559461593628
2023-08-22,26130.748046875,426.1271477129419,360.6554439405942,174.8479032864534,140.96632446882793,175.8300018310547,1.0898351669311523
2023-08-23,26040.474609375,424.263004912033,358.7171646756477,176.28963972003098,141.94384858059905,177.32000732421875,1.0846692323684692
2023-08-24,26431.51953125,429.5174072282619,366.64762410216184,178.4127876208845,142.0183214012679,177.66000366210938,1.086578607559204
2023-08-25,26163.6796875,423.7124409886771,356.24751390715073,175.16388093182096,142.80962250088297,177.5800018310547,1.07991361618042
2023-08-26,26047.234375,,,,,,
2023-08-27,26008.2421875,,,,,,
2023-08-28,26089.615234375,427.1509520711484,361.0884037220295,177.84004032072406,143.09824638647095,177.64999389648438,1.0797386169433594
2023-08-29,26102.486328125,427.5470082557006,360.6652902859232,177.45489519701718,143.3216558192012,178.02999877929688,1.0825556516647339
2023-08-30,27726.083984375,434.17294441532357,368.8515119480578,182.62940848986258,143.46129569572864,180.5800018310547,1.0869210958480835
2023-08-31,27301.9296875,436.23991629050073,370.8783961791077,185.4931879048022,143.47992528797667,180.3699951171875,1.0932546854019165
2023-09-01,25934.021484375,437.7081084262502,374.28281561021936,187.12258052751662,144.2060771048137,180.8000030517578,1.0844104290008545
2023-09-02,25800.91015625,,,,,,
2023-09-03,25869.47265625,,,,,,
2023-09-04,25968.169921875,,,,,,1.07758629322052
2023-09-05,25814.95703125,435.35135247874024,370.7110913465371,185.92771395695013,143.18203362530812,179.3300018310547,1.0794472694396973
2023-09-06,25783.931640625,433.1007905422567,371.2129688856082,186.0462022000218,141.77628115706807,178.3300018310547,1.0726161003112793
2023-09-07,25748.3125,427.9912839614794,364.2566784896479,172.99137409505227,141.96249141539406,178.30999755859375,1.0724204778671265
2023-09-08,26245.208984375,429.7202810475146,366.0276595371048,176.12176201867752,142.8282623014551,178.36000061035156,1.0697818994522095
2023-09-09,25905.42578125,,,,,,
2023-09-10,25895.2109375,,,,,,
2023-09-11,25831.71484375,432.94631377147886,369.6190274535924,177.82026144859472,142.74447181496785,178.97000122070312,1.071811318397522
2023-09-12,25160.658203125,431.70030728737913,369.2352965964645,177.2475294233725,144.2898651140616,177.11000061035156,1.0750375986099243
2023-09-13,25837.5546875,430.995124486442,367.0312741386667,174.30476112108144,141.48762751032663,177.52999877929688,1.075326681137085
2023-09-14,26228.27734375,433.74799281245487,369.943618589153,171.82607585790313,143.22858396765645,176.5,1.0734220743179321
2023-09-15,26533.818359375,433.4072542770486,369.86497753312017,174.27512191376346,143.39615362489593,178.5500030517578,1.0637166500091553
2023-09-16,26606.19921875,,,,,,
2023-09-17,26567.927734375,,,,,,
2023-09-18,26532.994140625,429.4428320631367,363.9069995262197,174.27511585610648,143.78717428894996,178.82000732421875,1.0668259859085083
2023-09-19,26760.8515625,429.08420380682946,363.9069867992095,175.3021409914078,143.13548830606587,179.5399932861328,1.0692671537399292
2023-09-20,27210.228515625,430.3733429544115,365.51307505644786,177.02035765272817,143.1541084873296,179.33999633789062,1.0682048797607422
2023-09-21,27129.83984375,422.31858757052555,355.5118100588146,172.36922214048295,142.8562011294424,177.86000061035156,1.065303087234497
2023-09-22,26564.056640625,419.1684584213661,354.35897605910213,172.48772049861157,141.91592371677112,178.64999389648438,1.0661548376083374
2023-09-23,26578.556640625,,,,,,
2023-09-24,26579.373046875,,,,,,
2023-09-25,26253.775390625,415.98909152895567,351.6985209907401,172.02357992644104,140.74289456120033,178.41000366210938,1.0648492574691772
2023-09-26,26294.7578125,415.9116370288523,351.75765495863584,172.63586851438868,139.62576177822984,176.8300018310547,1.0591648817062378
2023-09-27,26209.498046875,413.97300260416256,350.1713473809382,170.4633463371719,139.1044028017847,175.27000427246094,1.0569483041763306
2023-09-28,26355.8125,412.4124571151363,348.91986332461573,167.2243249736919,137.6148799800159,173.91000366210938,1.0505305528640747
2023-09-29,27024.841796875,418.4123916323294,356.24104341766446,169.8708616906263,136.4232393356972,173.9199981689453,1.0562450885772705
2023-09-30,26911.689453125,,,,,,
2023-10-01,26967.396484375,,,,,,
2023-10-02,27976.798828125,413.51743802249865,353.2849835180275,169.08084887750982,134.784760065996,170.22999572753906,1.0565240383148193
2023-10-03,27508.251953125,412.00533549021924,353.52145870022036,170.1078434596355,135.1478097011781,169.13999938964844,1.0480751991271973
2023-10-04,27429.07421875,409.107224446792,350.5555569297421,168.95242782585208,135.53882309816842,169.2100067138672,1.0472300052642822
2023-10-05,27798.646484375,411.3267489568681,354.46742936489625,171.61874445939648,135.6226057895373,168.74000549316406,1.0507071018218994
2023-10-06,27412.123046875,409.01026454136644,350.4373310951315,171.62862082907643,133.68621723892178,169.1699981689453,1.0546631813049316
2023-10-07,27946.78125,,,,,,
2023-10-08,27971.677734375,,,,,,
2023-10-09,27934.47265625,414.44797038266114,356.9898065431507,174.6009972191987,133.4627685546875,171.17999267578125,1.056747317314148
2023-10-10,27589.201171875,419.643378299873,361.52235939095345,175.87486944103904,134.03997145119027,172.0800018310547,1.0578875541687012
2023-10-11,27392.076171875,422.2604167519184,364.51787564233524,175.9736487921809,135.1198989862716,173.60000610351562,1.0604791641235352
2023-10-12,26873.29296875,423.53015042088333,366.2816620389047,177.82023666760716,132.9321291740491,174.05999755859375,1.0624282360076904
2023-10-13,26752.87890625,421.8436069564154,365.13865214466296,179.1533924067404,133.3044994858003,176.88999938964844,1.0536741018295288
2023-10-14,26866.203125,,,,,,
2023-10-15,26858.01171875,,,,,,
2023-10-16,27162.62890625,420.49634324027045,361.2465200321077,174.54174811745375,135.79020937136642,177.83999633789062,1.0521553754806519
2023-10-17,28522.09765625,419.5173488593283,360.44842090151735,174.44298390478113,136.02294369203068,178.3699951171875,1.0554312467575073
2023-10-18,28413.53125,420.85493671578564,360.31046637039856,173.3863659573123,139.70022998456645,180.88999938964844,1.057305932044983
2023-10-19,28332.416015625,417.714450283055,359.4630578223605,173.84057783744473,140.16039228781707,181.0399932861328,1.053851842880249
2023-10-20,28732.8125,412.8970760474875,354.19143261499835,173.11974130623128,139.63576723877617,183.42999267578125,1.0586491823196411
2023-10-21,29683.380859375,,,,,,
2023-10-22,29918.654296875,,,,,,
2023-10-23,30140.685546875,406.72273053416484,348.08241113708965,168.77472302133776,138.520925694247,183.50999450683594,1.0589966773986816
2023-10-24,33077.3046875,409.66935030950145,352.270112103193,170.88797493724758,138.76449669322363,182.07000732421875,1.0669853687286377
2023-10-25,33916.04296875,408.93271643497314,351.4719065875028,169.73256439395493,140.18848900875685,183.4199981689453,1.059535264968872
2023-10-26,34504.2890625,403.65979204119725,344.0030433163217,168.24143389027685,141.50944215657807,183.39999389648438,1.056725025177002
2023-10-27,34156.5,401.46919469761593,341.3524198475242,164.8247009041889,139.57016583488826,183.75999450683594,1.0564459562301636
2023-10-28,33907.72265625,,,,,,
2023-10-29,34089.37109375,,,,,,
2023-10-30,34531.7421875,400.85858025181,342.73193313591645,166.90832288755587,138.55838826729362,185.5399932861328,1.0562450885772705
2023-10-31,34500.078125,403.3980385118803,344.1114391570496,167.23420217717043,140.01987307263582,185.0800018310547,1.061503529548645
2023-11-01,34657.2734375,406.32535052662286,346.56495994688544,168.86358325166134,141.16277935797456,183.91000366210938,1.0579099655151367
2023-11-02,35441.578125,413.4786596174057,356.2410129874096,173.32711052996643,140.09478513109357,184.1300048828125,1.05870521068573
2023-11-03,34942.47265625,419.8371853582878,359.40394905155324,172.06311427874405,142.2026725004461,184.47999572753906,1.0619093179702759
2023-11-04,34736.32421875,,,,,,
2023-11-05,35090.01171875,,,,,,
2023-11-06,35044.7890625,422.0956239774314,363.08916607803803,174.17636920813592,140.86303455359058,184.13999938964844,1.0732147693634033
2023-11-07,35047.79296875,422.308896123232,364.84305022033044,176.9413698079054,141.3876495983086,182.25,1.0721560716629028
2023-11-08,35419.4765625,424.11172778289733,367.61190094474495,180.07176426042716,141.4251183088131,182.00999450683594,1.0696102380752563
2023-11-09,35633.6328125,424.9647429571584,368.1636480202756,180.67415869856794,140.2821809834713,180.97999572753906,1.0710422992706299
2023-11-10,36702.25,422.59001262842264,366.37040263640347,181.91089548671326,141.31270543803734,180.50999450683594,1.0667576789855957
2023-11-11,37310.0703125,,,,,,
2023-11-12,37133.9921875,,,,,,
2023-11-13,37070.3046875,425.740146607046,371.26750810516944,183.74018560328048,141.88416740409372,179.39999389648438,1.069015622138977
2023-11-14,36491.7890625,432.61240832792026,378.08603032361884,185.59912547957174,142.91470403368604,181.6999969482422,1.0701825618743896
2023-11-15,35548.11328125,436.28598819138983,381.57419300385976,185.7474876978312,142.45563982596695,182.02999877929688,1.0878314971923828
2023-11-16,37879.98046875,435.42338430911985,379.1994663227181,187.44820698590362,142.39007637119445,182.85000610351562,1.0854581594467163
2023-11-17,36164.82421875,436.41200351038174,379.56407573006413,188.1206090057824,143.07396061483763,183.9600067138672,1.0853756666183472
2023-11-18,36625.37109375,,,,,,
2023-11-19,36585.765625,,,,,,
2023-11-20,37374.07421875,436.69307982642476,380.391708225642,187.76460727588125,140.72250902155548,182.32000732421875,1.090702772140503
2023-11-21,37469.16015625,439.2617056622207,383.3083999445706,189.26758080090607,140.38521619719768,185.57000732421875,1.0945948362350464
2023-11-22,35756.5546875,441.00647684513626,384.84549118485205,189.34669431189826,140.61946405829232,185.47000122070312,1.0918222665786743
2023-11-23,37420.43359375,,,,,,1.0890873670578003
2023-11-24,37296.31640625,441.0937026627971,383.9390188541122,188.73363999587542,141.63122439703395,185.47000122070312,1.0906314849853516
2023-11-25,37721.4140625,,,,,,
2023-11-26,37796.828125,,,,,,
2023-11-27,37454.19140625,440.68658238826873,383.3084059170349,187.79427548166112,141.94978313658618,186.55999755859375,1.0940439701080322
2023-11-28,37247.9921875,440.13413788383525,382.71719000412895,187.65584993609482,141.60311686821734,187.89999389648438,1.0958423614501953
2023-11-29,37826.10546875,443.10982596571546,386.9344117928961,188.76331653900834,142.67111807583026,189.16000366210938,1.100594401359558
2023-11-30,37861.1171875,441.491084558086,384.3627216709614,187.71520518490738,141.36892912968725,188.88999938964844,1.0973695516586304
2023-12-01,37718.0078125,441.77219472169025,382.0668577687091,188.1996843513192,143.64542595090856,188.80999755859375,1.0892059803009033
2023-12-02,38689.27734375,,,,,,
2023-12-03,39472.20703125,,,,,,
2023-12-04,39978.62890625,441.60742053346644,380.43119712616084,187.85358512953687,142.1839506283514,189.60000610351562,1.088814616203308
2023-12-05,41986.265625,441.27787936550914,378.7560970843749,188.081033613139,142.53059752679766,187.5500030517578,1.0837758779525757
2023-12-06,44080.0234375,444.718815610949,384.54986457293904,192.27358406476233,137.7246220492529,188.32000732421875,1.0793657302856445
2023-12-07,43769.1328125,442.87718005735604,382.3821544599071,191.46276025185608,137.31239645567695,188.4499969482422,1.076669692993164
2023-12-08,43293.13671875,443.4102636541943,382.97332664123644,192.0263616366492,136.70345574237714,185.92999267578125,1.079214334487915
2023-12-09,44180.01953125,,,,,,
2023-12-10,43728.3828125,,,,,,
2023-12-11,43792.01953125,445.5717979195869,385.99836504791654,190.94856782781682,135.65420778425874,184.5,1.0765769481658936
2023-12-12,41238.734375,447.45214192596393,389.7623492734944,190.9189094878757,136.6472344484448,183.83999633789062,1.076658010482788
2023-12-13,41468.46484375,450.2243166322346,393.7628698170913,192.90642113434447,136.64726324181777,183.82000732421875,1.0798670053482056
2023-12-14,42884.26171875,457.98836917003774,399.0443534222716,195.80360435764135,139.0830294032974,188.86000061035156,1.0886130332946777
2023-12-15,43028.25,456.9158196636758,398.25601558992724,195.3191123528845,134.13653185883712,188.52000427246094,1.0993602275848389
2023-12-16,41937.7421875,,,,,,
2023-12-17,42236.109375,,,,,,
2023-12-18,41348.203125,458.3659919459903,399.7919899279148,193.8952224343076,135.06399103800373,187.5,1.0895264148712158
2023-12-19,42641.51171875,459.8743983485583,402.36885276261586,193.96443406555753,136.4692486445107,188.22999572753906,1.092382788658142
2023-12-20,42261.30078125,461.26610177140515,403.16857339274765,194.69613029502625,136.3755899411606,188.69000244140625,1.0981045961380005
2023-12-21,43648.125,458.7065536605437,401.89499509252914,193.90514216040955,135.39190258591617,189.2100067138672,1.0945708751678467
2023-12-22,43868.98828125,461.16881437336167,403.81030931871925,192.99537700889314,135.37314902631744,191.60000610351562,1.100618600845337
2023-12-23,44012.19921875,,,,,,
2023-12-24,43728.3671875,,,,,,
2023-12-25,43010.57421875,,,,,,1.102657437324524
2023-12-26,43599.84765625,461.373187704544,404.0571815388857,191.44298138124012,135.92586495780319,190.97000122070312,1.1020255088806152
2023-12-27,42518.46875,462.70645305578125,405.94901477517436,190.3355425015734,136.45050282298635,191.77000427246094,1.1043012142181396
2023-12-28,43468.19921875,464.1079178321579,407.6481227170023,191.96707508718282,136.77837144854632,192.33999633789062,1.110864281654358
2023-12-29,42614.64453125,463.7283454487912,406.2749991067649,191.72972215657148,136.77841527878218,190.99000549316406,1.1068191528320312
2023-12-30,42091.75390625,,,,,,
2023-12-31,42152.09765625,,,,,,
2024-01-01,42280.234375,,,,,,1.1055831909179688
2024-01-02,44187.140625,459.51431341639926,400.90118445234873,185.0552730997862,137.1156571372397,191.44000244140625,1.1038745641708374
2024-01-03,44961.6015625,457.83071094737187,395.06314019202443,182.15808112880916,138.97061650499333,188.77000427246094,1.0941756963729858
2024-01-04,42855.81640625,455.7577162648923,391.61560657896115,180.11123597031312,138.69892240530294,189.0800018310547,1.0927767753601074
2024-01-05,44192.98046875,454.9693723825891,391.6254463311151,179.95304619735901,139.3266116833448,189.67999267578125,1.0947387218475342
2024-01-06,44178.953125,,,,,,
2024-01-07,43998.46484375,,,,,,
2024-01-08,43948.70703125,455.884242835596,393.14677064971954,180.0519155054874,138.56777486258386,187.2100067138672,1.0942236185073853
2024-01-09,46987.640625,459.2320864754785,397.01905052593867,181.86143345023166,139.18609181003578,188.67999267578125,1.095170259475708
2024-01-10,46121.5390625,461.4607624691406,401.12841775635377,182.2866315170422,139.91681226538543,188.13999938964844,1.0932426452636719
2024-01-11,46656.07421875,464.79894328451786,404.80311712160767,184.45212033242825,140.57258717544963,188.02000427246094,1.0975141525268555
2024-01-12,46354.79296875,465.04220480544996,405.40570188156073,183.97748271061099,141.4157449503064,190.6699981689453,1.0981649160385132
2024-01-13,42799.4453125,,,,,,
2024-01-14,42842.26171875,,,,,,
2024-01-15,41715.06640625,,,,,,1.0945708751678467
2024-01-16,42499.3359375,462.53132242501596,403.3411407940105,180.12115895148446,140.6662876826748,189.14999389648438,1.0945708751678467
2024-01-17,43132.1015625,459.18345575970955,401.22722485499827,179.24109293861534,139.7388106929866,187.30999755859375,1.087878942489624
2024-01-18,42742.3125,461.31477246365523,405.5242597758291,184.0071435872404,139.74455823573214,186.36000061035156,1.0885775089263916
2024-01-19,41278.4609375,464.857359649574,410.167042183222,187.21087293560348,139.76341138611465,188.25999450683594,1.0879143476486206
2024-01-20,41624.58984375,,,,,,
2024-01-21,41671.48828125,,,,,,
2024-01-22,41553.65234375,471.0469524804882,418.2573570070079,190.14763349819026,138.55670059612683,187.22999572753906,1.089229702949524
2024-01-23,39518.71484375,471.0469345284904,417.28929780686303,192.8371789062756,144.34522823094233,187.4499969482422,1.088020920753479
2024-01-24,39877.59375,474.745153487513,422.2383417474242,193.23271418014866,145.1182955567234,188.3300018310547,1.0857881307601929
2024-01-25,40075.55078125,474.52136032734217,423.14710962158966,193.0349547434494,143.67586025719592,187.33999633789062,1.088174819946289
2024-01-26,39936.81640625,474.53109852869903,419.274865020307,192.09559590318426,146.8906713141815,187.27000427246094,1.0847046375274658
2024-01-27,41815.625,,,,,,
2024-01-28,42126.125,,,,,,
2024-01-29,42030.9140625,474.66731967923187,419.10690942510337,189.86086444187634,147.7108490822252,188.30999755859375,1.0843517780303955
2024-01-30,43300.2265625,477.421527922976,421.90247237056735,188.80285272092348,147.390310444129,189.6999969482422,1.0834470987319946
2024-01-31,42946.25,475.5334627445424,415.72853974147705,184.94651023142666,148.94587881429976,189.3699951171875,1.08433997631073
2024-02-01,42569.76171875,471.65038103588824,413.6936393802105,181.93065217781273,147.7956901231939,189.7100067138672,1.0803920030593872
2024-02-02,43077.640625,476.53591254829524,418.64262610680913,177.84687547061628,149.86975959691955,188.07000732421875,1.0874648094177246
2024-02-03,43184.96484375,,,,,,
2024-02-04,42994.94140625,,,,,,
2024-02-05,42577.62109375,480.47750027251203,423.84853420729877,186.04407104136263,149.11552577059106,186.8800048828125,1.0780043601989746
2024-02-06,42657.390625,480.3022375794468,424.3819121925699,184.76853636353553,149.24753694226456,187.94000244140625,1.0741831064224243
2024-02-07,43090.01953125,482.9980918458816,425.1722423676001,188.50623739169367,149.99232469120588,188.4499969482422,1.075719952583313
2024-02-08,44332.125,484.7596458434101,426.8515370812875,187.27020463334281,149.7094837656283,187.91000366210938,1.077574610710144
2024-02-09,45297.3828125,485.47980263839474,428.65927564991955,186.77653768433356,149.20037312333744,187.55999755859375,1.0777255296707153
2024-02-10,47153.52734375,,,,,,
2024-02-11,47768.96875,,,,,,
2024-02-12,48296.38671875,487.747352637465,431.6227409321858,186.54880424779185,148.35193020958081,186.60000610351562,1.0798202753067017
2024-02-13,49941.359375,481.2851887040555,422.0803351448006,183.92512331150874,148.71961431500324,185.35000610351562,1.0772264003753662
2024-02-14,49733.4453125,483.48468469887587,426.0118584018304,183.4796068721132,147.22060620354392,184.27000427246094,1.0708931684494019
2024-02-15,51836.78515625,485.91772783399097,428.6395040700747,181.727184392981,147.35259421332086,185.60000610351562,1.0732147693634033
2024-02-16,51937.7265625,488.26315378111764,429.59772780793963,181.5984737728991,148.0502359171945,185.0800018310547,1.0773887634277344
2024-02-17,52161.67578125,,,,,,
2024-02-18,51661.96875,,,,,,
2024-02-19,52134.8125,,,,,,1.0784461498260498
2024-02-20,51777.7265625,484.3897857981468,423.3347938450996,179.984623854957,149.61522195062997,187.9600067138672,1.0775396823883057
2024-02-21,52273.53515625,482.15139479243277,419.38353535537277,180.13315310757224,150.07713973178193,187.8800048828125,1.0813149213790894
2024-02-22,51854.64453125,490.51131764803023,429.20250225212544,181.65787110291916,150.33169169588044,187.55999755859375,1.0820403099060059
2024-02-23,51283.90625,495.6304262293698,434.29972972450184,183.17267506039363,151.40646610732657,187.55999755859375,1.0825674533843994
2024-02-24,50736.37109375,,,,,,
2024-02-25,51565.21484375,,,,,,
2024-02-26,51730.5390625,494.6864234153272,432.27472813436947,180.43019254491847,151.8118317390566,187.7899932861328,1.081958293914795
2024-02-27,54519.36328125,493.1292673855463,432.34387462219166,179.30151026553332,150.2845660439178,188.5800018310547,1.0850930213928223
2024-02-28,57071.09765625,491.7959350516518,430.13104844864466,180.69750358801915,149.96404358819697,188.33999633789062,1.084481120109558
2024-02-29,62499.18359375,494.46257806109645,432.89706552748044,179.46981142225187,150.77479464919872,189.63999938964844,1.0838816165924072
2024-03-01,61168.0625,495.3482154895911,434.5466602123641,177.76691576574171,149.00244587777664,190.27000427246094,1.0804970264434814
2024-03-02,62431.65234375,,,,,,
2024-03-03,62031.578125,,,,,,
2024-03-04,63137.00390625,498.3165563504212,440.1872243459957,174.40064432483445,148.71020323121442,194.14999389648438,1.084269404411316
2024-03-05,68341.0546875,496.5743865616013,435.5740364808058,169.0641855800497,150.33170740477217,197.44000244140625,1.0855170488357544
2024-03-06,63776.05078125,496.8761267293977,434.9616055413098,169.36119643359416,150.53911404655724,198.0800018310547,1.0855995416641235
2024-03-07,66099.7421875,499.39680772832526,437.03607945304515,167.47017484778516,150.79366408404118,199.5399932861328,1.089953899383545
2024-03-08,66938.09375,501.6546849790431,440.38477719851295,167.32166963491963,150.69939884734632,200.88999938964844,1.0950144529342651
2024-03-09,68299.2578125,,,,,,
2024-03-10,68500.2578125,,,,,,
2024-03-11,69020.546875,496.8080468189585,432.18579559632065,171.2225546353428,152.1040781219293,201.7100067138672,1.0942955017089844
2024-03-12,72125.125,499.6985003866654,434.3788187851117,171.43045147590772,152.55660435030904,200.4199981689453,1.093135118484497
2024-03-13,71482.1171875,503.26048317387085,437.2632743369456,171.05425482761498,153.0845774075092,200.44000244140625,1.0927767753601074
2024-03-14,73079.375,503.1242146399968,436.12725598238745,171.19284931228447,152.95257244965396,200.3699951171875,1.0955302715301514
2024-03-15,71387.875,498.08804798108406,430.76332575224257,169.47013396047814,151.5007342686066,199.94000244140625,1.0883406400680542
2024-03-16,69392.484375,,,,,,
2024-03-17,65316.34375,,,,,,
2024-03-18,68371.3046875,501.78800868482955,433.96399055564586,173.82643054023092,152.23607035277035,199.66000366210938,1.0882576704025269
2024-03-19,67556.1328125,499.9819506807113,430.71962317205856,172.6086342803731,152.5377585405051,199.6199951171875,1.087393879890442
2024-03-20,61930.15625,503.5159556369905,435.0026331369198,173.97492929704185,152.73574843108915,199.16000366210938,1.0863306522369385
2024-03-21,67911.5859375,510.9549424076125,444.00373970444815,175.29172116809335,152.81115946314637,203.8800048828125,1.0937210321426392
2024-03-22,65489.9296875,509.7053331319063,440.5121350002659,170.05425166968308,152.91484303900097,201.32000732421875,1.0862362384796143
2024-03-23,63802.72265625,,,,,,
2024-03-24,64070.75390625,,,,,,
2024-03-25,67234.09375,507.45018520809214,438.7315896057316,168.87610215909345,151.94380851211716,201.19000244140625,1.0807539224624634
2024-03-26,69931.328125,508.8462213354942,441.4518202950507,168.31174106723407,151.18018821812157,202.64999389648438,1.0838228464126587
2024-03-27,69991.8984375,509.31480779780867,441.5902677606485,168.7176579392829,152.12291756491595,202.32000732421875,1.0832358598709106
2024-03-28,69452.7734375,510.77911358782484,439.94833112698956,170.0443614510728,153.49935226950606,204.5399932861328,1.0813382863998413
2024-03-29,70744.796875,,,,,,1.0794472694396973
2024-03-30,69893.4453125,,,,,,
2024-03-31,69647.78125,,,,,,
2024-04-01,71333.484375,511.38451632490194,440.13625746716383,169.48992969134684,152.5189069135951,208.67999267578125,1.0792726278305054
2024-04-02,69705.0234375,505.92725051103764,435.2993359937669,167.40087579338118,150.50138904720558,209.07000732421875,1.0737217664718628
2024-04-03,65446.671875,505.4196078580209,434.1914896972789,167.11373478373662,151.43473423005096,210.57000732421875,1.076855182647705
2024-04-04,65975.6953125,511.08186037390533,441.48147563512805,168.59885072968464,147.89940133289883,212.0,1.0838346481323242
2024-04-05,68515.7578125,502.2370828649808,432.03520215289296,167.90578453281648,146.4004036802731,212.49000549316406,1.0837054252624512
2024-04-06,67840.5703125,,,,,,
2024-04-07,68897.109375,,,,,,
2024-04-08,69362.5546875,506.81558805859675,436.61498031821634,167.35138730592178,147.04148228899814,215.97999572753906,1.0830481052398682
2024-04-09,71632.5,508.13358597756917,438.14810658184047,167.02466284236104,147.32432746920534,217.80999755859375,1.0863661766052246
2024-04-10,69140.2421875,501.28031218136,432.252858364519,167.12365945587084,146.739793574956,215.3699951171875,1.0859296321868896
2024-04-11,70575.734375,503.42807581801776,435.47738569459614,166.6682071669761,148.53106279698673,216.85000610351562,1.074171543121338
2024-04-12,70061.3828125,502.149249389809,436.30830763057895,172.52944039553972,146.334452488176,221.8699951171875,1.0726851224899292
2024-04-13,67188.375,,,,,,
2024-04-14,63836.23046875,,,,,,
2024-04-15,65739.6484375,502.8912163917591,437.2578557574557,173.6185038309996,147.46572772585827,217.94000244140625,1.0649627447128296
2024-04-16,63419.296875,492.9432762462562,426.2190611910081,170.0443499195711,146.92834667314318,220.17999267578125,1.0625749826431274
2024-04-17,63831.84765625,494.0268893119992,428.39516274759995,167.92558500319552,147.3526164743943,221.0500030517578,1.0621461868286133
2024-04-18,61275.31640625,490.0535522630773,421.85695293006614,166.36129252101995,148.34202602478584,221.30999755859375,1.0669398307800293
2024-04-19,63510.75,487.5739720999012,417.63340383171146,164.55936395716853,147.05161140262197,220.49000549316406,1.0644185543060303
2024-04-20,63851.1015625,,,,,,
2024-04-21,64992.81640625,,,,,,
2024-04-22,64935.6328125,486.00217973304706,412.77671832487005,163.8762094876148,150.3251055063436,216.35000610351562,1.0657799243927002
2024-04-23,66839.890625,489.85833417865257,416.1991163771081,163.70794332424896,153.4088370559489,213.9600067138672,1.065405249595642
2024-04-24,66408.71875,494.5247405147149,423.5484443591903,164.88609429896647,152.95338084862945,214.75999450683594,1.0704345703125
2024-04-25,64275.01953125,487.3200821932215,414.68574734246255,167.84640961058278,154.63285657749992,214.47000122070312,1.0699878931045532
2024-04-26,64485.37109375,494.3197324417275,422.97467541823426,168.19290937676217,154.18689354257745,216.77000427246094,1.072961449623108
2024-04-27,63750.98828125,,,,,,
2024-04-28,63423.515625,,,,,,
2024-04-29,63106.36328125,497.97087540007783,428.42485755345405,171.64824848286057,152.92490887137427,216.02000427246094,1.0706866979599
2024-04-30,63839.41796875,496.4772740416634,426.4663662313873,171.60868084411632,153.5606631286351,213.3800048828125,1.0715701580047607
2024-05-01,60609.49609375,489.46780749693494,418.5532769953046,167.89588568564642,154.92696082420014,212.9600067138672,1.0666552782058716
2024-05-02,58253.703125,492.17203084435516,420.67988722114075,170.79680537480178,155.17367264442305,211.89999389648438,1.0721560716629028
2024-05-03,59122.30078125,499.01553991038264,429.7206178316715,184.7963988764884,155.17368309163527,212.88999938964844,1.073306918144226
2024-05-04,62891.03125,,,,,,
2024-05-05,63892.453125,,,,,,
2024-05-06,64038.3125,501.54395898532556,432.5495633066614,180.53910014061182,156.35023658154407,215.13999938964844,1.0758124589920044
2024-05-07,63162.76171875,505.2634287213709,435.9125894513008,181.6281373821679,156.5400248895718,214.52000427246094,1.0767507553100586
2024-05-08,62332.640625,503.01805278679507,432.91551974287444,181.03414013837894,157.4888781989542,213.6199951171875,1.0750491619110107
2024-05-09,61191.19921875,505.08770969254925,435.54661913008255,180.74699689996783,156.60644688083545,214.47999572753906,1.0746910572052002
2024-05-10,63055.19140625,509.4124711158648,437.73263958289897,183.31206939842306,157.59323207611828,219.22000122070312,1.078515887260437
2024-05-11,60793.35546875,,,,,,
2024-05-12,60793.50390625,,,,,,
2024-05-13,61451.21875,510.1446047910038,439.1669029109842,183.84743912898392,158.3143669827463,217.05999755859375,1.077040672302246
2024-05-14,62900.7734375,508.72900340853613,437.84144756940225,185.89964252722956,157.06189113785135,217.30999755859375,1.079354166984558
2024-05-15,61553.98828125,513.336889820599,443.55868954019047,186.2962448244031,156.85315214384283,219.05999755859375,1.0814552307128906
2024-05-16,66256.109375,517.2906967075278,447.7921494818684,188.83423487080034,158.3902740108991,220.13999938964844,1.0889805555343628
2024-05-17,65231.296875,516.2461019816988,447.1986823210974,187.88245575005936,159.09241370053635,222.17999267578125,1.0867793560028076
2024-05-18,67066.2109375,,,,,,
2024-05-19,66937.9296875,,,,,,
2024-05-20,66278.7421875,516.9880819887991,447.07006758388434,187.7040166341828,158.97855136899227,223.7899932861328,1.0875475406646729
2024-05-21,71443.0625,516.7049349793422,448.11857455171366,189.44890089382775,159.17779709812513,224.77000427246094,1.086082935333252
2024-05-22,70135.3203125,518.0424683735625,451.1057559416888,190.6187578068766,159.41500056275166,223.08999633789062,1.0855170488357544
2024-05-23,69121.3046875,520.2975559093766,455.54701045036677,189.33983451815809,158.73184585419165,218.77999877929688,1.0825204849243164
2024-05-24,67928.1328125,515.3090169926944,450.34417283824854,187.19840810516956,157.36551819188995,216.9600067138672,1.0812681913375854
2024-05-25,68526.921875,,,,,,
2024-05-26,69264.2890625,,,,,,
2024-05-27,68512.1796875,,,,,,1.0847634077072144
2024-05-28,69392.1953125,517.6714434796838,454.19186344679855,189.86528785982966,156.0751085815325,218.42999267578125,1.0861891508102417
2024-05-29,68296.3515625,513.1905812259436,450.5320959428548,187.98162409974876,154.32921351184478,216.9199981689453,1.0851871967315674
2024-05-30,67576.0859375,512.058043918065,450.55187839736584,189.12175436970267,153.38037114623643,216.69000244140625,1.0801819562911987
2024-05-31,68362.515625,511.15023176853157,446.8722875838762,189.7959119633218,154.12998271118173,217.77000427246094,1.0835410356521606
2024-06-01,67489.609375,,,,,,
2024-06-02,67710.2734375,,,,,,
2024-06-03,67753.8984375,516.4511159966606,449.6319094145116,191.24334718637152,155.543715302689,215.9199981689453,1.0853049755096436
2024-06-04,68804.5703125,513.9519213593795,447.9503768344026,192.96841099700254,156.35972482602517,216.24000549316406,1.0907385349273682
2024-06-05,70568.3515625,518.1595530381444,453.004931151471,193.72190135445058,158.4661785312373,216.69000244140625,1.0881866216659546
2024-06-06,71082.84375,522.2695576901561,459.17710658249314,194.0093990023229,157.34651271706207,218.36000061035156,1.087453007698059
2024-06-07,70759.1875,520.980911626184,457.97039057899616,192.978343568532,159.78505619561608,215.07000732421875,1.0894432067871094
2024-06-08,69324.1796875,,,,,,
2024-06-09,69297.4921875,,,,,,
2024-06-10,69644.3125,520.5122904328304,456.8032055496993,195.20900753042525,158.24795590924927,213.1300048828125,1.0778882503509521
2024-06-11,69508.078125,521.3811694677967,458.50447750184526,191.98692512163242,158.42820499884508,213.9499969482422,1.0764262676239014
2024-06-12,67321.375,528.7615289974312,466.86269781638856,205.58908283581826,158.93110344199425,216.47000122070312,1.0740330219268799
2024-06-13,68243.1015625,530.2454535391702,472.53048823334285,212.8958066808934,156.0561092887016,214.44000244140625,1.0813149213790894
2024-06-14,66747.5703125,528.0293950539849,471.3434883571342,212.01346682824212,157.49835344244661,215.33999633789062,1.0738831758499146
2024-06-15,66006.7421875,,,,,,
2024-06-16,66189.359375,,,,,,
2024-06-17,66636.515625,529.2008719569648,474.2515381397125,211.5375569916551,157.36552235366526,214.89999389648438,1.0702168941497803
2024-06-18,66490.9765625,534.1600786870761,479.7412776538949,215.7213082393038,158.48516178019528,214.3800048828125,1.0740677118301392
2024-06-19,65146.66015625,,,,,,1.0742292404174805
2024-06-20,64960.296875,536.3858757194955,481.13592417740887,212.0927269910851,159.756609349098,216.32000732421875,1.0751532316207886
2024-06-21,64837.98828125,533.180367297688,475.9628136184934,208.58315742215362,158.9121257443038,217.8300018310547,1.0706409215927124
2024-06-22,64113.86328125,,,,,,
2024-06-23,64248.96484375,,,,,,
2024-06-24,63173.3515625,533.1117007115007,473.73725096126896,205.93608683303725,160.12662782207698,215.5500030517578,1.0687757730484009
2024-06-25,60266.28125,532.7787868983022,471.64684204643737,207.35380525957078,160.0032999003168,214.9600067138672,1.0732723474502563
2024-06-26,61789.67578125,532.4849577215607,474.10382358424476,209.68363861405976,157.5552782085744,212.38999938964844,1.0709619522094727
2024-06-27,60811.2265625,534.1302894973802,475.65922915173917,212.8462361886446,158.9216025020858,214.7100067138672,1.068010926246643
2024-06-28,61612.8046875,535.8835010057983,477.9279271409459,213.91696855097956,157.5078448329541,215.63999938964844,1.0708472728729248
2024-06-29,60319.875,,,,,,
2024-06-30,60888.4453125,,,,,,
2024-07-01,62673.60546875,534.3848928648134,475.57999748371265,210.26856627972688,157.11881834924182,215.25,1.0735257863998413
2024-07-02,62844.41015625,532.4947501316359,475.9465095327891,214.293668724795,154.26279438821294,215.3300018310547,1.0737102031707764
2024-07-03,62034.33203125,537.3819778344747,481.70258851623953,218.1106471909744,154.86059008357563,217.33999633789062,1.0748412609100342
2024-07-04,60147.13671875,,,,,,1.0793308019638062
2024-07-05,57022.80859375,540.3983822148235,487.31985444021234,219.7464397478406,155.61964772130187,219.5800018310547,1.0810693502426147
2024-07-06,56659.07421875,,,,,,
2024-07-07,58239.4296875,,,,,,
2024-07-08,55849.57421875,543.9927357696513,491.9167358967407,225.13972278278513,157.46040406648274,219.63999938964844,1.082602620124817
2024-07-09,56704.59765625,544.795863484972,494.2350497416093,225.9725055332989,158.10562002201382,218.57000732421875,1.0830950736999512
2024-07-10,58033.8828125,545.5891159264746,495.06718307323126,227.3307526887298,157.41293993711122,220.13999938964844,1.0814785957336426
2024-07-11,57729.890625,549.8690906630567,498.3960104304496,229.40281699319425,157.79251017914248,222.64999389648438,1.083329677581787
2024-07-12,57341.1953125,546.1376269625789,487.934120777822,226.9540218514806,157.71656098592317,222.02999877929688,1.0872756242752075
2024-07-13,57908.73828125,,,,,,
2024-07-14,59225.25,,,,,,
2024-07-15,60815.45703125,550.4470318184875,491.9960314409882,234.44911702590872,157.9537881582451,223.38999938964844,1.0885539054870605
2024-07-16,64784.41796875,551.2695891404957,492.99662197224063,232.98180687397965,156.47362360905524,225.4499969482422,1.0901559591293335
2024-07-17,65091.83203125,547.2835053633577,483.74340981561966,227.4794799069808,159.16831979968336,228.7899932861328,1.0902509689331055
2024-07-18,64104.73828125,546.9994907975359,481.0189557238677,228.3023336745397,160.1645971426643,227.7100067138672,1.094020128250122
2024-07-19,63972.32421875,541.0350233261719,474.69823041742177,222.88926630632307,160.33562057019196,221.52000427246094,1.0901559591293335
2024-07-20,66709.921875,,,,,,
2024-07-21,67164.9140625,,,,,,
2024-07-22,68152.9765625,541.6030975244146,476.6895191140848,225.06043082550624,160.29741207406167,221.5800018310547,1.0899182558059692
2024-07-23,67584.8046875,543.1113522241114,476.93720956859266,222.44308791792702,160.4692499567639,222.33999633789062,1.0889805555343628
2024-07-24,65927.859375,537.5483785668235,469.4178042542807,222.0762625279836,158.76059201329812,223.47000122070312,1.0850694179534912
2024-07-25,65375.875,530.1931317534066,459.4115832282099,217.04981289629316,160.66971204596277,219.02000427246094,1.0839520692825317
2024-07-26,65771.8125,531.1040855758291,458.3515449431624,216.8217851678197,159.6483508038091,219.9600067138672,1.0851283073425293
2024-07-27,67911.8125,,,,,,
2024-07-28,67808.65625,,,,,,
2024-07-29,68259.0546875,534.7669398202207,461.3831469520945,215.09674706599597,161.1756122985688,221.25999450683594,1.0853756666183472
2024-07-30,66819.0546875,535.001925487195,461.5218203822993,217.3075942808937,154.43649186049203,221.41000366210938,1.081946611404419
2024-07-31,66201.2734375,537.6658891932146,463.52301742956,219.53825698895486,153.50103847353168,223.72999572753906,1.0816072225570679
2024-08-01,64625.83984375,541.1819427118934,467.37689795882113,222.44309097566543,153.56789157142472,226.74000549316406,1.082391619682312
2024-08-02,65353.5,524.7085981454201,446.7008510299297,217.2679231335739,159.8297221125812,227.9499969482422,1.0787602663040161
2024-08-03,61414.80859375,,,,,,
2024-08-04,60676.09375,,,,,,
2024-08-05,58110.296875,501.0955002341847,420.76401989618296,197.3802115476467,163.11337509373476,220.55999755859375,1.0910836458206177
2024-08-06,53991.34765625,508.51921810050686,433.1677617207585,203.53686913101606,160.2687828825541,221.5,1.0950982570648193
2024-08-07,56040.6328125,517.5785536304185,442.34167151120243,205.12314519344287,160.90834147327172,221.94000244140625,1.0926215648651123
2024-08-08,55030.02734375,513.1126009988247,436.9621628383831,211.27980900719393,161.7197122134919,222.72999572753906,1.0928125381469727
2024-08-09,61728.20703125,518.8909769209239,442.58933486287685,210.27848952903548,162.3878942116526,224.82000732421875,1.0915720462799072
2024-08-10,60881.23046875,,,,,,
2024-08-11,60944.890625,,,,,,
2024-08-12,58719.39453125,523.2003538167259,447.19616554453364,214.4623401059105,161.7006421761914,226.13999938964844,1.091381311416626
2024-08-13,59356.20703125,525.4724436986064,451.5850231776538,217.38044783379533,159.73423854546292,228.07000732421875,1.0936251878738403
2024-08-14,60611.05078125,531.6622256176499,459.2035073738891,218.9288294958838,158.93243321545435,226.5500030517578,1.0996986627578735
2024-08-15,58733.26171875,538.1751988274788,464.40482025936376,222.9288560878089,161.75790138459251,226.50999450683594,1.1013215780258179
2024-08-16,57560.2734375,540.0555939415091,468.2289340511398,222.25394621007445,160.19245121594943,229.99000549316406,1.0972732305526733
2024-08-17,58893.53125,,,,,,
2024-08-18,59468.1328125,,,,,,
2024-08-19,58480.7109375,543.2973511166235,470.7552521973401,224.0405257400108,160.5360549581622,230.14999389648438,1.1024993658065796
2024-08-20,59493.453125,547.6262846058479,475.8871033026028,224.09017687092657,161.09927376959735,233.7100067138672,1.1086474657058716
2024-08-21,59014.98828125,548.2335818085938,476.58054970811685,224.8346020684513,162.45469121202532,231.69000244140625,1.112792730331421
2024-08-22,61168.31640625,550.9659542858195,480.33534455218785,226.09512887719345,163.11336580051844,230.35000610351562,1.115536093711853
2024-08-23,60380.953125,547.9985298599797,474.7873956850109,223.98097823318813,162.32108702039744,231.0399932861328,1.111716389656067
2024-08-24,64103.87109375,,,,,,
2024-08-25,64176.3671875,,,,,,
2024-08-26,64342.2265625,551.5732410031779,474.99550579444735,225.0727813784282,161.03242245593069,233.4499969482422,1.1187934875488281
2024-08-27,62879.70703125,547.9592265897197,469.2889906947145,224.31846403822652,163.065607996425,231.69000244140625,1.1164700984954834
2024-08-28,59507.92578125,549.6439450462528,471.8648389451947,226.22414704916858,161.71973695555548,232.0,1.117793083190918
2024-08-29,59027.46875,548.7623394799141,468.8827928484705,228.38796742499142,162.0347141043334,231.9499969482422,1.1124955415725708
2024-08-30,59388.6015625,549.212987410433,470.6264788445398,228.4772755570311,162.42607930660333,232.52999877929688,1.1080454587936401
2024-08-31,59117.48046875,,,,,,
2024-09-01,58969.80078125,,,,,,
2024-09-02,57326.96875,,,,,,1.1044842004776
2024-09-03,59106.19140625,548.9191307501956,468.8035388395337,226.84948058831634,163.25653937745562,230.3800048828125,1.1067456007003784
2024-09-04,57430.34765625,538.8607329114091,454.40852713775496,220.01074262314262,165.73838096345534,229.7899932861328,1.1048868894577026
2024-09-05,57971.703125,539.5365467142444,454.70572529323357,219.9809679444758,167.99110533982872,232.72000122070312,1.1080454587936401
2024-09-06,56160.19140625,538.6061519080256,456.05307770346093,222.2837029728863,167.77153978301249,231.8300018310547,1.1111111640930176
2024-09-07,53949.0859375,,,,,,
2024-09-08,54147.93359375,,,,,,
2024-09-09,54851.88671875,533.425248105456,448.8506537145908,219.17700018247805,167.56152229559302,231.25999450683594,1.1087212562561035
2024-09-10,57020.09765625,537.0587275255268,452.0010913798349,217.29112653781655,167.9147319284295,232.38999938964844,1.1037527322769165
2024-09-11,57650.2890625,537.3917487162622,455.6370151696974,219.81224273641337,168.57339722449004,231.72000122070312,1.1020983457565308
2024-09-12,57343.171875,543.5715745845557,464.29578616525714,220.84449248276735,165.99606614626106,234.6300048828125,1.1010911464691162
2024-09-13,58130.32421875,548.1747207597754,468.0902619297623,221.91644846858938,165.49018664723303,238.1300048828125,1.1077877283096313
2024-09-14,60569.1171875,,,,,,
2024-09-15,60000.7265625,,,,,,
2024-09-16,59185.2265625,550.1629906749666,468.79361628971213,214.92884416844979,166.76930252434607,238.72999572753906,1.1088441610336304
2024-09-17,58192.5078125,553.4536471249235,471.86482380417743,214.14471619981742,168.602004933821,238.0800018310547,1.1129536628723145
2024-09-18,60309.0,552.1217580784818,470.2895966560615,215.931307109631,167.09384302792913,238.19000244140625,1.1123099327087402
2024-09-19,61651.15625,559.2418737919741,478.1261087929225,223.31597824995185,165.02245403908907,238.24000549316406,1.1114816665649414
2024-09-20,62941.42578125,557.843033129673,478.0071954775703,228.2589097535001,163.71470973805754,241.11000061035156,1.1161960363388062
2024-09-21,63184.33984375,,,,,,
2024-09-22,63396.8046875,,,,,,
2024-09-23,63643.1015625,559.3166610051752,479.135323893243,225.64846451262724,166.10107647088833,242.97000122070312,1.1160838603973389
2024-09-24,63326.83984375,560.4364946014963,480.6333780488886,226.94872814757065,165.0224810678508,243.38999938964844,1.1111727952957153
2024-09-25,64302.58984375,561.0849426444706,480.91114919551086,223.25642645588798,166.1583643453391,246.19000244140625,1.1191190481185913
2024-09-26,63138.546875,564.2678851150425,489.47297902508933,225.60876888531146,163.70517793653715,246.44000244140625,1.1131023168563843
2024-09-27,65180.6640625,563.295359810012,486.6256838006488,226.76012088076428,165.14653788251965,246.30999755859375,1.117717981338501
2024-09-28,65792.1796875,,,,,,
2024-09-29,65888.8984375,,,,,,
2024-09-30,65634.65625,560.3775279948936,481.942923506745,228.3283747151782,165.83382126585266,243.97000122070312,1.1169815063476562
2024-10-01,63335.60546875,563.3051897855821,483.8478319905061,227.81225543239978,165.36609237185394,245.1999969482422,1.113660216331482
2024-10-02,60836.32421875,557.715374727311,476.5657513321326,224.20925878310885,164.19198502467805,245.61000061035156,1.1063904762268066
2024-10-03,60632.484375,557.3715020969081,475.9506174766113,223.46483520314058,163.58106472086416,244.72000122070312,1.1048502922058105
2024-10-04,60754.625,562.273664576873,483.5997421604296,226.20430944090455,161.17561884305906,245.0,1.103557825088501
2024-10-05,62067.609375,,,,,,
2024-10-06,62084.98828125,,,,,,
2024-10-07,62819.109375,561.2421538745174,481.55601359663206,222.8296017820206,161.4715191558266,244.5800018310547,1.0974539518356323
2024-10-08,62221.64453125,560.3775771285751,480.83175543826064,222.63108533790577,159.26652601922856,243.7899932861328,1.0975743532180786
2024-10-09,62131.7265625,563.0693978961492,485.1375160516646,223.554178398676,160.72698992827029,241.16000366210938,1.0975743532180786
2024-10-10,60581.9296875,565.6334738441669,486.97288079520195,226.0851959438118,161.12786535400514,241.77000427246094,1.0943313837051392
2024-10-11,60275.4609375,565.9085213296812,486.86374286155046,227.5938974682738,161.75787680291788,244.5,1.0933860540390015
2024-10-12,62444.6171875,,,,,,
2024-10-13,63192.9453125,,,,,,
2024-10-14,62848.3984375,570.9875597212838,491.85402746733337,226.99834931201846,163.24698173318214,245.16000366210938,1.0925379991531372
2024-10-15,66050.3671875,574.2981924836022,493.89777863008004,231.87182665313995,165.03200555730012,244.99000549316406,1.0909169912338257
2024-10-16,67042.4609375,569.5729286407808,487.30026609568785,229.87678174389526,164.06792193095137,247.6199951171875,1.0884116888046265
2024-10-17,67617.078125,575.594918349773,492.51875901205545,231.69315867439417,164.35424630138576,247.75,1.0862481594085693
2024-10-18,67419.109375,573.7873532764656,490.15753539620334,234.4226930307779,163.51546695754854,250.0,1.0829542875289917
2024-10-19,68418.9765625,,,,,,
2024-10-20,68364.1796875,,,,,,
2024-10-21,69002.0,573.5711395635755,489.3539020420387,232.7055644739604,164.1683860522377,252.74000549316406,1.0868619680404663
2024-10-22,67360.703125,570.8204817447413,488.8380434331737,232.1497589598997,161.85440447704755,253.05999755859375,1.0817828178405762
2024-10-23,67362.375,571.0267196890029,489.6912640374047,232.33831918874512,162.7953540474375,253.0800018310547,1.079727053642273
2024-10-24,66653.703125,569.7693209618997,488.2229113611023,228.26880958821053,162.67053474640042,253.27000427246094,1.0780508518218994
2024-10-25,68165.296875,571.2723713678375,491.22902181685464,228.03061417648678,162.19045106926714,252.0,1.0824151039123535
2024-10-26,66628.734375,,,,,,
2024-10-27,67023.4765625,,,,,,
2024-10-28,67922.671875,572.3234997428319,494.52276578852906,231.58399967772363,162.53609052486684,253.00999450683594,1.0796570777893066
2024-10-29,69910.046875,569.641651710168,491.8044187402905,231.36561495313973,162.13285270356837,254.49000549316406,1.0816774368286133
2024-10-30,72715.3671875,571.0562623128328,495.44549370075856,230.87924283818487,160.4333789392254,256.760009765625,1.0820636749267578
2024-10-31,72335.046875,565.4271221936206,488.4907896798999,227.63359787833264,159.1563521704465,255.52000427246094,1.0859178304672241
2024-11-01,70216.8984375,561.2618547208896,481.6651773097424,219.3258967897823,158.72426972107164,254.3300018310547,1.0886130332946777
2024-11-02,69486.0234375,,,,,,
2024-11-03,69296.3828125,,,,,,
2024-11-04,68742.1328125,561.1242574334378,482.97474217579787,219.34573920720757,159.1179358892644,253.32000732421875,1.087453007698059
2024-11-05,67811.171875,560.6920242782184,483.75844155654505,220.14969745378525,157.78331784214802,253.77999877929688,1.0874056816101074
2024-11-06,69358.5,578.8269488778815,496.6062103649232,220.95366880237512,159.01232081253875,245.63999938964844,1.093445897102356
2024-11-07,75637.0859375,582.6387786486675,504.38428822463,222.95862926675593,155.5077475312427,248.2899932861328,1.073306918144226
2024-11-08,75902.8359375,585.6742957423695,508.9876012725544,225.72780810336752,157.485673433179,249.07000732421875,1.0795172452926636
2024-11-09,76556.1875,,,,,,
2024-11-10,76775.546875,,,,,,
2024-11-11,80471.4140625,589.2501914582232,511.2992250032805,223.5716039938927,160.3469614119807,242.72999572753906,1.0714898109436035
2024-11-12,88705.5625,588.1400498376755,509.7118651333431,223.12446381828886,159.52120563120303,241.2899932861328,1.066439151763916
2024-11-13,87929.96875,586.853093374815,508.35269682828596,222.58788780053936,159.44437659301175,241.30999755859375,1.061672568321228
2024-11-14,90574.8828125,586.804069200042,507.8665950790709,223.59146688403666,160.0685120631884,236.57000732421875,1.0564124584197998
2024-11-15,87284.1796875,579.3378226480269,498.9674158501514,224.96268496170848,161.24950194962406,237.57000732421875,1.0530084371566772
2024-11-16,91064.3671875,,,,,,
2024-11-17,90558.4609375,,,,,,
2024-11-18,89843.71875,575.8995183103505,494.1953790330812,223.8199993254601,162.37290657795475,240.4600067138672,1.0533745288848877
2024-11-19,90536.8125,574.4159793947367,493.4909765905591,225.53899960732684,163.88994964162885,242.75,1.059490442276001
2024-11-20,92341.890625,579.9861213526011,499.18562594048456,226.61216873586113,163.23702355040305,243.74000549316406,1.0607603788375854
2024-11-21,94334.640625,582.953055915256,502.2412988893756,227.42697481306035,164.8213169468478,246.22999572753906,1.0546187162399292
2024-11-22,98496.4296875,583.2084127301733,500.43568707688615,226.61216818417898,167.21208441024945,248.1999969482422,1.0469341278076172
2024-11-23,99006.7421875,,,,,,
2024-11-24,97778.09375,,,,,,
2024-11-25,98033.4453125,588.9653319760873,505.8723839670451,229.99057974831032,170.4094395734276,244.27000427246094,1.0479873418807983
2024-11-26,93087.28125,588.2579123147351,504.0667529918503,231.84870566104107,170.14057825005116,242.7100067138672,1.0444300174713135
2024-11-27,91978.140625,589.8887838542881,504.15607164871835,232.98148163119754,172.82902593271007,244.85000610351562,1.0491198301315308
2024-11-28,95954.9453125,,,,,,1.0562450885772705
2024-11-29,95653.953125,589.1028810382705,501.93375043277575,233.3192972938568,171.58084222426044,245.25,1.0563008785247803
2024-11-30,97468.8125,,,,,,
2024-12-01,96461.3359375,,,,,,
2024-12-02,97276.0078125,592.354515594293,506.9737471547488,235.76367580720535,171.98410499701828,244.4600067138672,1.0545742511749268
2024-12-03,95854.59375,592.7672106157903,509.89037421333506,238.2875760799829,171.648049698562,244.9600067138672,1.0501223802566528
2024-12-04,95988.53125,594.9677449089698,516.2101727842456,241.32812877991805,167.2312961085982,244.92999267578125,1.0510826110839844
2024-12-05,98741.5390625,596.961947940629,519.176383956468,242.44102079436578,167.89380966454308,244.16000366210938,1.051414132118225
2024-12-06,97074.2265625,596.7459547224977,518.3530064032137,241.36787220390693,168.38348674494986,242.7899932861328,1.058559536933899
2024-12-07,99916.7109375,,,,,,
2024-12-08,99921.9140625,,,,,,
2024-12-09,101237.0625,596.9915028268559,521.3987891581372,240.29473874492055,166.72241229864005,246.27999877929688,1.0565463304519653
2024-12-10,97441.234375,594.7123841088862,519.4840189672058,245.3226337747269,163.6306947700127,247.86000061035156,1.0555204153060913
2024-12-11,96656.0625,595.1152087702993,520.8530714936718,246.38582450957213,166.11751048435713,249.35000610351562,1.0532968044281006
2024-12-12,101167.8046875,595.901123418652,523.511980803434,245.32261935264157,164.60045981415468,247.80999755859375,1.0506850481033325
2024-12-13,100046.6484375,595.7241395523251,526.2700842159519,246.24671899982582,163.9667683772393,245.6699981689453,1.0474056005477905
2024-12-14,101451.4375,,,,,,
2024-12-15,101373.53125,,,,,,
2024-12-16,104293.578125,595.331290479334,528.8693063591745,246.41563368868003,164.6196538879374,245.41000366210938,1.051005244255066
2024-12-17,106030.6875,593.553151685944,532.1233843076452,248.49236434269267,163.87073234166164,243.8000030517578,1.0517348051071167
2024-12-18,106147.296875,593.3467745348553,530.9230075449514,250.55917390522964,162.99697307034344,243.57000732421875,1.0495051145553589
2024-12-19,100070.6875,580.9490228826561,517.0732121815271,245.92875304737495,162.27687036352563,239.6699981689453,1.0350252389907837
2024-12-20,97484.6953125,573.451443984787,506.4081888202465,246.46531011815415,162.14245926479674,241.41000366210938,1.0364949703216553
2024-12-21,97756.1953125,,,,,,
2024-12-22,97218.3203125,,,,,,
2024-12-23,95099.390625,582.440932357683,516.2774428461142,253.1526187871241,161.3647239847416,241.60000610351562,1.0433076620101929
2024-12-24,94684.34375,587.5370835235541,521.5241349732042,253.868019379837,160.94223578675613,241.49000549316406,1.0405826568603516
2024-12-25,98675.9140625,,,,,,1.0402579307556152
2024-12-26,99297.6953125,590.9278604962976,524.9920714258506,256.5508929178466,161.60473830038768,242.38999938964844,1.0399551391601562
2024-12-27,95704.9765625,588.9958679237085,522.6966520264838,256.19317709309894,162.6705352292222,241.1999969482422,1.0423181056976318
2024-12-28,94160.1875,,,,,,
2024-12-29,95174.0546875,,,,,,
2024-12-30,93527.1953125,579.4838439796579,512.2627757493814,250.62873106361576,161.9504062357481,241.0800018310547,1.0429377555847168
2024-12-31,92643.25,581.4749602926895,513.644094410772,250.83739579916153,160.69259848302616,241.0500030517578,1.040615200996399
2025-01-01,93425.1015625,,,,,,
2025-01-02,94416.2890625,580.9623534016539,511.0603921100838,247.34967754084445,161.393509905093,244.22000122070312,1.0351860523223877
2025-01-03,96881.7265625,579.1289967873591,510.11637914045036,241.81503295898438,159.62682868907297,244.55999755859375,1.0268205404281616
2025-01-04,98106.9921875,,,,,,
2025-01-05,98233.90625,,,,,,
2025-01-06,98314.953125,587.7440676720806,520.7192176012078,242.75900387005615,156.32386794684288,242.3300018310547,1.0305347442626953
2025-01-07,102248.8515625,588.877548048508,522.2793368947259,241.43743349025635,155.0276833123608,245.52000427246094,1.0386372804641724
2025-01-08,96924.1640625,580.282291853868,511.8354863915311,240.3841632667122,154.57637126158968,245.72000122070312,1.034554123878479
2025-01-09,95043.484375,,,,,,1.0314701795578003
2025-01-10,92494.4921875,577.5025797313914,508.2581637128413,238.48630187104285,153.76983233161232,248.00999450683594,1.0297601222991943
2025-01-11,94700.8359375,,,,,,
2025-01-12,94565.7265625,,,,,,
2025-01-13,94488.890625,567.5372072518853,498.04296636403393,232.04743903723335,153.00173089417004,246.33999633789062,1.0244431495666504
2025-01-14,94519.0078125,576.0043111010004,505.5354479124467,233.2596800887061,152.5216319357895,245.6199951171875,1.0265253782272339
2025-01-15,96534.046875,581.8889752343268,509.79844685715614,233.1503884256181,154.19230313202883,248.2100067138672,1.0306835174560547
2025-01-16,100505.296875,585.6740294157521,515.7109442532102,235.8432019589194,153.26094932352828,250.55999755859375,1.0295268297195435
2025-01-17,100025.765625,588.4242703969026,519.5565458046289,230.64640281529265,153.3761765049588,249.6999969482422,1.0301949977874756
2025-01-18,104124.953125,,,,,,
2025-01-19,104411.2890625,,,,,,
2025-01-20,101083.75,,,,,,1.0277386903762817
2025-01-21,102052.578125,592.0811502463223,521.1762711033113,222.57792910461188,154.5475806065445,251.9499969482422,1.0420682430267334
2025-01-22,106136.3828125,597.2560928487167,526.2343267127363,218.39465138442915,160.44296807526828,254.2899932861328,1.0405935049057007
2025-01-23,103657.671875,597.1377185948221,525.7076127624492,223.3132424800993,157.3512667605487,253.19000244140625,1.0410159826278687
2025-01-24,103965.671875,601.0903888692611,529.6625453438141,223.35299524803202,160.2717492521424,255.9600067138672,1.041601538658142
2025-01-25,104824.03125,,,,,,
2025-01-26,104713.2109375,,,,,,
2025-01-27,102680.3046875,586.3049484329972,507.78117595907423,222.5978054024586,161.05421254914805,253.86000061035156,1.0467586517333984
2025-01-28,102095.4140625,592.031779311243,511.9746158466005,229.38444497187513,163.16980159903153,254.22999572753906,1.0445064306259155
2025-01-29,101317.5234375,595.0874967960807,519.169115138246,232.6336842670617,161.05420953095296,254.5500030517578,1.0429050922393799
2025-01-30,103709.3359375,595.3240968992558,520.4111867008249,237.1547951903121,161.78836235928986,257.20001220703125,1.0425245761871338
2025-01-31,104737.5625,598.8134974486875,523.6009014071057,245.62073349000855,160.3586691365331,259.0799865722656,1.0397279262542725
2025-02-01,102402.796875,,,,,,
2025-02-02,100661.5390625,,,,,,
2025-02-03,97681.1015625,584.1954832564219,510.2357086154253,228.52991033796462,159.84668534099134,259.75,1.024779200553894
2025-02-04,101398.71875,589.281761222817,515.3631410761267,225.80731341689966,163.53688847560036,261.8299865722656,1.0327378511428833
2025-02-05,97878.0078125,592.0516161255263,518.533087344952,227.0791817096477,162.3776548299533,264.45001220703125,1.0372798442840576
2025-02-06,96610.640625,597.3250313642651,524.038096719135,229.8216550685821,163.6141465735437,263.6600036621094,1.0400848388671875
2025-02-07,96581.3203125,598.212296920289,526.8007749908396,231.1233398047693,163.34366738067393,265.2200012207031,1.0385725498199463
2025-02-08,96533.2578125,,,,,,
2025-02-09,96481.3125,,,,,,
2025-02-10,96499.4609375,595.3931329282537,523.8990176021349,228.36339787721977,161.99126657639988,268.0,1.0311616659164429
2025-02-11,97438.1328125,593.93424024475,522.6470638665404,227.00058728303875,161.99126037148656,267.70001220703125,1.0301525592803955
2025-02-12,95745.6953125,590.6322360789388,519.0100229717194,229.98480349517558,162.6288208925021,267.1499938964844,1.0364949703216553
2025-02-13,97888.75,595.8366046698266,526.6415998490472,235.66480095549997,163.86533739853016,268.3999938964844,1.039198637008667
2025-02-14,96623.3671875,601.2184922163688,532.6337190649526,239.981993568851,164.0198756575033,270.07000732421875,1.0461673736572266
2025-02-15,97508.3828125,,,,,,
2025-02-16,97580.4921875,,,,,,
2025-02-17,96179.0078125,,,,,,1.0489217042922974
2025-02-18,95773.8125,602.145135650955,536.3302520039847,242.86674847770814,157.7987438153355,269.67999267578125,1.048536777496338
2025-02-19,95532.53125,601.3566081495158,535.1775539526902,243.37408953874765,160.45531599392368,270.67999267578125,1.044833779335022
2025-02-20,96632.6796875,602.7957307474628,535.3365599110106,243.65259654249155,157.60554943081505,270.2300109863281,1.0421009063720703
2025-02-21,98340.671875,601.4354715890964,534.9887454346671,244.6572756706751,161.7497523600738,270.79998779296875,1.0500562191009521
2025-02-22,96134.203125,,,,,,
2025-02-23,96577.8046875,,,,,,
2025-02-24,96277.9609375,593.4118132885562,524.5548296972278,243.64264638435856,164.43526726812019,271.45001220703125,1.0474823713302612
2025-02-25,91437.1171875,588.6115273648803,515.9692401349251,246.69652285022872,165.4592469022744,271.4599914550781,1.0461344718933105
2025-02-26,88638.890625,587.4088352242034,512.2827387092531,243.04579925662603,166.42526840117856,267.0799865722656,1.0524100065231323
2025-02-27,84076.859375,588.3157098294636,514.8663527597747,238.15166004001364,165.0438601187161,266.489990234375,1.0488777160644531
2025-02-28,84705.625,577.1872200213395,496.9796905709141,235.70458076540925,167.6810920735812,262.55999755859375,1.039511799812317
2025-03-01,84373.8671875,,,,,,
2025-03-02,86036.2578125,,,,,,
2025-03-03,94248.421875,587.6552532272791,508.29789058596987,240.51914741730602,167.68108506205735,265.07000732421875,1.0413846969604492
2025-03-04,86064.0703125,571.4208567458912,491.0671622880661,236.46058429228577,170.74336262912877,269.010009765625,1.0485037565231323
2025-03-05,87222.953125,568.4439286159911,493.0744692441924,234.18263593082168,167.48787549579203,267.9700012207031,1.062699317932129
2025-03-06,90622.359375,567.2513477016495,490.58025627763743,233.207802772317,168.94657535427143,268.25,1.0794938802719116
2025-03-07,89963.28125,562.7368186254731,484.0913896771833,233.87426828677374,168.17374468529488,269.0899963378906,1.0787951946258545
2025-03-08,86742.65625,,,,,,
2025-03-09,86154.3046875,,,,,,
2025-03-10,80597.1484375,559.4742288830657,480.4047960555825,234.3019970725287,170.75302765798816,267.6199951171875,1.086059331893921
2025-03-11,78523.875,551.4012280579012,469.374639710155,222.63365113389432,169.85460432460494,268.4700012207031,1.0839403867721558
2025-03-12,82857.375,554.1316472627199,476.1417740872487,218.98296406915986,163.9329509350094,268.4700012207031,1.0914170742034912
2025-03-13,83724.921875,550.5041922476157,473.25013268441506,214.81496040955514,162.00091814557473,271.57000732421875,1.0886249542236328
2025-03-14,81066.9921875,548.1583018697701,470.7460015069771,210.13965751241793,162.08784343674375,276.2699890136719,1.085564136505127
2025-03-15,83968.40625,,,,,,
2025-03-16,84333.3203125,,,,,,
2025-03-17,82576.3359375,554.742702735982,476.5889052181335,212.18885305172668,162.64812869164913,275.5400085449219,1.0881274938583374
2025-03-18,84075.71875,556.7240271713574,476.39016090546806,213.03437263106773,164.29038850863225,279.8999938964844,1.091917634010315
2025-03-19,82718.8046875,554.7821880592443,473.80658371122826,213.0940604852241,162.1651312526243,279.8500061035156,1.093948245048523
2025-03-20,86872.953125,555.2751474371241,473.8761366755608,212.86527847830126,163.15047624321417,279.489990234375,1.0911908149719238
2025-03-21,84164.5390625,552.9413292589383,471.0937592442753,210.4480334492585,161.45994236637557,279.4599914550781,1.0856702327728271
2025-03-22,84046.2578125,,,,,,
2025-03-23,83831.8984375,,,,,,
2025-03-24,86070.9296875,564.3307537296456,485.39050030859886,219.838409330833,160.7740602630653,278.9100036621094,1.0835762023925781
2025-03-25,87512.8203125,568.7797678649376,489.022941249908,219.6096416779903,159.68248695513194,278.7799987792969,1.0803569555282593
2025-03-26,87460.234375,568.6709866041082,489.92852335581483,222.3352199198642,157.79873275635342,278.92999267578125,1.0787487030029297
2025-03-27,86896.2578125,560.7517355574175,480.08616022723464,220.22636977863218,162.16514342252566,280.54998779296875,1.0742061138153076
2025-03-28,87185.234375,559.1204968505267,477.49872503017417,220.504904155295,163.62381454312532,283.82000732421875,1.080100178718567
2025-03-29,84352.0703125,,,,,,
2025-03-30,82596.984375,,,,,,
2025-03-31,82336.0625,543.5984615291653,459.6948832614754,215.86936438132514,162.38731403418996,287.5299987792969,1.082391619682312
2025-04-01,82551.921875,551.1321177898429,465.04896162318204,218.65469735360887,164.77338724693942,288.5400085449219,1.0818880796432495
2025-04-02,85180.609375,548.7592465118332,463.87467002418674,220.15677238154151,164.2903824037155,288.2799987792969,1.0795987844467163
2025-04-03,82487.4765625,538.9318440966172,454.24126086225453,204.4596791341039,168.30900627046645,282.7799987792969,1.090869426727295
2025-04-04,83100.25,517.7349353008444,436.0294529358994,192.87091122900438,165.93260407023814,283.6400146484375,1.1043744087219238
2025-04-05,83844.703125,,,,,,
2025-04-06,83504.5078125,,,,,,
2025-04-07,78221.3359375,483.6457288710085,406.6914794249544,176.26863687444822,158.09820249387286,278.8599853515625,1.098454475402832
2025-04-08,79218.4765625,515.9454154101668,436.04930169029,185.71870692843436,156.79409078501027,277.8699951171875,1.0915361642837524
2025-04-09,76273.5625,487.84755542038147,413.56815354318593,171.04623198001363,152.01229508196894,282.2200012207031,1.0980443954467773
2025-04-10,82565.9765625,526.1385878330984,451.3751553721857,188.07624843340898,157.36402796393858,288.80999755859375,1.0952062606811523
2025-04-11,79625.046875,517.0823733080597,442.50805710466096,185.12186726950821,157.81805695528848,297.9599914550781,1.1257838010787964
2025-04-12,83404.515625,,,,,,
2025-04-13,85279.46875,,,,,,
2025-04-14,83694.5234375,537.883883195208,462.2226327115798,210.32868138530173,161.36333916316352,295.5400085449219,1.1343141794204712
2025-04-15,84539.6953125,533.5535570239268,456.33118230210107,200.7990333068026,163.39198006405394,296.92999267578125,1.1339668035507202
2025-04-16,83674.5078125,525.6541223320015,446.8669566467618,197.31743142832593,163.53686881709416,304.6499938964844,1.1292672157287598
2025-04-17,84030.671875,521.6599483491107,445.0159426129849,196.16353180406117,161.8366885668536,306.30999755859375,1.1396790742874146
2025-04-18,84900.1875,,,,,,
2025-04-19,84450.8671875,,,,,,
2025-04-20,85066.0703125,,,,,,
2025-04-21,85171.5390625,515.2533684112545,436.1189822025886,192.25418258208256,165.13948513995462,315.0199890136719,
2025-04-22,87521.875,514.2449494916972,436.70615895638065,195.0892017003565,161.22217908802725,317.489990234375,1.1512778997421265
2025-04-23,93427.5859375,534.3049123051696,455.9629260663685,204.9172632087338,161.74707344020248,304.17999267578125,1.1351252794265747
2025-04-24,93692.3984375,530.6369834977514,454.28109133466916,203.81312078521486,156.0120611675341,306.9800109863281,1.132733702659607
2025-04-25,93954.25,540.454522631326,464.72056158591084,205.28531450927932,155.40936438603234,301.7799987792969,1.1371906995773315
2025-04-26,94714.6484375,,,,,,
2025-04-27,94660.90625,,,,,,
2025-04-28,93755.3046875,545.1407910444296,470.75137745023704,208.8962283982374,156.53694729361825,304.1499938964844,1.1343141794204712
2025-04-29,94981.859375,542.6888178923871,467.9051531308386,207.59314001435672,156.77993121996346,305.80999755859375,1.1409143209457397
2025-04-30,94286.46875,541.3640897959557,464.87977453427817,208.19992461631293,157.90750006900282,304.6099853515625,1.1389262676239014
2025-05-01,94212.859375,554.0189320097116,481.08135748377987,207.98108655162656,156.16758516557064,297.4100036621094,1.1324899196624756
2025-05-02,96494.96875,558.329587021111,484.1962728644179,205.0067917796952,156.43000302332482,300.1700134277344,1.1296498775482178
2025-05-03,96904.6328125,,,,,,
2025-05-04,95877.1875,,,,,,
2025-05-05,94319.5625,556.1940033222468,482.26562303187217,202.03251395918386,156.3911434383269,305.9200134277344,1.1323232650756836
2025-05-06,94748.3828125,551.6066009560054,477.2499089792982,197.1682027308483,153.62082497774384,313.1199951171875,1.1313369274139404
2025-05-07,96800.1953125,553.8014947566288,479.7577689327616,198.1231564563361,154.57343696876902,312.1000061035156,1.1342755556106567
2025-05-08,97034.25,558.8337144066537,486.1767003880921,196.68078271707188,153.9513209012817,309.760009765625,1.1306205987930298
2025-05-09,103239.125,560.0597310271954,487.8486153265174,197.95407268173315,153.60138370969995,307.7900085449219,1.122422695159912
2025-05-10,102973.7109375,,,,,,
2025-05-11,104701.0703125,,,,,,
2025-05-12,104106.9609375,574.8798371188,504.5477524292731,210.13634313336473,153.02789156316823,298.3299865722656,1.12296462059021
2025-05-13,102812.4921875,576.7978469712151,506.707335072133,209.59847136477597,155.54545593495826,299.0199890136719,1.1095577478408813
2025-05-14,104167.328125,581.1479585868793,514.2806849131285,211.5905625216416,153.69857425126816,293.6700134277344,1.1185556650161743
2025-05-15,103538.828125,578.9234551699535,514.0318883953613,210.11641669484823,155.12748381357605,294.1000061035156,1.1181930303573608
2025-05-16,103735.65625,584.5489982766968,518.1519218274547,211.52086084946143,158.1019212135369,292.6199951171875,1.1192693710327148
2025-05-17,103489.2890625,,,,,,
2025-05-18,103186.953125,,,,,,
2025-05-19,106430.53125,581.4346564328234,511.76283198638407,207.08842931596485,158.89899155520567,297.8500061035156,1.1187559366226196
2025-05-20,105605.40625,586.3681289429425,516.96766002425,206.84938410987283,160.0071184453218,298.3500061035156,1.1233429908752441
2025-05-21,106791.3125,581.7708032009541,513.7830855259509,204.3592586621154,160.21125522255974,304.54998779296875,1.1287955045700073
2025-05-22,109673.4921875,576.0563267018498,511.1855674226468,199.91689038506837,159.84189129714247,305.0899963378906,1.133118748664856
2025-05-23,111679.359375,569.4520392436427,503.74166904926017,192.9046989896,160.2209703587637,308.8599853515625,1.1281843185424805
2025-05-24,107278.5078125,,,,,,
2025-05-25,107802.2734375,,,,,,
2025-05-26,109023.78125,,,,,,1.1372811794281006
2025-05-27,109440.40625,579.4277528567243,513.6637044067394,197.51641281084125,160.64865147439548,303.80999755859375,1.1388484239578247
2025-05-28,108992.171875,584.8555180607121,519.6645455027536,199.79736291846774,162.96210594974352,304.6400146484375,1.1337097883224487
2025-05-29,107795.5703125,586.3384441000501,523.7946096140164,202.775557811137,162.07757870685606,305.739990234375,1.123368263244629
2025-05-30,105646.2109375,582.2553357440712,516.937802360934,198.58218796001185,164.03134307432492,303.6400146484375,1.1378376483917236
2025-05-31,103994.71875,,,,,,
2025-06-01,104637.296875,,,,,,
2025-06-02,105649.8125,581.0985818518681,514.7484234216115,199.4885975362889,164.2938178171488,309.2099914550781,1.1353315114974976
2025-06-03,105888.4765625,585.6266079138771,521.0379136751978,200.55435521702816,162.11644426104394,309.55999755859375,1.1453442573547363
2025-06-04,105434.3671875,590.1942585782981,525.4664906934179,202.10819540070028,162.0289751407745,309.4100036621094,1.1384464502334595
2025-06-05,104750.78125,590.8566609128592,527.6260127928042,202.69587362440456,160.80419078332454,311.239990234375,1.1422044038772583
2025-06-06,101574.3671875,591.8749474768216,527.446880166096,202.19783403313102,158.72402608276096,309.0899963378906,1.1453834772109985
2025-06-07,104390.6484375,,,,,,
2025-06-08,105617.5078125,,,,,,
2025-06-09,105793.0234375,592.9229477814916,527.5862547168781,203.58236159580053,158.8212431641846,305.3900146484375,1.1407841444015503
2025-06-10,110295.6875,593.4172416440205,528.6113236327552,199.80731310224203,158.14080612171847,308.30999755859375,1.1428048610687256
2025-06-11,110261.796875,597.3423765043648,533.0398961060292,202.69585666840098,158.0824901056621,307.5,1.143746018409729
2025-06-12,108685.9140625,593.2096852350186,528.5316670205602,198.29333609984755,157.4409387016477,311.739990234375,1.1509333848953247
2025-06-13,105924.59375,591.7168864341237,525.1380723113464,198.94074360607502,158.20883638048846,317.260009765625,1.1600254774093628
2025-06-14,106108.0859375,,,,,,
2025-06-15,105464.84375,,,,,,
2025-06-16,105555.59375,593.5952983788304,527.9444656479175,196.52037110088898,156.38140869140625,314.79998779296875,1.1556684970855713
2025-06-17,106794.1171875,593.4074309844862,529.1487692272117,196.4207613301707,155.58434910764802,312.6600036621094,1.1551345586776733
2025-06-18,104602.0703125,591.6574895866379,527.5464108599048,195.16572178414586,154.11655811479665,312.8900146484375,1.1482638120651245
2025-06-19,104886.7734375,,,,,,1.1477497816085815
2025-06-20,104681.03125,593.3471688844512,529.6960723110417,197.45666110928434,153.61111708851595,309.3299865722656,1.1512778997421265
2025-06-21,103315.078125,,,,,,
2025-06-22,102212.03125,,,,,,
2025-06-23,100987.4765625,590.0351674928282,524.8611059770333,200.83325703321927,154.6220361906173,310.3399963378906,1.1500862836837769
2025-06-24,105571.515625,599.2470472798032,534.9038188952696,201.78944331230142,156.67300914333603,305.07000732421875,1.1599044799804688
2025-06-25,106047.40625,602.7969444947229,540.0546537700266,200.65396860223956,155.35107932361856,305.30999755859375,1.161224365234375
2025-06-26,107375.0703125,603.8678512919777,541.339901952907,200.63404307360597,155.088624135807,305.7699890136719,1.1683744192123413
2025-06-27,106954.921875,607.7251426738447,545.2354314727291,201.09222774816857,154.24292622193488,300.0299987792969,1.1692214012145996
2025-06-28,107090.546875,,,,,,
2025-06-29,107327.8203125,,,,,,
2025-06-30,108383.4375,612.1873024714439,549.2206440950201,201.211736268348,154.80671654938587,302.3900146484375,1.1727453470230103
2025-07-01,107144.3828125,611.1758893553448,547.6962844543337,205.85331455367321,155.40938714674772,308.55999755859375,1.178717017173767
2025-07-02,105703.1015625,612.0485440759944,544.1394799694398,208.08449026524102,156.63415447633918,308.0400085449219,1.180553913116455
2025-07-03,108845.015625,617.2147368961759,551.1334998356798,211.31168447150716,157.2659725908734,307.04998779296875,1.18002450466156
2025-07-04,109635.65625,,,,,,1.1771491765975952
2025-07-05,108015.8359375,,,,,,
2025-07-06,108231.1875,,,,,,
2025-07-07,109235.328125,618.1169239973963,551.4723321808171,211.8395692407974,156.39114856180615,305.07000732421875,1.178078293800354
2025-07-08,108298.2265625,616.1238907210633,551.3328226115977,209.26978591644843,155.0594628675265,306.29998779296875,1.1736538410186768
2025-07-09,108950.2734375,617.5319680301938,552.4287282148103,208.7020406311003,153.67915530962628,303.5799865722656,1.1724566221237183
2025-07-10,111329.1953125,618.9499049744066,554.8298167972696,209.67813195706393,153.34865986736696,306.1099853515625,1.17311692237854
2025-07-11,115986.234375,617.5022745554412,551.2530854493318,209.73794232575938,153.6305612583487,308.8599853515625,1.1702749729156494
2025-07-12,117530.7109375,,,,,,
2025-07-13,117432.203125,,,,,,
2025-07-14,119115.7890625,617.9186632768227,551.9405857278426,209.10044482334126,151.22962597360984,309.07000732421875,1.1682106256484985
2025-07-15,119853.8515625,622.2420420602726,558.177370440617,208.39325734338402,149.2661034693746,307.7300109863281,1.1666297912597656
2025-07-16,117777.1875,618.4937831556223,555.2183595594536,209.46900551017632,148.46904288245773,307.1099853515625,1.1607391834259033
2025-07-17,118738.5078125,619.1482908768893,555.9556343165032,209.7379389650813,149.73267239253965,305.5,1.1635754108428955
2025-07-18,119284.109375,624.007017899032,561.0367592084838,210.0367321724359,150.50219586228826,309.239990234375,1.161548137664795
2025-07-19,117998.125,,,,,,
2025-07-20,117944.109375,,,,,,
2025-07-21,117306.46875,623.4815063476562,560.0106243017523,211.2618775331451,151.76471118814487,311.8800048828125,1.1630746126174927
2025-07-22,117426.5,623.8087114591411,562.212410691865,212.29777975345726,151.6178812881831,314.4800109863281,1.1694538593292236
2025-07-23,119997.4453125,626.238071576001,560.2597104593184,214.15041924441525,154.84754654639278,314.0,1.1739156246185303
2025-07-24,118770.984375,629.2624631630094,563.0392899612859,213.05475989741393,155.48369124861773,309.2900085449219,1.1774264574050903
2025-07-25,118368.0,629.7484116245431,562.8400440606903,213.85158759699283,153.98629809135954,307.82000732421875,1.1756131649017334
2025-07-26,117644.84375,,,,,,
2025-07-27,117944.7265625,,,,,,
2025-07-28,119457.5234375,632.1182610848412,565.6396634648174,213.18426788884761,154.27013563856093,306.44000244140625,1.1756821870803833
2025-07-29,117938.5859375,632.9809077241022,568.6485511909246,213.33365491441555,155.26837677032339,305.79998779296875,1.1596757173538208
2025-07-30,117921.9921875,630.5713386132512,566.0780214636062,211.06265157316113,153.65354585182126,304.4200134277344,1.1550945043563843
2025-07-31,117833.6328125,634.0816044685715,572.4144506359528,207.66614913739534,148.56439400111145,304.5899963378906,1.1429355144500732
2025-08-01,115738.953125,621.032217506902,556.7626938955674,210.03674932642843,148.54483811957488,308.6099853515625,1.142374038696289
2025-08-02,113320.390625,,,,,,
2025-08-03,112525.8046875,,,,,,
2025-08-04,114223.921875,620.407587614692,556.9818168836358,203.70186769022786,147.04743055990627,310.79998779296875,1.158668041229248
2025-08-05,115072.1875,626.476110377079,563.2983805936119,202.59624780213056,147.49762883750319,310.3699951171875,1.1584129333496094
2025-08-06,114140.9140625,623.7590952688204,559.0342039471559,204.81744899810374,147.64442135979624,310.32000732421875,1.1579166650772095
2025-08-07,115030.0546875,630.8886820702932,569.5550971875249,218.01508808955717,149.85624491942409,311.7200012207031,1.1663167476654053
2025-08-08,117505.5,628.7269865749256,568.3396913615944,219.95740294972967,149.51372813417484,312.3500061035156,1.1676650047302246
2025-08-09,116678.2734375,,,,,,
2025-08-10,116497.71875,,,,,,
2025-08-11,119306.8125,632.0984361099556,572.5639937844218,227.2770261826339,150.26729635992447,308.6199951171875,1.1647952795028687
2025-08-12,118717.6640625,632.9214074238032,573.0321290334282,227.36674823663387,151.7548966255652,308.2200012207031,1.1618449687957764
2025-08-13,120168.9765625,639.4857330110176,580.604084362888,230.4181341091737,151.90172384870633,309.1000061035156,1.1677058935165405
2025-08-14,123339.3984375,637.3835243153912,576.1407825220163,233.39969406647393,151.34386912233953,307.92999267578125,1.171289324760437
2025-08-15,118365.78125,640.5566162061228,577.6550229317031,233.33985018068216,151.17748017109554,307.3399963378906,1.1651345491409302
2025-08-16,117398.421875,,,,,,
2025-08-17,117492.7890625,,,,,,
2025-08-18,117453.90625,637.4530415771111,574.3074712675442,231.04632935234682,151.12855474339406,307.7900085449219,1.1706587076187134
2025-08-19,116241.859375,637.7108075589789,574.2576318109441,230.62753117126795,152.41062476202555,306.760009765625,1.1668338775634766
2025-08-20,112828.0234375,634.0221086228163,566.2275216498264,229.33119207499826,155.19989163142847,307.5400085449219,1.164252758026123
2025-08-21,114275.6875,630.928430107967,562.2622161511607,225.63166356522294,154.56371344925844,307.8599853515625,1.165175199508667
2025-08-22,112433.734375,632.3959596753498,562.5810219572568,225.53195134940427,155.9828215356498,306.5199890136719,1.16130530834198
2025-08-23,116866.3671875,,,,,,
2025-08-24,115387.390625,,,,,,
2025-08-25,113456.8984375,638.6230864860744,568.2898651145814,225.84107546750252,155.01393050563155,309.6700134277344,1.1709601879119873
2025-08-26,110124.1015625,636.7985773675441,567.7219543005008,226.22996704217394,152.59657057349244,310.6199951171875,1.1618449687957764
2025-08-27,111795.7109375,639.148612992103,569.4755344252939,227.96506627689797,152.8216629740615,311.3900146484375,1.1639411449432373
2025-08-28,111219.0546875,641.7961126896905,571.9861459076477,230.16884905542523,153.6535519501743,313.32000732421875,1.1647952795028687
2025-08-29,112550.5234375,642.0242015644989,572.5340452045847,231.85405874294378,152.76294021192993,314.7200012207031,1.1681560277938843
2025-08-30,108409.40625,,,,,,
2025-08-31,108818.4609375,,,,,,
2025-09-01,108228.75,,,,,,1.1691803932189941
2025-09-02,109243.0703125,632.138105251538,559.2335343759405,228.6032698757151,154.0058754405069,320.82000732421875,1.1715912818908691
2025-09-03,111190.6953125,637.2645539172183,567.1241403555323,236.5408165177042,154.28969408819634,327.760009765625,1.163602590560913
2025-09-04,111718.1484375,638.9998582812316,568.6286096639848,237.77731160532718,155.1411578106255,327.0299987792969,1.16604483127594
2025-09-05,110723.015625,646.0004708304714,578.3424981949754,239.32291694518142,155.1705236211177,329.5299987792969,1.1656913757324219
2025-09-06,110650.5703125,,,,,,
2025-09-07,110221.328125,,,,,,
2025-09-08,111163.015625,643.1645472258064,576.2303653317651,238.62490021245955,156.2079293133361,333.6600036621094,1.1713168621063232
2025-09-09,112077.578125,643.5115612591451,577.5255685086003,236.33139119913957,155.22923843205615,337.0299987792969,1.1769136190414429
2025-09-10,111531.25,648.1224181044277,581.5804896782814,231.53496736029473,155.21945002404337,335.7300109863281,1.1702749729156494
2025-09-11,113961.4296875,648.6778210448584,581.0822703109691,226.23995033725743,154.35821803166013,333.3699951171875,1.1703435182571411
2025-09-12,115507.7890625,652.0689585463732,582.875622079706,228.57335925244223,154.56373741135346,335.8800048828125,1.1734747886657715
2025-09-13,116093.5625,,,,,,
2025-09-14,115950.2890625,,,,,,
2025-09-15,115399.6328125,654.0918582328915,586.263084887294,236.33138325533858,154.51480493608133,336.30999755859375,1.1726491451263428
2025-09-16,115423.7578125,655.9064595692537,590.4176835168099,236.51088466190768,153.79057583731483,340.0899963378906,1.1763737201690674
2025-09-17,116840.5078125,654.4587781451693,588.9132280535239,238.2958480596019,155.0530717648413,338.5299987792969,1.1871408224105835
2025-09-18,116461.265625,656.3228752027601,592.7091584852494,239.2930082114909,154.77904661120462,336.2200012207031,1.1826341152191162
2025-09-19,117137.671875,658.5800832029405,595.1202047360832,240.5494606794321,154.25054717180527,336.510009765625,1.1791062355041504
2025-09-20,115691.125,,,,,,
2025-09-21,115730.2265625,,,,,,
2025-09-22,115309.21875,658.4507703315647,596.2190510860968,247.5995237986898,152.75316388507665,342.75,1.1736950874328613
2025-09-23,112757.4765625,662.9452156846509,600.8372900448078,255.15814081026073,149.93455780030334,348.2300109863281,1.1801080703735352
2025-09-24,112007.6640625,660.7477220570149,598.0544387994095,254.49999981420794,148.80907962873928,346.70001220703125,1.1814465522766113
2025-09-25,113330.1640625,654.2149171420698,590.6932034651784,252.49566170312627,149.9639183785686,344.3900146484375,1.1744670867919922
2025-09-26,109041.296875,655.7760789419195,592.8376791327265,253.38315498635407,148.98523203666764,345.8299865722656,1.166275978088379
2025-09-27,109707.140625,,,,,,
2025-09-28,109681.9453125,,,,,,
2025-09-29,112117.875,660.5985670660314,597.5855809487724,253.84185736381545,149.17118152195687,351.7900085449219,1.170823097229004
2025-09-30,114396.5234375,659.1766647693167,596.9073409482912,254.1410137555297,150.18903184543532,351.1300048828125,1.1731443405151367
2025-10-01,114057.59375,659.4153308150761,595.6504804045827,254.32049261064776,150.42389846609262,356.1700134277344,1.1735849380493164
2025-10-02,118652.3828125,666.6540464714482,605.5153536087707,255.85613542550084,149.46479929847973,358.260009765625,1.1734058856964111
2025-10-03,120656.984375,666.1966948783695,604.9668078782124,253.9515436206674,148.76013438797045,357.1199951171875,1.1725116968154907
2025-10-04,122267.46875,,,,,,
2025-10-05,122419.671875,,,,,,
2025-10-06,123510.453125,667.8174482099862,606.9018036091138,257.262186546101,148.27077304365204,362.1600036621094,1.171248197555542
2025-10-07,124752.140625,668.7322238208072,607.4703970532165,256.0854948355218,147.54656169532586,366.510009765625,1.171028733253479
2025-10-08,121448.3515625,666.4552183740389,603.8695906281247,255.7963062732735,149.53328757988405,371.6499938964844,1.1654603481292725
2025-10-09,123337.0703125,669.7166839203261,609.9241018375851,257.08267167133846,147.52700030768344,373.1400146484375,1.1631964445114136
2025-10-10,121704.7421875,668.324542434099,609.8443624637231,254.2207817432353,147.72273075948178,367.5400085449219,1.156644344329834
2025-10-11,113236.4296875,,,,,,
2025-10-12,110811.515625,,,,,,
2025-10-13,115161.6796875,656.9095884512618,598.1541220292103,248.67648318296307,145.82409220864471,376.5,1.160240888595581
2025-10-14,115264.8828125,653.4492417720955,593.7952358040048,245.90431694508948,144.4245614531163,378.2099914550781,1.1566845178604126
2025-10-15,113113.96875,663.0446741742268,602.4731063786636,248.78615211625979,145.3640967963042,385.92999267578125,1.1602274179458618
2025-10-16,110782.171875,663.0446615126489,603.5702851791965,247.54965348458146,144.85516486447088,391.1499938964844,1.1646324396133423
2025-10-17,108179.1328125,655.7660892614911,596.4285459627954,247.3203043073955,147.36061713670907,397.1400146484375,1.1699601411819458
2025-10-18,106483.734375,,,,,,
2025-10-19,107204.3125,,,,,,
2025-10-20,108667.4453125,663.5418206897375,605.5951192469275,255.168106265739,148.35886940340424,397.45001220703125,1.165745735168457
2025-10-21,110587.6328125,667.6384328159621,610.0837500489531,261.141213133835,148.72097835900828,386.5400085449219,1.164442539215088
2025-10-22,108491.53125,668.1953369980629,609.2657958565487,261.9090191460537,148.07504578300208,372.75,1.160038948059082
2025-10-23,107679.4375,664.3372592841532,603.3708114071275,259.2066564378435,149.10268304318316,381.4599914550781,1.1608469486236572
2025-10-24,110069.3515625,672.6300829996666,614.4226241256162,260.4531458541269,154.13671657234877,378.510009765625,1.1618045568466187
2025-10-25,111032.6171875,,,,,,
2025-10-26,111639.0546875,,,,,,
2025-10-27,114479.8515625,678.8645527756448,622.930958710038,264.13276036080543,149.41605061362142,371.1300048828125,1.1631693840026855
2025-10-28,114129.0859375,683.1600908523567,628.7560864561588,268.23113785786586,148.9331374037572,361.80999755859375,1.165175199508667
2025-10-29,112921.328125,684.8205950917289,633.9728090539653,268.5203194424725,148.47979078198844,369.6499938964844,1.1657865047454834
2025-10-30,110059.1953125,680.0279207971732,630.5614543099158,271.2226702585742,147.30701174739386,365.0899963378906,1.1603351831436157
2025-10-31,108304.4140625,681.1614729090464,632.5563592252307,276.2085891024436,146.55801833970665,370.4700012207031,1.157246708869934
2025-11-01,109558.625,,,,,,
2025-11-02,110064.4296875,,,,,,
2025-11-03,110646.90625,681.7878948104295,633.4939381480045,269.65711516237894,147.92790809463196,368.9100036621094,1.1528042554855347
2025-11-04,106541.421875,672.2820616639051,621.6941527131348,267.5730004152706,146.44959731872822,363.4800109863281,1.1519144773483276
2025-11-05,101579.234375,671.1583975728993,616.9163015661201,267.8522167164328,144.74462509442617,366.3900146484375,1.1485539674758911
2025-11-06,103893.6640625,672.6399897028363,620.2078932237561,267.1342708755924,143.76896810418373,367.1600036621094,1.1496764421463013
2025-11-07,101286.2421875,664.1284090392404,606.7621834660789,269.03885049148494,144.82347793672176,367.94000244140625,1.1549211740493774
2025-11-08,103371.703125,,,,,,
2025-11-09,102278.984375,,,,,,
2025-11-10,104723.7734375,673.4056760856186,617.3451949289606,268.46122924118225,144.26172520024414,375.92999267578125,1.1554548740386963
2025-11-11,105996.859375,676.1002762110339,618.9910087880348,269.3096487524697,143.8478058079964,379.9800109863281,1.1557353734970093
2025-11-12,103011.4375,680.9128544582501,623.2501373408774,274.49002155435767,146.38061280628526,380.07000732421875,1.1588828563690186
2025-11-13,101674.1484375,676.6471697129602,615.9686873362173,273.6016697208788,146.03566543847782,387.2900085449219,1.159245491027832
2025-11-14,99694.703125,661.6128286383953,598.0244819828539,270.54732197227213,146.942364680746,372.8699951171875,1.1630746126174927
2025-11-15,94420.46875,,,,,,
2025-11-16,95556.8671875,,,,,,
2025-11-17,94180.875,665.9083353081996,604.7573208445992,268.3214829895084,145.611902524575,374.0400085449219,1.16146719455719
2025-11-18,92094.53125,658.351356546523,598.0943000892208,269.48932037088264,144.21246228134717,374.8299865722656,1.159003734588623
2025-11-19,92946.1640625,657.0389163187169,595.5508254465173,265.0375710636542,144.83335037170994,377.7799987792969,1.158104419708252
2025-11-20,91459.3515625,669.1001291109939,610.0637948039835,270.327749378444,144.51795940169347,375.2900085449219,1.154068112373352
2025-11-21,86528.7734375,651.3412595795126,585.9751825584982,265.4568071090486,146.2327861066487,374.0299987792969,1.1535356044769287
2025-11-22,85098.5625,,,,,,
2025-11-23,84648.609375,,,,,,
2025-11-24,86798.7734375,658.9380055466532,593.7653733267485,270.397615191446,147.92790318934624,374.8800048828125,1.1507877111434937
2025-11-25,88269.9609375,664.8443455838128,601.9743827443708,274.75953066216096,145.18813469493128,380.260009765625,1.1520737409591675
2025-11-26,87345.5859375,673.7934667684052,610.9514997668095,276.44637611579356,145.77943369126635,381.05999755859375,1.156577467918396
2025-11-27,90517.765625,,,,,,1.1603620052337646
2025-11-28,91285.3828125,677.0051081523229,614.5423522607352,276.7458380127342,145.6611849210701,385.9800109863281,1.1600254774093628
2025-11-29,90918.7421875,,,,,,
2025-11-30,90838.2109375,,,,,,
2025-12-01,90389.109375,674.9667623359846,612.0686387329198,277.4944549964911,145.95684922596197,390.6099853515625,1.1602139472961426
2025-12-02,86322.5390625,678.0591325179204,617.8838431924653,282.47518456741903,143.18749360323747,388.8699951171875,1.1607661247253418
2025-12-03,91345.09375,676.7167950740063,618.0434315384043,285.6692634925469,143.80838354188865,388.4599914550781,1.1628988981246948
2025-12-04,93454.2578125,681.4199577792665,623.339907329069,283.5731318378766,144.54752546963573,386.9200134277344,1.166670560836792
2025-12-05,92133.6484375,681.5890143183475,622.7913119974152,280.01974631085085,143.05937599367348,389.1199951171875,1.1644561290740967
2025-12-06,89389.359375,,,,,,
2025-12-07,89277.8125,,,,,,
2025-12-08,90424.5859375,682.7027235077143,625.6141268554061,277.6142094762677,140.84194832936856,387.0199890136719,1.1641172170639038
2025-12-09,90639.703125,679.2821528162136,621.4248072711308,277.64414811825674,137.1757703942462,385.6199951171875,1.1641442775726318
2025-12-10,92695.234375,678.6955405173951,622.2626189242517,277.23491184461454,137.6291082264464,385.95001220703125,1.1628447771072388
2025-12-11,92011.3046875,681.2609148661827,622.2327496814814,278.5824273392719,138.95958534596835,389.0199890136719,1.170192837715149
2025-12-12,92513.6640625,684.2737056052856,620.4972123256402,277.38464634485007,138.9595795906534,399.1600036621094,1.1741361618041992
2025-12-13,90257.796875,,,,,,
2025-12-14,90296.4375,,,,,,
2025-12-15,88171.078125,681.8574988128718,616.7966055109866,279.63046152672615,141.19673129774333,397.760009765625,1.1737502813339233
2025-12-16,86424.40625,675.3843754405706,606.7123103516171,272.3140798989353,143.98577795425717,397.75,1.1755025386810303
2025-12-17,87847.6171875,676.0406154817738,611.5001003103562,274.50001118897205,144.5672481238911,398.0799865722656,1.1749638319015503
2025-12-18,86144.3671875,673.7635606688432,608.2484274799762,273.1025913325419,144.4982574496391,398.2799987792969,1.1742188930511475
2025-12-19,85476.1328125,674.747283458469,610.392920608793,271.6453053723066,143.40431548627296,397.9200134277344,1.1725391149520874
2025-12-20,88101.671875,,,,,,
2025-12-21,88344.703125,,,,,,
2025-12-22,88621.3984375,682.0772531068674,620.5674955378034,272.3539780142796,141.6303657655459,406.9800109863281,1.1710835695266724
2025-12-23,88490.03125,682.0572680421344,617.42148892244,270.3377490962612,140.42802986183875,410.29998779296875,1.1764428615570068
2025-12-24,87404.3203125,686.0763204450832,621.2067276835874,271.8349404799371,140.8320910560058,412.25,1.179565191268921
2025-12-25,87608.3203125,,,,,,
2025-12-26,87235.5078125,688.758988861415,623.873297918951,273.65157518449314,142.2216767785809,416.4800109863281,1.178383708000183
2025-12-27,87301.4296875,,,,,,
2025-12-28,87799.34375,,,,,,
2025-12-29,87835.7890625,685.6674092439482,619.3190849184411,272.1843267483383,142.70460325204044,403.6600036621094,1.1774957180023193
2025-12-30,87134.3515625,685.5777200962995,619.0594201394988,272.304089543875,142.2019714349967,403.6000061035156,1.1773016452789307
2025-12-31,88429.5859375,685.2685588951464,618.8696789386981,272.553621806917,141.91617770255507,398.6000061035156,1.1746463775634766
2026-01-01,87508.046875,,,,,,
2026-01-02,88733.0625,683.842447277036,619.2791633693975,271.75509761912826,141.03904935980404,401.6199951171875,1.1751158237457275
2026-01-03,89945.0546875,,,,,,
2026-01-04,90603.0,,,,,,
2026-01-05,91414.625,684.6701449336617,618.5400731036631,270.1381104139889,139.05813099181955,406.3900146484375,1.1706448793411255
2026-01-06,93876.9453125,686.0563439630641,618.4501618747352,266.504853430471,138.35841040902034,410.6700134277344,1.1716461181640625
2026-01-07,93727.46875,690.3047811958188,622.2553845556755,262.71190159101934,137.77696013475176,408.6300048828125,1.1687841415405273
2026-01-08,91309.640625,686.9439569075789,622.2454332860368,256.5433578451618,135.89457850580993,406.9700012207031,1.1677467823028564
2026-01-09,91026.2734375,688.7489932725086,620.6273877403378,258.5995368285105,139.64944796852805,413.2200012207031,1.165813684463501
2026-01-10,90510.1015625,,,,,,
2026-01-11,90385.359375,,,,,,
2026-01-12,90825.859375,688.7988836287034,621.5263228144307,258.6794199598783,140.22107059867608,421.5199890136719,1.162493348121643
2026-01-13,91185.3359375,693.595779418591,626.4800871429724,258.24022168851656,141.91616235122444,424.5899963378906,1.1667931079864502
2026-01-14,95322.90625,689.1180078469732,621.4563902550666,259.0087756526009,142.58631595696656,426.0299987792969,1.1643340587615967
2026-01-15,96931.2890625,692.678285342935,625.8108857116995,260.1666175851947,143.57185701473924,423.0199890136719,1.1645103693008423
2026-01-16,95554.1015625,691.7707369284135,624.7123119754499,257.4217372195352,141.6796303517559,422.79998779296875,1.1609547138214111
2026-01-17,95525.15625,,,,,,
2026-01-18,95101.1796875,,,,,,
2026-01-19,93655.671875,,,,,,1.1623852252960205
2026-01-20,92553.6015625,679.6338820353151,609.7611716460692,252.26132447540706,142.3695200191174,436.69000244140625,1.1639952659606934
2026-01-21,88326.5078125,677.7989248999835,608.7024240227943,248.23880604127606,144.93187900703413,446.8699951171875,1.1726078987121582
2026-01-22,89378.5234375,687.9711412752974,621.5662350217955,248.737864640942,145.93712595877486,443.8399963378906,1.167392373085022
2026-01-23,89462.046875,686.2757685331861,618.949566020391,246.86136630134166,149.712647008589,454.1099853515625,1.1753920316696167
2026-01-24,89506.1484375,,,,,,
2026-01-25,89104.765625,,,,,,
2026-01-26,86566.5234375,688.609372319757,622.425196766994,251.01363570547153,148.9980382071651,466.7799987792969,1.1858175992965698
2026-01-27,88257.4765625,692.2893344912051,628.1179690883873,258.68937090303496,146.96336732095224,465.07000732421875,1.1874228715896606
2026-01-28,89104.046875,695.1515053497095,634.6597767228699,257.17220993748055,146.89388627303396,483.3900146484375,1.2022699117660522
2026-01-29,89169.8515625,694.4933553961189,631.8533057393616,257.52154586161765,146.1891842346614,509.510009765625,1.1976622343063354
2026-01-30,84562.7265625,689.9058246991844,624.9220440060533,254.69678984095313,149.30571499844902,466.25,1.1967878341674805
2026-01-31,84126.5,,,,,,
2026-02-01,78626.125,,,,,,
2026-02-02,76968.875,687.7019133171445,617.9208683974972,259.5478036352127,151.28084031358154,434.010009765625,1.185044765472412
2026-02-03,78693.5078125,694.3138377504575,627.5087242048245,268.70080609664296,151.44957220395347,452.6300048828125,1.1799131631851196
2026-02-04,75640.09375,688.4697490630058,614.2455284678144,271.7850411492978,154.9631263363213,462.4700012207031,1.1816281080245972
2026-02-05,73016.375,679.0854402743204,599.4541864003901,277.6142303156022,157.65286786424556,444.2900085449219,1.1802334785461426
2026-02-06,62704.453125,679.6039887472712,599.434154665902,276.6060720438839,157.05735036526295,450.7300109863281,1.1777453422546387
2026-02-07,70553.796875,,,,,,
2026-02-08,69283.7265625,,,,,,
2026-02-09,70243.328125,687.5423060693106,606.7748955946631,277.6541982366954,157.57346483951432,461.3900146484375,1.1826202869415283
2026-02-10,70137.390625,693.0572335194393,614.5351423104305,274.6369782150198,156.35264888745172,465.9599914550781,1.1904761791229248
2026-02-11,68791.859375,694.4933668556342,615.6037921922693,274.44714753122867,157.45436291960067,466.0,1.188792109489441
2026-02-12,66992.1953125,692.3491972008484,613.9358943887876,275.3363333447182,158.8240488540049,464.8999938964844,1.1875356435775757
2026-02-13,66213.375,679.833354327075,599.673873409497,261.7688319830923,160.531204802217,459.7300109863281,1.1869717836380005
2026-02-14,68856.984375,,,,,,
2026-02-15,69764.953125,,,,,,
2026-02-16,68782.3984375,,,,,,1.186704158782959
2026-02-17,68843.09375,678.287593220413,597.626419057608,257.8124646511843,158.75456362862204,450.260009765625,1.1850868463516235
2026-02-18,67488.0234375,682.157061237011,601.3517411914925,263.35737977838915,157.79181864584456,455.80999755859375,1.185157060623169
2026-02-19,66425.625,681.9775120282383,602.0508799312083,262.35827847824623,155.65788811225167,457.3399963378906,1.1791062355041504
2026-02-20,66958.578125,680.4616860592505,599.3642756707148,258.73163460792017,157.94070688728465,463.25,1.1769136190414429
2026-02-21,68000.25,,,,,,
2026-02-22,67998.828125,,,,,,
2026-02-23,67668.4296875,685.9566804858357,605.8460514657053,263.24744081710827,159.12181881303948,474.6499938964844,1.1829839944839478
2026-02-24,64616.015625,680.0427976196477,601.6414099286677,267.61343657617186,163.66757394503628,470.0899963378906,1.1793148517608643
2026-02-25,64077.76953125,688.3002642742074,610.3004608891118,271.5298429675081,163.31025282164364,475.739990234375,1.1775511503219604
2026-02-26,67954.8671875,691.391808867856,614.8148183820397,274.6969199809464,162.99265735907807,474.95001220703125,1.181544303894043
2026-02-27,67456.515625,681.2295779636313,602.2206376135266,272.5588900215503,162.81399197597887,480.75,1.1803449392318726
2026-02-28,65878.9296875,,,,,,
2026-03-01,67005.8828125,,,,,,
2026-03-02,65734.078125,676.8515442239554,598.1058012495889,262.16844722421786,164.05465940435903,490.1000061035156,1.1760140657424927
2026-03-03,68785.078125,673.221445388408,595.5790600436336,263.23749216234586,160.97783189673535,472.8299865722656,1.1694538593292236
2026-03-04,68290.5625,679.7735096903759,603.3991678160902,264.4063951364299,158.24839219296612,474.82000732421875,1.161089539527893
2026-03-05,72712.65625,680.2223290726917,606.6350803018902,260.54995479568396,155.76707607012526,470.45001220703125,1.1635212898254395
2026-03-06,70842.15625,671.5758690877306,599.5539822531658,258.39192833924307,152.5115860991408,469.0400085449219,1.1607122421264648
2026-03-07,68136.6875,,,,,,
2026-03-08,67272.5,,,,,,
2026-03-09,65969.5859375,664.5750801817165,593.4816386137257,255.45463216869055,152.00538471730655,468.0899963378906,1.1525650024414062
2026-03-10,68402.71875,675.87413967305,607.0146358319374,257.4128391437035,154.32790667166816,479.739990234375,1.1616694927215576
2026-03-11,69931.25,675.7345715953234,608.1831666985171,260.8496568052655,154.06984694547987,476.1300048828125,1.1613187789916992
2026-03-12,70209.765625,669.3319958917509,602.0009473234562,258.4219063383753,151.0724248897603,475.0199890136719,1.1541746854782104
2026-03-13,70497.046875,667.4472371497842,598.9747313072235,255.24483747003174,150.2386985039696,469.30999755859375,1.1522197723388672
2026-03-14,70965.3828125,,,,,,
2026-03-15,71213.6796875,,,,,,
2026-03-16,72798.171875,666.5596317087426,599.2843027330098,251.87794235419486,150.7250418803543,461.2699890136719,1.1438244581222534
2026-03-17,74855.296875,670.5586914524959,602.3804630878033,252.72716690012706,151.86643380137835,460.510009765625,1.1497821807861328
2026-03-18,73936.8515625,666.5396583763402,600.7325461165636,252.3974721128864,148.19408442244597,446.6600036621094,1.1539082527160645
2026-03-19,71250.3515625,655.1806813207687,588.7676039624899,249.17043241392184,145.12718307624942,420.3599853515625,1.1462894678115845
2026-03-20,69911.53125,656.510009765625,590.3156309505814,247.7517334570195,143.90639099733644,428.0899963378906,1.1575682163238525
2026-03-21,70522.46875,,,,,,
2026-03-22,68737.4453125,,,,,,
2026-03-23,67843.0,658.0700073242188,590.52001953125,253.73622734962268,145.05770938492896,405.1199951171875,1.156376838684082
2026-03-24,70912.671875,651.3200073242188,584.8099975585938,250.1195650925759,142.25878501317578,400.239990234375,1.160779595375061
2026-03-25,70520.046875,658.6699829101562,589.1400146484375,253.86611511385965,142.6657281554216,419.7099914550781,1.161386251449585
2026-03-26,71310.1171875,652.0599975585938,582.5999755859375,251.88793104116345,142.61610343501624,408.5299987792969,1.1564704179763794
2026-03-27,68790.8359375,642.5,570.8099975585938,253.666280215245,141.65335242791525,406.20001220703125,1.1535356044769287
2026-03-28,66338.5,,,,,,
2026-03-29,66319.6953125,,,,,,
2026-03-30,65958.3515625,640.1099853515625,567.3800048828125,249.83982057534305,141.97094527513215,419.5400085449219,1.1491875648498535
2026-03-31,66694.5859375,638.9400024414062,564.2899780273438,247.6818040942864,143.73765369955214,420.0799865722656,1.1457903385162354
2026-04-01,68232.890625,653.9000244140625,581.47998046875,253.8461228128272,142.8443796504602,435.0,1.157112717628479
2026-04-02,68077.8984375,646.4199829101562,573.969970703125,253.96601496217014,143.0131056912039,422.2900085449219,1.159151554107666
2026-04-03,66889.015625,,,,,,1.1543878316879272
2026-04-04,66938.6484375,,,,,,
2026-04-05,67291.1953125,,,,,,
2026-04-06,68982.9140625,655.8599853515625,586.22998046875,256.27389167390277,141.9411690118371,428.8699951171875,1.151185154914856
2026-04-07,68859.375,656.6500244140625,585.6400146484375,255.92421782448065,141.454840716097,427.8999938964844,1.1540547609329224
2026-04-08,71950.1484375,676.3900146484375,608.7100219726562,258.2121146377317,142.08012618705075,439.9800109863281,1.1690436601638794
2026-04-09,71120.5703125,674.8400268554688,605.9299926757812,258.7615948993736,143.31086497516455,436.4700012207031,1.165813684463501
2026-04-10,71774.3671875,681.3200073242188,611.8400268554688,259.7406946341393,145.79218524932554,438.5899963378906,1.1691941022872925
2026-04-11,72976.125,,,,,,
2026-04-12,73056.046875,,,,,,
2026-04-13,70757.6171875,677.4099731445312,609.47998046875,259.49093671136296,143.9162976044084,434.7799987792969,1.1672152280807495
2026-04-14,74478.3984375,687.6900024414062,620.219970703125,259.01136264890187,142.16946974371214,439.32000732421875,1.176345944404602
2026-04-15,74182.0234375,695.260009765625,629.0800170898438,257.92237663273806,143.2810820748224,442.8800048828125,1.179815649986267
2026-04-16,74810.875,701.0599975585938,639.2100219726562,266.55439590858066,142.12975952100697,442.1499938964844,1.1807769536972046
2026-04-17,75164.0390625,706.1400146484375,645.5900268554688,266.7142527536172,142.33819707004346,445.6499938964844,1.1778979301452637
2026-04-18,77136.046875,,,,,,
2026-04-19,75723.6953125,,,,,,
2026-04-20,73854.25,708.780029296875,648.0399780273438,270.08114756253855,144.9683840959239,443.1300048828125,1.1739156246185303
2026-04-21,75872.828125,710.280029296875,648.4099731445312,271.250098918132,143.5391459879603,438.54998779296875,1.178383708000183
2026-04-22,76354.21875,709.1500244140625,650.1500244140625,267.5734973129919,141.43498890920546,436.2699890136719,1.1745774745941162
2026-04-23,78203.875,709.5,653.5499877929688,274.79681820267325,142.32825390720163,433.9599914550781,1.1704941987991333
2026-04-24,78263.8203125,710.75,658.510009765625,272.50893317942314,152.00999450683594,431.3399963378906,1.1684017181396484
2026-04-25,77457.2109375,,,,,,
2026-04-26,77613.1171875,,,,,,
2026-04-27,78661.015625,713.1699829101562,663.4000244140625,265.84505761361925,147.4199981689453,431.6600036621094,1.1705901622772217
2026-04-28,77368.1171875,711.8200073242188,657.4099731445312,272.0893199684016,150.02999877929688,420.7200012207031,1.1723191738128662
2026-04-29,76350.6875,711.0,658.6300048828125,267.3037117460274,148.3000030517578,416.739990234375,1.1719344854354858
2026-04-30,75778.6328125,714.6300048828125,665.3499755859375,270.25102650288807,147.08999633789062,425.3399963378906,1.168770432472229
2026-05-01,76305.0546875,721.25,669.1599731445312,278.6032901046287,147.8699951171875,421.4100036621094,1.1730204820632935
2026-05-02,78177.75,,,,,,
2026-05-03,78656.7265625,,,,,,
2026-05-04,78540.2890625,720.0700073242188,674.6599731445312,279.4025768563376,146.05999755859375,418.8399963378906,1.1726078987121582
2026-05-05,79823.53125,721.77001953125,677.9600219726562,276.6750995896243,143.3800048828125,420.1499938964844,1.1691941022872925
2026-05-06,80930.734375,728.1599731445312,687.780029296875,281.66051049385584,146.39999389648438,430.1499938964844,1.1715089082717896
2026-05-07,81428.8515625,735.0499877929688,696.5800170898438,289.00371711581823,147.99000549316406,435.6099853515625,1.1748120784759521
2026-05-08,80009.625,734.9299926757812,699.9199829101562,289.7430674686918,146.5500030517578,434.04998779296875,1.1730892658233643
2026-05-09,80187.7421875,,,,,,
2026-05-10,80665.609375,,,,,,
2026-05-11,82139.046875,736.4500122070312,710.3599853515625,291.9800109863281,145.7899932861328,434.17999267578125,1.176885962486267
2026-05-12,81725.3515625,736.8900146484375,708.219970703125,292.55999755859375,144.35000610351562,430.70001220703125,1.1775649785995483
2026-05-13,80476.7890625,738.469970703125,709.9600219726562,293.5,143.14999389648438,430.5199890136719,1.173626184463501
2026-05-14,79276.9453125,743.6500244140625,714.6199951171875,299.82000732421875,143.17999267578125,430.29998779296875,1.171783447265625
2026-05-15,81046.8671875,741.7899780273438,710.1400146484375,297.8999938964844,143.39999389648438,417.6400146484375,1.1662487983703613
2026-05-16,79066.0,,,,,,
2026-05-17,78133.5859375,,,,,,
2026-05-18,77426.34375,739.8300170898438,711.5399780273438,300.239990234375,142.10000610351562,419.82000732421875,1.1617100238800049
2026-05-19,76954.75,734.780029296875,699.8099975585938,296.9700012207031,142.47000122070312,412.45001220703125,1.1654061079025269
2026-05-20,76749.453125,735.7100219726562,705.2899780273438,298.17999267578125,141.4499969482422,412.1400146484375,1.1605371236801147
2026-05-21,77462.5078125,738.6400146484375,708.989990234375,301.05999755859375,141.8800048828125,413.1400146484375,1.1625068187713623
2026-05-22,77538.1171875,746.239990234375,718.0700073242188,306.1199951171875,143.8699951171875,415.1700134277344,1.1615750789642334
2026-05-23,75488.3125,,,,,,
2026-05-24,76670.65625,,,,,,
2026-05-25,76981.125,,,,,,1.1640766859054565
2026-05-26,77280.125,750.010009765625,725.9600219726562,309.55999755859375,144.50999450683594,415.1600036621094,1.1636160612106323
2026-05-27,75825.3046875,750.8800048828125,732.9600219726562,308.3299865722656,143.4600067138672,404.3399963378906,1.1638598442077637
2026-05-28,74339.5703125,750.25,729.72998046875,310.67999267578125,146.6999969482422,406.4800109863281,1.1617640256881714
2026-05-29,73537.03125,755.9000244140625,737.8400268554688,311.7799987792969,145.52000427246094,415.6199951171875,1.165338158607483
2026-05-30,73370.8515625,,,,,,
2026-05-31,73753.75,,,,,,
2026-06-01,73580.2109375,755.3599853515625,737.0399780273438,309.6300048828125,141.52000427246094,409.8599853515625,1.164808750152588
2026-06-02,71321.03125,757.030029296875,742.4000244140625,307.4599914550781,140.1199951171875,414.0799865722656,1.1635618209838867
2026-06-03,66694.0078125,758.1500244140625,747.3099975585938,314.17999267578125,140.92999267578125,408.3800048828125,1.1621556282043457
2026-06-04,64020.0703125,752.0999755859375,735.47998046875,313.2300109863281,142.6999969482422,413.3699951171875,1.1609278917312622
2026-06-05,63807.69140625,752.3099975585938,730.0599975585938,312.8599853515625,142.22000122070312,404.3800048828125,1.161440134048462
2026-06-06,60924.4765625,,,,,,
2026-06-07,60866.94140625,,,,,,
2026-06-08,63244.0859375,743.3599853515625,717.8099975585938,308.739990234375,145.7899932861328,397.5199890136719,1.1524720191955566
2026-06-09,63092.890625,743.6300048828125,722.97998046875,300.2799987792969,144.6699981689453,397.57000732421875,1.152790904045105
2026-06-10,61643.20703125,733.3900146484375,701.6599731445312,290.739990234375,149.91000366210938,380.75,1.1535356044769287
2026-06-11,61448.87890625,728.760009765625,699.2899780273438,293.7200012207031,148.6999969482422,373.9599914550781,1.1538017988204956
2026-06-12,63547.44140625,740.7100219726562,717.6099853515625,296.0299987792969,149.3800048828125,385.7300109863281,1.1573537588119507
2026-06-13,63541.515625,,,,,,
2026-06-14,64420.16796875,,,,,,
2026-06-15,65711.109375,751.8499755859375,738.0999755859375,294.1199951171875,148.75999450683594,399.489990234375,1.160644769668579
2026-06-16,66289.4609375,754.5499877929688,742.25,295.25,151.50999450683594,397.8299865722656,1.1592857837677002
2026-06-17,65600.4296875,751.2899780273438,735.1900024414062,300.8500061035156,152.3800048828125,397.82000732421875,1.1609278917312622
2026-06-18,64450.44140625,747.760009765625,737.0999755859375,298.44000244140625,150.8699951171875,391.239990234375,1.151145339012146
2026-06-19,,,,,,,1.1465259790420532
