Date,BTC-USD,SPY,QQQ,AAPL,PG,GLD,EURUSD=X
2018-01-01,10291200000.0,,,,,,0.0
2018-01-02,16846600192.0,86655700.0,32573300.0,102223600.0,7558900.0,11762500.0,0.0
2018-01-03,16871900160.0,90070400.0,29383600.0,118071600.0,5863600.0,7904300.0,0.0
2018-01-04,21783199744.0,80636400.0,24776100.0,89738400.0,6322500.0,7329700.0,0.0
2018-01-05,23840899072.0,83524000.0,26992300.0,94640000.0,5949700.0,5739900.0,0.0
2018-01-06,18314600448.0,,,,,,
2018-01-07,15866000384.0,,,,,,
2018-01-08,18413899776.0,57319200.0,23159100.0,82271200.0,4860700.0,3566700.0,0.0
2018-01-09,16659999744.0,57254000.0,24782400.0,86336000.0,6630100.0,9153600.0,0.0
2018-01-10,18500800512.0,69574300.0,34004000.0,95839600.0,6564700.0,14809300.0,0.0
2018-01-11,16534099968.0,62361500.0,20473500.0,74670800.0,5469700.0,5994700.0,0.0
2018-01-12,12065699840.0,90816100.0,37762700.0,101672400.0,8111000.0,9258600.0,0.0
2018-01-13,12763599872.0,,,,,,
2018-01-14,11084099584.0,,,,,,
2018-01-15,12750799872.0,,,,,,0.0
2018-01-16,18853799936.0,106555100.0,41231800.0,118263600.0,9465300.0,8083900.0,0.0
2018-01-17,18830600192.0,113258800.0,33849900.0,137547200.0,8345500.0,10130500.0,0.0
2018-01-18,15020399616.0,100728000.0,26432200.0,124773600.0,7699800.0,6289300.0,0.0
2018-01-19,10740400128.0,140920100.0,38937600.0,129700400.0,9364000.0,8773800.0,0.0
2018-01-20,11801700352.0,,,,,,
2018-01-21,9935179776.0,,,,,,
2018-01-22,10537400320.0,91322400.0,26081400.0,108434400.0,8658000.0,4893500.0,0.0
2018-01-23,9660609536.0,97084700.0,37989700.0,130756400.0,18756300.0,6190400.0,0.0
2018-01-24,9940989952.0,134816100.0,54287400.0,204420400.0,15141900.0,11827600.0,0.0
2018-01-25,8873169920.0,84587300.0,28925000.0,166116000.0,11264400.0,15219700.0,0.0
2018-01-26,9746199552.0,107743100.0,32038200.0,156572000.0,11503100.0,7828700.0,0.0
2018-01-27,7583269888.0,,,,,,
2018-01-28,8350360064.0,,,,,,
2018-01-29,7107359744.0,90118300.0,37277800.0,202561600.0,11685800.0,6956400.0,0.0
2018-01-30,8637859840.0,131796400.0,44987700.0,184192800.0,9662900.0,9736100.0,0.0
2018-01-31,8041160192.0,108364800.0,42449200.0,129915600.0,11798100.0,13418900.0,0.0
2018-02-01,9959400448.0,90102500.0,38037900.0,188923200.0,8606300.0,10854600.0,0.0
2018-02-02,12726899712.0,173174800.0,68478100.0,346375200.0,12846300.0,16789200.0,0.0
2018-02-03,7263790080.0,,,,,,
2018-02-04,7073549824.0,,,,,,
2018-02-05,9285289984.0,294681800.0,105372200.0,290954000.0,17462200.0,13596300.0,0.0
2018-02-06,13999800320.0,355026800.0,118537900.0,272975200.0,19955500.0,17672500.0,0.0
2018-02-07,9169280000.0,167376100.0,91028300.0,206434400.0,11851800.0,8558500.0,0.0
2018-02-08,9346750464.0,246449500.0,94184800.0,217562000.0,14596100.0,7343600.0,0.0
2018-02-09,6784820224.0,283565300.0,113836600.0,282690400.0,18838800.0,14140700.0,0.0
2018-02-10,7780960256.0,,,,,,
2018-02-11,6122189824.0,,,,,,
2018-02-12,6256439808.0,143736000.0,63050600.0,243278000.0,10769000.0,6984900.0,0.0
2018-02-13,5696719872.0,81223600.0,31785600.0,130196800.0,9278700.0,5321300.0,0.0
2018-02-14,7909819904.0,120735700.0,52107400.0,162579600.0,9412000.0,16416400.0,0.0
2018-02-15,9062540288.0,111200300.0,51633900.0,204588800.0,8910700.0,7276500.0,0.0
2018-02-16,7296159744.0,160420100.0,62256300.0,160704400.0,10371700.0,7956900.0,0.0
2018-02-17,8660880384.0,,,,,,
2018-02-18,8744009728.0,,,,,,
2018-02-19,7652089856.0,,,,,,0.0
2018-02-20,9926540288.0,86369700.0,36785600.0,135722000.0,7087700.0,11148700.0,0.0
2018-02-21,9405339648.0,98883700.0,41161800.0,149886400.0,9134500.0,7908800.0,0.0
2018-02-22,8040079872.0,110511300.0,37074400.0,123967600.0,10277700.0,5346300.0,0.0
2018-02-23,7739500032.0,92766400.0,50096900.0,135249600.0,10321800.0,4239700.0,0.0
2018-02-24,6917929984.0,,,,,,
2018-02-25,5706939904.0,,,,,,
2018-02-26,7287690240.0,86491400.0,39266700.0,152648800.0,9422200.0,3194300.0,0.0
2018-02-27,6966179840.0,99099200.0,42209900.0,155712400.0,8919600.0,7082300.0,0.0
2018-02-28,6936189952.0,121907800.0,42936300.0,151128400.0,16862000.0,4534900.0,0.0
2018-03-01,7317279744.0,176855100.0,76809900.0,195208000.0,13504200.0,12910100.0,0.0
2018-03-02,7620590080.0,139083200.0,57445100.0,153816000.0,9317700.0,9994300.0,0.0
2018-03-03,6690570240.0,,,,,,
2018-03-04,6084149760.0,,,,,,
2018-03-05,6468539904.0,97307400.0,38540200.0,113605600.0,8177000.0,5778300.0,0.0
2018-03-06,6832169984.0,79213200.0,29480900.0,95154000.0,9085300.0,8676800.0,0.0
2018-03-07,8797910016.0,87063500.0,34609400.0,126814000.0,9089500.0,5158700.0,0.0
2018-03-08,7186089984.0,66901200.0,25828400.0,95096400.0,7951700.0,3474900.0,0.0
2018-03-09,8704190464.0,113625300.0,38310500.0,128740800.0,7662200.0,5066800.0,0.0
2018-03-10,5386319872.0,,,,,,
2018-03-11,6296370176.0,,,,,,
2018-03-12,6457399808.0,71924800.0,37635000.0,128828400.0,7182000.0,2884300.0,0.0
2018-03-13,5991139840.0,91968900.0,55638900.0,126774000.0,9620200.0,4798300.0,0.0
2018-03-14,6438230016.0,105895100.0,40536400.0,117473600.0,8898100.0,3777000.0,0.0
2018-03-15,6834429952.0,83433000.0,28810400.0,90975200.0,6996900.0,6130100.0,0.0
2018-03-16,5289379840.0,100343700.0,31176700.0,157618800.0,17715400.0,7402200.0,0.0
2018-03-17,4426149888.0,,,,,,
2018-03-18,6639190016.0,,,,,,
2018-03-19,6729110016.0,109208400.0,71395100.0,133787200.0,8368200.0,4335400.0,0.0
2018-03-20,6361789952.0,59757300.0,34075700.0,78597600.0,8465500.0,3399400.0,0.0
2018-03-21,6043129856.0,78709600.0,43863500.0,148219600.0,9822800.0,12532000.0,0.0
2018-03-22,5530390016.0,148785900.0,66607300.0,165963200.0,10481600.0,5298700.0,0.0
2018-03-23,5954120192.0,183534800.0,80110400.0,164115200.0,11728300.0,12025900.0,0.0
2018-03-24,5664600064.0,,,,,,
2018-03-25,4569880064.0,,,,,,
2018-03-26,5921039872.0,141956100.0,57481500.0,150164800.0,12937000.0,6169800.0,0.0
2018-03-27,5378250240.0,129941400.0,78889100.0,163690400.0,11288200.0,6180700.0,0.0
2018-03-28,4935289856.0,146452300.0,89369700.0,166674000.0,12857800.0,10254900.0,0.0
2018-03-29,6361229824.0,111601600.0,68692600.0,153594000.0,10036400.0,7102000.0,0.0
2018-03-30,6289509888.0,,,,,,0.0
2018-03-31,4553269760.0,,,,,,
2018-04-01,4532100096.0,,,,,,
2018-04-02,4333440000.0,186286300.0,85549400.0,150347200.0,12017200.0,11421100.0,0.0
2018-04-03,5499700224.0,119956900.0,64090000.0,121112000.0,11933100.0,6083700.0,0.0
2018-04-04,4936000000.0,123715300.0,65768700.0,138422000.0,9030800.0,7488300.0,0.0
2018-04-05,5639320064.0,82652600.0,43054900.0,107732800.0,7864700.0,5333000.0,0.0
2018-04-06,3766810112.0,179521200.0,59870900.0,140021200.0,8300800.0,6121200.0,0.0
2018-04-07,3976610048.0,,,,,,
2018-04-08,3652499968.0,,,,,,
2018-04-09,4894060032.0,105442900.0,41810400.0,116070800.0,9031200.0,4189900.0,0.0
2018-04-10,4272750080.0,103529000.0,48296800.0,113634400.0,6779000.0,5268800.0,0.0
2018-04-11,4641889792.0,91140200.0,41622100.0,89726400.0,7143500.0,12348600.0,0.0
2018-04-12,8906250240.0,68890500.0,30467900.0,91557200.0,8282300.0,8141300.0,0.0
2018-04-13,7764460032.0,85079200.0,44604900.0,100497200.0,6198500.0,6821300.0,0.0
2018-04-14,5191430144.0,,,,,,
2018-04-15,5244480000.0,,,,,,
2018-04-16,5631309824.0,63405300.0,28180800.0,86313600.0,5962200.0,4600000.0,0.0
2018-04-17,6900879872.0,64682000.0,35536100.0,106421600.0,6492400.0,4184100.0,0.0
2018-04-18,6529909760.0,57303900.0,29573900.0,83018000.0,7349400.0,6755600.0,0.0
2018-04-19,7063209984.0,77655900.0,34705700.0,139235200.0,16955600.0,8736100.0,0.0
2018-04-20,8438110208.0,99953100.0,49197100.0,261964400.0,14085000.0,10403100.0,0.0
2018-04-21,7548550144.0,,,,,,
2018-04-22,6629899776.0,,,,,,
2018-04-23,6925190144.0,65558000.0,33040600.0,146062000.0,13653400.0,6921500.0,0.0
2018-04-24,10678800384.0,112885500.0,70256800.0,134768000.0,16551700.0,4733100.0,0.0
2018-04-25,11083100160.0,103840900.0,52089300.0,113528400.0,14208800.0,5985700.0,0.0
2018-04-26,8970559488.0,67731900.0,43005500.0,111852000.0,11204300.0,7517100.0,0.0
2018-04-27,7566289920.0,57053600.0,51043400.0,142623200.0,8144800.0,5654000.0,0.0
2018-04-28,7805479936.0,,,,,,
2018-04-29,8853000192.0,,,,,,
2018-04-30,8673920000.0,82182300.0,35615300.0,169709600.0,13076500.0,9830600.0,0.0
2018-05-01,7713019904.0,74203400.0,36513500.0,214277600.0,8103800.0,7551600.0,0.0
2018-05-02,7558159872.0,86368900.0,38646800.0,266157600.0,10830900.0,7614000.0,0.0
2018-05-03,10207299584.0,136311500.0,60337100.0,136272800.0,9386500.0,4857400.0,0.0
2018-05-04,8217829888.0,91222100.0,41543200.0,224805200.0,8107400.0,5883600.0,0.0
2018-05-05,7651939840.0,,,,,,
2018-05-06,7222280192.0,,,,,,
2018-05-07,7394019840.0,55304900.0,32500200.0,169805600.0,6633600.0,3397500.0,0.0
2018-05-08,7415869952.0,67499200.0,26040200.0,113611200.0,8084100.0,5551100.0,0.0
2018-05-09,7226890240.0,59666100.0,29122700.0,92844800.0,7528400.0,4405600.0,0.0
2018-05-10,6906699776.0,72063900.0,27067600.0,111957200.0,7618500.0,5218400.0,0.0
2018-05-11,8488520192.0,59871500.0,24688800.0,104848800.0,7586200.0,4299200.0,0.0
2018-05-12,6821380096.0,,,,,,
2018-05-13,5866379776.0,,,,,,
2018-05-14,7364149760.0,54790600.0,21821700.0,83115200.0,8646900.0,3753200.0,0.0
2018-05-15,6705710080.0,87036100.0,49361600.0,94780800.0,11502800.0,10911900.0,0.0
2018-05-16,6760220160.0,53942600.0,22941200.0,76732400.0,8325000.0,4943300.0,0.0
2018-05-17,5862530048.0,56536400.0,27480200.0,69176000.0,8053600.0,7781300.0,0.0
2018-05-18,5764190208.0,64368000.0,26217900.0,73190800.0,7042700.0,6837100.0,0.0
2018-05-19,4712399872.0,,,,,,
2018-05-20,5191059968.0,,,,,,
2018-05-21,5154990080.0,58025900.0,22954600.0,73603200.0,6428400.0,4126700.0,0.0
2018-05-22,5137010176.0,52966400.0,19477700.0,60962800.0,7744200.0,4579600.0,0.0
2018-05-23,6491120128.0,64694200.0,26557800.0,80233600.0,6592500.0,7007300.0,0.0
2018-05-24,6049220096.0,76043800.0,27696500.0,92936000.0,6508900.0,8850100.0,0.0
2018-05-25,4867829760.0,56374800.0,27460500.0,69844000.0,7546500.0,7920700.0,0.0
2018-05-26,4051539968.0,,,,,,
2018-05-27,4056519936.0,,,,,,
2018-05-28,5040600064.0,,,,,,0.0
2018-05-29,5662660096.0,115908600.0,41220500.0,90056400.0,8905600.0,9013200.0,0.0
2018-05-30,4922540032.0,69678400.0,22665800.0,74762000.0,8128600.0,4573700.0,0.0
2018-05-31,5127130112.0,93519900.0,35670900.0,109931200.0,15526000.0,7862500.0,0.0
2018-06-01,4921460224.0,71258400.0,45543300.0,93770000.0,7209300.0,8059100.0,0.0
2018-06-02,4939299840.0,,,,,,
2018-06-03,4851760128.0,,,,,,
2018-06-04,4993169920.0,45385200.0,20459600.0,105064800.0,8743800.0,4345400.0,0.0
2018-06-05,4961739776.0,51135000.0,24779300.0,86264000.0,6910100.0,6864200.0,0.0
2018-06-06,4692259840.0,62732200.0,25036600.0,83734400.0,7002900.0,4083700.0,0.0
2018-06-07,4485799936.0,72969400.0,39600300.0,85388800.0,13476100.0,3700700.0,0.0
2018-06-08,4227579904.0,72139700.0,31780300.0,106627200.0,13625300.0,3865700.0,0.0
2018-06-09,3845220096.0,,,,,,
2018-06-10,5804839936.0,,,,,,
2018-06-11,4745269760.0,58892500.0,22319700.0,73234000.0,9049400.0,3201200.0,0.0
2018-06-12,4654380032.0,72329000.0,22511800.0,67644400.0,8786000.0,7279600.0,0.0
2018-06-13,5052349952.0,79070600.0,37858600.0,86553600.0,8022400.0,5867700.0,0.0
2018-06-14,5138710016.0,77097600.0,35916000.0,86440400.0,8895200.0,8015400.0,0.0
2018-06-15,3955389952.0,120041600.0,49615700.0,246876800.0,14943500.0,14537000.0,0.0
2018-06-16,3194170112.0,,,,,,
2018-06-17,3104019968.0,,,,,,
2018-06-18,4039200000.0,52917600.0,31633200.0,73939600.0,7384900.0,3846000.0,0.0
2018-06-19,4057029888.0,97531500.0,38236000.0,134314000.0,8514000.0,4925800.0,0.0
2018-06-20,3888640000.0,53785500.0,33038000.0,82514800.0,6603500.0,4548500.0,0.0
2018-06-21,3529129984.0,71061400.0,43469400.0,102847600.0,8691200.0,5681900.0,0.0
2018-06-22,5079810048.0,54898500.0,30073200.0,108801600.0,11446400.0,4489400.0,0.0
2018-06-23,3431360000.0,,,,,,
2018-06-24,4566909952.0,,,,,,
2018-06-25,5500810240.0,137854200.0,77799700.0,126652400.0,11300500.0,9300200.0,0.0
2018-06-26,3279759872.0,68547400.0,39008100.0,98276800.0,9558500.0,8674500.0,0.0
2018-06-27,3296219904.0,105110700.0,52843500.0,101141200.0,7873300.0,6480100.0,0.0
2018-06-28,3467800064.0,76650500.0,46407700.0,69460800.0,5714400.0,7760500.0,0.0
2018-06-29,3966230016.0,97592500.0,36408500.0,90950800.0,7679900.0,8002800.0,0.0
2018-06-30,4543860224.0,,,,,,
2018-07-01,4788259840.0,,,,,,
2018-07-02,4396930048.0,63554800.0,31770000.0,70925200.0,6092800.0,12021900.0,0.0
2018-07-03,4672309760.0,42187100.0,25512700.0,55819200.0,5897200.0,8901000.0,0.0
2018-07-04,4176689920.0,,,,,,0.0
2018-07-05,4999240192.0,56925900.0,31626200.0,66416800.0,7956100.0,4951900.0,0.0
2018-07-06,4313959936.0,66493700.0,37005600.0,69940800.0,7244000.0,2946900.0,0.0
2018-07-07,3961080064.0,,,,,,
2018-07-08,3386210048.0,,,,,,
2018-07-09,3718129920.0,50550400.0,27362100.0,79026400.0,9095900.0,4074900.0,0.0
2018-07-10,4052430080.0,51966800.0,23902500.0,63756400.0,12773500.0,3754800.0,0.0
2018-07-11,3644859904.0,77054700.0,30280600.0,75326000.0,7851600.0,6974500.0,0.0
2018-07-12,3770170112.0,60124700.0,27930100.0,72164400.0,8556800.0,4585300.0,0.0
2018-07-13,3805400064.0,48216000.0,28049800.0,50055600.0,6021300.0,5444300.0,0.0
2018-07-14,2923670016.0,,,,,,
2018-07-15,3285459968.0,,,,,,
2018-07-16,4725799936.0,48201000.0,21405300.0,60172400.0,6931200.0,3670700.0,0.0
2018-07-17,5961950208.0,52315500.0,31034100.0,62138000.0,8983400.0,7939600.0,0.0
2018-07-18,6103410176.0,44593500.0,23220800.0,65573600.0,9105100.0,5391800.0,0.0
2018-07-19,5111629824.0,61412100.0,31094100.0,81147200.0,8010600.0,14227600.0,0.0
2018-07-20,4936869888.0,82337700.0,35897300.0,82704800.0,8234700.0,7892000.0,0.0
2018-07-21,3726609920.0,,,,,,
2018-07-22,3695460096.0,,,,,,
2018-07-23,5132480000.0,47047600.0,22184700.0,63957600.0,5881600.0,6247100.0,0.0
2018-07-24,7277689856.0,68026900.0,36900300.0,74791600.0,8297100.0,4801000.0,0.0
2018-07-25,5845400064.0,78882900.0,35026600.0,66839600.0,6208400.0,5479600.0,0.0
2018-07-26,4899089920.0,57919500.0,40873500.0,76304000.0,9771100.0,6382700.0,0.0
2018-07-27,5195879936.0,76768700.0,59456100.0,96096000.0,7492900.0,5242000.0,0.0
2018-07-28,3988750080.0,,,,,,
2018-07-29,4107190016.0,,,,,,
2018-07-30,5551400000.0,63742500.0,60193000.0,84118000.0,7090700.0,4157400.0,0.0
2018-07-31,5287530000.0,68570500.0,47285100.0,157492000.0,9878200.0,5508500.0,0.0
2018-08-01,4797620000.0,53853300.0,37101900.0,271742800.0,7556700.0,7941700.0,0.0
2018-08-02,4214110000.0,63426400.0,47178200.0,249616000.0,9261700.0,6204200.0,0.0
2018-08-03,4627150000.0,53935400.0,28934400.0,133789600.0,7102800.0,5953200.0,0.0
2018-08-04,4268390000.0,,,,,,
2018-08-05,3679110000.0,,,,,,
2018-08-06,3925900000.0,39400900.0,24808800.0,101701600.0,5669200.0,5811600.0,0.0
2018-08-07,4682800000.0,43196600.0,29895700.0,102349600.0,6418000.0,5188000.0,0.0
2018-08-08,5064430000.0,42114600.0,22680700.0,90102000.0,4891300.0,3808000.0,0.0
2018-08-09,4267040000.0,35717000.0,18852900.0,93970400.0,5167400.0,4253000.0,0.0
2018-08-10,4528680000.0,77076000.0,33818500.0,98444800.0,5566000.0,6757900.0,0.0
2018-08-11,4047850000.0,,,,,,
2018-08-12,5665250000.0,,,,,,
2018-08-13,4083980000.0,65732900.0,26089200.0,103563600.0,5068100.0,9150900.0,0.0
2018-08-14,5301700000.0,43842000.0,20913000.0,82992000.0,6226900.0,7085900.0,0.0
2018-08-15,4895450000.0,102925400.0,58528000.0,115230400.0,8753500.0,12398400.0,0.0
2018-08-16,4328420000.0,69967900.0,27711800.0,114001600.0,12368000.0,7484600.0,0.0
2018-08-17,4992990000.0,65618500.0,36092600.0,141708000.0,8409300.0,8471000.0,0.0
2018-08-18,3984520000.0,,,,,,
2018-08-19,3311170000.0,,,,,,
2018-08-20,3665100000.0,39807500.0,24939000.0,121150800.0,6795800.0,5313400.0,0.0
2018-08-21,3377180000.0,67272000.0,26258700.0,104639200.0,8534500.0,5042400.0,0.0
2018-08-22,4668110000.0,44993300.0,18042400.0,76072400.0,5132600.0,6215600.0,0.0
2018-08-23,3426180000.0,49204900.0,25776200.0,75532800.0,4323200.0,5500100.0,0.0
2018-08-24,4097820000.0,57487400.0,23136100.0,73905600.0,5356000.0,9214700.0,0.0
2018-08-25,3312600000.0,,,,,,
2018-08-26,3295500000.0,,,,,,
2018-08-27,4019000000.0,57072400.0,29343600.0,82100400.0,3941500.0,4364000.0,0.0
2018-08-28,4659940000.0,46943500.0,20277000.0,91107200.0,5405200.0,6101400.0,0.0
2018-08-29,4145880000.0,61485500.0,29175600.0,109019200.0,4520400.0,5616300.0,0.0
2018-08-30,4463250000.0,61229500.0,29315500.0,195175200.0,4549700.0,5431600.0,0.0
2018-08-31,4495650000.0,66140800.0,28653200.0,173360400.0,6674900.0,5048700.0,0.0
2018-09-01,4116050000.0,,,,,,
2018-09-02,4329540000.0,,,,,,
2018-09-03,4087760000.0,,,,,,0.0
2018-09-04,4273640000.0,57594400.0,29063500.0,109560400.0,5800700.0,6617500.0,0.0
2018-09-05,5800460000.0,72452400.0,42623300.0,133332000.0,7651900.0,4459200.0,0.0
2018-09-06,5523470000.0,65909900.0,46091400.0,137160000.0,7541100.0,4784700.0,0.0
2018-09-07,4264680000.0,73524800.0,46629500.0,150479200.0,11110900.0,3714000.0,0.0
2018-09-08,3835060000.0,,,,,,
2018-09-09,3671890000.0,,,,,,
2018-09-10,3714100000.0,50210900.0,26132000.0,158066000.0,6783000.0,2316500.0,0.0
2018-09-11,3849910000.0,50530500.0,30116500.0,142996000.0,5210300.0,3791300.0,0.0
2018-09-12,4064230000.0,59810800.0,36204000.0,197114800.0,5925200.0,6315900.0,0.0
2018-09-13,4210910000.0,51034200.0,31133200.0,166825600.0,5328400.0,5635900.0,0.0
2018-09-14,4076220000.0,55079900.0,31224100.0,127997200.0,5004100.0,5375600.0,0.0
2018-09-15,3216300000.0,,,,,,
2018-09-16,3273730000.0,,,,,,
2018-09-17,3910780000.0,68244000.0,33071200.0,148780400.0,7098800.0,4727300.0,0.0
2018-09-18,4180090000.0,61930400.0,31877300.0,126286800.0,6022800.0,4737800.0,0.0
2018-09-19,4431340000.0,49080600.0,31843400.0,108495200.0,6157600.0,4223200.0,0.0
2018-09-20,4348110000.0,100360600.0,33295800.0,106435200.0,10053000.0,4384200.0,0.0
2018-09-21,6531940000.0,105479700.0,38605400.0,384986800.0,17402500.0,6831400.0,0.0
2018-09-22,4509660000.0,,,,,,
2018-09-23,4197500000.0,,,,,,
2018-09-24,4177310000.0,53409600.0,34945600.0,110773600.0,6389400.0,4435300.0,0.0
2018-09-25,4726180000.0,44370000.0,25277500.0,98217600.0,5657200.0,3004800.0,0.0
2018-09-26,4437300000.0,79739700.0,36210600.0,95938800.0,6581000.0,8297300.0,0.0
2018-09-27,4606810000.0,59249500.0,33113300.0,120724800.0,6277600.0,7683400.0,0.0
2018-09-28,5014430000.0,70091400.0,28076800.0,91717600.0,5125800.0,6020600.0,0.0
2018-09-29,4363690000.0,,,,,,
2018-09-30,4002280000.0,,,,,,
2018-10-01,4000970000.0,62078900.0,27371300.0,94403200.0,4899900.0,3892600.0,0.0
2018-10-02,3979260000.0,47258200.0,25618600.0,99152800.0,7390900.0,10776700.0,0.0
2018-10-03,3887310000.0,64694600.0,29128700.0,114619200.0,7958700.0,6674500.0,0.0
2018-10-04,3838410000.0,111545900.0,80557300.0,128168000.0,7029900.0,6616200.0,0.0
2018-10-05,3671500000.0,105951700.0,83325600.0,134322000.0,5454600.0,7994400.0,0.0
2018-10-06,3259740000.0,,,,,,
2018-10-07,3306630000.0,,,,,,
2018-10-08,3979460000.0,87742200.0,66864500.0,118655600.0,7192300.0,12111600.0,0.0
2018-10-09,3580810000.0,74339000.0,49097900.0,107564000.0,6268100.0,8352300.0,0.0
2018-10-10,3787650000.0,214731000.0,114471100.0,167962400.0,9295800.0,10571300.0,0.0
2018-10-11,5181640000.0,274840500.0,143084500.0,212497600.0,12560300.0,26810900.0,0.0
2018-10-12,3783500000.0,183186500.0,102078400.0,161351600.0,9878700.0,12939300.0,0.0
2018-10-13,3064030000.0,,,,,,
2018-10-14,3085320000.0,,,,,,
2018-10-15,7370770000.0,102263700.0,64885300.0,123164000.0,9691500.0,11828400.0,0.0
2018-10-16,4074800000.0,118255800.0,71979700.0,116736000.0,9462600.0,9531800.0,0.0
2018-10-17,4088420000.0,110626000.0,66987600.0,91541600.0,10375300.0,7078600.0,0.0
2018-10-18,3924080000.0,134557500.0,82486200.0,130325200.0,9869500.0,7964100.0,0.0
2018-10-19,3578870000.0,139901600.0,82923700.0,132314800.0,30276400.0,7453900.0,0.0
2018-10-20,3379130000.0,,,,,,
2018-10-21,3253610000.0,,,,,,
2018-10-22,3672860000.0,82415800.0,52909300.0,115168400.0,14124100.0,5200500.0,0.0
2018-10-23,3716150000.0,146352700.0,77567000.0,155071200.0,16269500.0,12704200.0,0.0
2018-10-24,3424670000.0,177806700.0,102997400.0,163702000.0,26703500.0,8563300.0,0.0
2018-10-25,3230550000.0,138061500.0,83481100.0,119423200.0,14647000.0,8303500.0,0.0
2018-10-26,3306050000.0,201574600.0,130970900.0,189033600.0,14335900.0,15733100.0,0.0
2018-10-27,3393250000.0,,,,,,
2018-10-28,3445190000.0,,,,,,
2018-10-29,4199910000.0,160749100.0,111871900.0,183742000.0,12878900.0,8732500.0,0.0
2018-10-30,3781100000.0,157116000.0,92584000.0,146640000.0,13844000.0,7233300.0,0.0
2018-10-31,4191240000.0,128296300.0,73828600.0,153435600.0,13362400.0,11409300.0,0.0
2018-11-01,3789400000.0,99495000.0,52706800.0,233292800.0,9732400.0,13662900.0,0.0
2018-11-02,4234870000.0,122634100.0,75966800.0,365314800.0,11336000.0,8796900.0,0.0
2018-11-03,3658640000.0,,,,,,
2018-11-04,4390020000.0,,,,,,
2018-11-05,4174800000.0,65622500.0,39573500.0,264654800.0,12270100.0,6291500.0,0.0
2018-11-06,4700040000.0,60085900.0,34410400.0,127531600.0,8857800.0,7270800.0,0.0
2018-11-07,4941260000.0,102752100.0,51169600.0,133697600.0,9019800.0,8392100.0,0.0
2018-11-08,4665260000.0,65584900.0,40296500.0,101450400.0,6614400.0,7638800.0,0.0
2018-11-09,4346820000.0,98812600.0,50602700.0,137463200.0,10713500.0,14159200.0,0.0
2018-11-10,3705320000.0,,,,,,
2018-11-11,3939060000.0,,,,,,
2018-11-12,4295770000.0,99673600.0,62578400.0,204542000.0,12522100.0,7498600.0,0.0
2018-11-13,4503800000.0,98176600.0,64128100.0,187531600.0,13438700.0,9309000.0,0.0
2018-11-14,7398940000.0,125335900.0,75270700.0,243204000.0,11623000.0,13950200.0,0.0
2018-11-15,7032140000.0,135101400.0,73254300.0,185915200.0,12506000.0,8910600.0,0.0
2018-11-16,5279320000.0,126668000.0,65390700.0,147713200.0,13013500.0,8577000.0,0.0
2018-11-17,4303150000.0,,,,,,
2018-11-18,4159680000.0,,,,,,
2018-11-19,7039560000.0,103061700.0,67280500.0,167701200.0,9458300.0,8508300.0,0.0
2018-11-20,8428290000.0,136021300.0,102652800.0,271300800.0,12074000.0,9075100.0,0.0
2018-11-21,6120120000.0,75563700.0,42965800.0,124496800.0,8911800.0,8834200.0,0.0
2018-11-22,4569370000.0,,,,,,0.0
2018-11-23,4871490000.0,42807900.0,23503700.0,94496000.0,4399600.0,3726600.0,0.0
2018-11-24,4679500000.0,,,,,,
2018-11-25,6825640000.0,,,,,,
2018-11-26,6476900000.0,79981400.0,42012600.0,179994000.0,8171400.0,4018600.0,0.0
2018-11-27,5998720000.0,75502400.0,36608100.0,165549600.0,9023400.0,9671100.0,0.0
2018-11-28,7280280000.0,127629600.0,70141000.0,184250000.0,8093700.0,13788800.0,0.0
2018-11-29,6503347767.0,82346400.0,44885700.0,167080000.0,6126900.0,6479300.0,0.0
2018-11-30,6048016717.0,98204200.0,36722800.0,158126000.0,16291800.0,8169600.0,0.0
2018-12-01,5375314093.0,,,,,,
2018-12-02,5262697895.0,,,,,,
2018-12-03,5089570994.0,103176300.0,50771700.0,163210000.0,13934700.0,8469500.0,0.0
2018-12-04,5028069239.0,177986000.0,70594700.0,165377200.0,11123600.0,7186100.0,0.0
2018-12-05,5302481574.0,,,,,,0.0
2018-12-06,5878333109.0,204185400.0,71715500.0,172393600.0,14199200.0,9267600.0,0.0
2018-12-07,6835615448.0,161018900.0,80432200.0,169126400.0,7996800.0,10402900.0,0.0
2018-12-08,5305024497.0,,,,,,
2018-12-09,4947372847.0,,,,,,
2018-12-10,5020968740.0,151445900.0,73960800.0,248104000.0,9307600.0,8117900.0,0.0
2018-12-11,4696765188.0,121504400.0,59058300.0,189126800.0,8743800.0,6395400.0,0.0
2018-12-12,4139364829.0,97976700.0,53780000.0,142510800.0,9644000.0,4136800.0,0.0
2018-12-13,4343372456.0,96662700.0,46378500.0,127594400.0,18541300.0,4131800.0,0.0
2018-12-14,4372763663.0,116961100.0,56547400.0,162814800.0,12657300.0,7501700.0,0.0
2018-12-15,3551763561.0,,,,,,
2018-12-16,3744248994.0,,,,,,
2018-12-17,5409247918.0,165492300.0,74834100.0,177151600.0,12427600.0,8454900.0,0.0
2018-12-18,5911325473.0,134515100.0,63642100.0,135366000.0,12250600.0,7542900.0,0.0
2018-12-19,6810689119.0,214992800.0,81856500.0,196189200.0,10825600.0,13827500.0,0.0
2018-12-20,8927129279.0,252053400.0,99002100.0,259092000.0,14439200.0,18615100.0,0.0
2018-12-21,7206015706.0,255345600.0,141129400.0,382978400.0,24030000.0,13629800.0,0.0
2018-12-22,5605823233.0,,,,,,
2018-12-23,6151275490.0,,,,,,
2018-12-24,7240968501.0,147311600.0,56163300.0,148676800.0,7396300.0,9736400.0,0.0
2018-12-25,6158207293.0,,,,,,0.0
2018-12-26,5326547918.0,218485400.0,98982100.0,234330000.0,8630900.0,14293500.0,0.0
2018-12-27,5130222366.0,186267300.0,85824300.0,212468400.0,11360100.0,11874400.0,0.0
2018-12-28,5631554348.0,153100200.0,77856600.0,169165600.0,9611800.0,6864700.0,0.0
2018-12-29,4991655917.0,,,,,,
2018-12-30,4770578575.0,,,,,,
2018-12-31,4661840806.0,144299400.0,53015300.0,140014000.0,7239500.0,8449400.0,0.0
2019-01-01,4324200990.0,,,,,,0.0
2019-01-02,5244856836.0,126925200.0,58576700.0,148158800.0,9843900.0,12776200.0,0.0
2019-01-03,4530215219.0,144140700.0,74820200.0,365248800.0,9820200.0,15440800.0,0.0
2019-01-04,4847965467.0,142628800.0,74709300.0,234428400.0,10565700.0,13334000.0,0.0
2019-01-05,5137609824.0,,,,,,
2019-01-06,5597027440.0,,,,,,
2019-01-07,5228625637.0,103139100.0,52059300.0,219111200.0,9012500.0,7473600.0,0.0
2019-01-08,5306593305.0,102512600.0,49388700.0,164101200.0,9551300.0,7643100.0,0.0
2019-01-09,5115905225.0,95006600.0,46491700.0,180396400.0,15015600.0,10555900.0,0.0
2019-01-10,6874143796.0,96823900.0,38943400.0,143122800.0,11102300.0,6672000.0,0.0
2019-01-11,5538712865.0,73858100.0,30176600.0,108092800.0,7166600.0,8622400.0,0.0
2019-01-12,4778170883.0,,,,,,
2019-01-13,4681302466.0,,,,,,
2019-01-14,5651384490.0,70908200.0,30710200.0,129756800.0,7952000.0,6477100.0,0.0
2019-01-15,5537192302.0,85208300.0,40874200.0,114843600.0,7834500.0,7512500.0,0.0
2019-01-16,5394457145.0,77636700.0,33812200.0,122278800.0,7964500.0,6878100.0,0.0
2019-01-17,5464420383.0,96118400.0,39329000.0,119284800.0,8044500.0,8558500.0,0.0
2019-01-18,5002961727.0,127900300.0,57183200.0,135004000.0,9100300.0,10896000.0,0.0
2019-01-19,5955691380.0,,,,,,
2019-01-20,5582489560.0,,,,,,
2019-01-21,5004347059.0,,,,,,0.0
2019-01-22,5313623556.0,115531200.0,56711700.0,121576000.0,13518500.0,7896500.0,0.0
2019-01-23,5433755649.0,86030300.0,38106100.0,92522400.0,22869000.0,5224900.0,0.0
2019-01-24,5262869046.0,59204100.0,32417800.0,101766000.0,12146400.0,5662500.0,0.0
2019-01-25,5265847539.0,96883400.0,36515900.0,134142000.0,10618000.0,11103300.0,0.0
2019-01-26,5098183235.0,,,,,,
2019-01-27,5570752966.0,,,,,,
2019-01-28,6908930483.0,85613700.0,33491200.0,104768400.0,9765600.0,8522200.0,0.0
2019-01-29,5897159493.0,66136300.0,30784200.0,166348800.0,9769800.0,11610200.0,0.0
2019-01-30,5955112627.0,92473700.0,41346500.0,244439200.0,7750200.0,12104000.0,0.0
2019-01-31,5831198271.0,104012100.0,37258400.0,162958400.0,16044400.0,10209500.0,0.0
2019-02-01,5422926707.0,85782500.0,32143700.0,130672400.0,12720800.0,12485500.0,0.0
2019-02-02,5071623601.0,,,,,,
2019-02-03,5043937584.0,,,,,,
2019-02-04,5332718886.0,60744800.0,26718800.0,125982000.0,11887500.0,6878900.0,0.0
2019-02-05,5227549545.0,79552800.0,28156400.0,144406400.0,9772300.0,6291100.0,0.0
2019-02-06,5482196038.0,58347800.0,27970000.0,112958400.0,8693900.0,6595100.0,0.0
2019-02-07,5004962683.0,95482000.0,42036200.0,126966800.0,8732500.0,5935500.0,0.0
2019-02-08,7735623101.0,75788900.0,29020700.0,95280000.0,7483200.0,4235200.0,0.0
2019-02-09,6158833645.0,,,,,,
2019-02-10,6282256903.0,,,,,,
2019-02-11,6277056434.0,68021400.0,21434100.0,83973600.0,8494100.0,4821800.0,0.0
2019-02-12,6480384532.0,72270200.0,29722100.0,89134000.0,11238800.0,4271900.0,0.0
2019-02-13,6438903823.0,65277200.0,26094100.0,89960800.0,11587200.0,7640500.0,0.0
2019-02-14,6271044418.0,83234400.0,30326800.0,87342800.0,7930100.0,6276500.0,0.0
2019-02-15,6091952231.0,97088700.0,32521700.0,98507200.0,12069100.0,12190100.0,0.0
2019-02-16,5934744052.0,,,,,,
2019-02-17,7039512503.0,,,,,,
2019-02-18,9908216640.0,,,,,,0.0
2019-02-19,9933626655.0,59120800.0,19487700.0,75891200.0,10098200.0,15614000.0,0.0
2019-02-20,8693373948.0,76610800.0,32593000.0,104457600.0,8947400.0,8889700.0,0.0
2019-02-21,7775128102.0,64214700.0,25207400.0,68998800.0,7444800.0,8634600.0,0.0
2019-02-22,7826525254.0,78114600.0,27735400.0,75652800.0,7925400.0,5439400.0,0.0
2019-02-23,8922258316.0,,,,,,
2019-02-24,10794227451.0,,,,,,
2019-02-25,9318796067.0,69030700.0,32608800.0,87493600.0,7436100.0,4882600.0,0.0
2019-02-26,7931218996.0,56844100.0,21939700.0,68280800.0,7115300.0,5153200.0,0.0
2019-02-27,8301309684.0,56921600.0,25162000.0,111341600.0,6013600.0,7935600.0,0.0
2019-02-28,8399767798.0,69268300.0,25085500.0,112861600.0,10575400.0,7811700.0,0.0
2019-03-01,7661247975.0,78880500.0,31431200.0,103544800.0,7733200.0,16411700.0,0.0
2019-03-02,7578786076.0,,,,,,
2019-03-03,7253558152.0,,,,,,
2019-03-04,9029175788.0,106494600.0,38063500.0,109744800.0,6895300.0,10272600.0,0.0
2019-03-05,10174126415.0,59114600.0,22319900.0,78949600.0,6274600.0,7120100.0,0.0
2019-03-06,9175291529.0,75039800.0,27194600.0,83241600.0,4622300.0,4820400.0,0.0
2019-03-07,9584165519.0,94885100.0,39407400.0,99185600.0,8408600.0,6088800.0,0.0
2019-03-08,10638638944.0,85795800.0,39303200.0,95997600.0,5144500.0,10427700.0,0.0
2019-03-09,10796103518.0,,,,,,
2019-03-10,9713267607.0,,,,,,
2019-03-11,10125901903.0,65098900.0,30518400.0,128044000.0,7544400.0,6708700.0,0.0
2019-03-12,9809887079.0,79667500.0,33953500.0,129870400.0,7597500.0,6289900.0,0.0
2019-03-13,9469184841.0,80639200.0,42426100.0,124130000.0,9883300.0,7377300.0,0.0
2019-03-14,10480789570.0,67518400.0,23751500.0,94318000.0,8590200.0,6778200.0,0.0
2019-03-15,9394210605.0,81309000.0,38192000.0,156171600.0,30802700.0,9412000.0,0.0
2019-03-16,9856166973.0,,,,,,
2019-03-17,8221625400.0,,,,,,
2019-03-18,9646954186.0,62199800.0,32935100.0,104879200.0,8442800.0,7783200.0,0.0
2019-03-19,9344919956.0,90268100.0,36893300.0,126585600.0,7334100.0,6558700.0,0.0
2019-03-20,10175916388.0,84609200.0,50105000.0,124140800.0,7513800.0,11304900.0,0.0
2019-03-21,10831212662.0,79550400.0,42428500.0,204136800.0,8221000.0,7739800.0,0.0
2019-03-22,9252935969.0,122659300.0,70794500.0,169630800.0,11035900.0,5874000.0,0.0
2019-03-23,9578850549.0,,,,,,
2019-03-24,9144851065.0,,,,,,
2019-03-25,10359818883.0,85575200.0,46336500.0,175381200.0,6955500.0,7288300.0,0.0
2019-03-26,10707678815.0,68125900.0,33248100.0,199202000.0,6909400.0,5056100.0,0.0
2019-03-27,10897131934.0,72224700.0,37096700.0,119393600.0,6037100.0,6595000.0,0.0
2019-03-28,9353915899.0,56238500.0,30368200.0,83121600.0,6793700.0,11878300.0,0.0
2019-03-29,10918665557.0,82186800.0,35205500.0,94256000.0,7535400.0,7093900.0,0.0
2019-03-30,9732688060.0,,,,,,
2019-03-31,9045122443.0,,,,,,
2019-04-01,10157794171.0,77617900.0,30969500.0,111448000.0,6626500.0,13560000.0,0.0
2019-04-02,21315047816.0,40070400.0,22645200.0,91062800.0,6088800.0,4475000.0,0.0
2019-04-03,22899891582.0,68243200.0,31633500.0,93087200.0,5226500.0,6152200.0,0.0
2019-04-04,18251810240.0,48997500.0,28530800.0,76457200.0,4786100.0,7508400.0,0.0
2019-04-05,16837325387.0,58621700.0,25674700.0,74106400.0,4281800.0,5114500.0,0.0
2019-04-06,16929795194.0,,,,,,
2019-04-07,16655416140.0,,,,,,
2019-04-08,17154113634.0,53566300.0,22697500.0,103526800.0,8468600.0,4270800.0,0.0
2019-04-09,14722104361.0,66142300.0,25631900.0,143072800.0,5820300.0,4648400.0,0.0
2019-04-10,15504590933.0,52601500.0,24563000.0,86781200.0,5394300.0,6344800.0,0.0
2019-04-11,16555616019.0,55093100.0,20654100.0,83603200.0,5078400.0,11694500.0,0.0
2019-04-12,13675206312.0,69727800.0,24989100.0,111042800.0,6707900.0,5272800.0,0.0
2019-04-13,10823289598.0,,,,,,
2019-04-14,10391952498.0,,,,,,
2019-04-15,12290155061.0,49596700.0,21073000.0,70146400.0,5639200.0,4252400.0,0.0
2019-04-16,11618660197.0,52153200.0,27195700.0,102785600.0,8136100.0,10097800.0,0.0
2019-04-17,12438480677.0,58268300.0,29651600.0,115627200.0,6778100.0,4693900.0,0.0
2019-04-18,13256489918.0,68708500.0,28580900.0,96783200.0,7248900.0,4090400.0,0.0
2019-04-19,13780238655.0,,,,,,0.0
2019-04-20,13169647522.0,,,,,,
2019-04-21,13731844223.0,,,,,,
2019-04-22,14601631648.0,40160100.0,17936000.0,77758000.0,9057200.0,2250900.0,0.0
2019-04-23,15867308108.0,52246600.0,33665600.0,93292000.0,15979800.0,5574800.0,0.0
2019-04-24,17048033399.0,50392900.0,24977100.0,70162400.0,10094800.0,4173000.0,0.0
2019-04-25,15330283408.0,57770900.0,29517500.0,74172800.0,6085300.0,4836900.0,0.0
2019-04-26,16812108040.0,50916400.0,26359500.0,74596400.0,7747400.0,6022700.0,0.0
2019-04-27,13111274675.0,,,,,,
2019-04-28,12819992056.0,,,,,,
2019-04-29,13735490672.0,57197700.0,21716200.0,88818800.0,4787600.0,4469300.0,0.0
2019-04-30,13878964574.0,81111700.0,31495300.0,186139600.0,8251300.0,4758600.0,0.0
2019-05-01,13679528236.0,71671900.0,34797100.0,259309200.0,6733800.0,12331800.0,0.0
2019-05-02,14644460907.0,65030200.0,44110100.0,127985200.0,6270300.0,6759600.0,0.0
2019-05-03,18720780006.0,56543700.0,30386200.0,83569600.0,4793400.0,8414400.0,0.0
2019-05-04,17567780766.0,,,,,,
2019-05-05,14808830723.0,,,,,,
2019-05-06,15737171804.0,107198100.0,38371800.0,129772400.0,4890400.0,3479600.0,0.0
2019-05-07,18026409033.0,144729900.0,58818100.0,155054800.0,6021700.0,4010700.0,0.0
2019-05-08,15320605300.0,91568300.0,37165300.0,105358000.0,5392600.0,4178800.0,0.0
2019-05-09,16784645411.0,103471100.0,55351700.0,139634400.0,6901700.0,5015500.0,0.0
2019-05-10,19419875368.0,112429300.0,58526400.0,164834800.0,5815800.0,4586000.0,0.0
2019-05-11,28867562329.0,,,,,,
2019-05-12,27773333680.0,,,,,,
2019-05-13,28677672181.0,127290500.0,67185800.0,229722400.0,7575500.0,11130900.0,0.0
2019-05-14,32031452227.0,77003200.0,43360600.0,146118800.0,7004000.0,5556000.0,0.0
2019-05-15,28344112920.0,73956400.0,40944500.0,106178800.0,5535600.0,10299000.0,0.0
2019-05-16,33167197581.0,76749600.0,39281200.0,132125600.0,9284200.0,6349400.0,0.0
2019-05-17,30066644905.0,100353000.0,44702300.0,131516400.0,6370200.0,6589300.0,0.0
2019-05-18,21354286562.0,,,,,,
2019-05-19,25902422040.0,,,,,,
2019-05-20,23843404340.0,62877600.0,38608300.0,154449200.0,6565300.0,4345800.0,0.0
2019-05-21,25127245056.0,46847100.0,31613800.0,113459200.0,5226400.0,3845600.0,0.0
2019-05-22,24719473175.0,49482500.0,24332600.0,118994400.0,4889700.0,3741800.0,
2019-05-23,24457107820.0,98733800.0,45351300.0,146118800.0,6175600.0,6054600.0,0.0
2019-05-24,25919126991.0,55268100.0,25903300.0,94858800.0,4372100.0,2324700.0,0.0
2019-05-25,22256813107.0,,,,,,
2019-05-26,26677970091.0,,,,,,
2019-05-27,27949839564.0,,,,,,0.0
2019-05-28,24226919267.0,70029400.0,24763800.0,111792800.0,7615500.0,4303500.0,0.0
2019-05-29,23473479966.0,104972900.0,42178800.0,113924800.0,7137300.0,4133200.0,0.0
2019-05-30,29246528551.0,62523800.0,30354800.0,84873600.0,4729200.0,7757000.0,0.0
2019-05-31,25365190957.0,86862800.0,45446200.0,108174400.0,10282300.0,15367000.0,0.0
2019-06-01,22488303544.0,,,,,,
2019-06-02,20266216022.0,,,,,,
2019-06-03,22004511436.0,96428000.0,75842300.0,161584400.0,8532900.0,14173600.0,0.0
2019-06-04,24609731549.0,77231900.0,47797800.0,123872000.0,6906400.0,7997100.0,0.0
2019-06-05,21760923463.0,71169700.0,34412700.0,119093600.0,6481700.0,7637900.0,0.0
2019-06-06,19474611077.0,69430400.0,29913200.0,90105200.0,6681600.0,5551800.0,0.0
2019-06-07,19141423231.0,74272200.0,45888300.0,122737600.0,8063400.0,8145900.0,0.0
2019-06-08,16522722810.0,,,,,,
2019-06-09,16610726547.0,,,,,,
2019-06-10,18689275117.0,60799100.0,41385300.0,104883600.0,4767000.0,5410000.0,0.0
2019-06-11,17107279932.0,58641300.0,41260300.0,107731600.0,8074400.0,4757800.0,0.0
2019-06-12,19034432883.0,47096300.0,27758100.0,73012800.0,7687800.0,5756200.0,0.0
2019-06-13,18669407147.0,48945200.0,23715800.0,86698400.0,8611400.0,5374800.0,0.0
2019-06-14,19831162906.0,52324700.0,22844100.0,75046000.0,6438100.0,9226100.0,0.0
2019-06-15,18371033226.0,,,,,,
2019-06-16,23348550311.0,,,,,,
2019-06-17,15562951919.0,39205700.0,20379500.0,58676400.0,6020000.0,4763300.0,0.0
2019-06-18,15848210536.0,85434800.0,48177300.0,106204000.0,7731200.0,10309600.0,0.0
2019-06-19,15546809946.0,78674400.0,31672900.0,84496800.0,7028000.0,11660600.0,0.0
2019-06-20,17846823784.0,116570000.0,40922000.0,86056000.0,7044200.0,18636300.0,0.0
2019-06-21,20624008643.0,83309500.0,39980400.0,191202400.0,13799400.0,15068000.0,0.0
2019-06-22,29995204861.0,,,,,,
2019-06-23,20998326502.0,,,,,,
2019-06-24,19271652365.0,47582700.0,19375200.0,72881600.0,5518100.0,17851800.0,0.0
2019-06-25,24879684533.0,82028700.0,33921100.0,84281200.0,6805600.0,24772200.0,0.0
2019-06-26,45105733173.0,51584900.0,22595700.0,104270000.0,7170300.0,12016400.0,0.0
2019-06-27,39977475223.0,40355200.0,19709200.0,83598800.0,5613300.0,8412800.0,0.0
2019-06-28,35087757766.0,59350900.0,21179200.0,124442400.0,12152000.0,8077000.0,0.0
2019-06-29,29923961128.0,,,,,,
2019-06-30,27256473494.0,,,,,,
2019-07-01,29378589324.0,78705600.0,31025600.0,109012000.0,6775900.0,13317700.0,0.0
2019-07-02,31015895223.0,61504500.0,18035800.0,67740800.0,6578200.0,13282100.0,0.0
2019-07-03,30796494294.0,40898900.0,15792100.0,45448000.0,6223300.0,6351500.0,0.0
2019-07-04,25920294033.0,,,,,,0.0
2019-07-05,23838480210.0,51677300.0,21415600.0,69062000.0,8694800.0,11536600.0,0.0
2019-07-06,21092024306.0,,,,,,
2019-07-07,19369044277.0,,,,,,
2019-07-08,23482551458.0,45841800.0,17598800.0,101354400.0,5317800.0,8028900.0,0.0
2019-07-09,28167921523.0,41101300.0,19193500.0,82312000.0,7537700.0,6633400.0,0.0
2019-07-10,33627574244.0,58448500.0,28374500.0,71588400.0,5600700.0,13920600.0,0.0
2019-07-11,28595327690.0,50826100.0,23736100.0,80767200.0,4625300.0,7535100.0,0.0
2019-07-12,23534692797.0,40326000.0,20211900.0,70380800.0,7058600.0,6309500.0,0.0
2019-07-13,21042616384.0,,,,,,
2019-07-14,22486000001.0,,,,,,
2019-07-15,25384047207.0,33900000.0,15606100.0,67789600.0,6240700.0,4026600.0,0.0
2019-07-16,24151199070.0,36650100.0,20190900.0,67467200.0,7644300.0,7966000.0,0.0
2019-07-17,24569921549.0,36036300.0,16765100.0,56430000.0,7861700.0,11288300.0,0.0
2019-07-18,25187024648.0,51392600.0,28877000.0,74162400.0,5828700.0,18448200.0,0.0
2019-07-19,20727426310.0,58678600.0,29387900.0,83717200.0,6547000.0,18079200.0,0.0
2019-07-20,20206615155.0,,,,,,
2019-07-21,17130580467.0,,,,,,
2019-07-22,16334414913.0,43638100.0,18954900.0,89111600.0,4018800.0,7570400.0,0.0
2019-07-23,17851916995.0,44564500.0,23786700.0,73420800.0,8194600.0,9981400.0,0.0
2019-07-24,17398734322.0,47213200.0,20422900.0,59966400.0,9635900.0,6715200.0,0.0
2019-07-25,15821952090.0,55394100.0,23434700.0,55638400.0,7809400.0,11708200.0,0.0
2019-07-26,14495714483.0,45084100.0,20431200.0,70475600.0,5559600.0,6249900.0,0.0
2019-07-27,16817809536.0,,,,,,
2019-07-28,13738687093.0,,,,,,
2019-07-29,13791445323.0,38126500.0,20451700.0,86693600.0,7768700.0,9162400.0,0.0
2019-07-30,13829811132.0,45849000.0,18705000.0,135742800.0,18788800.0,9458700.0,0.0
2019-07-31,16631520648.0,104245200.0,41627500.0,277125600.0,12641800.0,18797200.0,0.0
2019-08-01,17165337858.0,142646600.0,63251600.0,216071600.0,11308600.0,27719800.0,0.0
2019-08-02,17489094082.0,116749700.0,55214000.0,163448400.0,12266100.0,13753200.0,0.0
2019-08-03,15352685061.0,,,,,,
2019-08-04,16530894787.0,,,,,,
2019-08-05,23875988832.0,178745400.0,75040000.0,209572000.0,12974800.0,17519800.0,0.0
2019-08-06,23635107660.0,120711700.0,41897200.0,143299200.0,9490600.0,9471200.0,0.0
2019-08-07,22194988641.0,140572300.0,49990600.0,133457600.0,9507600.0,26671100.0,0.0
2019-08-08,19481591730.0,87713900.0,38418100.0,108038000.0,7416600.0,13108600.0,0.0
2019-08-09,18339989960.0,93730000.0,33608900.0,98478800.0,6939500.0,9485900.0,0.0
2019-08-10,18125355447.0,,,,,,
2019-08-11,15774371518.0,,,,,,
2019-08-12,13647198229.0,65527600.0,24642900.0,89927600.0,4996200.0,15264000.0,0.0
2019-08-13,16681503537.0,94299800.0,40241900.0,188874000.0,6722000.0,29842800.0,0.0
2019-08-14,19990838300.0,135622100.0,51000500.0,146189600.0,10148300.0,20672900.0,0.0
2019-08-15,22899115082.0,99556600.0,36685000.0,108909600.0,7758000.0,13467800.0,0.0
2019-08-16,20228207096.0,83018300.0,32781400.0,110481600.0,8302400.0,11728800.0,0.0
2019-08-17,13778035685.0,,,,,,
2019-08-18,12999813869.0,,,,,,
2019-08-19,16038264603.0,53571800.0,22494100.0,97654400.0,5867100.0,10552700.0,0.0
2019-08-20,15053082175.0,51596400.0,19902900.0,107537200.0,6744300.0,7478500.0,0.0
2019-08-21,19473084768.0,49524700.0,20418500.0,86141600.0,4037400.0,8114700.0,0.0
2019-08-22,17097508856.0,51666400.0,24243700.0,89014800.0,4558400.0,6846500.0,0.0
2019-08-23,15627023886.0,149161500.0,55372400.0,187272000.0,7336800.0,20282200.0,0.0
2019-08-24,15451030650.0,,,,,,
2019-08-25,14153856610.0,,,,,,
2019-08-26,18438654080.0,72423800.0,27598900.0,104174400.0,5661500.0,12195800.0,0.0
2019-08-27,14762609503.0,66668900.0,28012800.0,103493200.0,6996300.0,12844100.0,0.0
2019-08-28,17603790323.0,59696700.0,21792400.0,63755200.0,4600300.0,11452400.0,0.0
2019-08-29,17045878501.0,57899400.0,25358900.0,83962000.0,5011500.0,14762500.0,0.0
2019-08-30,13595263986.0,62901200.0,26319800.0,84573600.0,6007100.0,9642200.0,0.0
2019-08-31,11454806419.0,,,,,,
2019-09-01,11445355859.0,,,,,,
2019-09-02,17248102294.0,,,,,,0.0
2019-09-03,19384917989.0,69101400.0,27964200.0,80092000.0,4959300.0,15615200.0,0.0
2019-09-04,16742664769.0,46887300.0,21592100.0,76752400.0,5586900.0,11285900.0,0.0
2019-09-05,14551239508.0,83258100.0,33932600.0,95654800.0,7491900.0,20293200.0,0.0
2019-09-06,19536574783.0,49584300.0,19487800.0,77449200.0,5306900.0,14175200.0,0.0
2019-09-07,15307366476.0,,,,,,
2019-09-08,13670567493.0,,,,,,
2019-09-09,17595943368.0,51260300.0,24407600.0,109237600.0,7662400.0,11323800.0,0.0
2019-09-10,14906809639.0,57947100.0,23744700.0,127111600.0,9582200.0,12629200.0,0.0
2019-09-11,15428063426.0,68821100.0,25063600.0,177158400.0,7565500.0,7453000.0,0.0
2019-09-12,15323563925.0,72908700.0,28689900.0,128906800.0,6194300.0,12673700.0,0.0
2019-09-13,14109864675.0,62104800.0,27669800.0,159053200.0,6777400.0,13451700.0,0.0
2019-09-14,13468713124.0,,,,,,
2019-09-15,12043433567.0,,,,,,
2019-09-16,15160167779.0,58191200.0,20319000.0,84632400.0,9626700.0,8094600.0,0.0
2019-09-17,15304603363.0,41475500.0,20953400.0,73274800.0,6377100.0,7010200.0,0.0
2019-09-18,16169268880.0,73375800.0,29781300.0,101360000.0,5684200.0,15026300.0,0.0
2019-09-19,19937691247.0,76560500.0,26039400.0,88242400.0,4525800.0,8057400.0,0.0
2019-09-20,14734189639.0,89565000.0,29086100.0,221652400.0,15362000.0,12110000.0,0.0
2019-09-21,13425266806.0,,,,,,
2019-09-22,13199651698.0,,,,,,
2019-09-23,15144925408.0,43476800.0,22485900.0,76662000.0,6060400.0,9006500.0,0.0
2019-09-24,25002886689.0,94869400.0,40820700.0,124763200.0,7633200.0,10576300.0,0.0
2019-09-25,21744728353.0,71854000.0,34704900.0,87613600.0,5812600.0,11648400.0,0.0
2019-09-26,19258205289.0,56179700.0,26826000.0,75334000.0,6984800.0,7984600.0,0.0
2019-09-27,16408941156.0,84746600.0,40773500.0,101408000.0,5589800.0,9804200.0,0.0
2019-09-28,14141152736.0,,,,,,
2019-09-29,13034629109.0,,,,,,
2019-09-30,17115474183.0,51662400.0,26307700.0,103909600.0,5206900.0,15459100.0,0.0
2019-10-01,15305343413.0,88242400.0,32367600.0,139223200.0,5415700.0,12476200.0,0.0
2019-10-02,13125712443.0,122539500.0,48544300.0,138449200.0,6755100.0,11914300.0,0.0
2019-10-03,13668823409.0,85278800.0,39392500.0,114426000.0,5171000.0,12396100.0,0.0
2019-10-04,13139456229.0,65091200.0,31887600.0,138478800.0,4377900.0,9651000.0,0.0
2019-10-05,12200497197.0,,,,,,
2019-10-06,13160830305.0,,,,,,
2019-10-07,18009742607.0,59610500.0,21216000.0,122306000.0,4749700.0,6127200.0,0.0
2019-10-08,15592264032.0,95708100.0,32379300.0,111820000.0,5545300.0,10428900.0,0.0
2019-10-09,19384942333.0,62359400.0,20147400.0,74770400.0,3775600.0,6927700.0,0.0
2019-10-10,17618660671.0,55296300.0,25177700.0,113013600.0,3943400.0,9301700.0,0.0
2019-10-11,19604381101.0,98720400.0,40976700.0,166795600.0,6292200.0,11333400.0,0.0
2019-10-12,14532641605.0,,,,,,
2019-10-13,13808286059.0,,,,,,
2019-10-14,15151387859.0,40394800.0,14975000.0,96427600.0,7360200.0,4006700.0,0.0
2019-10-15,15220412632.0,46754500.0,23234200.0,87360000.0,11113900.0,9128300.0,0.0
2019-10-16,16071646996.0,48928200.0,20457100.0,73903200.0,7973100.0,10330300.0,0.0
2019-10-17,14313052244.0,45736600.0,19045200.0,67585200.0,5956900.0,6131000.0,0.0
2019-10-18,15651592610.0,64304000.0,27700800.0,97433600.0,9016700.0,6416100.0,0.0
2019-10-19,13797825640.0,,,,,,
2019-10-20,15504249442.0,,,,,,
2019-10-21,15868748866.0,39048600.0,15801200.0,87247200.0,6731600.0,8306200.0,0.0
2019-10-22,16803377857.0,48594700.0,22392300.0,82293600.0,14410500.0,3879700.0,0.0
2019-10-23,21942878958.0,34352200.0,14828400.0,75828800.0,8249300.0,4155300.0,0.0
2019-10-24,16268708849.0,35453100.0,18998500.0,69275200.0,6725600.0,6174800.0,0.0
2019-10-25,28705065488.0,45205400.0,21507100.0,73477200.0,6093300.0,6011500.0,0.0
2019-10-26,44496255609.0,,,,,,
2019-10-27,32593129501.0,,,,,,
2019-10-28,30948255332.0,42147000.0,18818700.0,96572800.0,5459500.0,5442000.0,0.0
2019-10-29,28426779937.0,44284900.0,18569700.0,142839600.0,5659800.0,3835400.0,0.0
2019-10-30,27706531577.0,49643900.0,21764300.0,124522000.0,4734500.0,6992900.0,0.0
2019-10-31,26583653947.0,69053800.0,26801800.0,139162000.0,6399500.0,7050900.0,0.0
2019-11-01,24324691031.0,71141500.0,22131900.0,151125200.0,6010200.0,8090000.0,0.0
2019-11-02,21242676385.0,,,,,,
2019-11-03,21132220847.0,,,,,,
2019-11-04,26170255634.0,60606900.0,19015900.0,103272000.0,10351400.0,4740300.0,0.0
2019-11-05,26198609048.0,42933200.0,15048900.0,79897600.0,9239600.0,11782300.0,0.0
2019-11-06,23133895765.0,46487100.0,19725500.0,75864400.0,6756300.0,6416500.0,0.0
2019-11-07,22700383839.0,54272300.0,17832400.0,94940400.0,8909700.0,15214200.0,0.0
2019-11-08,24333037836.0,49032100.0,15258800.0,69986400.0,4249900.0,10377400.0,0.0
2019-11-09,17578630606.0,,,,,,
2019-11-10,20587919881.0,,,,,,
2019-11-11,20265510765.0,35797300.0,10147600.0,81821200.0,3850400.0,7037300.0,0.0
2019-11-12,20309769107.0,46484600.0,14778300.0,87388800.0,4759600.0,6448600.0,0.0
2019-11-13,17545755405.0,53917700.0,15774600.0,102734400.0,7262800.0,8776000.0,0.0
2019-11-14,19084739975.0,51219900.0,16945400.0,89182800.0,5188300.0,5220500.0,0.0
2019-11-15,21796856471.0,62023600.0,18427900.0,100206400.0,7108600.0,10106700.0,0.0
2019-11-16,16495389808.0,,,,,,
2019-11-17,18668638897.0,,,,,,
2019-11-18,21579470673.0,49228000.0,18365900.0,86703200.0,7493700.0,5717900.0,0.0
2019-11-19,21083613816.0,67804700.0,16923300.0,76167200.0,5989000.0,4824400.0,0.0
2019-11-20,20764300437.0,79406200.0,36629000.0,106234400.0,6480000.0,6892100.0,0.0
2019-11-21,22514243371.0,54664700.0,17883600.0,121395200.0,7094200.0,4197200.0,0.0
2019-11-22,34242315785.0,44850200.0,17189600.0,65325200.0,4414900.0,3620300.0,0.0
2019-11-23,21008924418.0,,,,,,
2019-11-24,30433517289.0,,,,,,
2019-11-25,42685231262.0,48647200.0,17752800.0,84020400.0,5134300.0,6415800.0,0.0
2019-11-26,21129505542.0,37569000.0,14780600.0,105207600.0,8235200.0,4724400.0,0.0
2019-11-27,23991412764.0,44444600.0,16963100.0,65235600.0,3751400.0,4111000.0,0.0
2019-11-28,19050116751.0,,,,,,0.0
2019-11-29,19709695456.0,36592700.0,9854600.0,46617600.0,2927300.0,4516400.0,0.0
2019-11-30,17158194786.0,,,,,,
2019-12-01,18720708479.0,,,,,,
2019-12-02,17082040706.0,75767800.0,28007000.0,94487200.0,6146200.0,8274700.0,0.0
2019-12-03,14797485769.0,73941700.0,31104100.0,114430400.0,6396200.0,8481700.0,0.0
2019-12-04,21664240918.0,49080000.0,15300100.0,67181600.0,6857300.0,6322300.0,0.0
2019-12-05,18816085231.0,40709000.0,14962300.0,74424400.0,7029200.0,5671500.0,0.0
2019-12-06,18104466307.0,48927000.0,16555300.0,106075600.0,7150900.0,8714500.0,0.0
2019-12-07,15453520564.0,,,,,,
2019-12-08,15409908086.0,,,,,,
2019-12-09,17872021272.0,34838500.0,13984100.0,128042400.0,7452800.0,2711600.0,0.0
2019-12-10,18249031195.0,52649800.0,21799800.0,90420400.0,4740100.0,3240800.0,0.0
2019-12-11,16350490689.0,53429100.0,18780800.0,78756800.0,4823300.0,6097500.0,0.0
2019-12-12,18927080224.0,96389600.0,32612000.0,137310400.0,5897800.0,8815100.0,0.0
2019-12-13,17125736940.0,81503900.0,32519400.0,133587600.0,5471600.0,6964300.0,0.0
2019-12-14,17137029730.0,,,,,,
2019-12-15,16881129804.0,,,,,,
2019-12-16,20213265950.0,82749700.0,21296600.0,128186000.0,8281900.0,4646100.0,0.0
2019-12-17,22363804217.0,61097700.0,15996100.0,114158400.0,8832200.0,4287500.0,0.0
2019-12-18,31836522778.0,48133000.0,15443300.0,116028400.0,8607600.0,3607600.0,0.0
2019-12-19,25904604416.0,85310500.0,17865900.0,98369200.0,6629100.0,4975000.0,0.0
2019-12-20,22633815180.0,147142100.0,27672600.0,275978000.0,16250500.0,4463900.0,0.0
2019-12-21,19312552168.0,,,,,,
2019-12-22,23134537956.0,,,,,,
2019-12-23,27831788041.0,52990000.0,23774700.0,98572000.0,6619500.0,5180900.0,0.0
2019-12-24,22991622105.0,20270000.0,7089000.0,48478800.0,2022100.0,5303700.0,0.0
2019-12-25,21559505149.0,,,,,,0.0
2019-12-26,22787010034.0,30911200.0,17067500.0,93121200.0,4760400.0,8342500.0,0.0
2019-12-27,22777360996.0,42528800.0,18134100.0,146266000.0,5192000.0,5119900.0,0.0
2019-12-28,21365673026.0,,,,,,
2019-12-29,22445257702.0,,,,,,
2019-12-30,22874131672.0,49729100.0,21815500.0,144114400.0,3884300.0,4810600.0,0.0
2019-12-31,21167946112.0,57077300.0,18170900.0,100805600.0,4798900.0,5313500.0,0.0
2020-01-01,18565664997.0,,,,,,0.0
2020-01-02,20802083465.0,59151200.0,30969400.0,135480400.0,8130800.0,7733800.0,0.0
2020-01-03,28111481032.0,77709700.0,27518900.0,146322800.0,7970500.0,12272800.0,0.0
2020-01-04,18444271275.0,,,,,,
2020-01-05,19725074095.0,,,,,,
2020-01-06,23276261598.0,55653900.0,21655300.0,118387200.0,6674400.0,14403300.0,0.0
2020-01-07,28767291327.0,40496400.0,22139300.0,108872000.0,7583400.0,7978500.0,0.0
2020-01-08,31672559265.0,68296000.0,26397300.0,132079200.0,5385100.0,22248500.0,0.0
2020-01-09,24045990466.0,48473300.0,23547000.0,170108400.0,5944000.0,10292300.0,0.0
2020-01-10,28714583844.0,53029300.0,21898500.0,140644800.0,3927100.0,6183300.0,0.0
2020-01-11,25521165085.0,,,,,,
2020-01-12,22903438381.0,,,,,,
2020-01-13,22482910688.0,47086800.0,22756900.0,121532000.0,8409200.0,7593800.0,0.0
2020-01-14,44841784107.0,62832800.0,24418100.0,161954400.0,7829700.0,6589700.0,0.0
2020-01-15,40102834650.0,72056600.0,25742100.0,121923600.0,4843700.0,6510000.0,0.0
2020-01-16,31313981931.0,54050300.0,18805000.0,108829200.0,6233700.0,6069100.0,0.0
2020-01-17,36372139320.0,95846000.0,24325200.0,137816400.0,11315200.0,11121100.0,0.0
2020-01-18,32337772627.0,,,,,,
2020-01-19,34217320471.0,,,,,,
2020-01-20,26422375678.0,,,,,,0.0
2020-01-21,24097418512.0,77742400.0,21146300.0,110843200.0,8553100.0,6086100.0,0.0
2020-01-22,22600204051.0,48914900.0,20736400.0,101832400.0,7396700.0,4778200.0,0.0
2020-01-23,25770680779.0,51963000.0,26496100.0,104472000.0,11096500.0,8419800.0,0.0
2020-01-24,24397913026.0,87578400.0,37436500.0,146537600.0,9508600.0,9919900.0,0.0
2020-01-25,19647331549.0,,,,,,
2020-01-26,22177678796.0,,,,,,
2020-01-27,28647338393.0,84062500.0,42264400.0,161940000.0,9338400.0,9988100.0,0.0
2020-01-28,34398744403.0,63834000.0,26731900.0,162234000.0,6200200.0,7543100.0,0.0
2020-01-29,30682598115.0,53888900.0,28924500.0,216229200.0,5271000.0,5013100.0,0.0
2020-01-30,32378792851.0,75491800.0,39568100.0,126743200.0,5894400.0,9119500.0,0.0
2020-01-31,29432489719.0,113845600.0,52015800.0,199588400.0,6612900.0,14788300.0,0.0
2020-02-01,25922656496.0,,,,,,
2020-02-02,30835736946.0,,,,,,
2020-02-03,30934096509.0,69083000.0,25408600.0,173788400.0,6052300.0,9105300.0,0.0
2020-02-04,29893183716.0,62573200.0,30691200.0,136616400.0,6512200.0,10525600.0,0.0
2020-02-05,35222060874.0,65951100.0,38534800.0,118826800.0,6125400.0,6160700.0,0.0
2020-02-06,37628823716.0,50359700.0,22467100.0,105425600.0,9102700.0,4819800.0,0.0
2020-02-07,34522718159.0,64139400.0,25884900.0,117684000.0,5915100.0,6379300.0,0.0
2020-02-08,35172043762.0,,,,,,
2020-02-09,35807884663.0,,,,,,
2020-02-10,39386548075.0,42070000.0,21478900.0,109348800.0,5216100.0,5793600.0,0.0
2020-02-11,37648059389.0,54864500.0,30198000.0,94323200.0,6105700.0,5179400.0,0.0
2020-02-12,43444303830.0,43992700.0,24471300.0,113730400.0,6031700.0,5040600.0,0.0
2020-02-13,49356071373.0,54501900.0,22773200.0,94747600.0,7159000.0,7082100.0,0.0
2020-02-14,43338264162.0,64582200.0,23438500.0,80113600.0,5889100.0,5345400.0,0.0
2020-02-15,43865054831.0,,,,,,
2020-02-16,43374780305.0,,,,,,
2020-02-17,45998298413.0,,,,,,0.0
2020-02-18,47271023953.0,57226200.0,24394500.0,152531200.0,6767600.0,11524900.0,0.0
2020-02-19,46992019710.0,48814700.0,22230500.0,93984000.0,4734000.0,9269800.0,0.0
2020-02-20,44925260237.0,74163400.0,42604000.0,100566000.0,6094600.0,8457300.0,0.0
2020-02-21,40930547513.0,113788200.0,66017200.0,129554000.0,8723900.0,16344500.0,0.0
2020-02-22,35838025154.0,,,,,,
2020-02-23,41185185761.0,,,,,,
2020-02-24,45080496648.0,161088400.0,84522600.0,222195200.0,7533900.0,27171000.0,0.0
2020-02-25,42515259129.0,218913200.0,97743000.0,230673600.0,8903200.0,28091500.0,0.0
2020-02-26,50420050762.0,194773800.0,79537700.0,198054800.0,6894200.0,17912500.0,0.0
2020-02-27,45470195695.0,284353500.0,121822600.0,320605600.0,13298900.0,27878500.0,0.0
2020-02-28,44605450443.0,384975800.0,148173700.0,426510000.0,22784300.0,42699600.0,0.0
2020-02-29,35792392544.0,,,,,,
2020-03-01,35349164300.0,,,,,,
2020-03-02,42857674409.0,238703600.0,112933900.0,341397200.0,12399800.0,16295400.0,0.0
2020-03-03,42386715821.0,300139100.0,131953500.0,319475600.0,12510900.0,28687700.0,0.0
2020-03-04,34746706368.0,176613400.0,73086200.0,219178400.0,9459300.0,12315500.0,0.0
2020-03-05,39698054597.0,186366800.0,78705500.0,187572800.0,9363500.0,17973500.0,0.0
2020-03-06,40826885651.0,228667200.0,89828400.0,226176800.0,9817400.0,26973400.0,0.0
2020-03-07,36216930370.0,,,,,,
2020-03-08,39973102121.0,,,,,,
2020-03-09,46936995808.0,309417300.0,116424000.0,286744800.0,13116500.0,24868700.0,0.0
2020-03-10,42213940994.0,276444100.0,100599200.0,285290000.0,11419100.0,18811500.0,0.0
2020-03-11,38682762605.0,255316300.0,89168800.0,255598800.0,16456000.0,18159900.0,0.0
2020-03-12,53980357243.0,392220700.0,137820700.0,418474000.0,20988000.0,32893400.0,0.0
2020-03-13,74156772075.0,329566100.0,134882000.0,370732000.0,17378700.0,35177200.0,0.0
2020-03-14,36154506008.0,,,,,,
2020-03-15,33997889639.0,,,,,,
2020-03-16,45368026430.0,297240000.0,92054400.0,322423600.0,17367400.0,24496000.0,0.0
2020-03-17,38622642935.0,262070500.0,121257100.0,324056000.0,19451400.0,24490300.0,0.0
2020-03-18,37878801016.0,327597100.0,114156300.0,300233600.0,23139200.0,21953400.0,0.0
2020-03-19,51000731797.0,289322000.0,120896500.0,271857200.0,16428100.0,20828900.0,0.0
2020-03-20,54442976103.0,347158800.0,118983900.0,401693200.0,19922900.0,20056000.0,0.0
2020-03-21,42494390880.0,,,,,,
2020-03-22,40099664740.0,,,,,,
2020-03-23,46491916000.0,326025200.0,124639800.0,336752800.0,17776800.0,28275200.0,0.0
2020-03-24,48221910672.0,235494500.0,94881800.0,287531200.0,14625500.0,20743500.0,0.0
2020-03-25,44590107888.0,299430300.0,88754900.0,303602000.0,13789100.0,16457200.0,0.0
2020-03-26,35319797642.0,257632800.0,79887600.0,252087200.0,15796000.0,12778200.0,0.0
2020-03-27,34585598367.0,224341200.0,58845000.0,204216800.0,16073100.0,9824600.0,0.0
2020-03-28,34885225901.0,,,,,,
2020-03-29,28373690931.0,,,,,,
2020-03-30,37101651525.0,171369500.0,49356900.0,167976400.0,14571600.0,12080900.0,0.0
2020-03-31,32786468812.0,194881100.0,62659300.0,197002000.0,21691000.0,13319500.0,0.0
2020-04-01,40346426266.0,189554600.0,53715400.0,176218400.0,11095800.0,11827400.0,0.0
2020-04-02,47660646124.0,177660400.0,56465300.0,165934000.0,9168800.0,9188300.0,0.0
2020-04-03,38976504903.0,135561200.0,47487600.0,129880000.0,7768700.0,8469100.0,0.0
2020-04-04,33185988584.0,,,,,,
2020-04-05,29510409856.0,,,,,,
2020-04-06,46896904615.0,188061200.0,64763500.0,201820400.0,16848400.0,14739300.0,0.0
2020-04-07,44243482668.0,201427200.0,69904500.0,202887200.0,14438400.0,9195400.0,0.0
2020-04-08,37563249549.0,153774500.0,45940400.0,168895200.0,12564500.0,7600800.0,0.0
2020-04-09,34815139178.0,189999200.0,68252600.0,161834800.0,12747300.0,18123000.0,0.0
2020-04-10,43622840992.0,,,,,,0.0
2020-04-11,31222085946.0,,,,,,
2020-04-12,35759567632.0,,,,,,
2020-04-13,38619308647.0,114839100.0,42853900.0,131022800.0,7926700.0,20549200.0,0.0
2020-04-14,34110434052.0,134143400.0,63959600.0,194994800.0,10474200.0,17095100.0,0.0
2020-04-15,32288311031.0,121775000.0,47036000.0,131154400.0,14192900.0,12141900.0,0.0
2020-04-16,46783242377.0,131798300.0,64657400.0,157125200.0,12020200.0,9233200.0,0.0
2020-04-17,32513423567.0,146684800.0,62863200.0,215250000.0,15899800.0,14652700.0,0.0
2020-04-18,32447188386.0,,,,,,
2020-04-19,31311210215.0,,,,,,
2020-04-20,37747113936.0,100109300.0,38249100.0,130015200.0,10832000.0,10688700.0,0.0
2020-04-21,32589741511.0,126385700.0,72932800.0,180991600.0,9465400.0,12478100.0,0.0
2020-04-22,33249153866.0,92951600.0,40089100.0,116862400.0,10259400.0,12902100.0,0.0
2020-04-23,43500782316.0,104709700.0,43278500.0,124814400.0,17277000.0,14928500.0,0.0
2020-04-24,34636526286.0,85063200.0,34231900.0,126161200.0,12751100.0,11199300.0,0.0
2020-04-25,32941541447.0,,,,,,
2020-04-26,33070154491.0,,,,,,
2020-04-27,36162144725.0,77896600.0,36451700.0,117087600.0,10635700.0,9033500.0,0.0
2020-04-28,33187959921.0,105270000.0,46862800.0,112004800.0,9958000.0,10383000.0,0.0
2020-04-29,60201052203.0,118745600.0,48716400.0,137280800.0,8707900.0,12232300.0,0.0
2020-04-30,66964629541.0,122901700.0,43359500.0,183064000.0,10026400.0,13633500.0,0.0
2020-05-01,44068389997.0,125180000.0,48795000.0,240616800.0,7366400.0,10914300.0,0.0
2020-05-02,40134388683.0,,,,,,
2020-05-03,47101785174.0,,,,,,
2020-05-04,45718796276.0,80873200.0,32841000.0,133568000.0,5636000.0,7986200.0,0.0
2020-05-05,43148462663.0,79569900.0,37783100.0,147751200.0,5425200.0,10563100.0,0.0
2020-05-06,49371886931.0,73632600.0,36455200.0,142333600.0,7892200.0,13352000.0,0.0
2020-05-07,61112700562.0,75250400.0,38624800.0,115215200.0,8762800.0,13691700.0,0.0
2020-05-08,51780748042.0,76452400.0,31852300.0,133838400.0,9279900.0,12240900.0,0.0
2020-05-09,46566121841.0,,,,,,
2020-05-10,63325279337.0,,,,,,
2020-05-11,57119858802.0,79514200.0,35714100.0,145946400.0,6947500.0,11209800.0,0.0
2020-05-12,42142717533.0,95870800.0,41054100.0,162301200.0,6734400.0,10406000.0,0.0
2020-05-13,45558144023.0,144721100.0,65521200.0,200622400.0,9312600.0,10950400.0,0.0
2020-05-14,56426907637.0,121977900.0,51549300.0,158929200.0,9310000.0,17084400.0,0.0
2020-05-15,48158802327.0,111146300.0,55747200.0,166348400.0,10694800.0,13918800.0,0.0
2020-05-16,36164766408.0,,,,,,
2020-05-17,40084250663.0,,,,,,
2020-05-18,41827139896.0,119703800.0,42398100.0,135178400.0,10020800.0,14133800.0,0.0
2020-05-19,39254288955.0,95189300.0,36237300.0,101729600.0,8047600.0,8535800.0,0.0
2020-05-20,36546239703.0,85861700.0,37417000.0,111504800.0,6593800.0,10666100.0,0.0
2020-05-21,39326160532.0,78293900.0,43642900.0,102688800.0,6552700.0,11791000.0,0.0
2020-05-22,29810773699.0,63958200.0,28762400.0,81803200.0,5571900.0,8540900.0,0.0
2020-05-23,27727866812.0,,,,,,
2020-05-24,32518803300.0,,,,,,
2020-05-25,31288157264.0,,,,,,0.0
2020-05-26,29584186947.0,88951400.0,33055300.0,125522000.0,10432400.0,13972000.0,0.0
2020-05-27,32740536902.0,104817400.0,55665600.0,112945200.0,8279700.0,13063500.0,0.0
2020-05-28,34367073114.0,90405200.0,42784300.0,133560800.0,6586700.0,9758500.0,0.0
2020-05-29,32896642044.0,119090800.0,50691800.0,153532400.0,7868000.0,12581800.0,0.0
2020-05-30,32722975141.0,,,,,,
2020-05-31,27773290299.0,,,,,,
2020-06-01,35198901068.0,55758300.0,25776000.0,80791200.0,5105600.0,8140200.0,0.0
2020-06-02,39137252109.0,74267200.0,33383400.0,87642800.0,6327900.0,10388900.0,0.0
2020-06-03,25007459262.0,92567600.0,37228700.0,104491200.0,6171000.0,17000500.0,0.0
2020-06-04,25921805072.0,75794400.0,38716100.0,87560400.0,6895800.0,10094000.0,0.0
2020-06-05,23509628646.0,150524700.0,47365600.0,137250400.0,7337800.0,16021200.0,0.0
2020-06-06,20438419222.0,,,,,,
2020-06-07,25015250846.0,,,,,,
2020-06-08,21486346312.0,73641200.0,32937300.0,95654400.0,6926700.0,9244400.0,0.0
2020-06-09,23717842783.0,77479200.0,35046300.0,147712400.0,5563200.0,9045600.0,0.0
2020-06-10,25706567601.0,95000800.0,58084400.0,166651600.0,6678200.0,13009300.0,0.0
2020-06-11,30247143440.0,209243600.0,72919400.0,201662400.0,8937500.0,11673900.0,0.0
2020-06-12,22610564515.0,194678900.0,72034800.0,200146000.0,7998500.0,6895400.0,0.0
2020-06-13,17564322315.0,,,,,,
2020-06-14,18991732746.0,,,,,,
2020-06-15,26699704768.0,135782700.0,45307400.0,138808800.0,8786000.0,8532500.0,0.0
2020-06-16,21565537209.0,137627500.0,48890100.0,165428800.0,8165200.0,7964000.0,0.0
2020-06-17,20177709879.0,83398900.0,34749300.0,114406400.0,6320800.0,4758200.0,0.0
2020-06-18,17770083003.0,80828700.0,30578600.0,96820400.0,6274400.0,5397600.0,0.0
2020-06-19,19632223107.0,135549600.0,49422100.0,264476000.0,17506200.0,12187400.0,0.0
2020-06-20,17130541557.0,,,,,,
2020-06-21,15324301169.0,,,,,,
2020-06-22,21104009514.0,74649400.0,24068700.0,135445200.0,5695600.0,12385600.0,0.0
2020-06-23,17006433272.0,68471200.0,32767400.0,212155600.0,5340400.0,12137300.0,0.0
2020-06-24,18961716076.0,132813500.0,46032400.0,192623200.0,6547800.0,10901400.0,0.0
2020-06-25,18616048626.0,89468000.0,36940800.0,137522400.0,5489300.0,7093800.0,0.0
2020-06-26,18341465837.0,127961000.0,52824600.0,205256800.0,23201700.0,9753500.0,0.0
2020-06-27,17273093144.0,,,,,,
2020-06-28,14560870760.0,,,,,,
2020-06-29,16460547078.0,79773300.0,34377800.0,130646000.0,6866900.0,6735700.0,0.0
2020-06-30,15735797744.0,113394800.0,38909200.0,140223200.0,7818000.0,12762300.0,0.0
2020-07-01,15971550355.0,72396500.0,34689200.0,110737200.0,6501200.0,13214800.0,0.0
2020-07-02,16338916796.0,69344200.0,31956500.0,114041600.0,6150900.0,8753500.0,0.0
2020-07-03,13078970999.0,,,,,,0.0
2020-07-04,12290528515.0,,,,,,
2020-07-05,12903406143.0,,,,,,
2020-07-06,17889263252.0,61713800.0,34589000.0,118655600.0,6023300.0,7265700.0,0.0
2020-07-07,13839652595.0,82910000.0,36578200.0,112424400.0,6866300.0,11633100.0,0.0
2020-07-08,19702359883.0,54638600.0,30426300.0,117092000.0,6494100.0,11662700.0,0.0
2020-07-09,18000702524.0,83354200.0,40312900.0,125642800.0,5341000.0,13327400.0,0.0
2020-07-10,16860035605.0,57550400.0,32885300.0,90257200.0,6752600.0,8218000.0,0.0
2020-07-11,13249910444.0,,,,,,
2020-07-12,14452361907.0,,,,,,
2020-07-13,17519821266.0,102997500.0,64108100.0,191649200.0,7681500.0,11095900.0,0.0
2020-07-14,18085038362.0,93657000.0,72230500.0,170989200.0,6272100.0,9812700.0,0.0
2020-07-15,15844731575.0,87196500.0,54523900.0,153198000.0,8145000.0,7533800.0,0.0
2020-07-16,15713967523.0,54622500.0,47594100.0,110577600.0,3959300.0,10242400.0,0.0
2020-07-17,13944570749.0,62774900.0,35137900.0,92186800.0,4868600.0,10296000.0,0.0
2020-07-18,12252601475.0,,,,,,
2020-07-19,12939002784.0,,,,,,
2020-07-20,13755604146.0,56308800.0,40610100.0,90318000.0,4242100.0,10095500.0,0.0
2020-07-21,18069581956.0,57292200.0,43243800.0,103433200.0,5162300.0,12826100.0,0.0
2020-07-22,16532254884.0,57792900.0,29865500.0,89001600.0,5929200.0,18712500.0,0.0
2020-07-23,18146399002.0,75738000.0,51363500.0,197004400.0,6664800.0,23006800.0,0.0
2020-07-24,16552768325.0,73766600.0,54054500.0,185438800.0,6014200.0,15601300.0,0.0
2020-07-25,16610070933.0,,,,,,
2020-07-26,20507998997.0,,,,,,
2020-07-27,35359749590.0,48293000.0,36445700.0,121214000.0,6464600.0,21115600.0,0.0
2020-07-28,28766551142.0,57495000.0,31302400.0,103625600.0,7644400.0,21164600.0,0.0
2020-07-29,24617249715.0,48454200.0,27556900.0,90329200.0,6702000.0,25640100.0,0.0
2020-07-30,22857247901.0,61861700.0,41774500.0,158130000.0,10400700.0,18061200.0,0.0
2020-07-31,23160469766.0,84986800.0,53686300.0,374336800.0,8487000.0,15876700.0,0.0
2020-08-01,26075670303.0,,,,,,
2020-08-02,27410067336.0,,,,,,
2020-08-03,20271713443.0,53077900.0,32081600.0,308151200.0,7769400.0,12897000.0,0.0
2020-08-04,21250197042.0,41917900.0,24911300.0,173071600.0,7773700.0,20773200.0,0.0
2020-08-05,24411254471.0,42697700.0,21612100.0,121776800.0,5680000.0,27078100.0,0.0
2020-08-06,23400740340.0,43679400.0,28048200.0,202428800.0,3974100.0,20640100.0,0.0
2020-08-07,23132312867.0,57308300.0,44969400.0,198045600.0,4934900.0,24570200.0,0.0
2020-08-08,17572057837.0,,,,,,
2020-08-09,17489608833.0,,,,,,
2020-08-10,26114112569.0,44282100.0,35088400.0,212403600.0,5812700.0,19047200.0,0.0
2020-08-11,27039782640.0,69601100.0,43104300.0,187902400.0,5329900.0,45355000.0,0.0
2020-08-12,25064548486.0,53774400.0,38773400.0,165598000.0,5920400.0,28660500.0,0.0
2020-08-13,27522199497.0,41816100.0,31895700.0,210082000.0,4989500.0,18596800.0,0.0
2020-08-14,24237958589.0,47260400.0,30799500.0,165565200.0,5845200.0,11792000.0,0.0
2020-08-15,23354924400.0,,,,,,
2020-08-16,20583375490.0,,,,,,
2020-08-17,28227687027.0,35481000.0,24803000.0,119561600.0,5603800.0,15709800.0,0.0
2020-08-18,26043227672.0,38733900.0,23529500.0,105633600.0,8670700.0,16291600.0,0.0
2020-08-19,24502851117.0,68054200.0,31999400.0,145538000.0,6827700.0,24646900.0,0.0
2020-08-20,20175242945.0,42207800.0,27723400.0,126907200.0,4352200.0,16692200.0,0.0
2020-08-21,23762425999.0,55106600.0,34748900.0,338054800.0,5706600.0,12713700.0,0.0
2020-08-22,20224191306.0,,,,,,
2020-08-23,18482062658.0,,,,,,
2020-08-24,20681511755.0,48588700.0,36418500.0,345937600.0,7420500.0,11605800.0,0.0
2020-08-25,26301509932.0,38463400.0,34866600.0,211495600.0,4718300.0,10056100.0,0.0
2020-08-26,22466660958.0,50790200.0,42216700.0,163022400.0,4746200.0,12715800.0,0.0
2020-08-27,23240415076.0,58034100.0,49482700.0,155552400.0,6156100.0,16299200.0,0.0
2020-08-28,19807127588.0,48588900.0,28021000.0,187630000.0,4166300.0,13200800.0,0.0
2020-08-29,17485597759.0,,,,,,
2020-08-30,19760127945.0,,,,,,
2020-08-31,22285928250.0,66099200.0,36321000.0,225702700.0,5596800.0,10251200.0,0.0
2020-09-01,27311555343.0,54908700.0,36216200.0,151948100.0,5671800.0,10662100.0,0.0
2020-09-02,28037405299.0,69540000.0,50836800.0,200119000.0,8384800.0,11536900.0,0.0
2020-09-03,31927261555.0,148011100.0,110083300.0,257599600.0,7277900.0,12148100.0,0.0
2020-09-04,29965130374.0,139156300.0,123959000.0,332607200.0,7437700.0,11567900.0,0.0
2020-09-05,44916565292.0,,,,,,
2020-09-06,37071460174.0,,,,,,
2020-09-07,33703098409.0,,,,,,0.0
2020-09-08,33430927462.0,114465300.0,99568600.0,231366600.0,6847500.0,13229200.0,0.0
2020-09-09,24128292755.0,91462300.0,64837900.0,176940500.0,6002900.0,8424100.0,0.0
2020-09-10,54406443211.0,90569500.0,69667500.0,182274400.0,5242500.0,9143600.0,0.0
2020-09-11,45201121775.0,84680200.0,71809000.0,180860300.0,4398000.0,7662300.0,0.0
2020-09-12,36750077324.0,,,,,,
2020-09-13,36506852789.0,,,,,,
2020-09-14,35453581940.0,65605700.0,38525200.0,140150100.0,4767400.0,9709500.0,0.0
2020-09-15,32509451925.0,52920900.0,41849900.0,184642000.0,4046500.0,7993700.0,0.0
2020-09-16,30769986455.0,82096000.0,42321000.0,154679000.0,6049900.0,12702400.0,0.0
2020-09-17,38151810523.0,91523300.0,81570800.0,178011000.0,4648500.0,8836200.0,0.0
2020-09-18,26341903912.0,105877900.0,86251100.0,287104900.0,10192800.0,9959700.0,0.0
2020-09-19,22764204008.0,,,,,,
2020-09-20,24699523788.0,,,,,,
2020-09-21,28884999244.0,99450800.0,57168600.0,195713800.0,7092600.0,17436100.0,0.0
2020-09-22,23621787804.0,63612100.0,41128900.0,183055400.0,4722800.0,7977900.0,0.0
2020-09-23,23788661867.0,93112200.0,48837300.0,150718700.0,6373700.0,18134000.0,0.0
2020-09-24,47144380902.0,76681300.0,70631700.0,167743300.0,5708200.0,11759200.0,0.0
2020-09-25,39348590957.0,71069400.0,55242400.0,149981400.0,4969900.0,6779200.0,0.0
2020-09-26,46852525493.0,,,,,,
2020-09-27,53745972818.0,,,,,,
2020-09-28,47762394731.0,64584600.0,58438300.0,137672400.0,5810800.0,7109700.0,0.0
2020-09-29,46582396602.0,51304000.0,27050000.0,99382200.0,4492100.0,8718500.0,0.0
2020-09-30,44171073700.0,104081100.0,49380800.0,142675200.0,8727800.0,8371800.0,0.0
2020-10-01,40023134100.0,88698700.0,50020200.0,116120400.0,5713400.0,10402800.0,0.0
2020-10-02,48661453918.0,89431100.0,75497400.0,144712000.0,6077900.0,7488500.0,0.0
2020-10-03,44660271563.0,,,,,,
2020-10-04,71251776995.0,,,,,,
2020-10-05,47537578009.0,45713100.0,28184600.0,106243800.0,6333900.0,6969600.0,0.0
2020-10-06,42623695307.0,90128900.0,49704200.0,161498200.0,6042900.0,8632800.0,0.0
2020-10-07,37799458436.0,56999600.0,27539700.0,96849000.0,4640900.0,6410900.0,0.0
2020-10-08,63314794397.0,45242500.0,25443300.0,83477200.0,4569800.0,6530800.0,0.0
2020-10-09,22799117613.0,59528600.0,30201100.0,100506900.0,6551700.0,15979800.0,0.0
2020-10-10,22877978588.0,,,,,,
2020-10-11,19968627060.0,,,,,,
2020-10-12,26163972642.0,80388500.0,79370700.0,240226800.0,5791500.0,4843000.0,0.0
2020-10-13,24241420251.0,73255500.0,64240000.0,262330500.0,4509400.0,8384300.0,0.0
2020-10-14,24103426719.0,57727900.0,36949100.0,150712000.0,3860700.0,9076600.0,0.0
2020-10-15,24487233058.0,60357700.0,42514200.0,112559200.0,4997100.0,6815400.0,0.0
2020-10-16,25635480772.0,89501900.0,40570700.0,115393800.0,6806100.0,7260700.0,0.0
2020-10-17,19130430174.0,,,,,,
2020-10-18,18283314340.0,,,,,,
2020-10-19,23860769928.0,68425600.0,36756800.0,120639300.0,6427600.0,6084400.0,0.0
2020-10-20,30915821592.0,60051900.0,32195400.0,124423700.0,7582100.0,7121400.0,0.0
2020-10-21,43414712626.0,63575000.0,29306100.0,89946000.0,5649700.0,7548100.0,0.0
2020-10-22,34729759598.0,55399300.0,32196200.0,101988000.0,4502900.0,8377000.0,0.0
2020-10-23,28974975003.0,49143900.0,24658500.0,82572600.0,4278100.0,5919300.0,0.0
2020-10-24,24542317940.0,,,,,,
2020-10-25,24406920575.0,,,,,,
2020-10-26,29461458313.0,91473000.0,38421100.0,111850700.0,5315500.0,5105100.0,0.0
2020-10-27,33749878156.0,65994100.0,30559100.0,92276800.0,6806700.0,5826900.0,0.0
2020-10-28,35867318895.0,127094300.0,53413500.0,143937800.0,8192200.0,11734100.0,0.0
2020-10-29,56499499598.0,90597700.0,43246300.0,146129200.0,5476900.0,8474500.0,0.0
2020-10-30,30581485201.0,120287300.0,65838300.0,190272600.0,6422000.0,7303000.0,0.0
2020-10-31,30306464719.0,,,,,,
2020-11-01,24453857900.0,,,,,,
2020-11-02,30771455468.0,86068300.0,39987400.0,122866900.0,6682800.0,6498400.0,0.0
2020-11-03,29869951617.0,93294200.0,43604100.0,107624400.0,6244200.0,7577200.0,0.0
2020-11-04,35116364962.0,126959700.0,75728200.0,138235500.0,5820600.0,11117300.0,0.0
2020-11-05,40856321439.0,82039700.0,52054200.0,126387100.0,5673100.0,16102800.0,0.0
2020-11-06,39837841971.0,74973000.0,40959800.0,114457900.0,4702300.0,10378300.0,0.0
2020-11-07,35024953706.0,,,,,,
2020-11-08,26632075029.0,,,,,,
2020-11-09,34149115566.0,172304200.0,86537100.0,154515300.0,12664700.0,29800700.0,0.0
2020-11-10,25574938143.0,85552000.0,69024900.0,138023400.0,7854000.0,11728500.0,0.0
2020-11-11,29772374934.0,58649000.0,36102900.0,112295000.0,5554300.0,9008500.0,0.0
2020-11-12,34175758344.0,67546200.0,34414600.0,103162300.0,5631700.0,7167900.0,0.0
2020-11-13,31599492172.0,62892200.0,24806900.0,81581900.0,6466800.0,6469800.0,0.0
2020-11-14,27481710135.0,,,,,,
2020-11-15,23653867583.0,,,,,,
2020-11-16,31526766675.0,74541100.0,30168400.0,91183000.0,7976600.0,8358500.0,0.0
2020-11-17,39006849170.0,66111000.0,21843500.0,74271000.0,6396800.0,8229100.0,0.0
2020-11-18,49064800278.0,70591300.0,28069600.0,76322100.0,6097100.0,7384700.0,0.0
2020-11-19,36985055355.0,59940900.0,22718400.0,74113000.0,5284100.0,6965100.0,0.0
2020-11-20,36992873940.0,70417300.0,25907300.0,73604300.0,4726900.0,6379400.0,0.0
2020-11-21,39650210707.0,,,,,,
2020-11-22,41280434226.0,,,,,,
2020-11-23,42741112308.0,63230600.0,26875600.0,127959300.0,4770600.0,15510600.0,0.0
2020-11-24,51469565009.0,62415900.0,24516800.0,113874200.0,7101800.0,19504000.0,0.0
2020-11-25,43710357371.0,45330900.0,23326800.0,76499200.0,8411300.0,10286600.0,0.0
2020-11-26,61396835737.0,,,,,,0.0
2020-11-27,38886494645.0,28514100.0,17163100.0,46691300.0,4252200.0,10569100.0,0.0
2020-11-28,32601040734.0,,,,,,
2020-11-29,31133957704.0,,,,,,
2020-11-30,47728480399.0,83872700.0,27836200.0,169410200.0,11640400.0,13210000.0,0.0
2020-12-01,49633658712.0,74231400.0,27521300.0,127728200.0,7169700.0,13533300.0,0.0
2020-12-02,37387697139.0,45927000.0,23620000.0,89004200.0,6963000.0,9199700.0,0.0
2020-12-03,31930317405.0,62882000.0,22828700.0,78967600.0,8742500.0,10457300.0,0.0
2020-12-04,33872388058.0,50749900.0,19332100.0,78260400.0,6617200.0,10098600.0,0.0
2020-12-05,27242455064.0,,,,,,
2020-12-06,25293775714.0,,,,,,
2020-12-07,26896357742.0,48944300.0,20851000.0,86712000.0,6918000.0,10555100.0,0.0
2020-12-08,31692288756.0,42458900.0,18341500.0,82225500.0,6493500.0,6348400.0,0.0
2020-12-09,34420373071.0,74098300.0,48839300.0,115089200.0,6773400.0,10743200.0,0.0
2020-12-10,25547132265.0,57735400.0,27519500.0,81312200.0,6800500.0,6564000.0,0.0
2020-12-11,27919640985.0,57698600.0,26760400.0,86939800.0,6548000.0,6084800.0,0.0
2020-12-12,21752580802.0,,,,,,
2020-12-13,25450468637.0,,,,,,
2020-12-14,22473997681.0,69216200.0,28804800.0,79184500.0,6485300.0,7644400.0,0.0
2020-12-15,26741982541.0,63865300.0,25709000.0,157243700.0,5397000.0,6840500.0,0.0
2020-12-16,44409011479.0,58420500.0,25461900.0,98208600.0,5382500.0,8174700.0,0.0
2020-12-17,71378606374.0,64119500.0,23730500.0,94359800.0,7405300.0,9475800.0,0.0
2020-12-18,40387896275.0,136542300.0,41173400.0,192541500.0,19988800.0,6789900.0,0.0
2020-12-19,38487546580.0,,,,,,
2020-12-20,37844228422.0,,,,,,
2020-12-21,45852713981.0,96386700.0,37095500.0,121251600.0,6732400.0,8168900.0,0.0
2020-12-22,44171632681.0,47949000.0,26176300.0,168904800.0,5023100.0,9442400.0,0.0
2020-12-23,51146161904.0,46201400.0,21201300.0,88223700.0,6004200.0,6542800.0,0.0
2020-12-24,41080759713.0,26457900.0,16785000.0,54930100.0,2588200.0,3695400.0,0.0
2020-12-25,42068395846.0,,,,,,0.0
2020-12-26,48332647295.0,,,,,,
2020-12-27,66479895605.0,,,,,,
2020-12-28,49056742893.0,39000400.0,22497700.0,124486200.0,3714700.0,7778700.0,0.0
2020-12-29,45265946774.0,53680500.0,25871900.0,121047300.0,5139300.0,5983700.0,0.0
2020-12-30,51287442704.0,49455300.0,18138100.0,96452100.0,3261400.0,5914000.0,0.0
2020-12-31,46754964848.0,78520700.0,21611400.0,99116600.0,4076400.0,7540800.0,0.0
2021-01-01,40730301359.0,,,,,,0.0
2021-01-02,67865420765.0,,,,,,
2021-01-03,78665235202.0,,,,,,
2021-01-04,81163475344.0,110210800.0,45305900.0,143301900.0,8330900.0,14331400.0,0.0
2021-01-05,67547324782.0,66426200.0,29323400.0,97664900.0,6856400.0,12718800.0,0.0
2021-01-06,75289433811.0,107997700.0,52809600.0,155088000.0,10578000.0,18453500.0,0.0
2021-01-07,84762141031.0,68766800.0,30394800.0,109578200.0,7355400.0,7110200.0,0.0
2021-01-08,88107519480.0,71677200.0,33955800.0,105158200.0,7448500.0,24399900.0,0.0
2021-01-09,61984162837.0,,,,,,
2021-01-10,79980747690.0,,,,,,
2021-01-11,123320567399.0,51034700.0,32746400.0,100384500.0,7239900.0,8571400.0,0.0
2021-01-12,74773277909.0,52547700.0,29266800.0,91951100.0,6333500.0,9798500.0,0.0
2021-01-13,69364315979.0,45303600.0,22898400.0,88636800.0,6078800.0,14110300.0,0.0
2021-01-14,63615990033.0,49989100.0,23500100.0,90221800.0,6172800.0,13522700.0,0.0
2021-01-15,67760757881.0,107160000.0,35118700.0,111598500.0,7757600.0,16172500.0,0.0
2021-01-16,57706187875.0,,,,,,
2021-01-17,52359854336.0,,,,,,
2021-01-18,49511702429.0,,,,,,0.0
2021-01-19,57244195486.0,51233300.0,24537000.0,90757300.0,9184900.0,7485700.0,0.0
2021-01-20,66834573161.0,61836100.0,30728100.0,104319500.0,12506600.0,9456000.0,0.0
2021-01-21,75643067688.0,47840100.0,25130600.0,120150900.0,8761600.0,7246800.0,0.0
2021-01-22,77207272511.0,52860500.0,21609400.0,114459400.0,7202800.0,7269600.0,0.0
2021-01-23,48354737975.0,,,,,,
2021-01-24,48643830599.0,,,,,,
2021-01-25,59897054838.0,70402000.0,39080600.0,157611700.0,9640000.0,5936800.0,0.0
2021-01-26,60255421470.0,42665300.0,25498100.0,98390600.0,5996700.0,4685600.0,0.0
2021-01-27,62576762015.0,123351100.0,55264000.0,140843800.0,10826700.0,9036500.0,0.0
2021-01-28,76517157706.0,94198100.0,42836300.0,142621100.0,8242000.0,9392400.0,0.0
2021-01-29,117894572511.0,126765100.0,55259000.0,177523800.0,8344100.0,11252800.0,0.0
2021-01-30,65141828798.0,,,,,,
2021-01-31,52754542671.0,,,,,,
2021-02-01,61400400660.0,75817600.0,35646000.0,106239800.0,6534200.0,9105500.0,0.0
2021-02-02,63088585433.0,64450700.0,33930800.0,83305400.0,6825600.0,7221700.0,0.0
2021-02-03,61166818159.0,52427100.0,24824500.0,89880900.0,7309400.0,4658100.0,0.0
2021-02-04,68838074392.0,47142600.0,22350900.0,84183100.0,6613700.0,13736600.0,0.0
2021-02-05,58598066402.0,48669800.0,22732000.0,75693800.0,5063700.0,6538500.0,0.0
2021-02-06,71326033653.0,,,,,,
2021-02-07,65500641143.0,,,,,,
2021-02-08,101467222687.0,38365200.0,20462800.0,71297200.0,7011200.0,6887500.0,0.0
2021-02-09,91809846886.0,35551100.0,17597500.0,76774200.0,5917800.0,5131800.0,0.0
2021-02-10,87301089896.0,59154400.0,28068700.0,73046600.0,8594100.0,6112800.0,0.0
2021-02-11,81388911810.0,42913300.0,22046100.0,64280000.0,6139200.0,5994500.0,0.0
2021-02-12,76555041196.0,50593300.0,20346800.0,60145100.0,8407300.0,6018900.0,0.0
2021-02-13,70250456155.0,,,,,,
2021-02-14,71248675228.0,,,,,,
2021-02-15,77069903166.0,,,,,,0.0
2021-02-16,77049582886.0,50972400.0,27080800.0,80576300.0,8246000.0,14761100.0,0.0
2021-02-17,80820545404.0,52290600.0,31360300.0,97918500.0,8845200.0,11400700.0,0.0
2021-02-18,52054723579.0,59712800.0,32236200.0,96856700.0,6936400.0,7498200.0,0.0
2021-02-19,63495496918.0,83241000.0,39157700.0,87668800.0,8277900.0,8273500.0,0.0
2021-02-20,68145460026.0,,,,,,
2021-02-21,51897585191.0,,,,,,
2021-02-22,92052420332.0,67414200.0,47256900.0,103916400.0,6975500.0,10072000.0,0.0
2021-02-23,106102492824.0,107284100.0,97241900.0,158273000.0,10145300.0,8616800.0,0.0
2021-02-24,63695521388.0,72433900.0,58206300.0,111039900.0,7263000.0,8890600.0,0.0
2021-02-25,54506565949.0,146670500.0,110182600.0,148199500.0,7790800.0,16359400.0,0.0
2021-02-26,350967941479.0,152701600.0,104739800.0,164560400.0,17718800.0,23730400.0,0.0
2021-02-27,45910946382.0,,,,,,
2021-02-28,53443887451.0,,,,,,
2021-03-01,53891300112.0,105348800.0,49164500.0,116307900.0,7740200.0,13828300.0,0.0
2021-03-02,47530897720.0,79595300.0,48370000.0,102260900.0,10206500.0,11424600.0,0.0
2021-03-03,53220811975.0,119940200.0,86301100.0,112966300.0,7537000.0,13059900.0,0.0
2021-03-04,52343816680.0,183433000.0,139131600.0,178155000.0,10228100.0,13870100.0,0.0
2021-03-05,48625928883.0,152039600.0,121523700.0,153766600.0,10490900.0,12821600.0,0.0
2021-03-06,34363564661.0,,,,,,
2021-03-07,43137459378.0,,,,,,
2021-03-08,48597428048.0,123149200.0,88409800.0,154376600.0,9224700.0,12134900.0,0.0
2021-03-09,50912227385.0,113633600.0,80391100.0,129525800.0,8859700.0,10382600.0,0.0
2021-03-10,57295577614.0,109899400.0,76798100.0,111943300.0,9070900.0,7962000.0,0.0
2021-03-11,56772343595.0,86245000.0,53484800.0,103026500.0,6941500.0,6749200.0,0.0
2021-03-12,55689944702.0,64653600.0,69315600.0,88105100.0,6521900.0,8608500.0,0.0
2021-03-13,60669829814.0,,,,,,
2021-03-14,43901225564.0,,,,,,
2021-03-15,66419369890.0,73427200.0,42955700.0,92403800.0,7172600.0,8104500.0,0.0
2021-03-16,59749798599.0,73722500.0,54925900.0,115227900.0,6485200.0,7547400.0,0.0
2021-03-17,60258313191.0,97959300.0,78258700.0,111932600.0,6192900.0,12626700.0,0.0
2021-03-18,55746041000.0,115349100.0,82718100.0,121229700.0,6871300.0,8711100.0,0.0
2021-03-19,49063873786.0,113624500.0,78446200.0,185549500.0,20262100.0,6868900.0,0.0
2021-03-20,50361731222.0,,,,,,
2021-03-21,51943414539.0,,,,,,
2021-03-22,56521454974.0,73778600.0,56194800.0,111912300.0,8077600.0,5240000.0,0.0
2021-03-23,56435023914.0,90686600.0,53455400.0,95467100.0,9503800.0,6048300.0,0.0
2021-03-24,70567223787.0,97588600.0,64803700.0,88530500.0,8318000.0,6183700.0,0.0
2021-03-25,67999812841.0,116128600.0,78729000.0,98844700.0,7517300.0,8398600.0,0.0
2021-03-26,56652197978.0,114409100.0,63519600.0,94071200.0,10821200.0,6153900.0,0.0
2021-03-27,47266542233.0,,,,,,
2021-03-28,47686580918.0,,,,,,
2021-03-29,57625587027.0,108107600.0,54608000.0,80819200.0,11176000.0,8409300.0,0.0
2021-03-30,54414116432.0,76262200.0,44635700.0,85671900.0,8090600.0,8353200.0,0.0
2021-03-31,65520826225.0,112734200.0,55032500.0,118323800.0,9202600.0,10623800.0,0.0
2021-04-01,61669163792.0,99682900.0,55685600.0,75089100.0,9117800.0,7105200.0,0.0
2021-04-02,58727860620.0,,,,,,0.0
2021-04-03,59641344484.0,,,,,,
2021-04-04,50749662970.0,,,,,,
2021-04-05,60706272115.0,91684800.0,42172500.0,88651200.0,8279100.0,6163800.0,0.0
2021-04-06,66058027988.0,62021000.0,33537200.0,80171300.0,6180600.0,6761200.0,0.0
2021-04-07,75645303584.0,55836300.0,32046400.0,83466700.0,10244500.0,5436000.0,0.0
2021-04-08,53053855641.0,57863100.0,29940800.0,88844600.0,6190300.0,6574500.0,0.0
2021-04-09,46655208546.0,61104600.0,36664900.0,106686700.0,5855400.0,6657900.0,0.0
2021-04-10,58238470525.0,,,,,,
2021-04-11,46280252580.0,,,,,,
2021-04-12,51828688519.0,56704900.0,25833000.0,91420000.0,6440900.0,4896700.0,0.0
2021-04-13,69983454362.0,56551000.0,30374000.0,91266500.0,9161200.0,6995900.0,0.0
2021-04-14,77451779687.0,61659900.0,42564300.0,87222800.0,7584000.0,6312300.0,0.0
2021-04-15,60954381579.0,60229800.0,36342800.0,89347100.0,7945300.0,8250600.0,0.0
2021-04-16,84293007468.0,82037300.0,40860100.0,84922400.0,7708500.0,10057600.0,0.0
2021-04-17,66138759198.0,,,,,,
2021-04-18,97468872758.0,,,,,,
2021-04-19,65344865159.0,78498500.0,34533100.0,94264200.0,9149400.0,5721700.0,0.0
2021-04-20,67849323955.0,81851800.0,38081800.0,94812300.0,10040500.0,6532000.0,0.0
2021-04-21,54926612466.0,66793000.0,36598100.0,68847100.0,8465900.0,8380200.0,0.0
2021-04-22,74798630778.0,97582800.0,45936100.0,84566500.0,7338300.0,7680100.0,0.0
2021-04-23,86668667320.0,73209200.0,36381900.0,78657500.0,6708300.0,7106400.0,0.0
2021-04-24,49014494781.0,,,,,,
2021-04-25,46117114240.0,,,,,,
2021-04-26,58284039825.0,52182400.0,30812000.0,66905100.0,9910600.0,4786600.0,0.0
2021-04-27,49448222757.0,51303100.0,33187200.0,66015800.0,8296800.0,5363500.0,0.0
2021-04-28,48000572955.0,51238900.0,33615700.0,107760100.0,6262800.0,6932200.0,0.0
2021-04-29,46088929780.0,78544300.0,37708900.0,151101000.0,6786800.0,9067600.0,0.0
2021-04-30,52395931985.0,85527000.0,38263400.0,109839500.0,9188600.0,6248700.0,0.0
2021-05-01,42836427360.0,,,,,,
2021-05-02,38177405335.0,,,,,,
2021-05-03,51713139031.0,68128300.0,29729700.0,75135100.0,8070300.0,9014700.0,0.0
2021-05-04,68564706967.0,101591200.0,65147000.0,137564700.0,9624000.0,10267400.0,0.0
2021-05-05,69241316747.0,60162200.0,46219300.0,84000900.0,8295900.0,5950000.0,0.0
2021-05-06,69523285106.0,74321400.0,46814300.0,78128300.0,9771100.0,13574100.0,0.0
2021-05-07,68434023376.0,67733800.0,53324500.0,78973300.0,6299100.0,14748600.0,0.0
2021-05-08,65382980634.0,,,,,,
2021-05-09,65906690347.0,,,,,,
2021-05-10,71776546298.0,81852400.0,60700500.0,88071200.0,8852700.0,8276600.0,0.0
2021-05-11,61308396325.0,116888000.0,71963600.0,126142800.0,10973700.0,8348200.0,0.0
2021-05-12,75215403907.0,134811000.0,91164900.0,112172300.0,8853700.0,12666300.0,0.0
2021-05-13,96721152926.0,106394000.0,69877800.0,105861300.0,8753600.0,8078300.0,0.0
2021-05-14,55737497453.0,82201600.0,44370000.0,81918000.0,5989500.0,9686800.0,0.0
2021-05-15,59161047474.0,,,,,,
2021-05-16,64047871555.0,,,,,,
2021-05-17,74903638450.0,65129200.0,39395000.0,74244600.0,7690700.0,11956800.0,0.0
2021-05-18,56187365084.0,59810200.0,36528500.0,63342900.0,9239100.0,7294000.0,0.0
2021-05-19,126358098747.0,106467100.0,66319100.0,92612000.0,9806800.0,20741100.0,0.0
2021-05-20,88281943359.0,78022200.0,46466100.0,76857100.0,8768200.0,9802800.0,0.0
2021-05-21,82051616861.0,76578700.0,50330400.0,79295400.0,10161000.0,7677200.0,0.0
2021-05-22,57377273240.0,,,,,,
2021-05-23,78469274361.0,,,,,,
2021-05-24,67359584098.0,51376700.0,32475800.0,63092900.0,6981300.0,5557300.0,0.0
2021-05-25,56211915803.0,57451400.0,31280300.0,72009500.0,8142400.0,8986900.0,0.0
2021-05-26,51346735160.0,43088600.0,25444900.0,56575900.0,8122900.0,8495400.0,0.0
2021-05-27,43210968721.0,56707700.0,27931700.0,94625600.0,33095700.0,7993000.0,0.0
2021-05-28,55200191952.0,58520200.0,29927400.0,71311100.0,10477100.0,9967000.0,0.0
2021-05-29,45231013335.0,,,,,,
2021-05-30,31646080921.0,,,,,,
2021-05-31,39009847639.0,,,,,,0.0
2021-06-01,34639423297.0,54216600.0,31145400.0,67637100.0,9993900.0,9143300.0,0.0
2021-06-02,33070867190.0,49097100.0,22047900.0,59278900.0,8254100.0,6613100.0,0.0
2021-06-03,35460750427.0,58138800.0,37057800.0,76229200.0,11249800.0,10153900.0,0.0
2021-06-04,41831090187.0,55938800.0,38736500.0,75169300.0,6894400.0,8375300.0,0.0
2021-06-05,35959473399.0,,,,,,
2021-06-06,28913440585.0,,,,,,
2021-06-07,33683936663.0,51555000.0,32611900.0,71057600.0,8418000.0,7709100.0,0.0
2021-06-08,49902050442.0,47134300.0,27282800.0,74403800.0,6911500.0,5905800.0,0.0
2021-06-09,53972919008.0,48436300.0,21485300.0,56877900.0,6200700.0,6346100.0,0.0
2021-06-10,43576032854.0,51020100.0,33702100.0,71186400.0,6515500.0,9896600.0,0.0
2021-06-11,38699736985.0,45570800.0,21222800.0,53522400.0,10641400.0,7836900.0,0.0
2021-06-12,37924228550.0,,,,,,
2021-06-13,40669112838.0,,,,,,
2021-06-14,43148914673.0,42358500.0,27827700.0,96906500.0,6302000.0,7733600.0,0.0
2021-06-15,46420149185.0,51508500.0,35963800.0,62746300.0,5543400.0,7550200.0,0.0
2021-06-16,39211635100.0,80386100.0,55399500.0,91815000.0,8936400.0,16919700.0,0.0
2021-06-17,37096670047.0,90949700.0,59722700.0,96721700.0,7875600.0,27232200.0,0.0
2021-06-18,36200887275.0,118676300.0,55414900.0,108953300.0,13997600.0,15744300.0,0.0
2021-06-19,31207279719.0,,,,,,
2021-06-20,36664034054.0,,,,,,
2021-06-21,52809038594.0,72822000.0,32992600.0,79663300.0,8014800.0,8371000.0,0.0
2021-06-22,58964353058.0,57700300.0,28941600.0,74783600.0,6550900.0,7223900.0,0.0
2021-06-23,46317108925.0,49445400.0,27188500.0,60214200.0,5796000.0,8474300.0,0.0
2021-06-24,33123368116.0,45110300.0,32581600.0,68711000.0,6056700.0,6903400.0,0.0
2021-06-25,40230904226.0,58129500.0,28682800.0,70783700.0,24504900.0,7473700.0,0.0
2021-06-26,38585385521.0,,,,,,
2021-06-27,35511640894.0,,,,,,
2021-06-28,33892523752.0,53159600.0,39130300.0,62111300.0,6065400.0,6508900.0,0.0
2021-06-29,37901460044.0,35970500.0,29426000.0,64556100.0,5792300.0,7451400.0,0.0
2021-06-30,34059036099.0,64827900.0,32724000.0,63261400.0,5776600.0,7955800.0,0.0
2021-07-01,37838957079.0,53441000.0,29290000.0,52485800.0,5922300.0,7430500.0,0.0
2021-07-02,38728974942.0,57697700.0,32727200.0,78852600.0,5572000.0,7873600.0,0.0
2021-07-03,24383958643.0,,,,,,
2021-07-04,24924307911.0,,,,,,
2021-07-05,26721554282.0,,,,,,0.0
2021-07-06,26501259870.0,68710400.0,38842400.0,108181800.0,6534400.0,7932100.0,0.0
2021-07-07,24796027477.0,63549500.0,35265200.0,104911600.0,5532700.0,7108900.0,0.0
2021-07-08,29910396946.0,97595200.0,50890000.0,105575500.0,7585200.0,7244300.0,0.0
2021-07-09,27436021028.0,76238600.0,35184500.0,99890800.0,5948700.0,4997400.0,0.0
2021-07-10,22971873468.0,,,,,,
2021-07-11,20108729370.0,,,,,,
2021-07-12,24321499537.0,52889600.0,25717700.0,76299700.0,6807300.0,7315400.0,0.0
2021-07-13,19120856669.0,52911300.0,39723000.0,100827100.0,5603800.0,7040300.0,0.0
2021-07-14,21376531210.0,64130400.0,35336400.0,127050800.0,5903600.0,8830300.0,0.0
2021-07-15,21300524237.0,55126400.0,53391600.0,106820300.0,7357100.0,6520100.0,0.0
2021-07-16,23699476918.0,75874700.0,47262000.0,93251400.0,9346300.0,9460300.0,0.0
2021-07-17,18895018942.0,,,,,,
2021-07-18,18787986667.0,,,,,,
2021-07-19,20434789545.0,147987000.0,64404600.0,121434600.0,9544100.0,6707400.0,0.0
2021-07-20,23148267245.0,99608200.0,42183700.0,96350000.0,8136300.0,6540100.0,0.0
2021-07-21,28203024559.0,64724400.0,30259900.0,74993500.0,6954700.0,4622600.0,0.0
2021-07-22,19555230518.0,47878500.0,30252200.0,77338200.0,6013800.0,4793600.0,0.0
2021-07-23,22552046192.0,63766600.0,31960800.0,71447400.0,7906000.0,5831500.0,0.0
2021-07-24,21664706865.0,,,,,,
2021-07-25,20856685287.0,,,,,,
2021-07-26,51022126212.0,43719200.0,28438100.0,72434100.0,5925800.0,5229800.0,0.0
2021-07-27,35097370560.0,67397100.0,57933100.0,104818600.0,7075400.0,6300200.0,0.0
2021-07-28,38702404695.0,52472400.0,42066200.0,118931200.0,8520000.0,7905800.0,0.0
2021-07-29,27167146027.0,47435300.0,25672500.0,56699500.0,5430500.0,8119600.0,0.0
2021-07-30,33072782960.0,68951200.0,36484600.0,70440600.0,14394300.0,7391700.0,0.0
2021-07-31,25802845343.0,,,,,,
2021-08-01,26688438115.0,,,,,,
2021-08-02,25595265436.0,58783300.0,27334100.0,62880000.0,7009500.0,10783200.0,0.0
2021-08-03,26189830450.0,58053900.0,35558500.0,64786600.0,8455700.0,5402300.0,0.0
2021-08-04,25372562724.0,46732200.0,29602200.0,56368300.0,6628000.0,9796300.0,0.0
2021-08-05,35185031017.0,38969700.0,21443900.0,46397700.0,5363300.0,8015000.0,0.0
2021-08-06,38226483046.0,46930000.0,33332100.0,54126800.0,6030100.0,13547600.0,0.0
2021-08-07,40030862141.0,,,,,,
2021-08-08,36302664750.0,,,,,,
2021-08-09,38734079049.0,41222600.0,25960200.0,48908700.0,4743800.0,11547000.0,0.0
2021-08-10,33546019517.0,43339300.0,35130800.0,69023100.0,5253500.0,6870800.0,0.0
2021-08-11,34319709073.0,44034300.0,34249800.0,48493500.0,4205000.0,7382400.0,0.0
2021-08-12,33723620826.0,38909400.0,25969200.0,72282600.0,4956100.0,5211700.0,0.0
2021-08-13,31744259539.0,39470300.0,19336200.0,59375000.0,4888800.0,7466900.0,0.0
2021-08-14,31211354442.0,,,,,,
2021-08-15,30988958446.0,,,,,,
2021-08-16,32776876610.0,73740000.0,34856900.0,103296000.0,6040800.0,7776500.0,0.0
2021-08-17,33451362600.0,92673900.0,44793900.0,92229700.0,7577000.0,7107000.0,0.0
2021-08-18,32194123075.0,89351900.0,38541900.0,86326000.0,7162000.0,7697900.0,0.0
2021-08-19,37204312299.0,92812200.0,48499400.0,86960300.0,5787200.0,6934300.0,0.0
2021-08-20,34706867452.0,72008700.0,39486000.0,60549600.0,5273800.0,7154000.0,0.0
2021-08-21,40585205312.0,,,,,,
2021-08-22,25370975378.0,,,,,,
2021-08-23,34305053719.0,54973000.0,34034700.0,60131800.0,4522200.0,8190500.0,0.0
2021-08-24,35361168834.0,38744700.0,21732900.0,48606400.0,4560400.0,4519200.0,0.0
2021-08-25,32646349931.0,40529700.0,20441900.0,58991300.0,3861500.0,5588800.0,0.0
2021-08-26,32666549568.0,57829600.0,29133300.0,48597200.0,4749400.0,4371900.0,0.0
2021-08-27,34511076995.0,77235100.0,27104700.0,55802400.0,4741200.0,10036400.0,0.0
2021-08-28,28568103401.0,,,,,,
2021-08-29,25889650240.0,,,,,,
2021-08-30,31847007016.0,48357400.0,27295700.0,90956700.0,3845800.0,3768600.0,0.0
2021-08-31,34730363427.0,59300200.0,29628200.0,86453100.0,9642400.0,6336000.0,0.0
2021-09-01,39139399125.0,48721400.0,28138300.0,80313700.0,6214200.0,4764900.0,0.0
2021-09-02,39508070319.0,42501000.0,25453400.0,71115500.0,5392500.0,4599800.0,0.0
2021-09-03,43206179619.0,47170500.0,24605400.0,57808700.0,5466400.0,8353300.0,0.0
2021-09-04,37471327794.0,,,,,,
2021-09-05,30322676319.0,,,,,,
2021-09-06,38884105426.0,,,,,,0.0
2021-09-07,65210059683.0,51671500.0,23970200.0,82278300.0,6520600.0,10004600.0,0.0
2021-09-08,49007762488.0,56181900.0,32949200.0,74420200.0,6897800.0,6576000.0,0.0
2021-09-09,38672657013.0,57970400.0,29399000.0,57305700.0,6354700.0,6641400.0,0.0
2021-09-10,39154666597.0,89948200.0,40249400.0,140893200.0,5750000.0,7426300.0,0.0
2021-09-11,34499835245.0,,,,,,
2021-09-12,27881980161.0,,,,,,
2021-09-13,40969943253.0,83738600.0,48741800.0,102404300.0,9952500.0,5474300.0,0.0
2021-09-14,38652152880.0,78197100.0,41826600.0,109296300.0,5831800.0,7922900.0,0.0
2021-09-15,30484496466.0,78792200.0,34097900.0,83281300.0,6237100.0,5624900.0,0.0
2021-09-16,31764293754.0,77786700.0,35193100.0,68034100.0,6142100.0,11780400.0,0.0
2021-09-17,28727713711.0,118425000.0,60912300.0,129868800.0,18737400.0,8369700.0,0.0
2021-09-18,28575630451.0,,,,,,
2021-09-19,26967722648.0,,,,,,
2021-09-20,43909845642.0,166445500.0,76203200.0,123478900.0,10238700.0,7566600.0,0.0
2021-09-21,48701090088.0,92526100.0,41927500.0,75834000.0,6651300.0,7181500.0,0.0
2021-09-22,38139709246.0,102350100.0,46972900.0,76404300.0,6332500.0,9777800.0,0.0
2021-09-23,34244064430.0,76396000.0,44652000.0,64838200.0,5171200.0,8451900.0,0.0
2021-09-24,42839345714.0,62094800.0,36056800.0,53477900.0,5009400.0,6937500.0,0.0
2021-09-25,31604717236.0,,,,,,
2021-09-26,30661222077.0,,,,,,
2021-09-27,30980029059.0,61371100.0,43338100.0,74150700.0,5749700.0,4943000.0,0.0
2021-09-28,30214940550.0,130436300.0,97701600.0,108972300.0,7015300.0,9282800.0,0.0
2021-09-29,30602359905.0,82329200.0,58076600.0,74602000.0,5460000.0,8360700.0,0.0
2021-09-30,31141681925.0,140506000.0,61384600.0,89056700.0,6934900.0,10572900.0,0.0
2021-10-01,42850641582.0,129240100.0,56375500.0,94639600.0,5587200.0,6654700.0,0.0
2021-10-02,30614346492.0,,,,,,
2021-10-03,26638115879.0,,,,,,
2021-10-04,33383173002.0,128570000.0,76766000.0,98322000.0,5816000.0,7651700.0,0.0
2021-10-05,35873904236.0,90682500.0,47232900.0,80861100.0,6902700.0,5617300.0,0.0
2021-10-06,49034730168.0,113032200.0,56806500.0,83221100.0,5332900.0,6067200.0,0.0
2021-10-07,36807860413.0,72437500.0,39411200.0,61732700.0,5334600.0,4791500.0,0.0
2021-10-08,34800873924.0,74557400.0,41822300.0,58773200.0,6131800.0,8536100.0,0.0
2021-10-09,32491211414.0,,,,,,
2021-10-10,39527792364.0,,,,,,
2021-10-11,42637331698.0,65233300.0,34847200.0,64452200.0,5995600.0,3820100.0,0.0
2021-10-12,41083758949.0,71181200.0,43905100.0,73035900.0,6734800.0,5453000.0,0.0
2021-10-13,41684252783.0,72974000.0,40120800.0,78762700.0,5689800.0,11113800.0,0.0
2021-10-14,36615791366.0,70236800.0,43433900.0,69907100.0,6777800.0,5081400.0,0.0
2021-10-15,51780081801.0,66260200.0,40419900.0,67940300.0,6923700.0,8699200.0,0.0
2021-10-16,34250964237.0,,,,,,
2021-10-17,29032367511.0,,,,,,
2021-10-18,38055562075.0,62213200.0,34513500.0,85589200.0,9119000.0,4029600.0,0.0
2021-10-19,40471196346.0,46996800.0,29091000.0,76378900.0,9555300.0,6588500.0,0.0
2021-10-20,40788955582.0,49571600.0,31390300.0,58418800.0,7352700.0,5022000.0,0.0
2021-10-21,45908121370.0,41305400.0,25469300.0,61421000.0,6545500.0,4412400.0,0.0
2021-10-22,38434082775.0,58845100.0,36275800.0,58883400.0,5265000.0,10703900.0,0.0
2021-10-23,26882546034.0,,,,,,
2021-10-24,27316183882.0,,,,,,
2021-10-25,31064911614.0,45214500.0,32597800.0,50720600.0,5382100.0,4881300.0,0.0
2021-10-26,34878965587.0,56075100.0,47191300.0,60893400.0,6234900.0,6658900.0,0.0
2021-10-27,43657076893.0,72438000.0,45760500.0,56094900.0,9643500.0,5823100.0,0.0
2021-10-28,45257083247.0,51437900.0,38007000.0,100077900.0,4538500.0,7000700.0,0.0
2021-10-29,36856881767.0,70162400.0,37310100.0,124953200.0,6239500.0,7531900.0,0.0
2021-10-30,32157938616.0,,,,,,
2021-10-31,32241199927.0,,,,,,
2021-11-01,36150572843.0,48433600.0,30765300.0,74588300.0,5038900.0,4975600.0,0.0
2021-11-02,37746665647.0,48908400.0,25135300.0,69122000.0,9954300.0,3760700.0,0.0
2021-11-03,36124731509.0,52509800.0,33748900.0,54511500.0,7620100.0,9055200.0,0.0
2021-11-04,32615846901.0,52847100.0,40265300.0,60394600.0,6402500.0,6656100.0,0.0
2021-11-05,30605102446.0,66390600.0,43383800.0,65463900.0,6062700.0,9368900.0,0.0
2021-11-06,29094934221.0,,,,,,
2021-11-07,24726754302.0,,,,,,
2021-11-08,41125608330.0,50405200.0,29256300.0,55020900.0,5854400.0,4966100.0,0.0
2021-11-09,42357991721.0,51149100.0,50490700.0,56787900.0,4873100.0,5781200.0,0.0
2021-11-10,48730828378.0,69429700.0,54937400.0,65187100.0,7334900.0,11461800.0,0.0
2021-11-11,35880633236.0,34848500.0,32243000.0,41000000.0,4096300.0,5959600.0,0.0
2021-11-12,36084893887.0,53466700.0,34730600.0,63804000.0,5687400.0,7894800.0,0.0
2021-11-13,30474228777.0,,,,,,
2021-11-14,25122092191.0,,,,,,
2021-11-15,30558763548.0,46980500.0,33716900.0,59222800.0,5510200.0,5630800.0,0.0
2021-11-16,46844335592.0,48857500.0,27872900.0,59256200.0,7603900.0,8667300.0,0.0
2021-11-17,39178392930.0,47858300.0,28703300.0,88807000.0,4900200.0,6523100.0,0.0
2021-11-18,41388338699.0,50625600.0,45721500.0,137827700.0,5509300.0,6252000.0,0.0
2021-11-19,38702407772.0,57315600.0,45191700.0,117305600.0,6274300.0,8785600.0,0.0
2021-11-20,30624264863.0,,,,,,
2021-11-21,26123447605.0,,,,,,
2021-11-22,35036121783.0,72762000.0,61715400.0,117467900.0,6625400.0,13091900.0,0.0
2021-11-23,37485803899.0,73206500.0,70098700.0,96041900.0,7912800.0,8047800.0,0.0
2021-11-24,36635566789.0,61858800.0,46954400.0,69463600.0,5665200.0,5359500.0,0.0
2021-11-25,34284016248.0,,,,,,0.0
2021-11-26,41810748221.0,112669600.0,51533300.0,76959800.0,6299800.0,9605200.0,0.0
2021-11-27,30560857714.0,,,,,,
2021-11-28,28116886357.0,,,,,,
2021-11-29,32370840356.0,86268800.0,54447100.0,88748200.0,7113300.0,7394900.0,0.0
2021-11-30,36708594618.0,148559600.0,81332700.0,174048100.0,11696400.0,12925300.0,0.0
2021-12-01,36858195307.0,131939200.0,77766500.0,152052500.0,8313500.0,7808600.0,0.0
2021-12-02,32379968686.0,127637800.0,84416600.0,136739200.0,9468800.0,9604100.0,0.0
2021-12-03,39789134215.0,137331600.0,105349100.0,118023100.0,11200800.0,9507900.0,0.0
2021-12-04,61385677469.0,,,,,,
2021-12-05,37198201161.0,,,,,,
2021-12-06,37707308001.0,98977500.0,67588800.0,107497000.0,11935100.0,4813600.0,0.0
2021-12-07,33676814852.0,95484700.0,56005300.0,120405400.0,7913400.0,4900700.0,0.0
2021-12-08,28479699446.0,72238800.0,39204000.0,116998900.0,8329300.0,4288900.0,0.0
2021-12-09,29603577251.0,61272600.0,49973700.0,108923700.0,8334300.0,4913800.0,0.0
2021-12-10,30966005122.0,77159800.0,52545800.0,115402700.0,7172300.0,6450600.0,0.0
2021-12-11,25775869261.0,,,,,,
2021-12-12,21939223599.0,,,,,,
2021-12-13,32166727776.0,87724700.0,50166400.0,153237000.0,8944000.0,6610700.0,0.0
2021-12-14,34638619079.0,97264100.0,75199200.0,139380400.0,8677500.0,8637900.0,0.0
2021-12-15,36541828520.0,116899300.0,73858000.0,131063300.0,9152600.0,14231200.0,0.0
2021-12-16,27268150947.0,116568600.0,82591400.0,150185800.0,10852900.0,11186200.0,0.0
2021-12-17,32902725329.0,135511600.0,80492500.0,195432700.0,24349400.0,9856900.0,0.0
2021-12-18,26098292690.0,,,,,,
2021-12-19,25154053861.0,,,,,,
2021-12-20,30961902129.0,107134800.0,65336800.0,107499100.0,9202600.0,6973000.0,0.0
2021-12-21,27055803928.0,69806300.0,48899500.0,91185900.0,6946000.0,4548500.0,0.0
2021-12-22,24447979559.0,58890200.0,37042200.0,92135300.0,6626300.0,4672900.0,0.0
2021-12-23,28223878108.0,56439700.0,29595500.0,68356600.0,5640900.0,4551100.0,0.0
2021-12-24,24367912228.0,,,,,,0.0
2021-12-25,19030650914.0,,,,,,
2021-12-26,20964372926.0,,,,,,
2021-12-27,24324345758.0,56808600.0,32820700.0,74919600.0,4548600.0,4760300.0,0.0
2021-12-28,33430376883.0,47274600.0,33113700.0,79144300.0,5929400.0,4541900.0,0.0
2021-12-29,30049226299.0,54503000.0,32248500.0,62348900.0,5346100.0,5889700.0,0.0
2021-12-30,26686491018.0,55329000.0,23850100.0,59773000.0,5911500.0,5426300.0,0.0
2021-12-31,36974172400.0,65237400.0,34752900.0,64062300.0,5327000.0,7039300.0,0.0
2022-01-01,24582667004.0,,,,,,
2022-01-02,27951569547.0,,,,,,
2022-01-03,33071628362.0,72668200.0,40575900.0,104487900.0,9317300.0,9014400.0,0.0
2022-01-04,42494677905.0,71178700.0,58027200.0,99310400.0,9253800.0,6965600.0,0.0
2022-01-05,36851084859.0,104538900.0,75739800.0,94537600.0,9330200.0,8715600.0,0.0
2022-01-06,30208048289.0,86858900.0,70814300.0,96904000.0,7556000.0,10902700.0,0.0
2022-01-07,84196607520.0,85111600.0,72652300.0,86709100.0,6098500.0,8191900.0,0.0
2022-01-08,28066355845.0,,,,,,
2022-01-09,21294384372.0,,,,,,
2022-01-10,32104232331.0,119362000.0,91770500.0,106765600.0,8055000.0,7026500.0,0.0
2022-01-11,26327648900.0,74303100.0,68295700.0,76138300.0,11957900.0,8369000.0,0.0
2022-01-12,33499938689.0,67605400.0,54576400.0,74805200.0,7127500.0,6280700.0,0.0
2022-01-13,47691135082.0,91173100.0,77994000.0,84505800.0,6551000.0,7034200.0,0.0
2022-01-14,23577403399.0,95890900.0,80121200.0,80440800.0,10708000.0,7865900.0,0.0
2022-01-15,18371348298.0,,,,,,
2022-01-16,17902097845.0,,,,,,
2022-01-17,21690904261.0,,,,,,0.0
2022-01-18,22417209227.0,109709100.0,75450900.0,90956700.0,10988400.0,9322800.0,0.0
2022-01-19,23091543258.0,109357600.0,81791500.0,94815000.0,14088300.0,15784500.0,0.0
2022-01-20,20382033940.0,122379700.0,88610700.0,91420500.0,10799100.0,9570500.0,0.0
2022-01-21,43011992031.0,202271200.0,143388900.0,122848900.0,10900400.0,10982500.0,0.0
2022-01-22,39714385405.0,,,,,,
2022-01-23,26017975951.0,,,,,,
2022-01-24,41856658597.0,251783900.0,198685800.0,162294600.0,14838100.0,15727700.0,0.0
2022-01-25,26428189594.0,167997300.0,124398400.0,115798400.0,9369600.0,17382100.0,0.0
2022-01-26,31324598034.0,186391100.0,146559500.0,108275300.0,10707100.0,17799400.0,0.0
2022-01-27,25041426629.0,149878300.0,95255700.0,121954600.0,9083000.0,15867300.0,0.0
2022-01-28,22238830523.0,164457400.0,108167900.0,179935700.0,9494200.0,9782500.0,0.0
2022-01-29,17194183075.0,,,,,,
2022-01-30,14643548444.0,,,,,,
2022-01-31,20734730465.0,152251400.0,94326400.0,115541600.0,8950100.0,8539300.0,0.0
2022-02-01,20288500328.0,123155400.0,74433000.0,86213900.0,6284100.0,9763900.0,0.0
2022-02-02,19155189416.0,117361000.0,78777100.0,84914300.0,7558800.0,9085300.0,0.0
2022-02-03,18591534769.0,118024400.0,95384800.0,89418100.0,10474500.0,10650800.0,0.0
2022-02-04,29412210792.0,118454400.0,86318300.0,82465400.0,8959900.0,9619600.0,0.0
2022-02-05,19652846215.0,,,,,,
2022-02-06,16142097334.0,,,,,,
2022-02-07,28641855926.0,84472900.0,58198100.0,77251200.0,6430500.0,7796900.0,0.0
2022-02-08,33079398868.0,81012000.0,64720900.0,74829200.0,5048700.0,5802000.0,0.0
2022-02-09,23245887300.0,92589900.0,55766400.0,71285000.0,8077400.0,8002800.0,0.0
2022-02-10,32142048537.0,140103700.0,112468500.0,90865900.0,7033000.0,10693500.0,0.0
2022-02-11,26954925781.0,153214600.0,101569100.0,98670700.0,9341400.0,25741500.0,0.0
2022-02-12,18152390304.0,,,,,,
2022-02-13,14741589015.0,,,,,,
2022-02-14,20827783012.0,123006300.0,80254400.0,86185500.0,9472200.0,13650700.0,0.0
2022-02-15,22721659051.0,88482700.0,55128800.0,62527400.0,6659200.0,12603600.0,0.0
2022-02-16,19792547657.0,84863600.0,58947100.0,61177400.0,9315700.0,12772100.0,0.0
2022-02-17,26246662813.0,102259100.0,61801400.0,69589300.0,7925500.0,18612500.0,0.0
2022-02-18,23310007704.0,132642900.0,80001500.0,82772700.0,8063200.0,12760700.0,0.0
2022-02-19,13736557863.0,,,,,,
2022-02-20,18340576452.0,,,,,,
2022-02-21,29280402798.0,,,,,,0.0
2022-02-22,25493150450.0,124391800.0,85967100.0,91162800.0,8179500.0,14960500.0,0.0
2022-02-23,21849073843.0,132578000.0,86215400.0,90009200.0,6273000.0,11772200.0,0.0
2022-02-24,46383802093.0,213942900.0,130614100.0,141147500.0,13145100.0,32726000.0,0.0
2022-02-25,26545599159.0,121804500.0,78842100.0,91974200.0,8888800.0,11530900.0,0.0
2022-02-26,17467554129.0,,,,,,
2022-02-27,23450127612.0,,,,,,
2022-02-28,35690014104.0,145615000.0,77515500.0,95056600.0,8669200.0,16055800.0,0.0
2022-03-01,32479047645.0,137785900.0,67407000.0,83474400.0,8311900.0,21942100.0,0.0
2022-03-02,29183112630.0,117726500.0,70609000.0,79724800.0,6111300.0,19727200.0,0.0
2022-03-03,24967782593.0,105501700.0,71089400.0,76678400.0,7451200.0,15164400.0,0.0
2022-03-04,28516271427.0,113978200.0,76936300.0,83737200.0,8639100.0,22390100.0,0.0
2022-03-05,16975917450.0,,,,,,
2022-03-06,19745229902.0,,,,,,
2022-03-07,28546143503.0,137896600.0,89933800.0,96418800.0,8374500.0,27951800.0,0.0
2022-03-08,25776583476.0,164772700.0,116153900.0,131148300.0,9517200.0,47347700.0,0.0
2022-03-09,32284121034.0,116990800.0,64723400.0,91454900.0,7044100.0,26839700.0,0.0
2022-03-10,31078064711.0,93972700.0,69362700.0,105342000.0,9221000.0,18455200.0,0.0
2022-03-11,26364890465.0,95636300.0,66228400.0,96970100.0,7086100.0,14824700.0,0.0
2022-03-12,14616450657.0,,,,,,
2022-03-13,17300745310.0,,,,,,
2022-03-14,24322159070.0,95729200.0,79802600.0,108732100.0,7964600.0,13186400.0,0.0
2022-03-15,23934000868.0,106219100.0,76471000.0,92964300.0,9868400.0,16962300.0,0.0
2022-03-16,39616916192.0,144954800.0,105243000.0,102300200.0,6908900.0,17548100.0,0.0
2022-03-17,22009601093.0,102676900.0,67810000.0,75615400.0,6003800.0,10954100.0,0.0
2022-03-18,34421564942.0,106345500.0,85446300.0,123511700.0,15570300.0,13996500.0,0.0
2022-03-19,19664853187.0,,,,,,
2022-03-20,20127946682.0,,,,,,
2022-03-21,24615543271.0,88349800.0,73799100.0,95811400.0,6937500.0,10582200.0,0.0
2022-03-22,32004652376.0,74650400.0,63345900.0,81532000.0,7292100.0,9621800.0,0.0
2022-03-23,25242943069.0,79426100.0,70615500.0,98062700.0,5531900.0,12557300.0,0.0
2022-03-24,31042992291.0,64736900.0,53555300.0,90131400.0,4203100.0,10970100.0,0.0
2022-03-25,30574413034.0,77101300.0,57584200.0,80546200.0,5047700.0,7911100.0,0.0
2022-03-26,16950455995.0,,,,,,
2022-03-27,28160889722.0,,,,,,
2022-03-28,36362175703.0,68529800.0,56833900.0,90371900.0,4234000.0,9489700.0,0.0
2022-03-29,31397059069.0,86581500.0,68073000.0,100589400.0,5643400.0,10458900.0,0.0
2022-03-30,29333883962.0,79666900.0,68757700.0,92633200.0,5779300.0,8361300.0,0.0
2022-03-31,33327427106.0,121699900.0,67011400.0,103049300.0,7538600.0,9844400.0,0.0
2022-04-01,38162644287.0,89048800.0,54527800.0,78751300.0,5742600.0,13034400.0,0.0
2022-04-02,29336594194.0,,,,,,
2022-04-03,25414397610.0,,,,,,
2022-04-04,32499785455.0,59601000.0,45950200.0,76468400.0,5992000.0,7063100.0,0.0
2022-04-05,29640604055.0,74214500.0,62738700.0,73401800.0,7653000.0,10828500.0,0.0
2022-04-06,39393395788.0,106898000.0,90077100.0,89058800.0,8884700.0,8942100.0,0.0
2022-04-07,26101973106.0,78097200.0,63777400.0,77594700.0,6889700.0,10140600.0,0.0
2022-04-08,27215995394.0,79272700.0,61956100.0,76575500.0,6045400.0,10655700.0,0.0
2022-04-09,16050772496.0,,,,,,
2022-04-10,17654475582.0,,,,,,
2022-04-11,33949912166.0,89770500.0,66107400.0,72246700.0,6158400.0,10071300.0,0.0
2022-04-12,30991500854.0,84363600.0,72790200.0,79265200.0,7221500.0,12024600.0,0.0
2022-04-13,27691105228.0,74070400.0,61367800.0,70618900.0,5247700.0,8651600.0,0.0
2022-04-14,24342001973.0,97869500.0,73519400.0,75329400.0,7806500.0,11567200.0,0.0
2022-04-15,21756855753.0,,,,,,0.0
2022-04-16,16833150693.0,,,,,,
2022-04-17,19087633042.0,,,,,,
2022-04-18,33705182072.0,66002500.0,58560600.0,69023900.0,6034500.0,8886700.0,0.0
2022-04-19,25303206547.0,77821000.0,56515700.0,67723800.0,7897000.0,12585600.0,0.0
2022-04-20,27819532341.0,65224400.0,65500000.0,67929800.0,10196100.0,7038600.0,0.0
2022-04-21,35372786395.0,85417300.0,75801000.0,87227800.0,9365700.0,9639800.0,0.0
2022-04-22,28011716745.0,132471800.0,82562100.0,84882400.0,9394600.0,9147000.0,0.0
2022-04-23,16138021249.0,,,,,,
2022-04-24,17964398167.0,,,,,,
2022-04-25,35445730570.0,119647700.0,101755900.0,96046400.0,6986800.0,13073700.0,0.0
2022-04-26,34569088416.0,103996300.0,105819600.0,95623200.0,7769500.0,9042400.0,0.0
2022-04-27,30981015184.0,122030000.0,111204200.0,88063200.0,6754900.0,8854700.0,0.0
2022-04-28,33903704907.0,105449100.0,99450000.0,130216800.0,9306800.0,6381100.0,0.0
2022-04-29,30882994649.0,145491100.0,91977900.0,131747600.0,10637000.0,7719700.0,0.0
2022-04-30,23895713731.0,,,,,,
2022-05-01,27002760110.0,,,,,,
2022-05-02,32922642426.0,158312500.0,115511800.0,123055300.0,10351600.0,14318600.0,0.0
2022-05-03,27326943244.0,100028200.0,78185500.0,88966500.0,10344000.0,7214300.0,0.0
2022-05-04,36754404490.0,144247900.0,116083400.0,108256500.0,7771000.0,10491700.0,0.0
2022-05-05,43106256317.0,172929100.0,154607400.0,130525300.0,8217100.0,12794200.0,0.0
2022-05-06,37795577489.0,151770800.0,139572800.0,116124600.0,7304800.0,7643300.0,0.0
2022-05-07,24375896406.0,,,,,,
2022-05-08,36763041910.0,,,,,,
2022-05-09,63355494961.0,155586100.0,113387300.0,131577900.0,8540800.0,10742400.0,0.0
2022-05-10,59811038817.0,132497200.0,124124600.0,115366700.0,7447400.0,11010400.0,0.0
2022-05-11,70388855818.0,142361000.0,140326100.0,142689800.0,7692200.0,9179600.0,0.0
2022-05-12,66989173272.0,125090800.0,120910900.0,182602000.0,9600800.0,11626800.0,0.0
2022-05-13,42841124537.0,104174400.0,83684900.0,113990900.0,5675500.0,13031100.0,0.0
2022-05-14,28579868620.0,,,,,,
2022-05-15,25835372065.0,,,,,,
2022-05-16,32613897286.0,78622400.0,59190400.0,86643800.0,5971000.0,7319300.0,0.0
2022-05-17,29101473475.0,83029700.0,62715300.0,78336300.0,6509100.0,6441100.0,0.0
2022-05-18,31285268319.0,117674500.0,79477100.0,109742900.0,9670700.0,7472900.0,0.0
2022-05-19,33773447707.0,98510700.0,79920700.0,136095600.0,9694100.0,10580300.0,0.0
2022-05-20,30749382605.0,131432200.0,91764200.0,137426100.0,7786900.0,6578100.0,0.0
2022-05-21,17274840442.0,,,,,,
2022-05-22,21631532270.0,,,,,,
2022-05-23,31483454557.0,76414900.0,63648400.0,117726300.0,7134500.0,5518500.0,0.0
2022-05-24,26616506245.0,91448800.0,73491100.0,104132700.0,7207400.0,6794000.0,0.0
2022-05-25,27525063551.0,91472900.0,67144500.0,92482700.0,8217800.0,4595900.0,0.0
2022-05-26,36774325352.0,82168300.0,59462200.0,90601500.0,5702600.0,6467000.0,0.0
2022-05-27,36582005748.0,84768700.0,66985600.0,90978500.0,6028800.0,3847900.0,0.0
2022-05-28,35519577634.0,,,,,,
2022-05-29,18093886409.0,,,,,,
2022-05-30,39277993274.0,,,,,,0.0
2022-05-31,33538210634.0,95937000.0,60968300.0,103718400.0,12416700.0,6244000.0,0.0
2022-06-01,41135817341.0,86585800.0,65341700.0,74286600.0,7036000.0,6946500.0,0.0
2022-06-02,29083562061.0,79609600.0,59291300.0,72348100.0,6479800.0,5623100.0,0.0
2022-06-03,26175547452.0,71874300.0,60914700.0,88570300.0,4720700.0,5519400.0,0.0
2022-06-04,16588370958.0,,,,,,
2022-06-05,17264085441.0,,,,,,
2022-06-06,31947336829.0,57508900.0,51785000.0,71598400.0,4751100.0,3766000.0,0.0
2022-06-07,40770974039.0,59272400.0,44900300.0,67808200.0,4918600.0,3860000.0,0.0
2022-06-08,30242059107.0,64350000.0,38342100.0,53950200.0,4369600.0,5140800.0,0.0
2022-06-09,21692004719.0,86289800.0,55900500.0,69473000.0,4625700.0,4701100.0,0.0
2022-06-10,29867476527.0,132893900.0,85963500.0,91437900.0,6630800.0,16856100.0,0.0
2022-06-11,27246574439.0,,,,,,
2022-06-12,34163220274.0,,,,,,
2022-06-13,68204556440.0,170004900.0,94442000.0,122207100.0,8549500.0,13265200.0,0.0
2022-06-14,50913575242.0,104011800.0,64697500.0,84784300.0,9980200.0,7347900.0,0.0
2022-06-15,54912007015.0,125666800.0,86051400.0,91533000.0,12178100.0,9000300.0,0.0
2022-06-16,31183975654.0,134473300.0,81910300.0,108123900.0,9683300.0,8823600.0,0.0
2022-06-17,27132421514.0,111113900.0,82703400.0,134520300.0,17113300.0,7407200.0,0.0
2022-06-18,42009436760.0,,,,,,
2022-06-19,35329942625.0,,,,,,
2022-06-20,30818458597.0,,,,,,0.0
2022-06-21,28970212744.0,76811900.0,51633700.0,81000500.0,9017000.0,5608500.0,0.0
2022-06-22,28574793478.0,90059400.0,67472900.0,73409200.0,8374500.0,6558700.0,0.0
2022-06-23,26188097173.0,79292100.0,57457800.0,72433800.0,6418300.0,6535300.0,0.0
2022-06-24,24957784918.0,98050300.0,58422300.0,89116800.0,19440600.0,6143100.0,0.0
2022-06-25,18372538715.0,,,,,,
2022-06-26,18027170497.0,,,,,,
2022-06-27,20965695707.0,66009600.0,54151500.0,70207900.0,5618500.0,5719700.0,0.0
2022-06-28,21381535161.0,86548900.0,61609800.0,67083400.0,6077300.0,2982700.0,0.0
2022-06-29,23552740328.0,65676000.0,57302700.0,66242400.0,5174600.0,4785600.0,0.0
2022-06-30,26267239923.0,112508300.0,79313600.0,98964500.0,7410100.0,9144400.0,0.0
2022-07-01,30767551159.0,74839700.0,56675100.0,71051600.0,5937200.0,11380300.0,0.0
2022-07-02,18100418740.0,,,,,,
2022-07-03,16390821947.0,,,,,,
2022-07-04,21594638208.0,,,,,,0.0
2022-07-05,26715546990.0,81438000.0,61829300.0,73353800.0,5760900.0,14035400.0,0.0
2022-07-06,24598943708.0,70426200.0,63194700.0,74064300.0,5485200.0,11861100.0,0.0
2022-07-07,25814972520.0,64525900.0,56620100.0,66253700.0,6623400.0,4588400.0,0.0
2022-07-08,49899834488.0,72397800.0,59895500.0,64547800.0,4294200.0,4584100.0,0.0
2022-07-09,29641127858.0,,,,,,
2022-07-10,28688807249.0,,,,,,
2022-07-11,24150249025.0,58366900.0,55273900.0,63141600.0,5482900.0,4321700.0,0.0
2022-07-12,25810220018.0,62219200.0,55797100.0,77588800.0,5204400.0,5375100.0,0.0
2022-07-13,33042430345.0,84224600.0,73939400.0,71185600.0,5075600.0,8456600.0,0.0
2022-07-14,31158743333.0,89704800.0,63741800.0,78140700.0,4867000.0,12213600.0,0.0
2022-07-15,25905575359.0,79060400.0,63818100.0,76259900.0,6264600.0,6783800.0,0.0
2022-07-16,24302954056.0,,,,,,
2022-07-17,22927802083.0,,,,,,
2022-07-18,39974475562.0,63203600.0,59519600.0,81420900.0,6047500.0,5791800.0,0.0
2022-07-19,48765202697.0,78506000.0,55172600.0,82982400.0,5943600.0,3796200.0,0.0
2022-07-20,42932549127.0,71843800.0,67769400.0,64823400.0,8635300.0,4795800.0,0.0
2022-07-21,33631012204.0,64903900.0,55049400.0,65086600.0,8310200.0,5863300.0,0.0
2022-07-22,31421555646.0,72197300.0,57127700.0,66675400.0,5292700.0,5733800.0,0.0
2022-07-23,24021799169.0,,,,,,
2022-07-24,23565495303.0,,,,,,
2022-07-25,35574561406.0,53631500.0,40582400.0,53623900.0,5262100.0,3713400.0,0.0
2022-07-26,28624673855.0,52946400.0,50074100.0,55138700.0,5375700.0,2672800.0,0.0
2022-07-27,31758955233.0,82342100.0,69304400.0,78620700.0,5500000.0,5766100.0,0.0
2022-07-28,40212386158.0,73966600.0,55139900.0,81378700.0,7115700.0,5606400.0,0.0
2022-07-29,35887249746.0,87003700.0,57501000.0,101786900.0,18694700.0,7537300.0,0.0
2022-07-30,28148218301.0,,,,,,
2022-07-31,23553591896.0,,,,,,
2022-08-01,25849159141.0,69997500.0,46358800.0,67829400.0,12590000.0,4666900.0,0.0
2022-08-02,28389250717.0,63435400.0,48676500.0,59907000.0,7495000.0,5725400.0,0.0
2022-08-03,26288169966.0,67820600.0,53735700.0,82507500.0,6811000.0,4417800.0,0.0
2022-08-04,25120229769.0,45656600.0,38973700.0,55474100.0,6124700.0,5502000.0,0.0
2022-08-05,28881249043.0,56814900.0,53894000.0,56697000.0,4580300.0,6023300.0,0.0
2022-08-06,15978259885.0,,,,,,
2022-08-07,15886817043.0,,,,,,
2022-08-08,28575544847.0,53886100.0,43878500.0,60276900.0,4486800.0,3456300.0,0.0
2022-08-09,23555719219.0,44931800.0,39764200.0,63135500.0,3977300.0,3205500.0,0.0
2022-08-10,32837431722.0,68665700.0,51459600.0,70170500.0,4641300.0,4077300.0,0.0
2022-08-11,37127036580.0,59489700.0,45897700.0,57149200.0,5954300.0,4446000.0,0.0
2022-08-12,27265804688.0,61694500.0,40928400.0,68039400.0,5038700.0,5151700.0,0.0
2022-08-13,22987346289.0,,,,,,
2022-08-14,22994133555.0,,,,,,
2022-08-15,35123501685.0,54048300.0,38266600.0,54091700.0,6008000.0,5236100.0,0.0
2022-08-16,27753685646.0,59289000.0,41186900.0,56377100.0,7093000.0,4291500.0,0.0
2022-08-17,30931623076.0,63563400.0,47842200.0,79542000.0,4834600.0,5569100.0,0.0
2022-08-18,23747613147.0,49023200.0,41937200.0,62290100.0,3829000.0,3646100.0,0.0
2022-08-19,40509610260.0,68016900.0,51770600.0,70346300.0,6502500.0,8173000.0,0.0
2022-08-20,27595671000.0,,,,,,
2022-08-21,23102307723.0,,,,,,
2022-08-22,31666498758.0,77695600.0,51098900.0,69026800.0,6380700.0,4458100.0,0.0
2022-08-23,31878280659.0,49105200.0,39497100.0,54147100.0,5268200.0,4425100.0,0.0
2022-08-24,31962253368.0,49177800.0,38057100.0,53841500.0,5903200.0,3202400.0,0.0
2022-08-25,31028679593.0,50942300.0,38098300.0,51218200.0,5097600.0,2857500.0,0.0
2022-08-26,42326789564.0,103087000.0,69047700.0,78961000.0,6086600.0,6689300.0,0.0
2022-08-27,30116729776.0,,,,,,
2022-08-28,24366810591.0,,,,,,
2022-08-29,32637854078.0,65370800.0,48321900.0,73314000.0,5272100.0,4702300.0,0.0
2022-08-30,34483360283.0,85652400.0,51184500.0,77906200.0,5203700.0,4856600.0,0.0
2022-08-31,33225232872.0,76029700.0,50044000.0,87991100.0,8406900.0,5438600.0,0.0
2022-09-01,30182031010.0,78740100.0,57990700.0,74229900.0,7446500.0,7390800.0,0.0
2022-09-02,29123998928.0,99632100.0,64666800.0,76957800.0,7077800.0,5196900.0,0.0
2022-09-03,23613051457.0,,,,,,
2022-09-04,25245861652.0,,,,,,
2022-09-05,28813460025.0,,,,,,0.0
2022-09-06,43403978910.0,76637400.0,57005400.0,73714800.0,8217200.0,4863800.0,0.0
2022-09-07,35239757134.0,70964200.0,49260400.0,87449600.0,6609400.0,3981400.0,0.0
2022-09-08,32194477850.0,80821700.0,55649800.0,84923800.0,7380500.0,4607100.0,0.0
2022-09-09,48469528171.0,76706900.0,56125200.0,68028800.0,6434300.0,3927800.0,0.0
2022-09-10,36913738894.0,,,,,,
2022-09-11,34493951963.0,,,,,,
2022-09-12,50212088965.0,69256300.0,45905700.0,104956000.0,5818700.0,4537500.0,0.0
2022-09-13,51091116622.0,122947100.0,79562200.0,122656600.0,6350200.0,6526400.0,0.0
2022-09-14,37872380889.0,85023700.0,54907200.0,87965400.0,6137800.0,6091100.0,0.0
2022-09-15,36389011503.0,87633800.0,65299400.0,90481100.0,5320700.0,13181200.0,0.0
2022-09-16,30123362273.0,103084800.0,79920400.0,162278800.0,9321500.0,7141200.0,0.0
2022-09-17,24957448100.0,,,,,,
2022-09-18,31254779144.0,,,,,,
2022-09-19,40177002624.0,73278500.0,52613800.0,81474200.0,6056000.0,5582800.0,0.0
2022-09-20,36791346508.0,77274900.0,51271100.0,107689800.0,5589800.0,5943700.0,0.0
2022-09-21,46363793975.0,106746600.0,82931000.0,101696800.0,6413900.0,7816100.0,0.0
2022-09-22,41135767926.0,89472600.0,62757100.0,86652500.0,5061600.0,5975200.0,0.0
2022-09-23,38896078052.0,122346900.0,74815200.0,96029900.0,6523600.0,9598000.0,0.0
2022-09-24,26149643168.0,,,,,,
2022-09-25,23359966112.0,,,,,,
2022-09-26,44148798321.0,92581200.0,71176700.0,93339400.0,7396400.0,8240500.0,0.0
2022-09-27,58571439619.0,108294100.0,69780100.0,84442700.0,7722200.0,7151300.0,0.0
2022-09-28,53071298734.0,110802200.0,79652100.0,146691400.0,10455100.0,8977200.0,0.0
2022-09-29,41037843771.0,112952300.0,81216000.0,128138200.0,7128500.0,6317000.0,0.0
2022-09-30,43975248085.0,153711200.0,78482400.0,124925300.0,9431900.0,6832400.0,0.0
2022-10-01,18719537670.0,,,,,,
2022-10-02,20765955327.0,,,,,,
2022-10-03,30484729489.0,89756500.0,61267400.0,114311700.0,8477700.0,10362200.0,0.0
2022-10-04,35887278685.0,103602800.0,66696900.0,87830100.0,7211600.0,8024500.0,0.0
2022-10-05,33223790572.0,88065700.0,55766300.0,79471000.0,5071100.0,5296300.0,0.0
2022-10-06,34711412966.0,82333500.0,53489400.0,68402200.0,5530800.0,5712600.0,0.0
2022-10-07,29227315390.0,107789500.0,71354700.0,85925600.0,6095400.0,5030000.0,0.0
2022-10-08,16437423167.0,,,,,,
2022-10-09,16837262532.0,,,,,,
2022-10-10,27425022774.0,76042800.0,60393000.0,74899000.0,6923300.0,6110800.0,0.0
2022-10-11,28711532910.0,92482800.0,66522500.0,77033700.0,5516200.0,5306700.0,0.0
2022-10-12,24950173846.0,76991800.0,50580200.0,70433700.0,6823500.0,3998500.0,0.0
2022-10-13,44219840004.0,147254500.0,112894100.0,113224000.0,6910500.0,7083800.0,0.0
2022-10-14,38452356727.0,123737000.0,77244300.0,88598000.0,5516800.0,5471900.0,0.0
2022-10-15,16192235532.0,,,,,,
2022-10-16,17988916650.0,,,,,,
2022-10-17,27472552998.0,93168200.0,64576500.0,85250900.0,6664600.0,4348000.0,0.0
2022-10-18,30580012344.0,97162900.0,69781000.0,99136600.0,7114200.0,4528400.0,0.0
2022-10-19,22425387184.0,79746900.0,53115400.0,61758300.0,9993700.0,8257100.0,0.0
2022-10-20,24493974420.0,88283100.0,60605500.0,64522000.0,8168000.0,5019800.0,0.0
2022-10-21,32459287866.0,131038400.0,77897700.0,86548600.0,6394600.0,6898400.0,0.0
2022-10-22,16104440957.0,,,,,,
2022-10-23,22128794335.0,,,,,,
2022-10-24,30202235805.0,85436900.0,63963600.0,75981900.0,6946000.0,4673300.0,0.0
2022-10-25,47761524910.0,78846300.0,59014500.0,74732300.0,6776000.0,3434100.0,0.0
2022-10-26,58895950537.0,104087300.0,63492400.0,88194300.0,6612800.0,4448200.0,0.0
2022-10-27,49625110402.0,81971800.0,57760300.0,109180200.0,6676700.0,3654900.0,0.0
2022-10-28,43994715910.0,100302000.0,62651300.0,164762400.0,6996400.0,4645400.0,0.0
2022-10-29,40369840645.0,,,,,,
2022-10-30,31486345556.0,,,,,,
2022-10-31,45668466815.0,96631300.0,47742000.0,97943200.0,8346300.0,6097800.0,0.0
2022-11-01,39819303159.0,85407600.0,45895900.0,80379300.0,6428300.0,4603600.0,0.0
2022-11-02,55552169483.0,126990400.0,79803100.0,93604600.0,7318100.0,7210900.0,0.0
2022-11-03,43228750179.0,87100100.0,70038900.0,97918500.0,5204000.0,5378800.0,0.0
2022-11-04,64072727950.0,103505200.0,78313200.0,140814800.0,5555400.0,7692000.0,0.0
2022-11-05,37846047609.0,,,,,,
2022-11-06,35082693210.0,,,,,,
2022-11-07,53510852236.0,68286900.0,47333800.0,83374600.0,6746800.0,4425700.0,0.0
2022-11-08,118992465607.0,84641100.0,63213800.0,89908500.0,5266200.0,11299600.0,0.0
2022-11-09,102905151606.0,78495500.0,64862100.0,74917800.0,5690700.0,6040600.0,0.0
2022-11-10,83202283721.0,141455800.0,99256700.0,118854000.0,8068700.0,9939900.0,0.0
2022-11-11,55871616488.0,93839900.0,66961800.0,93979700.0,7175200.0,4622400.0,0.0
2022-11-12,29717699419.0,,,,,,
2022-11-13,27209183682.0,,,,,,
2022-11-14,49630243054.0,71903500.0,55290700.0,73374100.0,8516200.0,6187600.0,0.0
2022-11-15,36599436183.0,93194500.0,73985400.0,89868300.0,7732400.0,9903500.0,0.0
2022-11-16,33925512989.0,68508500.0,48859800.0,64218300.0,6193700.0,3645800.0,0.0
2022-11-17,27868914022.0,74496300.0,55462100.0,80389400.0,5186300.0,4574400.0,0.0
2022-11-18,26862218609.0,92922500.0,53588600.0,74829600.0,5671400.0,4321100.0,0.0
2022-11-19,16106223492.0,,,,,,
2022-11-20,21313378652.0,,,,,,
2022-11-21,37429485518.0,51243200.0,40083500.0,58724100.0,6377200.0,4766500.0,0.0
2022-11-22,30726828760.0,60429000.0,41873400.0,51804100.0,5372900.0,3203800.0,0.0
2022-11-23,32958875628.0,68261600.0,46390000.0,58301400.0,4296000.0,4167000.0,0.0
2022-11-24,26129037414.0,,,,,,0.0
2022-11-25,18678255976.0,30545400.0,15498800.0,35195900.0,2411100.0,1436500.0,0.0
2022-11-26,18000008764.0,,,,,,
2022-11-27,20443898509.0,,,,,,
2022-11-28,27743025156.0,67881600.0,38714200.0,69246000.0,6628200.0,4052900.0,0.0
2022-11-29,23581685468.0,52310000.0,35618900.0,83763800.0,5634200.0,2620600.0,0.0
2022-11-30,29523576583.0,144566700.0,74718100.0,111380900.0,12396800.0,4874700.0,0.0
2022-12-01,22895392882.0,76398200.0,51547300.0,71250400.0,6927400.0,8625800.0,0.0
2022-12-02,19539705127.0,85342700.0,53583200.0,65447400.0,4938300.0,5185900.0,0.0
2022-12-03,16217776704.0,,,,,,
2022-12-04,16824520830.0,,,,,,
2022-12-05,22209086834.0,77289800.0,41482100.0,68826400.0,5402500.0,5436200.0,0.0
2022-12-06,19889922369.0,77972200.0,53937600.0,64727200.0,6866700.0,3597800.0,0.0
2022-12-07,19675404389.0,65927900.0,45614300.0,69721100.0,6175500.0,4610700.0,0.0
2022-12-08,20496603770.0,60737900.0,42594900.0,62128300.0,5187100.0,3217900.0,0.0
2022-12-09,20328426366.0,81447700.0,47860500.0,76097000.0,5868200.0,5431300.0,0.0
2022-12-10,12706781969.0,,,,,,
2022-12-11,14122486832.0,,,,,,
2022-12-12,19617581341.0,75405800.0,35732500.0,70462700.0,6142400.0,3504400.0,0.0
2022-12-13,26634741631.0,123782500.0,80667700.0,93886200.0,7680600.0,6750200.0,0.0
2022-12-14,25534481470.0,108111300.0,64984400.0,82291200.0,7385600.0,5643000.0,0.0
2022-12-15,20964448341.0,117705900.0,60554100.0,98931900.0,7117200.0,8363000.0,0.0
2022-12-16,24031608960.0,119858000.0,68300400.0,160156900.0,19966400.0,5372000.0,0.0
2022-12-17,14463581825.0,,,,,,
2022-12-18,10924354698.0,,,,,,
2022-12-19,17221074814.0,79878100.0,44167900.0,79592600.0,5881800.0,3940500.0,0.0
2022-12-20,22722096615.0,74427200.0,51064200.0,77432800.0,5646100.0,7803100.0,0.0
2022-12-21,14882945045.0,78167400.0,46394700.0,85928000.0,5024700.0,3990100.0,0.0
2022-12-22,16441573050.0,100120900.0,60278400.0,77852100.0,5904900.0,5672700.0,0.0
2022-12-23,15329265213.0,59857300.0,39373600.0,63814900.0,3401800.0,2912300.0,0.0
2022-12-24,9744636213.0,,,,,,
2022-12-25,11656379938.0,,,,,,
2022-12-26,11886957804.0,,,,,,0.0
2022-12-27,15748580239.0,51638200.0,38009000.0,69007800.0,4215100.0,6885700.0,0.0
2022-12-28,17005713920.0,70911500.0,47139000.0,85438400.0,4197500.0,3662500.0,0.0
2022-12-29,14472237479.0,66970900.0,45893600.0,75703700.0,3809100.0,3345900.0,0.0
2022-12-30,15929162910.0,84022200.0,37858300.0,77034200.0,4532000.0,2864500.0,0.0
2022-12-31,11239186456.0,,,,,,
2023-01-01,9244361700.0,,,,,,
2023-01-02,12097775227.0,,,,,,0.0
2023-01-03,13903079207.0,74850700.0,42335300.0,112117500.0,6447300.0,7992900.0,0.0
2023-01-04,18421743322.0,85934100.0,47754900.0,89113600.0,7313400.0,7574600.0,0.0
2023-01-05,13692758566.0,76970500.0,45396700.0,80962700.0,5373800.0,4692600.0,0.0
2023-01-06,14413662913.0,104189600.0,54659700.0,87754700.0,7882200.0,7889000.0,0.0
2023-01-07,7714767174.0,,,,,,
2023-01-08,9768827914.0,,,,,,
2023-01-09,18624736866.0,73978100.0,45568700.0,70790800.0,5727000.0,5134500.0,0.0
2023-01-10,15808338949.0,65358100.0,35247800.0,63896200.0,4716400.0,4398400.0,0.0
2023-01-11,18372283782.0,68881100.0,44077000.0,69458900.0,8691300.0,3374200.0,0.0
2023-01-12,34971338710.0,90157700.0,60600000.0,71379600.0,7801600.0,6936900.0,0.0
2023-01-13,29225029694.0,63903900.0,44802900.0,57809700.0,5535800.0,7468800.0,0.0
2023-01-14,38967784639.0,,,,,,
2023-01-15,19298407543.0,,,,,,
2023-01-16,26792494050.0,,,,,,0.0
2023-01-17,24999983362.0,62677300.0,36269700.0,63646600.0,9611800.0,6610800.0,0.0
2023-01-18,30005625418.0,99632300.0,47754500.0,69672800.0,10461200.0,5384700.0,0.0
2023-01-19,21152848261.0,86958900.0,44150400.0,58280400.0,12683700.0,6678700.0,0.0
2023-01-20,28799154319.0,91806400.0,60613600.0,80223600.0,8603300.0,5754800.0,0.0
2023-01-21,32442278429.0,,,,,,
2023-01-22,24746386230.0,,,,,,
2023-01-23,26518700512.0,84178800.0,52799900.0,81760300.0,7473100.0,5265500.0,0.0
2023-01-24,26405069715.0,59524900.0,44875100.0,66435100.0,6822500.0,4604600.0,0.0
2023-01-25,30685366709.0,84800300.0,50872000.0,65799300.0,6902600.0,6925300.0,0.0
2023-01-26,26357839322.0,72287400.0,51596300.0,54105100.0,5398600.0,5860100.0,0.0
2023-01-27,25383335641.0,68346200.0,56441900.0,70555800.0,6870800.0,6052700.0,0.0
2023-01-28,14712928379.0,,,,,,
2023-01-29,27423687259.0,,,,,,
2023-01-30,27205595568.0,74202000.0,49405800.0,64015300.0,6369300.0,4210700.0,0.0
2023-01-31,22837828665.0,86811800.0,46705100.0,65874500.0,9373400.0,5976900.0,0.0
2023-02-01,26683255504.0,101459200.0,67562200.0,77663600.0,7207900.0,7996000.0,0.0
2023-02-02,32066936882.0,101654500.0,83070600.0,118339000.0,6444300.0,8842400.0,0.0
2023-02-03,27083066007.0,94736800.0,76170800.0,154357300.0,5993100.0,13674400.0,0.0
2023-02-04,15639298538.0,,,,,,
2023-02-05,19564262605.0,,,,,,
2023-02-06,23825006542.0,60295300.0,40802300.0,69858300.0,6108100.0,8957000.0,0.0
2023-02-07,27187964471.0,90990700.0,67584000.0,83322600.0,6278300.0,6794200.0,0.0
2023-02-08,25371367758.0,76227500.0,56720900.0,64120100.0,7123800.0,4075600.0,0.0
2023-02-09,32572572185.0,78694900.0,49137800.0,56007100.0,6547400.0,5361300.0,0.0
2023-02-10,27078406594.0,70769700.0,50050100.0,57450700.0,8108900.0,2971100.0,0.0
2023-02-11,16356226232.0,,,,,,
2023-02-12,17821046406.0,,,,,,
2023-02-13,23918742607.0,64913500.0,39636700.0,62199000.0,5081600.0,3970800.0,0.0
2023-02-14,26792596581.0,88389300.0,64079100.0,61707600.0,5253500.0,5403100.0,0.0
2023-02-15,32483312909.0,61555700.0,43100600.0,65573800.0,5530300.0,5423800.0,0.0
2023-02-16,39316664596.0,76431500.0,59498600.0,68167900.0,7595700.0,4540400.0,0.0
2023-02-17,41358451255.0,89257800.0,58230700.0,59144100.0,8034700.0,4809800.0,0.0
2023-02-18,19625427158.0,,,,,,
2023-02-19,25555105670.0,,,,,,
2023-02-20,28987376573.0,,,,,,0.0
2023-02-21,31252098714.0,82655900.0,46526700.0,58867200.0,6899500.0,4035900.0,0.0
2023-02-22,30199996781.0,83742300.0,51389200.0,51011300.0,6126300.0,4105700.0,0.0
2023-02-23,30476264066.0,96242400.0,69294400.0,48394200.0,5835400.0,5073500.0,0.0
2023-02-24,26811744928.0,108194400.0,74332000.0,55469600.0,5260700.0,6496500.0,0.0
2023-02-25,16100721565.0,,,,,,
2023-02-26,16644534842.0,,,,,,
2023-02-27,22660763494.0,80444700.0,48995000.0,44998500.0,5820900.0,4509200.0,0.0
2023-02-28,20535363434.0,96438600.0,48243100.0,50547000.0,6709900.0,6761600.0,0.0
2023-03-01,24662841200.0,99706800.0,58287000.0,55479000.0,7101800.0,6590500.0,0.0
2023-03-02,20386398516.0,85127800.0,53565900.0,52238100.0,5924600.0,3950700.0,0.0
2023-03-03,26062404610.0,90120000.0,60511500.0,70732300.0,5259400.0,6894500.0,0.0
2023-03-04,11166012913.0,,,,,,
2023-03-05,13317001733.0,,,,,,
2023-03-06,17353192895.0,72795900.0,56736300.0,87558000.0,4943100.0,4264100.0,0.0
2023-03-07,22765452204.0,108310600.0,65955800.0,56182000.0,5606800.0,8713300.0,0.0
2023-03-08,22536575684.0,74746600.0,50876300.0,47204800.0,5518800.0,5718600.0,0.0
2023-03-09,30364664171.0,111945300.0,71456700.0,53833600.0,4467200.0,5583000.0,0.0
2023-03-10,39578257695.0,189253000.0,98593600.0,68572400.0,5928000.0,13803400.0,0.0
2023-03-11,30180288176.0,,,,,,
2023-03-12,29279035521.0,,,,,,
2023-03-13,49466362688.0,157790000.0,97123600.0,84457100.0,8337100.0,20554400.0,0.0
2023-03-14,54622230164.0,149752400.0,73602500.0,73695900.0,9219700.0,10019000.0,0.0
2023-03-15,43655701450.0,172996900.0,83631500.0,77167900.0,8823500.0,14546100.0,0.0
2023-03-16,33866061747.0,143254200.0,98198100.0,76161100.0,7063400.0,10762200.0,0.0
2023-03-17,50730261335.0,140553400.0,89923700.0,98944600.0,16018800.0,24156300.0,0.0
2023-03-18,35723036817.0,,,,,,
2023-03-19,37769448859.0,,,,,,
2023-03-20,44774027664.0,93055800.0,56359500.0,73641400.0,8379200.0,11845700.0,0.0
2023-03-21,36102192830.0,91524200.0,49757000.0,73938300.0,7753200.0,10734500.0,0.0
2023-03-22,33382021890.0,111746600.0,75791900.0,75701800.0,5729100.0,11969600.0,0.0
2023-03-23,24220433689.0,119351300.0,74576000.0,67622100.0,5788400.0,11347100.0,0.0
2023-03-24,25980310960.0,107682400.0,57195200.0,59196500.0,6144800.0,9245900.0,0.0
2023-03-25,13383005987.0,,,,,,
2023-03-26,13878363192.0,,,,,,
2023-03-27,18188895178.0,74010400.0,50287400.0,52390300.0,5917200.0,6925000.0,0.0
2023-03-28,17783600385.0,62871700.0,48585900.0,45992200.0,4213800.0,6202600.0,0.0
2023-03-29,20684945906.0,77497900.0,53274300.0,51305700.0,4987700.0,4996500.0,0.0
2023-03-30,22435349951.0,69840000.0,58354800.0,49501700.0,4117700.0,6360300.0,0.0
2023-03-31,19001327598.0,112062600.0,62138100.0,68749800.0,7685900.0,8003300.0,0.0
2023-04-01,10876469901.0,,,,,,
2023-04-02,12284641999.0,,,,,,
2023-04-03,19556501327.0,67391100.0,47126800.0,56976200.0,5721700.0,9206600.0,0.0
2023-04-04,15284538859.0,66601500.0,45875400.0,46278300.0,6714300.0,13765400.0,0.0
2023-04-05,17052315986.0,65200200.0,62795700.0,51511700.0,6094800.0,11440800.0,0.0
2023-04-06,13837809380.0,63743300.0,46916500.0,45390100.0,5399700.0,6648400.0,0.0
2023-04-07,10861680497.0,,,,,,0.0
2023-04-08,9373255556.0,,,,,,
2023-04-09,12175322951.0,,,,,,
2023-04-10,19282400094.0,63681000.0,45134700.0,47716900.0,4891800.0,6408100.0,0.0
2023-04-11,20121259843.0,59297900.0,40113600.0,47644200.0,6311800.0,6031500.0,0.0
2023-04-12,18651929926.0,86420400.0,62813300.0,50133100.0,6137900.0,10000900.0,0.0
2023-04-13,17487721001.0,85814800.0,54613800.0,68445600.0,5489500.0,14060100.0,0.0
2023-04-14,22659995079.0,78161500.0,56278300.0,49386500.0,4478800.0,13272500.0,0.0
2023-04-15,11940685378.0,,,,,,
2023-04-16,12854816417.0,,,,,,
2023-04-17,17872186762.0,66436400.0,43007000.0,41516200.0,4296400.0,7468100.0,0.0
2023-04-18,19480529496.0,63560000.0,46746900.0,49923000.0,4158400.0,8056900.0,0.0
2023-04-19,24571565421.0,55227300.0,38960100.0,47720200.0,3837600.0,7373500.0,0.0
2023-04-20,21340360360.0,75840400.0,62462100.0,52456400.0,5370900.0,5789900.0,0.0
2023-04-21,20759504330.0,73457400.0,59002300.0,58337300.0,14876900.0,10698700.0,0.0
2023-04-22,13125734602.0,,,,,,
2023-04-23,12785446832.0,,,,,,
2023-04-24,17703288330.0,64332100.0,44043100.0,41949600.0,8109800.0,8303400.0,0.0
2023-04-25,17733373139.0,97766700.0,57121600.0,48714100.0,8341800.0,8451900.0,0.0
2023-04-26,31854242019.0,80447000.0,55400500.0,45498800.0,4843700.0,8203600.0,0.0
2023-04-27,27153445027.0,92968400.0,65430400.0,64902300.0,4805600.0,9107400.0,0.0
2023-04-28,17544464887.0,89433100.0,59712600.0,55275900.0,5754700.0,6700400.0,0.0
2023-04-29,10662634333.0,,,,,,
2023-04-30,14652199272.0,,,,,,
2023-05-01,18655599976.0,62122300.0,41013400.0,52472900.0,3844600.0,7997700.0,0.0
2023-05-02,16432924527.0,103998500.0,56519400.0,48425700.0,5262900.0,14680600.0,0.0
2023-05-03,19122972518.0,91531800.0,59882100.0,65136000.0,5775000.0,11133800.0,0.0
2023-05-04,15548678514.0,94901900.0,50224500.0,81235400.0,4892600.0,14146800.0,0.0
2023-05-05,17936566518.0,87891800.0,51806100.0,113453200.0,3989200.0,12508100.0,0.0
2023-05-06,15913866714.0,,,,,,
2023-05-07,11301355486.0,,,,,,
2023-05-08,19122903752.0,50046800.0,36465800.0,55962800.0,4950700.0,6075400.0,0.0
2023-05-09,14128593256.0,49220100.0,31768800.0,45326900.0,4472100.0,7098800.0,0.0
2023-05-10,20656025026.0,96142900.0,60446600.0,53724500.0,4754900.0,9392100.0,0.0
2023-05-11,16724343943.0,70157100.0,44278500.0,49514700.0,3495300.0,8245500.0,0.0
2023-05-12,19313599897.0,70481500.0,48432800.0,45533100.0,5252900.0,7087500.0,0.0
2023-05-13,9999171605.0,,,,,,
2023-05-14,10014858959.0,,,,,,
2023-05-15,14413231792.0,54289400.0,33375600.0,37266700.0,5414900.0,5518100.0,0.0
2023-05-16,12732238816.0,57705500.0,40019200.0,42110300.0,5591500.0,9519500.0,0.0
2023-05-17,15140006925.0,87287000.0,47486100.0,57951600.0,4286900.0,7474300.0,0.0
2023-05-18,15222938600.0,97177200.0,64213500.0,65496700.0,6997600.0,8812600.0,0.0
2023-05-19,11258983301.0,103793300.0,61554900.0,55809500.0,4754100.0,8435000.0,0.0
2023-05-20,7044911360.0,,,,,,
2023-05-21,8647416921.0,,,,,,
2023-05-22,11056770492.0,60745400.0,43015900.0,43570900.0,7876200.0,4834300.0,0.0
2023-05-23,13697203143.0,86383500.0,48216700.0,50747300.0,6116000.0,6345000.0,0.0
2023-05-24,16299104428.0,89213700.0,62891200.0,45143500.0,5755400.0,6732900.0,0.0
2023-05-25,13851122697.0,90961600.0,66862800.0,56058300.0,6510300.0,6919200.0,0.0
2023-05-26,12711619225.0,93830000.0,63007000.0,54835000.0,4716400.0,5823700.0,0.0
2023-05-27,7892015141.0,,,,,,
2023-05-28,14545229578.0,,,,,,
2023-05-29,15181308984.0,,,,,,0.0
2023-05-30,13251081851.0,72216000.0,72652200.0,55964400.0,5561000.0,4906100.0,0.0
2023-05-31,15656371534.0,110811800.0,65105400.0,99625300.0,19854800.0,8497900.0,0.0
2023-06-01,14678970415.0,88865000.0,50488600.0,68901800.0,6091100.0,7300500.0,0.0
2023-06-02,14837415000.0,91426200.0,53372100.0,61996900.0,6124400.0,8726100.0,0.0
2023-06-03,8385597470.0,,,,,,
2023-06-04,9360912318.0,,,,,,
2023-06-05,21513292646.0,65460200.0,47266200.0,121946500.0,4753700.0,5748800.0,0.0
2023-06-06,21929670693.0,64022200.0,41390400.0,64848400.0,4635900.0,4967200.0,0.0
2023-06-07,19530045082.0,85373300.0,69225900.0,61944600.0,6194400.0,9066500.0,0.0
2023-06-08,11904824295.0,61952800.0,47153900.0,50214900.0,4863700.0,6394100.0,0.0
2023-06-09,11015551640.0,85742800.0,53196900.0,48900000.0,5569500.0,4379200.0,0.0
2023-06-10,19872933189.0,,,,,,
2023-06-11,10732609603.0,,,,,,
2023-06-12,11677889997.0,76104300.0,44606500.0,54274900.0,5354000.0,4873600.0,0.0
2023-06-13,14143474486.0,95899700.0,57097800.0,54929100.0,5321200.0,5126700.0,0.0
2023-06-14,14265717766.0,100612100.0,69525600.0,57462900.0,5693300.0,6807000.0,0.0
2023-06-15,15837384409.0,110303100.0,71138800.0,65433200.0,5863000.0,6739000.0,0.0
2023-06-16,16324646965.0,114165800.0,80932000.0,101256200.0,11244900.0,8779100.0,0.0
2023-06-17,11090276850.0,,,,,,
2023-06-18,9565695129.0,,,,,,
2023-06-19,12826986222.0,,,,,,0.0
2023-06-20,22211859147.0,76160400.0,49204700.0,49799100.0,5340700.0,7584200.0,0.0
2023-06-21,33346760979.0,76982300.0,53378300.0,49515700.0,4649700.0,6702300.0,0.0
2023-06-22,20653160491.0,70637200.0,47603000.0,51245300.0,6666800.0,7945000.0,0.0
2023-06-23,24115570085.0,92074500.0,48922900.0,53117000.0,13843300.0,5419800.0,0.0
2023-06-24,12147822496.0,,,,,,
2023-06-25,12703464114.0,,,,,,
2023-06-26,16493186997.0,72823600.0,52685500.0,48088700.0,4353100.0,3222100.0,0.0
2023-06-27,16428827944.0,72813700.0,49428100.0,50730800.0,5445400.0,5036900.0,0.0
2023-06-28,14571500779.0,75636000.0,46498000.0,51216800.0,6733300.0,5866700.0,0.0
2023-06-29,13180860821.0,67882300.0,46151000.0,46347300.0,7343000.0,6862500.0,0.0
2023-06-30,26387306197.0,104964000.0,58712500.0,85213200.0,7058300.0,6420900.0,0.0
2023-07-01,9086606733.0,,,,,,
2023-07-02,10533418042.0,,,,,,
2023-07-03,15271884873.0,32793400.0,19432900.0,31458200.0,3996100.0,4085700.0,0.0
2023-07-04,12810828427.0,,,,,,0.0
2023-07-05,12481622280.0,58418400.0,34460900.0,46920300.0,8279800.0,5650600.0,0.0
2023-07-06,21129219509.0,80658300.0,49374700.0,45094300.0,7958300.0,5133000.0,0.0
2023-07-07,13384770155.0,86134200.0,47133700.0,46815000.0,9169500.0,5201100.0,0.0
2023-07-08,7509378699.0,,,,,,
2023-07-09,7903327692.0,,,,,,
2023-07-10,14828209155.0,62443500.0,48498800.0,59922200.0,5529200.0,3320500.0,0.0
2023-07-11,12151839152.0,64463800.0,38214100.0,46638100.0,5150300.0,2818800.0,0.0
2023-07-12,14805659717.0,91924500.0,61975400.0,60750200.0,6764600.0,7062000.0,0.0
2023-07-13,23686079548.0,72425200.0,46960000.0,41342300.0,5561400.0,4527900.0,0.0
2023-07-14,20917902660.0,69815800.0,55148500.0,41616200.0,6128900.0,5390000.0,0.0
2023-07-15,8011667756.0,,,,,,
2023-07-16,8516564470.0,,,,,,
2023-07-17,13240156074.0,52680200.0,40868900.0,50520200.0,4625300.0,4152400.0,0.0
2023-07-18,13138897269.0,80668200.0,55262000.0,48288200.0,5351200.0,8238000.0,0.0
2023-07-19,12128602812.0,65891700.0,54093000.0,80507300.0,6203600.0,3911600.0,0.0
2023-07-20,14655207121.0,70591600.0,71941700.0,59581200.0,6445400.0,4972900.0,0.0
2023-07-21,10972789818.0,71275600.0,60499600.0,71951700.0,9938400.0,3845400.0,0.0
2023-07-22,7873300598.0,,,,,,
2023-07-23,9220145050.0,,,,,,
2023-07-24,15395817395.0,54023400.0,40380100.0,45377800.0,5549500.0,4370000.0,0.0
2023-07-25,10266772793.0,55191200.0,38894400.0,37283200.0,5883800.0,4090100.0,0.0
2023-07-26,13497554655.0,71052900.0,47075700.0,47471900.0,7013800.0,6158400.0,0.0
2023-07-27,10770779217.0,92194400.0,63940200.0,47460200.0,7191600.0,7592800.0,0.0
2023-07-28,11218474952.0,80011800.0,56902900.0,48291400.0,9397300.0,3828800.0,0.0
2023-07-29,6481775959.0,,,,,,
2023-07-30,8678454527.0,,,,,,
2023-07-31,11656781982.0,62040400.0,44019900.0,38824100.0,7955200.0,5494800.0,0.0
2023-08-01,18272392391.0,55291500.0,41060600.0,35175100.0,5718800.0,6239700.0,0.0
2023-08-02,19212655598.0,93933400.0,72687100.0,50389300.0,5636000.0,6339700.0,0.0
2023-08-03,12780357746.0,64276100.0,47666400.0,61235200.0,5792700.0,4636300.0,0.0
2023-08-04,12036639988.0,100128900.0,61702800.0,115956800.0,4785900.0,5326200.0,0.0
2023-08-05,6598366353.0,,,,,,
2023-08-06,7269806994.0,,,,,,
2023-08-07,13618163710.0,58357500.0,37230400.0,97576100.0,4107400.0,4510400.0,0.0
2023-08-08,17570561357.0,71361300.0,44726500.0,67823000.0,4625500.0,6162900.0,0.0
2023-08-09,18379521213.0,78789600.0,51150900.0,60378500.0,4293200.0,4644000.0,0.0
2023-08-10,11865344789.0,93005500.0,72035300.0,54686900.0,4307800.0,5934600.0,0.0
2023-08-11,10195168197.0,68690900.0,48707200.0,52036700.0,3862300.0,5289700.0,0.0
2023-08-12,6194358008.0,,,,,,
2023-08-13,7329897180.0,,,,,,
2023-08-14,14013695304.0,47867400.0,42130800.0,43675600.0,4297600.0,9554500.0,0.0
2023-08-15,12640195779.0,75707500.0,45539900.0,43622600.0,6921100.0,7582700.0,0.0
2023-08-16,14949271904.0,80107200.0,53190500.0,46964900.0,6356800.0,6559400.0,0.0
2023-08-17,31120851211.0,95711300.0,62604300.0,66062900.0,6419500.0,7937700.0,0.0
2023-08-18,24026236529.0,98852000.0,61191400.0,61172200.0,5448200.0,6253000.0,0.0
2023-08-19,10631443812.0,,,,,,
2023-08-20,9036580420.0,,,,,,
2023-08-21,13371557893.0,68719000.0,50696500.0,46311900.0,4504700.0,4206400.0,0.0
2023-08-22,14503820706.0,64994200.0,44530200.0,42038900.0,4195600.0,5892200.0,0.0
2023-08-23,16985265785.0,68441000.0,51770600.0,52722800.0,4522500.0,7949100.0,0.0
2023-08-24,12871532023.0,88517300.0,66842500.0,54945800.0,4088900.0,5526400.0,0.0
2023-08-25,12406045118.0,102325100.0,69960500.0,51449600.0,3541500.0,6132800.0,0.0
2023-08-26,6034817316.0,,,,,,
2023-08-27,6913768611.0,,,,,,
2023-08-28,11002805166.0,61595400.0,40910000.0,43820700.0,3614700.0,4740700.0,0.0
2023-08-29,29368391712.0,83081900.0,58492400.0,53003900.0,4034600.0,7576600.0,0.0
2023-08-30,16343655235.0,69053900.0,41731500.0,60813900.0,3712200.0,6593700.0,0.0
2023-08-31,20181001451.0,66084600.0,35730700.0,60794500.0,5451400.0,4795600.0,0.0
2023-09-01,17202862221.0,58944100.0,39801200.0,45766500.0,4126300.0,4970700.0,0.0
2023-09-02,10100387473.0,,,,,,
2023-09-03,8962524523.0,,,,,,
2023-09-04,10680635106.0,,,,,,0.0
2023-09-05,11094740040.0,55166200.0,32344200.0,45280000.0,5097000.0,7056800.0,0.0
2023-09-06,12752705327.0,70758500.0,42998700.0,81755800.0,3877400.0,6427200.0,0.0
2023-09-07,11088307100.0,70355400.0,52060700.0,112488800.0,4824800.0,3257200.0,0.0
2023-09-08,10817356400.0,61659700.0,35800100.0,65551300.0,3384700.0,3292700.0,0.0
2023-09-09,5481314132.0,,,,,,
2023-09-10,7899553047.0,,,,,,
2023-09-11,14600006467.0,60180100.0,39936600.0,58953100.0,4288500.0,3689100.0,0.0
2023-09-12,18657279324.0,67565400.0,41391000.0,90370200.0,4537800.0,4445400.0,0.0
2023-09-13,13072077070.0,60199300.0,46300700.0,84267900.0,4040600.0,3874800.0,0.0
2023-09-14,13811359124.0,83430800.0,48039400.0,60895800.0,4606800.0,6184400.0,0.0
2023-09-15,11479735788.0,111848900.0,69811200.0,109259500.0,10262400.0,5620900.0,0.0
2023-09-16,7402031417.0,,,,,,
2023-09-17,6774210670.0,,,,,,
2023-09-18,15615339655.0,55752200.0,36903500.0,67257600.0,3536500.0,5049300.0,0.0
2023-09-19,13807690550.0,66514600.0,37621700.0,51826900.0,4704200.0,4224700.0,0.0
2023-09-20,13281116604.0,82562600.0,45514200.0,58436200.0,5446400.0,9328000.0,0.0
2023-09-21,13371443708.0,104095800.0,69734800.0,63149100.0,5096400.0,7571900.0,0.0
2023-09-22,10578746709.0,100829700.0,51589700.0,56725400.0,6327000.0,3634800.0,0.0
2023-09-23,7404700301.0,,,,,,
2023-09-24,8192867686.0,,,,,,
2023-09-25,11997833257.0,70874500.0,39168000.0,46172700.0,5527000.0,5582100.0,0.0
2023-09-26,9985498161.0,96168400.0,53657700.0,64588900.0,6366500.0,7181100.0,0.0
2023-09-27,11718380997.0,104705800.0,56066000.0,66921800.0,5403700.0,10919600.0,0.0
2023-09-28,14079002707.0,92258300.0,56453300.0,56294400.0,6237100.0,10061900.0,0.0
2023-09-29,10396435377.0,115111300.0,64829600.0,51861100.0,6683300.0,10427400.0,0.0
2023-09-30,5331172801.0,,,,,,
2023-10-01,9503917434.0,,,,,,
2023-10-02,19793041322.0,83798600.0,51625100.0,52164500.0,5153800.0,12706000.0,0.0
2023-10-03,11407814187.0,103760600.0,60478500.0,49594600.0,4670600.0,11459800.0,0.0
2023-10-04,11143355314.0,87453000.0,54786700.0,53020300.0,4727800.0,10034600.0,0.0
2023-10-05,11877253670.0,70142700.0,45897400.0,48527900.0,5205700.0,6970200.0,0.0
2023-10-06,13492391599.0,113273300.0,75049100.0,57266700.0,7406700.0,9948400.0,0.0
2023-10-07,6553044316.0,,,,,,
2023-10-08,7916875290.0,,,,,,
2023-10-09,12007668568.0,80374400.0,45304800.0,42390800.0,5062200.0,10201500.0,0.0
2023-10-10,9973350678.0,78607300.0,46968800.0,43698000.0,5988900.0,5844000.0,0.0
2023-10-11,13648094333.0,62451700.0,38215100.0,47551100.0,5469100.0,7128000.0,0.0
2023-10-12,9392909295.0,81154200.0,49587900.0,56743100.0,5965600.0,5912700.0,0.0
2023-10-13,15165312851.0,95143100.0,52469900.0,51427100.0,7078900.0,18796500.0,0.0
2023-10-14,5388116782.0,,,,,,
2023-10-15,7098201980.0,,,,,,
2023-10-16,27833876539.0,75433200.0,44201100.0,52517000.0,6509800.0,8385400.0,0.0
2023-10-17,14872527508.0,75324700.0,50999100.0,57549400.0,6160100.0,8231900.0,0.0
2023-10-18,12724128586.0,93559800.0,54280500.0,54764400.0,10508500.0,13920800.0,0.0
2023-10-19,14448058195.0,121323000.0,72274200.0,59302900.0,8146000.0,13406600.0,0.0
2023-10-20,21536125230.0,123919900.0,72559700.0,64244000.0,7284200.0,12785700.0,0.0
2023-10-21,11541146996.0,,,,,,
2023-10-22,10446520040.0,,,,,,
2023-10-23,38363572311.0,92035100.0,60665200.0,55980100.0,5981800.0,9479800.0,0.0
2023-10-24,44934999645.0,78564200.0,47082100.0,43816600.0,6322000.0,6594000.0,0.0
2023-10-25,25254318008.0,94223200.0,71190500.0,57157000.0,6172900.0,10087000.0,0.0
2023-10-26,19427195376.0,115156800.0,78621400.0,70625300.0,7582100.0,7671400.0,0.0
2023-10-27,16418032871.0,107367700.0,63476700.0,58499100.0,8131800.0,14102800.0,0.0
2023-10-28,10160330825.0,,,,,,
2023-10-29,11160323986.0,,,,,,
2023-10-30,17184860315.0,86562700.0,55298500.0,51131000.0,5412800.0,8756400.0,0.0
2023-10-31,15758270810.0,79665200.0,47671900.0,44846000.0,6762100.0,10104600.0,0.0
2023-11-01,22446272005.0,98068100.0,58992700.0,56934900.0,5896900.0,9048600.0,0.0
2023-11-02,20998158544.0,94938900.0,58162400.0,77334800.0,5859200.0,7343700.0,0.0
2023-11-03,17158456701.0,100167800.0,53280500.0,79829200.0,6587700.0,8530400.0,0.0
2023-11-04,9561294264.0,,,,,,
2023-11-05,12412743996.0,,,,,,
2023-11-06,12693436420.0,67831700.0,38848700.0,63841300.0,6480800.0,8274700.0,0.0
2023-11-07,18834737789.0,64256100.0,50777400.0,70530000.0,6003800.0,6795800.0,0.0
2023-11-08,17295394918.0,61746000.0,35663400.0,49340300.0,4832600.0,6738300.0,0.0
2023-11-09,37762672382.0,83174400.0,53859400.0,53763500.0,6581500.0,6486300.0,0.0
2023-11-10,22711265155.0,89462200.0,58309800.0,66133400.0,5387200.0,7606600.0,0.0
2023-11-11,13924272142.0,,,,,,
2023-11-12,11545715999.0,,,,,,
2023-11-13,19057712790.0,52236100.0,40733500.0,43627500.0,6297500.0,5385900.0,0.0
2023-11-14,23857403554.0,97176900.0,67792600.0,60108400.0,7982600.0,6831600.0,0.0
2023-11-15,27365821679.0,77327600.0,54141400.0,53790500.0,7672600.0,4909400.0,0.0
2023-11-16,26007385366.0,66665800.0,45343500.0,54412900.0,7590500.0,8253300.0,0.0
2023-11-17,22445028430.0,83133200.0,46571900.0,50922700.0,8495600.0,4871100.0,0.0
2023-11-18,11886022717.0,,,,,,
2023-11-19,12915986553.0,,,,,,
2023-11-20,20888209068.0,69936200.0,44429600.0,46505100.0,6856500.0,5389300.0,0.0
2023-11-21,25172163756.0,49244600.0,43337000.0,38134500.0,7310400.0,7322400.0,0.0
2023-11-22,24397247860.0,59394900.0,44121000.0,39617700.0,4372700.0,4337700.0,0.0
2023-11-23,14214948217.0,,,,,,0.0
2023-11-24,22922957823.0,29737400.0,15718800.0,24048300.0,2132500.0,2445100.0,0.0
2023-11-25,9099571165.0,,,,,,
2023-11-26,13744796068.0,,,,,,
2023-11-27,19002925720.0,50506000.0,34139700.0,40552600.0,6021300.0,6320400.0,0.0
2023-11-28,21696137014.0,62115000.0,35491100.0,38415400.0,6110400.0,10901900.0,0.0
2023-11-29,20728546658.0,63146000.0,38811700.0,43014200.0,5342700.0,8407300.0,0.0
2023-11-30,18115982627.0,79752700.0,52834400.0,48794400.0,9771300.0,7558100.0,0.0
2023-12-01,23512784002.0,89183400.0,40490100.0,45704800.0,5685400.0,16727600.0,0.0
2023-12-02,15534035612.0,,,,,,
2023-12-03,15769696322.0,,,,,,
2023-12-04,39856129827.0,72430900.0,51186900.0,43389500.0,6578300.0,18460500.0,0.0
2023-12-05,36312154535.0,69793500.0,42933000.0,66628400.0,11895800.0,7027700.0,0.0
2023-12-06,29909761586.0,69124700.0,41994100.0,41089700.0,7610000.0,5778600.0,0.0
2023-12-07,27635760671.0,66995400.0,49593500.0,47477700.0,6119600.0,5802000.0,0.0
2023-12-08,24421116687.0,83194400.0,46687500.0,53406400.0,6385300.0,7883200.0,0.0
2023-12-09,17368210171.0,,,,,,
2023-12-10,13000481418.0,,,,,,
2023-12-11,40632672038.0,65002200.0,41198000.0,60943700.0,8471200.0,8519500.0,0.0
2023-12-12,24779520132.0,68327600.0,39221200.0,52696900.0,6069200.0,5056900.0,0.0
2023-12-13,26797884674.0,93278000.0,55408100.0,70404200.0,9055500.0,10635500.0,0.0
2023-12-14,25578530178.0,119026000.0,55447800.0,66831600.0,10565200.0,9107200.0,0.0
2023-12-15,19639442462.0,141553700.0,62896600.0,128538400.0,14550000.0,8324800.0,0.0
2023-12-16,14386729590.0,,,,,,
2023-12-17,16678702876.0,,,,,,
2023-12-18,25224642008.0,70375300.0,46610000.0,55751900.0,8421800.0,5358000.0,0.0
2023-12-19,23171001281.0,55761800.0,35711900.0,40714100.0,5233600.0,6025600.0,0.0
2023-12-20,27868908174.0,102921000.0,54042400.0,52242800.0,7663800.0,6002400.0,0.0
2023-12-21,22452766169.0,86667500.0,45568900.0,46482500.0,6104700.0,4620000.0,0.0
2023-12-22,21028503216.0,67160400.0,34314000.0,37149600.0,4413800.0,7176300.0,0.0
2023-12-23,13507796558.0,,,,,,
2023-12-24,18830554085.0,,,,,,
2023-12-25,21115795370.0,,,,,,0.0
2023-12-26,30026850982.0,55387000.0,22722500.0,28919300.0,3634900.0,4502700.0,0.0
2023-12-27,25260941032.0,68000300.0,31980500.0,48087700.0,4569400.0,5813300.0,0.0
2023-12-28,22992093014.0,77158100.0,27029200.0,34049900.0,5023000.0,6171500.0,0.0
2023-12-29,26000021055.0,122283100.0,42662100.0,42672100.0,5300900.0,4612300.0,0.0
2023-12-30,16013925945.0,,,,,,
2023-12-31,16397498810.0,,,,,,
2024-01-01,18426978443.0,,,,,,0.0
2024-01-02,39335274536.0,123623700.0,58026900.0,82488700.0,7238400.0,6025600.0,0.0
2024-01-03,46342323118.0,103585900.0,47002800.0,58414500.0,7697500.0,8661600.0,0.0
2024-01-04,30448091210.0,84232200.0,39432800.0,71983600.0,7067400.0,4416700.0,0.0
2024-01-05,32336029347.0,86118900.0,44922800.0,62379700.0,5294200.0,7481900.0,0.0
2024-01-06,16092503468.0,,,,,,
2024-01-07,19330573863.0,,,,,,
2024-01-08,42746192015.0,74879100.0,42473800.0,59144500.0,8255300.0,6215000.0,0.0
2024-01-09,39821290992.0,65931400.0,39132900.0,42841800.0,9786800.0,4437300.0,0.0
2024-01-10,50114613298.0,67310600.0,33962800.0,46792900.0,8591100.0,4504700.0,0.0
2024-01-11,45833734549.0,77940700.0,54536200.0,49128400.0,6659400.0,6831100.0,0.0
2024-01-12,43332698900.0,58026400.0,39595000.0,40477800.0,5684700.0,6833700.0,0.0
2024-01-13,20601860469.0,,,,,,
2024-01-14,17521429522.0,,,,,,
2024-01-15,22320220558.0,,,,,,0.0
2024-01-16,24062872740.0,85014900.0,43903000.0,65603000.0,8120100.0,6548100.0,0.0
2024-01-17,20851232595.0,68843900.0,54386000.0,47317400.0,6541400.0,8643200.0,0.0
2024-01-18,25218357242.0,91856200.0,59562500.0,78005800.0,6526200.0,4685200.0,0.0
2024-01-19,25752407154.0,110834500.0,70325100.0,68903000.0,7848100.0,5719700.0,0.0
2024-01-20,11586690904.0,,,,,,
2024-01-21,9344043642.0,,,,,,
2024-01-22,31338708143.0,75844900.0,44880600.0,60133900.0,11084100.0,4397500.0,0.0
2024-01-23,29244553045.0,49945300.0,33003800.0,42355600.0,19101600.0,5040800.0,0.0
2024-01-24,22359526178.0,81765000.0,46948000.0,53631300.0,11592700.0,6085400.0,0.0
2024-01-25,18491782013.0,72525000.0,44367200.0,54822100.0,10352500.0,4651000.0,0.0
2024-01-26,25598119893.0,76641600.0,37137000.0,44594000.0,8356600.0,5064800.0,0.0
2024-01-27,11422941934.0,,,,,,
2024-01-28,16858971687.0,,,,,,
2024-01-29,20668476578.0,61322800.0,38694700.0,47145600.0,8987400.0,5629700.0,0.0
2024-01-30,23842814518.0,58618400.0,36739000.0,55859400.0,7794700.0,4976500.0,0.0
2024-01-31,24673628793.0,126011100.0,64010600.0,55467800.0,8870000.0,7886100.0,0.0
2024-02-01,21423953779.0,91891600.0,51008600.0,64885400.0,7601100.0,10278100.0,0.0
2024-02-02,18603843039.0,99228200.0,59602400.0,102551700.0,7937700.0,7337600.0,0.0
2024-02-03,11169245236.0,,,,,,
2024-02-04,14802225490.0,,,,,,
2024-02-05,18715487317.0,75757100.0,39889200.0,69668800.0,6931900.0,5436100.0,0.0
2024-02-06,16798476726.0,55918600.0,35846100.0,43490800.0,6185400.0,4866100.0,0.0
2024-02-07,21126587775.0,70556500.0,37712700.0,53439000.0,7209300.0,6276900.0,0.0
2024-02-08,26154524080.0,52343600.0,29889900.0,40962000.0,6121600.0,3873300.0,0.0
2024-02-09,39316770844.0,63979400.0,36943900.0,45155200.0,5978000.0,4412600.0,0.0
2024-02-10,16398681570.0,,,,,,
2024-02-11,19315867136.0,,,,,,
2024-02-12,34511985805.0,56502300.0,33203300.0,41781900.0,5482000.0,4706300.0,0.0
2024-02-13,35593051468.0,113099200.0,64491700.0,56529500.0,6046800.0,9525800.0,0.0
2024-02-14,39105608050.0,68387800.0,45092700.0,54630500.0,5727300.0,7031600.0,0.0
2024-02-15,38564360533.0,61683000.0,38796100.0,65434500.0,6249200.0,6228900.0,0.0
2024-02-16,28180567298.0,75532900.0,53716500.0,49752500.0,6617600.0,6518500.0,0.0
2024-02-17,20009091006.0,,,,,,
2024-02-18,17595377311.0,,,,,,
2024-02-19,21362184346.0,,,,,,0.0
2024-02-20,33353758256.0,71736700.0,53999500.0,53665600.0,6622100.0,5531200.0,0.0
2024-02-21,28624907020.0,59293400.0,49779000.0,41371400.0,7121000.0,5789200.0,0.0
2024-02-22,25413900611.0,76402500.0,53887800.0,52292200.0,6619500.0,4550800.0,0.0
2024-02-23,21427078270.0,61321800.0,39853900.0,45119700.0,5486500.0,6827300.0,0.0
2024-02-24,15174077879.0,,,,,,
2024-02-25,15413239245.0,,,,,,
2024-02-26,34074411896.0,50386700.0,33043200.0,40867400.0,4531900.0,4491900.0,0.0
2024-02-27,49756832031.0,48854500.0,33713200.0,54318900.0,3868200.0,5165400.0,0.0
2024-02-28,83239156760.0,56506600.0,32938800.0,48953900.0,3802900.0,2824100.0,0.0
2024-02-29,65496611844.0,83924800.0,42495200.0,136682600.0,8348100.0,6848600.0,0.0
2024-03-01,40186368423.0,76844800.0,43853000.0,73563100.0,4819800.0,13411000.0,0.0
2024-03-02,23888473685.0,,,,,,
2024-03-03,26253811450.0,,,,,,
2024-03-04,70670471105.0,49799300.0,34325700.0,81510100.0,3841600.0,12216300.0,0.0
2024-03-05,102802940877.0,72855600.0,57917100.0,95132400.0,4481600.0,9672200.0,0.0
2024-03-06,68750229073.0,68382400.0,46234500.0,68587700.0,5405700.0,10459300.0,0.0
2024-03-07,46989543159.0,58652100.0,44526700.0,71765100.0,4783900.0,8403700.0,0.0
2024-03-08,59202881172.0,86532500.0,72096000.0,76267000.0,5080200.0,13540100.0,0.0
2024-03-09,21609650379.0,,,,,,
2024-03-10,35683977532.0,,,,,,
2024-03-11,65716656765.0,62557200.0,45860000.0,60139500.0,5170900.0,7329600.0,0.0
2024-03-12,62554434520.0,73114400.0,55300900.0,59825400.0,4229100.0,9436600.0,0.0
2024-03-13,48212536929.0,55104100.0,37928700.0,52488700.0,5410500.0,5930000.0,0.0
2024-03-14,59594605698.0,110171800.0,52195200.0,72913500.0,5848100.0,6865000.0,0.0
2024-03-15,78320453976.0,107646300.0,73069800.0,121752700.0,10956900.0,4556700.0,0.0
2024-03-16,46842198371.0,,,,,,
2024-03-17,44716864318.0,,,,,,
2024-03-18,49261579492.0,88893300.0,47323800.0,75604200.0,6086300.0,7206800.0,0.0
2024-03-19,74215844794.0,60755300.0,43004100.0,55215200.0,6148100.0,4657500.0,0.0
2024-03-20,66792634382.0,69594600.0,43653500.0,53423100.0,4870300.0,9593800.0,0.0
2024-03-21,44480350565.0,60256100.0,39345700.0,106181300.0,5211500.0,7396500.0,0.0
2024-03-22,41401116964.0,79070800.0,28253900.0,71160100.0,6393200.0,6918500.0,0.0
2024-03-23,24738964812.0,,,,,,
2024-03-24,27206630673.0,,,,,,
2024-03-25,42700139523.0,48512100.0,27789200.0,54288300.0,7145600.0,4034800.0,0.0
2024-03-26,36010437368.0,65463700.0,34142000.0,57388400.0,5842700.0,5752700.0,0.0
2024-03-27,40827113309.0,82999800.0,41359200.0,60273300.0,6599700.0,6041000.0,0.0
2024-03-28,34374900617.0,96294900.0,36839600.0,65672700.0,7191500.0,9194500.0,0.0
2024-03-29,25230851763.0,,,,,,0.0
2024-03-30,17130241883.0,,,,,,
2024-03-31,20050941373.0,,,,,,
2024-04-01,34873527352.0,62477500.0,38729000.0,46240500.0,5971900.0,13677100.0,0.0
2024-04-02,50705240709.0,74230300.0,44259700.0,49329500.0,6771200.0,13421100.0,0.0
2024-04-03,34488018367.0,59155800.0,39949800.0,47691700.0,9601800.0,11416200.0,0.0
2024-04-04,34439527442.0,96858100.0,57267700.0,53704400.0,6801700.0,12307300.0,0.0
2024-04-05,33748230056.0,74546500.0,54744600.0,42104800.0,5121200.0,13382700.0,0.0
2024-04-06,19967785809.0,,,,,,
2024-04-07,21204930369.0,,,,,,
2024-04-08,37261432669.0,48401800.0,28144900.0,37425500.0,5476800.0,10331400.0,0.0
2024-04-09,36426900409.0,68049200.0,39443600.0,42373800.0,4608100.0,13069900.0,0.0
2024-04-10,38318601774.0,82652800.0,61502200.0,49709300.0,7784900.0,13317500.0,0.0
2024-04-11,30153382941.0,70099000.0,45474600.0,91070300.0,8209800.0,11415200.0,0.0
2024-04-12,44129299406.0,92561100.0,53665000.0,101670900.0,6770500.0,30898800.0,0.0
2024-04-13,52869738185.0,,,,,,
2024-04-14,49084320047.0,,,,,,
2024-04-15,43595917654.0,92101400.0,63453600.0,73531800.0,5754000.0,13239000.0,0.0
2024-04-16,42847528078.0,73484000.0,47619000.0,73711200.0,6103300.0,10746100.0,0.0
2024-04-17,41915247049.0,75910300.0,56880500.0,50901200.0,6621900.0,11521100.0,0.0
2024-04-18,36006307335.0,74548100.0,46549400.0,43122900.0,7819300.0,6496900.0,0.0
2024-04-19,49920425401.0,102212600.0,75231000.0,68149400.0,12034200.0,8689000.0,0.0
2024-04-20,23097485495.0,,,,,,
2024-04-21,20506644853.0,,,,,,
2024-04-22,28282686673.0,67961000.0,47807700.0,48116400.0,8926300.0,13404300.0,0.0
2024-04-23,24310975583.0,64633600.0,44384700.0,49537800.0,7707300.0,10730300.0,0.0
2024-04-24,30276655120.0,55928100.0,48440300.0,48251800.0,7217600.0,5741100.0,0.0
2024-04-25,32155786816.0,69122400.0,57392200.0,50558300.0,7094600.0,6606500.0,0.0
2024-04-26,24139372950.0,64306100.0,41874900.0,44838400.0,5659800.0,6268500.0,0.0
2024-04-27,19530783039.0,,,,,,
2024-04-28,17334827993.0,,,,,,
2024-04-29,26635912073.0,46415400.0,30022200.0,68169400.0,4621000.0,6409900.0,0.0
2024-04-30,37840840057.0,77483600.0,43665900.0,65934800.0,8106100.0,11248600.0,0.0
2024-05-01,48439780271.0,80242800.0,52251700.0,50383100.0,7543000.0,10373900.0,0.0
2024-05-02,32711813559.0,62550200.0,36559000.0,94214900.0,5647500.0,6287000.0,0.0
2024-05-03,33172023048.0,72756700.0,48515300.0,163224100.0,5581500.0,8679900.0,0.0
2024-05-04,20620477992.0,,,,,,
2024-05-05,18296164805.0,,,,,,
2024-05-06,28697928697.0,47264700.0,30227200.0,78569700.0,5472400.0,6840500.0,0.0
2024-05-07,25930730982.0,52561300.0,30996100.0,77305800.0,6433000.0,5660700.0,0.0
2024-05-08,26088172222.0,42047200.0,24896700.0,45057100.0,4579400.0,4462700.0,0.0
2024-05-09,25453338161.0,43643700.0,24580100.0,48983000.0,4671100.0,7732500.0,0.0
2024-05-10,27804954694.0,52233200.0,27116600.0,50759500.0,4879400.0,8700900.0,0.0
2024-05-11,13842272968.0,,,,,,
2024-05-12,13800459405.0,,,,,,
2024-05-13,27889181179.0,36716400.0,22994200.0,72044800.0,5725500.0,4896300.0,0.0
2024-05-14,28186271527.0,57535900.0,34478300.0,52393600.0,6009800.0,4662700.0,0.0
2024-05-15,39815167074.0,59504900.0,41464700.0,70400000.0,5102700.0,9297700.0,0.0
2024-05-16,31573077994.0,50244800.0,34780400.0,52845200.0,6793600.0,4301700.0,0.0
2024-05-17,28031279310.0,59187600.0,35803700.0,41282900.0,4700800.0,10481900.0,0.0
2024-05-18,16712277406.0,,,,,,
2024-05-19,19249094538.0,,,,,,
2024-05-20,43850655717.0,37764200.0,24474200.0,44361300.0,3804600.0,5990900.0,0.0
2024-05-21,46932005990.0,33437000.0,23167700.0,42309400.0,5147100.0,4002600.0,0.0
2024-05-22,32802561717.0,48390000.0,25120000.0,34648500.0,4536700.0,8903100.0,0.0
2024-05-23,41895680979.0,57211200.0,40899200.0,51005900.0,4729800.0,9537900.0,0.0
2024-05-24,29197308153.0,41291100.0,29669500.0,36327000.0,3820100.0,4212400.0,0.0
2024-05-25,15473071741.0,,,,,,
2024-05-26,15628433737.0,,,,,,
2024-05-27,25870990717.0,,,,,,0.0
2024-05-28,32722265965.0,36269600.0,26216800.0,52280100.0,6466200.0,3809700.0,0.0
2024-05-29,26707072906.0,45190300.0,29739200.0,53068000.0,4360400.0,4185000.0,0.0
2024-05-30,29509712534.0,46377600.0,30536800.0,49889100.0,4748200.0,3068800.0,0.0
2024-05-31,27387283769.0,90785800.0,55941300.0,75158300.0,10341400.0,5617200.0,0.0
2024-06-01,11641495604.0,,,,,,
2024-06-02,17110588415.0,,,,,,
2024-06-03,32401285324.0,46835700.0,32997500.0,50080500.0,5828400.0,6172600.0,0.0
2024-06-04,33149696545.0,34632700.0,23767400.0,47471400.0,6277000.0,5509400.0,0.0
2024-06-05,32810771409.0,47610400.0,33817400.0,54156800.0,5243300.0,5479200.0,0.0
2024-06-06,25223152007.0,30808500.0,21966800.0,41181800.0,6302000.0,5283900.0,0.0
2024-06-07,36188381096.0,43224500.0,25829700.0,53103900.0,4558200.0,12195100.0,0.0
2024-06-08,14262185861.0,,,,,,
2024-06-09,13534028500.0,,,,,,
2024-06-10,20597699541.0,35686100.0,20660800.0,97010200.0,4110600.0,4215300.0,0.0
2024-06-11,37116136345.0,36383400.0,22053300.0,172373300.0,3947700.0,4004100.0,0.0
2024-06-12,34497940694.0,63251300.0,34532600.0,198134300.0,5474500.0,5911900.0,0.0
2024-06-13,28955204146.0,44760900.0,25859000.0,97862700.0,4902200.0,5861100.0,0.0
2024-06-14,27403884779.0,40089900.0,23372600.0,70122700.0,3695000.0,7076500.0,0.0
2024-06-15,14121265576.0,,,,,,
2024-06-16,13281140541.0,,,,,,
2024-06-17,30006354476.0,55839500.0,37054500.0,93728300.0,6759400.0,3877700.0,0.0
2024-06-18,39481285950.0,41376400.0,24438600.0,79943300.0,5112600.0,4921400.0,0.0
2024-06-19,21103423504.0,,,,,,0.0
2024-06-20,25641109124.0,70328200.0,33918700.0,86172500.0,8483600.0,7290500.0,0.0
2024-06-21,26188171739.0,64338600.0,37456800.0,241805100.0,14682000.0,8865600.0,0.0
2024-06-22,9858198793.0,,,,,,
2024-06-23,11170471802.0,,,,,,
2024-06-24,43152133651.0,45528700.0,37751000.0,80727000.0,7565200.0,4626900.0,0.0
2024-06-25,29201215431.0,37936200.0,29014700.0,55549700.0,7968200.0,3820900.0,0.0
2024-06-26,22506003064.0,38550600.0,22737100.0,66213200.0,5164000.0,4690300.0,0.0
2024-06-27,21231745045.0,35041500.0,26222100.0,49772700.0,5007000.0,4977800.0,0.0
2024-06-28,24952866877.0,76144500.0,34881600.0,82542700.0,9253100.0,3955100.0,0.0
2024-06-29,12652903396.0,,,,,,
2024-06-30,17333226409.0,,,,,,
2024-07-01,25468379421.0,40297800.0,24898300.0,60402900.0,7638600.0,3797900.0,0.0
2024-07-02,20151616992.0,40434800.0,26723600.0,58046200.0,5449200.0,4921700.0,0.0
2024-07-03,29756701685.0,32789900.0,18064900.0,37369800.0,2980500.0,5055300.0,0.0
2024-07-04,41149609230.0,,,,,,0.0
2024-07-05,55417544033.0,41488400.0,28495900.0,60412400.0,6509200.0,5950600.0,0.0
2024-07-06,20610320577.0,,,,,,
2024-07-07,20553359505.0,,,,,,
2024-07-08,39766159899.0,36110500.0,22109400.0,59085900.0,5144500.0,5790800.0,0.0
2024-07-09,27849512607.0,27289700.0,25614500.0,48076100.0,4393100.0,3901500.0,0.0
2024-07-10,26175260526.0,38701200.0,28046900.0,62627700.0,5037100.0,5556200.0,0.0
2024-07-11,28707803842.0,53054200.0,49966600.0,64710600.0,5831500.0,9322000.0,0.0
2024-07-12,25604805221.0,53084400.0,37109400.0,53046500.0,4684600.0,5179300.0,0.0
2024-07-13,17080061806.0,,,,,,
2024-07-14,22223416061.0,,,,,,
2024-07-15,38094526099.0,40584300.0,31151400.0,62631300.0,5752500.0,5719300.0,0.0
2024-07-16,41617346768.0,36475300.0,25950600.0,43234300.0,6378300.0,11070700.0,0.0
2024-07-17,32525071311.0,57119000.0,56268800.0,57345900.0,7982300.0,8620500.0,0.0
2024-07-18,27239305337.0,56270400.0,49347400.0,66034600.0,5926300.0,5485500.0,0.0
2024-07-19,37003855410.0,65509100.0,42042900.0,49151500.0,6597100.0,8666000.0,0.0
2024-07-20,19029581250.0,,,,,,
2024-07-21,26652190004.0,,,,,,
2024-07-22,42649109453.0,43346700.0,40300000.0,48201800.0,6383000.0,5334100.0,0.0
2024-07-23,35605668666.0,34439600.0,23282500.0,39960300.0,4863400.0,4435700.0,0.0
2024-07-24,27470942309.0,74515300.0,58818600.0,61777600.0,5907000.0,6838800.0,0.0
2024-07-25,38315761670.0,61158300.0,59256800.0,51391200.0,7338300.0,9777100.0,0.0
2024-07-26,30488630457.0,53763800.0,39992100.0,41601300.0,5581600.0,6328800.0,0.0
2024-07-27,34691905492.0,,,,,,
2024-07-28,18043166945.0,,,,,,
2024-07-29,40780682628.0,39515800.0,28218500.0,36311800.0,6797800.0,4665100.0,0.0
2024-07-30,31380492109.0,46853600.0,41317200.0,41643800.0,15746300.0,4939500.0,0.0
2024-07-31,31292785994.0,65663400.0,44552100.0,50036300.0,9660900.0,7316600.0,0.0
2024-08-01,40975554494.0,76428700.0,56653900.0,62501000.0,12532700.0,7217200.0,0.0
2024-08-02,43060875727.0,82789100.0,66323200.0,105568600.0,11899000.0,11109400.0,0.0
2024-08-03,31753030589.0,,,,,,
2024-08-04,31758917219.0,,,,,,
2024-08-05,108991085584.0,146267400.0,87483500.0,119548600.0,10338800.0,8939000.0,0.0
2024-08-06,49300484106.0,84826300.0,63164400.0,69660500.0,7454900.0,14362300.0,0.0
2024-08-07,41637562185.0,70698300.0,54929200.0,63516400.0,8385500.0,5287800.0,0.0
2024-08-08,45298472567.0,63276600.0,47890100.0,47161100.0,6386900.0,6327100.0,0.0
2024-08-09,33425553115.0,45619600.0,33574000.0,42201600.0,5377300.0,4441000.0,0.0
2024-08-10,15745822278.0,,,,,,
2024-08-11,22759754812.0,,,,,,
2024-08-12,37078637820.0,42542100.0,27795000.0,38028100.0,7208100.0,5561300.0,0.0
2024-08-13,30327698167.0,52333100.0,40084500.0,44155300.0,3770000.0,6740200.0,0.0
2024-08-14,29961696180.0,42446900.0,34733700.0,41960600.0,5476600.0,5462500.0,0.0
2024-08-15,35682112440.0,60846800.0,38280600.0,46414000.0,9491400.0,5273300.0,0.0
2024-08-16,29350938673.0,44430700.0,38383600.0,44340200.0,5640800.0,11924500.0,0.0
2024-08-17,13589684021.0,,,,,,
2024-08-18,17740625837.0,,,,,,
2024-08-19,25911207712.0,39121800.0,23737700.0,40687800.0,3885300.0,5164800.0,0.0
2024-08-20,31613400008.0,33732300.0,29209300.0,30299000.0,4513600.0,9073600.0,0.0
2024-08-21,32731154072.0,41514600.0,25658800.0,34765500.0,4082000.0,5337400.0,0.0
2024-08-22,27625734377.0,56121500.0,37739600.0,43695300.0,4097300.0,5765400.0,0.0
2024-08-23,42530509233.0,50639400.0,36061500.0,38677300.0,4771300.0,5418200.0,0.0
2024-08-24,21430585163.0,,,,,,
2024-08-25,18827683555.0,,,,,,
2024-08-26,27682040631.0,35788600.0,27452600.0,30602200.0,6472400.0,3151400.0,0.0
2024-08-27,39103882198.0,32693900.0,27510000.0,35934600.0,4456400.0,4435600.0,0.0
2024-08-28,40289564698.0,41066000.0,37372400.0,38052200.0,5644800.0,4961500.0,0.0
2024-08-29,32224990582.0,38715200.0,41081500.0,51906300.0,4413200.0,5524200.0,0.0
2024-08-30,32292756405.0,62700100.0,33466500.0,52990800.0,7301600.0,5743000.0,0.0
2024-08-31,12403470760.0,,,,,,
2024-09-01,24592449997.0,,,,,,
2024-09-02,27036454524.0,,,,,,0.0
2024-09-03,26666961053.0,60600100.0,44985200.0,50190600.0,10101400.0,6417900.0,0.0
2024-09-04,35627680312.0,47224900.0,32505100.0,43840200.0,7517500.0,4696000.0,0.0
2024-09-05,31030280656.0,44264300.0,34452400.0,36615400.0,6061900.0,4838100.0,0.0
2024-09-06,49361693566.0,68493800.0,50624400.0,48423000.0,5785700.0,6315800.0,0.0
2024-09-07,19061486526.0,,,,,,
2024-09-08,18268287531.0,,,,,,
2024-09-09,34618096173.0,40445800.0,32981200.0,67180000.0,6450200.0,3548800.0,0.0
2024-09-10,28857630507.0,36394600.0,29680300.0,51591000.0,6396300.0,4378300.0,0.0
2024-09-11,37049062672.0,75248600.0,57843000.0,44587100.0,6828200.0,4637300.0,0.0
2024-09-12,33835707949.0,51819600.0,40067800.0,37455600.0,4838900.0,9930200.0,0.0
2024-09-13,32490528356.0,39310500.0,29111800.0,36766600.0,3918000.0,7455100.0,0.0
2024-09-14,16428405496.0,,,,,,
2024-09-15,18120960867.0,,,,,,
2024-09-16,32032822113.0,36656100.0,22585600.0,59357400.0,6892300.0,4713500.0,0.0
2024-09-17,38075570118.0,49321000.0,30084400.0,45519300.0,4757100.0,5257100.0,0.0
2024-09-18,40990702891.0,59044900.0,39909200.0,59894900.0,5102900.0,11081100.0,0.0
2024-09-19,42710252573.0,75315500.0,52782500.0,66781300.0,8692000.0,6108200.0,0.0
2024-09-20,35177164222.0,77503100.0,34577700.0,318679900.0,28647500.0,7737400.0,0.0
2024-09-21,14408616220.0,,,,,,
2024-09-22,20183348802.0,,,,,,
2024-09-23,31400285425.0,44116900.0,24843000.0,54146000.0,10265000.0,5426200.0,0.0
2024-09-24,29938335243.0,46805700.0,25952600.0,43556100.0,5422400.0,8386300.0,0.0
2024-09-25,25078377700.0,38428600.0,26549900.0,42308700.0,8916500.0,7393400.0,0.0
2024-09-26,36873129847.0,48336000.0,32020200.0,36636700.0,4957200.0,7041100.0,0.0
2024-09-27,32058813449.0,42100900.0,22851100.0,34026000.0,4599500.0,8329600.0,0.0
2024-09-28,15243637984.0,,,,,,
2024-09-29,14788214575.0,,,,,,
2024-09-30,37112957475.0,63557400.0,30281100.0,54541900.0,6296600.0,6916700.0,0.0
2024-10-01,50220923500.0,72668800.0,42735400.0,63285000.0,7130600.0,10605500.0,0.0
2024-10-02,40762722398.0,38097800.0,23744000.0,32880600.0,6212700.0,6798800.0,0.0
2024-10-03,36106447279.0,40846500.0,25337200.0,34044200.0,4794300.0,5674500.0,0.0
2024-10-04,29585472513.0,42939100.0,30686600.0,37245100.0,6002800.0,5947800.0,0.0
2024-10-05,13305410749.0,,,,,,
2024-10-06,14776233667.0,,,,,,
2024-10-07,34253562610.0,49964700.0,24975100.0,39505400.0,6325300.0,3849000.0,0.0
2024-10-08,28134475157.0,37398700.0,28272000.0,31855700.0,7473000.0,7669800.0,0.0
2024-10-09,27670982363.0,37912200.0,24995000.0,33591100.0,8758800.0,4120500.0,0.0
2024-10-10,30452813570.0,44138100.0,25750400.0,28183500.0,6932300.0,4792700.0,0.0
2024-10-11,30327141594.0,42268000.0,20644500.0,31759200.0,7036500.0,5789500.0,0.0
2024-10-12,16744110886.0,,,,,,
2024-10-13,18177529690.0,,,,,,
2024-10-14,43706958056.0,36217200.0,26060100.0,39882100.0,5909000.0,3922900.0,0.0
2024-10-15,48863870879.0,54203600.0,34784500.0,64751400.0,7172200.0,5640800.0,0.0
2024-10-16,38195189534.0,30725400.0,22996800.0,34082200.0,6117000.0,5431900.0,0.0
2024-10-17,32790898511.0,34393700.0,27210700.0,32993800.0,7045600.0,5176200.0,0.0
2024-10-18,36857165014.0,37416800.0,25335000.0,46431500.0,8372500.0,7833600.0,0.0
2024-10-19,14443497908.0,,,,,,
2024-10-20,18975847518.0,,,,,,
2024-10-21,37498611780.0,36439000.0,30336500.0,36254500.0,5522500.0,9258600.0,0.0
2024-10-22,31808472566.0,34183800.0,26685800.0,38846600.0,7511400.0,5756300.0,0.0
2024-10-23,32263980353.0,49314600.0,39346600.0,52287000.0,4837800.0,8081000.0,0.0
2024-10-24,31414428647.0,34979900.0,22024900.0,31109500.0,5861200.0,5962200.0,0.0
2024-10-25,41469984306.0,47268200.0,38762100.0,38802300.0,4877900.0,4424500.0,0.0
2024-10-26,19588098156.0,,,,,,
2024-10-27,16721307878.0,,,,,,
2024-10-28,38799856657.0,30174700.0,20477800.0,36087100.0,5753800.0,4029100.0,0.0
2024-10-29,58541874402.0,42899700.0,28014100.0,35417200.0,5681000.0,8875500.0,0.0
2024-10-30,40646637831.0,41435800.0,29756000.0,47070900.0,5518100.0,6386200.0,0.0
2024-10-31,40627912076.0,60182500.0,41245200.0,64370100.0,6056500.0,9930800.0,0.0
2024-11-01,49989795365.0,45667500.0,33655800.0,65276700.0,5454800.0,6473000.0,0.0
2024-11-02,18184612091.0,,,,,,
2024-11-03,34868307655.0,,,,,,
2024-11-04,41184819348.0,38217000.0,23291600.0,44944500.0,5130200.0,4581400.0,0.0
2024-11-05,46046889204.0,39478300.0,24353600.0,28111300.0,4397400.0,6029900.0,0.0
2024-11-06,118592653963.0,68182000.0,43082200.0,54561100.0,11473700.0,14600200.0,0.0
2024-11-07,63467654989.0,47233200.0,32853100.0,42137700.0,9056700.0,8821400.0,0.0
2024-11-08,55176858003.0,46444900.0,22924500.0,38328800.0,7506200.0,6267900.0,0.0
2024-11-09,29009480361.0,,,,,,
2024-11-10,82570594495.0,,,,,,
2024-11-11,117966845037.0,37586800.0,24167500.0,42005600.0,6364400.0,11653800.0,0.0
2024-11-12,133673285375.0,43006100.0,25835300.0,40398300.0,6507500.0,10145500.0,0.0
2024-11-13,123559027869.0,47388600.0,24567400.0,48566200.0,5412300.0,8431700.0,0.0
2024-11-14,87616705248.0,38904100.0,28679500.0,44923900.0,7444300.0,8262400.0,0.0
2024-11-15,78243109518.0,75988800.0,51461100.0,47923700.0,9939400.0,7299500.0,0.0
2024-11-16,44333192814.0,,,,,,
2024-11-17,46350159305.0,,,,,,
2024-11-18,75535775084.0,37001700.0,27080800.0,44633700.0,6681000.0,6323400.0,0.0
2024-11-19,74521048295.0,49412000.0,24523000.0,36211800.0,5683700.0,6579100.0,0.0
2024-11-20,71730956426.0,50032600.0,29565500.0,35169600.0,7081100.0,6630700.0,0.0
2024-11-21,106024505582.0,46750300.0,34526700.0,42108300.0,6240400.0,7646400.0,0.0
2024-11-22,78473580551.0,38226400.0,23826600.0,38168300.0,10609800.0,7503000.0,0.0
2024-11-23,44414644677.0,,,,,,
2024-11-24,51712020623.0,,,,,,
2024-11-25,80909462490.0,42441400.0,26375200.0,90152800.0,19357000.0,10733100.0,0.0
2024-11-26,91656519855.0,45621300.0,26557100.0,45986200.0,6276700.0,4945900.0,0.0
2024-11-27,71133452438.0,34000200.0,24957400.0,33498400.0,5522900.0,6930600.0,0.0
2024-11-28,52260008261.0,,,,,,0.0
2024-11-29,54968682476.0,30177400.0,15334000.0,28481400.0,3823700.0,2708500.0,0.0
2024-11-30,31634227866.0,,,,,,
2024-12-01,36590695296.0,,,,,,
2024-12-02,72680784305.0,31746000.0,25147200.0,48137100.0,5728200.0,4765000.0,0.0
2024-12-03,67067810961.0,26906600.0,18597900.0,38861000.0,8127300.0,3557800.0,0.0
2024-12-04,77199817112.0,42787600.0,26086200.0,44383900.0,6823500.0,4608600.0,0.0
2024-12-05,149218945580.0,28762200.0,18169600.0,40033900.0,5022200.0,4806200.0,0.0
2024-12-06,94534772658.0,31241500.0,23762600.0,36870600.0,5741200.0,3540700.0,0.0
2024-12-07,44177510897.0,,,,,,
2024-12-08,44125751925.0,,,,,,
2024-12-09,110676473908.0,34742700.0,20674400.0,44649200.0,7164300.0,4711500.0,0.0
2024-12-10,104823780634.0,37234500.0,24350000.0,36914800.0,6219900.0,4642000.0,0.0
2024-12-11,85391409936.0,28677700.0,32168600.0,45205800.0,5237500.0,11033800.0,0.0
2024-12-12,72073983533.0,31543800.0,23577500.0,32777500.0,4072800.0,10149600.0,0.0
2024-12-13,56894751583.0,35904700.0,28780400.0,33155300.0,3884500.0,6602600.0,0.0
2024-12-14,40422968793.0,,,,,,
2024-12-15,51145914137.0,,,,,,
2024-12-16,91020417816.0,43695200.0,31979900.0,51694800.0,5943600.0,3310000.0,0.0
2024-12-17,68589364868.0,55773500.0,28579100.0,51356400.0,6069200.0,4421300.0,0.0
2024-12-18,93865656139.0,108248700.0,54703200.0,56774100.0,7517100.0,8015800.0,0.0
2024-12-19,97221662392.0,85919500.0,46441800.0,60882300.0,8585200.0,8111400.0,0.0
2024-12-20,105634083408.0,125716700.0,60530000.0,147495300.0,21999300.0,9527800.0,0.0
2024-12-21,51765334294.0,,,,,,
2024-12-22,43147981314.0,,,,,,
2024-12-23,65239002919.0,57635800.0,29672800.0,40858800.0,6983900.0,5835500.0,0.0
2024-12-24,47114953674.0,33160100.0,17558200.0,23234700.0,2460800.0,2421000.0,0.0
2024-12-25,33700394629.0,,,,,,0.0
2024-12-26,47054980873.0,41219100.0,19090500.0,27237100.0,3629400.0,4645100.0,0.0
2024-12-27,52419934565.0,64969300.0,33839600.0,42355300.0,4367900.0,4728100.0,0.0
2024-12-28,24107436185.0,,,,,,
2024-12-29,29635885267.0,,,,,,
2024-12-30,56188003691.0,56578800.0,34584000.0,35557500.0,4354500.0,3522500.0,0.0
2024-12-31,43625106843.0,57052700.0,29117000.0,39480700.0,3957600.0,2522100.0,0.0
2025-01-01,24519888919.0,,,,,,
2025-01-02,46009564411.0,50204000.0,36389800.0,55740700.0,5401700.0,6241900.0,0.0
2025-01-03,35611391163.0,37888500.0,29059500.0,40244100.0,5256600.0,4872100.0,0.0
2025-01-04,22342608078.0,,,,,,
2025-01-05,20525254825.0,,,,,,
2025-01-06,51823432705.0,47679400.0,36109700.0,45045600.0,8731700.0,3758900.0,0.0
2025-01-07,58685738547.0,60393100.0,36690300.0,40856000.0,8447400.0,5090300.0,0.0
2025-01-08,63875859171.0,47304700.0,30777800.0,37628900.0,4974800.0,6303300.0,0.0
2025-01-09,62777261693.0,,,,,,0.0
2025-01-10,62058693684.0,73105000.0,40532500.0,61710900.0,8501500.0,12380100.0,0.0
2025-01-11,18860894100.0,,,,,,
2025-01-12,20885130965.0,,,,,,
2025-01-13,72978998252.0,47910100.0,31694200.0,49630700.0,6772200.0,8448600.0,0.0
2025-01-14,53769675818.0,48420600.0,33737200.0,39435300.0,5982200.0,4914800.0,0.0
2025-01-15,57805923627.0,56900200.0,34957600.0,39832000.0,8059200.0,6345000.0,0.0
2025-01-16,54103781805.0,43319700.0,28229000.0,71759100.0,5774400.0,9236000.0,0.0
2025-01-17,71888972663.0,58070600.0,51837900.0,68488300.0,7262700.0,8312900.0,0.0
2025-01-18,50445655726.0,,,,,,
2025-01-19,76789928525.0,,,,,,
2025-01-20,126279678351.0,,,,,,0.0
2025-01-21,88733878242.0,42532900.0,23628000.0,98070400.0,13914700.0,7668100.0,0.0
2025-01-22,53878181052.0,48196000.0,33593000.0,64126500.0,14356700.0,5213800.0,0.0
2025-01-23,104104515428.0,41152100.0,23096600.0,60234800.0,7614300.0,6511500.0,0.0
2025-01-24,52388229265.0,34604700.0,19878300.0,54697900.0,6199800.0,7341300.0,0.0
2025-01-25,23888996502.0,,,,,,
2025-01-26,22543395879.0,,,,,,
2025-01-27,89006608428.0,70361100.0,60771700.0,94863400.0,9170800.0,5799800.0,0.0
2025-01-28,47180685494.0,44433300.0,33194200.0,75707600.0,6716300.0,5332000.0,0.0
2025-01-29,47432049818.0,37177400.0,26649000.0,45486100.0,4850300.0,5671800.0,0.0
2025-01-30,41915744521.0,39281300.0,27431300.0,55658300.0,4136500.0,12981200.0,0.0
2025-01-31,45732764360.0,66566900.0,38755200.0,100959800.0,5464700.0,8961100.0,0.0
2025-02-01,27757944848.0,,,,,,
2025-02-02,63091816853.0,,,,,,
2025-02-03,115400897748.0,65857200.0,40580800.0,73063300.0,8668600.0,11521100.0,0.0
2025-02-04,73002130211.0,33457800.0,26046800.0,45067300.0,6410900.0,9850400.0,0.0
2025-02-05,49125911241.0,30653100.0,21134100.0,39620300.0,7536800.0,12681100.0,0.0
2025-02-06,45302471947.0,35771500.0,19434500.0,29925300.0,4957900.0,8731400.0,0.0
2025-02-07,55741290456.0,50788500.0,29605500.0,39707200.0,4535600.0,9154000.0,0.0
2025-02-08,22447526395.0,,,,,,
2025-02-09,27732901800.0,,,,,,
2025-02-10,40078962391.0,26048700.0,20852800.0,33115600.0,7062900.0,13250300.0,0.0
2025-02-11,37488783272.0,30056700.0,19325500.0,53718400.0,5438100.0,7169500.0,0.0
2025-02-12,49340445530.0,45076100.0,25009400.0,45243300.0,6037400.0,9328600.0,0.0
2025-02-13,37147280860.0,40921300.0,28714800.0,53614100.0,6328300.0,8347500.0,0.0
2025-02-14,32697987277.0,26910400.0,17862600.0,40896200.0,13179500.0,11546700.0,0.0
2025-02-15,17047266288.0,,,,,,
2025-02-16,16536755396.0,,,,,,
2025-02-17,27336550690.0,,,,,,0.0
2025-02-18,37325720482.0,26749000.0,20565000.0,48822500.0,7075300.0,8185900.0,0.0
2025-02-19,28990872862.0,31011100.0,19666900.0,32204200.0,7910700.0,9342500.0,0.0
2025-02-20,31668022771.0,36554000.0,26550800.0,32316900.0,6162600.0,7356900.0,0.0
2025-02-21,49608706470.0,76519800.0,47093800.0,53197400.0,9813700.0,8917400.0,0.0
2025-02-22,18353824477.0,,,,,,
2025-02-23,16999478976.0,,,,,,
2025-02-24,44046480529.0,50737200.0,39268400.0,51326400.0,8564100.0,5374400.0,0.0
2025-02-25,92139104128.0,58266500.0,48940000.0,48013300.0,7314900.0,10079800.0,0.0
2025-02-26,64597492134.0,43321600.0,34457600.0,44433600.0,5519000.0,7276000.0,0.0
2025-02-27,52659591954.0,74196700.0,52448000.0,41153600.0,5467000.0,9374600.0,0.0
2025-02-28,83610570576.0,88744100.0,47654000.0,56833400.0,10240100.0,11504500.0,0.0
2025-03-01,29190628396.0,,,,,,
2025-03-02,58398341092.0,,,,,,
2025-03-03,70072228536.0,74249200.0,44587200.0,47184000.0,7615300.0,7725600.0,0.0
2025-03-04,68095241474.0,109648200.0,67875400.0,53798100.0,12117600.0,8481300.0,0.0
2025-03-05,50498988027.0,71230500.0,46323700.0,47227600.0,6989100.0,6990400.0,0.0
2025-03-06,47749810486.0,80094900.0,57574300.0,45170400.0,6702500.0,6136400.0,0.0
2025-03-07,65945677657.0,81158800.0,54714700.0,46273600.0,9566700.0,10431200.0,0.0
2025-03-08,18206118081.0,,,,,,
2025-03-09,30899345977.0,,,,,,
2025-03-10,54061099422.0,99326600.0,76668000.0,72071200.0,11047000.0,7593900.0,0.0
2025-03-11,54702837196.0,88102100.0,68760800.0,76137400.0,11032300.0,8436600.0,0.0
2025-03-12,40353484454.0,69588200.0,46971100.0,62547500.0,10158800.0,7236200.0,0.0
2025-03-13,31412940153.0,74079400.0,46563300.0,61368300.0,6609000.0,13741500.0,0.0
2025-03-14,29588112414.0,62660300.0,43563000.0,60107600.0,6790500.0,13365000.0,0.0
2025-03-15,13650491277.0,,,,,,
2025-03-16,21330270174.0,,,,,,
2025-03-17,25092785558.0,49008700.0,41744400.0,48073400.0,9931700.0,8583400.0,0.0
2025-03-18,24095774594.0,66041400.0,39072300.0,42432400.0,6099900.0,9596500.0,0.0
2025-03-19,34931960257.0,66556000.0,40430300.0,54385400.0,7569200.0,8822200.0,0.0
2025-03-20,29028988961.0,62958200.0,36780500.0,48862900.0,8789200.0,5863300.0,0.0
2025-03-21,19030452299.0,83763000.0,42234900.0,94127800.0,16027300.0,9359300.0,0.0
2025-03-22,9863214091.0,,,,,,
2025-03-23,12594615537.0,,,,,,
2025-03-24,34582604933.0,58766800.0,34567200.0,44299500.0,6102100.0,7870100.0,0.0
2025-03-25,30005840049.0,38355700.0,26035200.0,34493600.0,8366700.0,5090200.0,0.0
2025-03-26,26704046038.0,51848300.0,34627100.0,34466100.0,7756000.0,3717500.0,0.0
2025-03-27,24413471941.0,42164200.0,33469800.0,37094800.0,6211700.0,8476300.0,0.0
2025-03-28,34198619509.0,71662700.0,46363800.0,39818600.0,5479100.0,9563700.0,0.0
2025-03-29,16969396135.0,,,,,,
2025-03-30,14763760943.0,,,,,,
2025-03-31,29004228247.0,95328200.0,53000300.0,65299300.0,11520100.0,13925100.0,0.0
2025-04-01,28175650319.0,54609600.0,41156200.0,36412700.0,7021100.0,15923600.0,0.0
2025-04-02,47584398470.0,76014500.0,49894500.0,35905900.0,6274500.0,11074800.0,0.0
2025-04-03,36852112080.0,125986000.0,70456300.0,103419000.0,9393300.0,20524400.0,0.0
2025-04-04,45157640207.0,217965100.0,117088400.0,125910900.0,13454200.0,21517200.0,0.0
2025-04-05,14380803631.0,,,,,,
2025-04-06,36294853736.0,,,,,,
2025-04-07,91262424987.0,256611400.0,161557000.0,160466300.0,15708000.0,19807000.0,0.0
2025-04-08,48314590749.0,165816600.0,101248100.0,120859500.0,11541100.0,12639500.0,0.0
2025-04-09,84213627038.0,241867300.0,142876900.0,184395900.0,10670200.0,25342200.0,0.0
2025-04-10,44718000633.0,162331200.0,108384100.0,121880000.0,10581600.0,19837800.0,0.0
2025-04-11,41656778779.0,97866300.0,52483800.0,87435900.0,8602800.0,21080100.0,0.0
2025-04-12,24258059104.0,,,,,,
2025-04-13,28796984817.0,,,,,,
2025-04-14,34090769777.0,68034000.0,43941200.0,101352900.0,9877300.0,12427600.0,0.0
2025-04-15,28040322885.0,56892900.0,35404200.0,51343900.0,8765000.0,7924100.0,0.0
2025-04-16,29617804112.0,83484800.0,48980600.0,59732400.0,5897500.0,20778100.0,0.0
2025-04-17,21276866029.0,79868100.0,44837000.0,52164700.0,7227100.0,18287800.0,0.0
2025-04-18,12728372364.0,,,,,,
2025-04-19,15259300427.0,,,,,,
2025-04-20,14664050812.0,,,,,,
2025-04-21,41396190190.0,69368100.0,44149300.0,46742500.0,8062400.0,20372300.0,
2025-04-22,55899038456.0,75948100.0,52304400.0,52976400.0,7907400.0,35242300.0,0.0
2025-04-23,41719568821.0,90590700.0,55801100.0,52929200.0,9309200.0,25421500.0,0.0
2025-04-24,31483175315.0,64150400.0,45956100.0,47311000.0,20077700.0,10845000.0,0.0
2025-04-25,40915232364.0,61119600.0,38697100.0,38222300.0,12892800.0,10691600.0,0.0
2025-04-26,17612825123.0,,,,,,
2025-04-27,18090367764.0,,,,,,
2025-04-28,32363449569.0,47613800.0,33550800.0,38743100.0,8127000.0,9375500.0,0.0
2025-04-29,25806129921.0,47775100.0,30613100.0,36827600.0,8266200.0,6852100.0,0.0
2025-04-30,28344679831.0,93101500.0,46810600.0,52286500.0,12475500.0,8331900.0,0.0
2025-05-01,32875889623.0,63186100.0,43316500.0,57365700.0,6792800.0,14969100.0,0.0
2025-05-02,26421924677.0,60717300.0,39218100.0,101010600.0,5750200.0,8678400.0,0.0
2025-05-03,15775154889.0,,,,,,
2025-05-04,18198688416.0,,,,,,
2025-05-05,25816260327.0,38659200.0,28309500.0,69018500.0,7576200.0,8924000.0,0.0
2025-05-06,26551275827.0,48264700.0,32786300.0,51216500.0,7703800.0,11445300.0,0.0
2025-05-07,76983822462.0,55588000.0,38006300.0,68536700.0,6430000.0,7888300.0,0.0
2025-05-08,69895404397.0,65130800.0,39577600.0,50478900.0,7230800.0,11927600.0,0.0
2025-05-09,58198593958.0,37603400.0,27767400.0,36453900.0,6453200.0,6913100.0,0.0
2025-05-10,42276713994.0,,,,,,
2025-05-11,46285517406.0,,,,,,
2025-05-12,63250475404.0,78993600.0,45090600.0,63775800.0,7378400.0,14375900.0,0.0
2025-05-13,52608876410.0,67947200.0,53269600.0,51909300.0,7780800.0,10233600.0,0.0
2025-05-14,45956071155.0,66283500.0,47014500.0,49325800.0,5988900.0,14800600.0,0.0
2025-05-15,50408241840.0,71268100.0,50153300.0,45029500.0,8727300.0,13497700.0,0.0
2025-05-16,44386499364.0,76052100.0,48394600.0,54737900.0,7100800.0,14173000.0,0.0
2025-05-17,37898552742.0,,,,,,
2025-05-18,49887082058.0,,,,,,
2025-05-19,61761126647.0,68168500.0,52536200.0,46140500.0,8119900.0,11656300.0,0.0
2025-05-20,36515726122.0,60614500.0,42517600.0,42496600.0,5576600.0,12851000.0,0.0
2025-05-21,78086364051.0,95197700.0,71292800.0,59211800.0,6424200.0,12414500.0,0.0
2025-05-22,70157575642.0,70860400.0,55607200.0,46742400.0,6245600.0,9704200.0,0.0
2025-05-23,67548133399.0,76029000.0,58368100.0,78432900.0,5349800.0,13339500.0,0.0
2025-05-24,45903627163.0,,,,,,
2025-05-25,47518041841.0,,,,,,
2025-05-26,45950461571.0,,,,,,0.0
2025-05-27,57450176272.0,72588500.0,47226300.0,56288500.0,11423800.0,9578500.0,0.0
2025-05-28,49155377493.0,68445500.0,46637200.0,45339700.0,5385900.0,8803300.0,0.0
2025-05-29,56022752042.0,69973300.0,58513300.0,51396800.0,4842500.0,9487900.0,0.0
2025-05-30,57655287183.0,90601200.0,67662800.0,70819900.0,12587500.0,9553300.0,0.0
2025-05-31,38997843858.0,,,,,,
2025-06-01,37397056873.0,,,,,,
2025-06-02,45819706290.0,61630500.0,44762800.0,35423300.0,7574400.0,13593200.0,0.0
2025-06-03,46196508367.0,63606200.0,44070300.0,46381600.0,6223000.0,9315100.0,0.0
2025-06-04,44544857105.0,57314200.0,41359300.0,43604000.0,4939000.0,7462500.0,0.0
2025-06-05,57479298400.0,92278700.0,61031200.0,55126100.0,10351800.0,10817800.0,0.0
2025-06-06,48856653697.0,66588700.0,42467000.0,46607700.0,5697700.0,7787500.0,0.0
2025-06-07,38365033776.0,,,,,,
2025-06-08,36626232328.0,,,,,,
2025-06-09,55903193732.0,53016400.0,33688700.0,72862600.0,6544200.0,7159000.0,0.0
2025-06-10,54700101509.0,66247000.0,40664800.0,54672600.0,7680000.0,7071700.0,0.0
2025-06-11,50842662052.0,73658200.0,53701000.0,60989900.0,5960100.0,9248800.0,0.0
2025-06-12,54843867968.0,64129000.0,34104900.0,43904600.0,6509900.0,11531400.0,0.0
2025-06-13,69550440846.0,89506000.0,55814400.0,51447300.0,7104500.0,16592900.0,0.0
2025-06-14,38007870453.0,,,,,,
2025-06-15,36744307742.0,,,,,,
2025-06-16,50366626945.0,79984100.0,37622100.0,43020700.0,6332000.0,12848400.0,0.0
2025-06-17,55964092176.0,82209400.0,42180900.0,38856200.0,6809700.0,8234100.0,0.0
2025-06-18,47318089133.0,76605000.0,43983500.0,45394700.0,7211200.0,9370800.0,0.0
2025-06-19,37333806920.0,,,,,,0.0
2025-06-20,50951862476.0,94051400.0,61643500.0,96813500.0,16173400.0,8794700.0,0.0
2025-06-21,38360555118.0,,,,,,
2025-06-22,65536997201.0,,,,,,
2025-06-23,65237759656.0,87426000.0,50666100.0,55814300.0,6588200.0,12687900.0,0.0
2025-06-24,48822986421.0,67735300.0,45442000.0,54064000.0,7470100.0,12035200.0,0.0
2025-06-25,51624120283.0,62114800.0,44804200.0,39525700.0,5933700.0,6733200.0,0.0
2025-06-26,43891990613.0,78548400.0,43811400.0,50799100.0,7410400.0,6787500.0,0.0
2025-06-27,45353692675.0,86258400.0,57577100.0,73188600.0,19257000.0,13301300.0,0.0
2025-06-28,30037708335.0,,,,,,
2025-06-29,35534874438.0,,,,,,
2025-06-30,42064804590.0,92502500.0,45548700.0,91912800.0,11238200.0,8192100.0,0.0
2025-07-01,44110692247.0,70030100.0,56166700.0,78788900.0,10664900.0,9335600.0,0.0
2025-07-02,56248657737.0,66510400.0,36538300.0,67941800.0,8848700.0,8316400.0,0.0
2025-07-03,50494742270.0,51065800.0,26443500.0,34955800.0,6999600.0,5275800.0,0.0
2025-07-04,42616442656.0,,,,,,0.0
2025-07-05,30615537520.0,,,,,,
2025-07-06,36746020463.0,,,,,,
2025-07-07,45415696597.0,74814500.0,45349300.0,50229000.0,7225700.0,7351600.0,0.0
2025-07-08,44282204127.0,59024600.0,36153300.0,42848900.0,12034800.0,11840500.0,0.0
2025-07-09,57927418065.0,66113300.0,43045500.0,48749400.0,18770900.0,10644100.0,0.0
2025-07-10,95911605728.0,57529000.0,34710900.0,44443600.0,7200500.0,7053700.0,0.0
2025-07-11,86928361085.0,63670200.0,39618600.0,39765800.0,8053800.0,9187300.0,0.0
2025-07-12,45524560304.0,,,,,,
2025-07-13,49021091807.0,,,,,,
2025-07-14,181746419401.0,51898500.0,36453300.0,38840100.0,11491700.0,5772900.0,0.0
2025-07-15,98321661181.0,74317300.0,43277700.0,42296300.0,9142600.0,8149000.0,0.0
2025-07-16,72162029070.0,88987500.0,52314700.0,47490500.0,8479000.0,17693100.0,0.0
2025-07-17,72363841798.0,68885700.0,40423800.0,48068100.0,8320000.0,6642300.0,0.0
2025-07-18,77945799785.0,65621600.0,50484700.0,48974600.0,7337300.0,5574300.0,0.0
2025-07-19,47564562765.0,,,,,,
2025-07-20,57515447231.0,,,,,,
2025-07-21,69820091744.0,63375000.0,39595200.0,51377400.0,6328400.0,10995800.0,0.0
2025-07-22,79217583118.0,60046300.0,43270600.0,46404100.0,8187000.0,13691800.0,0.0
2025-07-23,66608604537.0,70511000.0,40215300.0,46989300.0,4804800.0,10547500.0,0.0
2025-07-24,72627318560.0,71307100.0,42275500.0,46022600.0,7027400.0,7698800.0,0.0
2025-07-25,104857024569.0,56865400.0,30630800.0,40268800.0,5799900.0,9376400.0,0.0
2025-07-26,48508954046.0,,,,,,
2025-07-27,54683390892.0,,,,,,
2025-07-28,64822943193.0,54917100.0,31498700.0,37858000.0,7885000.0,9275400.0,0.0
2025-07-29,68463107433.0,60556300.0,45463300.0,51411700.0,11466100.0,5741100.0,0.0
2025-07-30,68896148592.0,80418900.0,43433800.0,45512500.0,8162900.0,13459600.0,0.0
2025-07-31,69370346018.0,103385200.0,64613600.0,80698400.0,11845400.0,8981000.0,0.0
2025-08-01,91294530181.0,140103600.0,69400800.0,104434500.0,8594200.0,12843400.0,0.0
2025-08-02,56870866000.0,,,,,,
2025-08-03,48099615826.0,,,,,,
2025-08-04,35783028986.0,73218000.0,47669800.0,75109300.0,7679400.0,7639000.0,0.0
2025-08-05,61039182286.0,68051400.0,48666600.0,44155100.0,6670100.0,6997700.0,0.0
2025-08-06,56379133510.0,64357500.0,41823700.0,108483100.0,7376200.0,7418200.0,0.0
2025-08-07,64051649681.0,74205800.0,44463000.0,90224800.0,6719000.0,10891500.0,0.0
2025-08-08,59713005166.0,64051600.0,35255500.0,113854000.0,5811000.0,19886800.0,0.0
2025-08-09,54004312429.0,,,,,,
2025-08-10,64755458694.0,,,,,,
2025-08-11,90528784177.0,58742300.0,33112900.0,61806100.0,7331700.0,10326700.0,0.0
2025-08-12,72803657984.0,64730800.0,42143300.0,55626200.0,6938000.0,9697400.0,0.0
2025-08-13,90904808795.0,60092800.0,41209300.0,69878500.0,5812400.0,4718600.0,0.0
2025-08-14,104055627395.0,59327500.0,45425000.0,51916300.0,6343700.0,5817700.0,0.0
2025-08-15,68665353159.0,68592500.0,49480200.0,56038700.0,7121700.0,5990100.0,0.0
2025-08-16,48036922378.0,,,,,,
2025-08-17,45852169525.0,,,,,,
2025-08-18,72787808090.0,43804900.0,29831000.0,37476200.0,8274500.0,6150100.0,0.0
2025-08-19,71657600353.0,69750700.0,53752600.0,39402600.0,7868100.0,5029900.0,0.0
2025-08-20,67993811526.0,88890300.0,76781100.0,42263900.0,7840400.0,6515400.0,0.0
2025-08-21,57817883700.0,54805800.0,46436900.0,30621200.0,6417500.0,4809000.0,0.0
2025-08-22,82528088240.0,84083200.0,51502100.0,42477800.0,5797300.0,8526500.0,0.0
2025-08-23,55377142586.0,,,,,,
2025-08-24,73961489632.0,,,,,,
2025-08-25,85706860190.0,51274300.0,34044700.0,30983100.0,4692500.0,4044400.0,0.0
2025-08-26,69396320317.0,51581600.0,34103000.0,54575100.0,6338000.0,11698500.0,0.0
2025-08-27,62137056409.0,48341100.0,36927100.0,31259500.0,4551200.0,4320100.0,0.0
2025-08-28,58860155962.0,61519500.0,46787900.0,38074700.0,5857400.0,9610200.0,0.0
2025-08-29,77843379644.0,74522200.0,56030400.0,39418400.0,5318200.0,15642600.0,0.0
2025-08-30,51486264208.0,,,,,,
2025-08-31,47986191770.0,,,,,,
2025-09-01,66870372995.0,,,,,,0.0
2025-09-02,74776999491.0,81983500.0,65876800.0,44075600.0,6432800.0,21247500.0,0.0
2025-09-03,61119643565.0,70820900.0,54230200.0,66427800.0,6592500.0,16062200.0,0.0
2025-09-04,60131132901.0,65219200.0,47526300.0,47549400.0,6934900.0,11703100.0,0.0
2025-09-05,60241647677.0,85178900.0,68342500.0,54870400.0,6436200.0,16065200.0,0.0
2025-09-06,21500719036.0,,,,,,
2025-09-07,24618007520.0,,,,,,
2025-09-08,40212813407.0,63133100.0,46371400.0,48999500.0,7178400.0,18617300.0,0.0
2025-09-09,45984480722.0,66133900.0,44007600.0,66313900.0,4984900.0,21641900.0,0.0
2025-09-10,56377473784.0,78034500.0,49308000.0,83440800.0,6205500.0,11945700.0,0.0
2025-09-11,45685065332.0,69934400.0,44745800.0,50208600.0,5819500.0,9082600.0,0.0
2025-09-12,54785725894.0,72780100.0,50745900.0,55824200.0,5957000.0,9619700.0,0.0
2025-09-13,34549454947.0,,,,,,
2025-09-14,32798036057.0,,,,,,
2025-09-15,52937859416.0,63772400.0,44360300.0,42699500.0,5995000.0,10569900.0,0.0
2025-09-16,45781744593.0,61169000.0,36942100.0,63421100.0,6559600.0,12161500.0,0.0
2025-09-17,60528025996.0,101952200.0,69384800.0,46508000.0,6764200.0,16535300.0,0.0
2025-09-18,49457272032.0,90459200.0,61069300.0,44249600.0,7651500.0,14913300.0,0.0
2025-09-19,38828473971.0,97945600.0,58196100.0,163741300.0,17224800.0,14982600.0,0.0
2025-09-20,22864449614.0,,,,,,
2025-09-21,22495852193.0,,,,,,
2025-09-22,70684158591.0,69452200.0,57154800.0,105517400.0,8712900.0,12386400.0,0.0
2025-09-23,47211853279.0,81708900.0,64635500.0,60275200.0,8853400.0,18384000.0,0.0
2025-09-24,48044595085.0,68082200.0,49850300.0,42303700.0,6483300.0,12709100.0,0.0
2025-09-25,75528654284.0,89622100.0,70920200.0,55202100.0,7511400.0,12639600.0,0.0
2025-09-26,57738288949.0,69179200.0,54337400.0,46076300.0,5721100.0,11698200.0,0.0
2025-09-27,26308042910.0,,,,,,
2025-09-28,33371048505.0,,,,,,
2025-09-29,60000147466.0,73499000.0,48332900.0,40127700.0,8139700.0,15719600.0,0.0
2025-09-30,58986330258.0,86288000.0,46533800.0,37704300.0,7762600.0,13312400.0,0.0
2025-10-01,71328680132.0,72545400.0,46899600.0,48713900.0,7566000.0,15573600.0,0.0
2025-10-02,71415163912.0,56896000.0,43765400.0,42630200.0,6892100.0,16162100.0,0.0
2025-10-03,83941392228.0,70494400.0,46482100.0,49155600.0,5212600.0,14464000.0,0.0
2025-10-04,36769171735.0,,,,,,
2025-10-05,73689317763.0,,,,,,
2025-10-06,72568881188.0,54623300.0,41962100.0,44664100.0,6737000.0,17093700.0,0.0
2025-10-07,76149412513.0,72020100.0,58209500.0,31955800.0,6844400.0,16836800.0,0.0
2025-10-08,65354305286.0,60702200.0,50629800.0,36496900.0,5254700.0,28052300.0,0.0
2025-10-09,74653009425.0,66501900.0,45551000.0,38322000.0,6134500.0,33674800.0,0.0
2025-10-10,153125018868.0,159422600.0,97614800.0,61999100.0,7374000.0,24192800.0,0.0
2025-10-11,110236934340.0,,,,,,
2025-10-12,93710414091.0,,,,,,
2025-10-13,71582026739.0,79560500.0,65872600.0,38142900.0,7511100.0,18514400.0,0.0
2025-10-14,92212917403.0,88779600.0,69203200.0,35478000.0,8585300.0,18409600.0,0.0
2025-10-15,72574132855.0,81702600.0,62805500.0,33893600.0,10003100.0,20598300.0,0.0
2025-10-16,87306423067.0,110563300.0,70982000.0,39777000.0,8809700.0,33621400.0,0.0
2025-10-17,99703051669.0,96500900.0,72024900.0,49147000.0,8612900.0,62025000.0,0.0
2025-10-18,37779905278.0,,,,,,
2025-10-19,47657008953.0,,,,,,
2025-10-20,63507793085.0,60493400.0,45761700.0,90483000.0,5601300.0,34523000.0,0.0
2025-10-21,101194375480.0,56249000.0,44538200.0,46695900.0,6013400.0,54101400.0,0.0
2025-10-22,80807013218.0,80564000.0,61478800.0,45015300.0,6394400.0,30524100.0,0.0
2025-10-23,54944076060.0,65604500.0,42844300.0,32754900.0,8205400.0,13695500.0,0.0
2025-10-24,48160816980.0,74356500.0,47632500.0,38253700.0,11968500.0,13263800.0,0.0
2025-10-25,24707667305.0,,,,,,
2025-10-26,41708524143.0,,,,,,
2025-10-27,61761358733.0,63339800.0,54098600.0,44888200.0,7775300.0,23657600.0,0.0
2025-10-28,64528066504.0,61738100.0,61195700.0,41534800.0,5819300.0,19257600.0,0.0
2025-10-29,62192043469.0,85657100.0,67422800.0,51086700.0,7405500.0,18891800.0,0.0
2025-10-30,69673964814.0,76335800.0,61628600.0,69886500.0,6760700.0,14812800.0,0.0
2025-10-31,60090359560.0,87164100.0,66305100.0,86167100.0,7930300.0,11077900.0,0.0
2025-11-01,25871668762.0,,,,,,
2025-11-02,34284209459.0,,,,,,
2025-11-03,72852006359.0,57315000.0,37154300.0,50194600.0,8946400.0,7254300.0,0.0
2025-11-04,110967184773.0,78427000.0,63830800.0,49274800.0,9295400.0,11540100.0,0.0
2025-11-05,77584934804.0,74402400.0,48688500.0,43683100.0,11199900.0,8357300.0,0.0
2025-11-06,63932752861.0,85035300.0,72115100.0,51204000.0,10024500.0,6891100.0,0.0
2025-11-07,92168030081.0,100592400.0,81835400.0,48227400.0,8500100.0,11060400.0,0.0
2025-11-08,51446691095.0,,,,,,
2025-11-09,59679243013.0,,,,,,
2025-11-10,69585887229.0,75842900.0,55919900.0,41312400.0,10208100.0,13456200.0,0.0
2025-11-11,71130078574.0,58953400.0,44868800.0,46208300.0,7332500.0,10753200.0,0.0
2025-11-12,64347179408.0,62312500.0,47444400.0,48398000.0,7851100.0,16203700.0,0.0
2025-11-13,101546815416.0,103457800.0,71333600.0,49602800.0,7566800.0,15867900.0,0.0
2025-11-14,114346441890.0,96846700.0,80087300.0,47431300.0,9150800.0,15198000.0,0.0
2025-11-15,38500716654.0,,,,,,
2025-11-16,71086235862.0,,,,,,
2025-11-17,94186165724.0,90456100.0,63850400.0,45018300.0,9902300.0,13295200.0,0.0
2025-11-18,101333569062.0,114467500.0,83327300.0,45677300.0,10735200.0,7818800.0,0.0
2025-11-19,80350354656.0,94703000.0,73111500.0,40424500.0,6367000.0,10980400.0,0.0
2025-11-20,97970645638.0,165293500.0,117743200.0,45823600.0,9021300.0,10506500.0,0.0
2025-11-21,129157506112.0,123956200.0,103344200.0,59030800.0,12018000.0,13194600.0,0.0
2025-11-22,40793099246.0,,,,,,
2025-11-23,58083435576.0,,,,,,
2025-11-24,74433896110.0,80437900.0,60168100.0,65585800.0,13846900.0,10085300.0,0.0
2025-11-25,64837343545.0,81077100.0,57560900.0,46914200.0,10477700.0,10462800.0,0.0
2025-11-26,66496301869.0,71879600.0,42393600.0,33431400.0,9238500.0,9184100.0,0.0
2025-11-27,57040622845.0,,,,,,0.0
2025-11-28,60895830289.0,49212000.0,23034400.0,20135600.0,4707200.0,7175400.0,0.0
2025-11-29,37921773455.0,,,,,,
2025-11-30,38497902869.0,,,,,,
2025-12-01,87962894424.0,61201200.0,40957600.0,46587700.0,8240700.0,11177100.0,0.0
2025-12-02,78546798211.0,62953800.0,54541800.0,53669500.0,16376800.0,8103900.0,0.0
2025-12-03,77650204986.0,57238500.0,47841600.0,43538700.0,9125300.0,7886800.0,0.0
2025-12-04,64538402681.0,61970300.0,47067800.0,43989100.0,10479300.0,6754400.0,0.0
2025-12-05,63256398633.0,79241000.0,53614200.0,47265800.0,12791700.0,9449800.0,0.0
2025-12-06,37994042405.0,,,,,,
2025-12-07,47394898960.0,,,,,,
2025-12-08,57394099056.0,55231500.0,43462400.0,38211800.0,17507500.0,6822100.0,0.0
2025-12-09,66861721440.0,58310100.0,37156000.0,32193300.0,10375700.0,6358700.0,0.0
2025-12-10,65420694513.0,85671300.0,55031400.0,33038300.0,13650400.0,9120500.0,0.0
2025-12-11,64532834621.0,86173700.0,58272800.0,33248000.0,11798000.0,11240600.0,0.0
2025-12-12,80275884583.0,113160300.0,75158700.0,39532900.0,10268800.0,16792100.0,0.0
2025-12-13,64237748110.0,,,,,,
2025-12-14,50465972205.0,,,,,,
2025-12-15,45559514323.0,90811000.0,49538200.0,50409100.0,13877700.0,11345000.0,0.0
2025-12-16,41262178223.0,122030600.0,55152800.0,37648600.0,10251700.0,9201600.0,0.0
2025-12-17,44243392914.0,110625200.0,70654300.0,50138700.0,9833300.0,10456900.0,0.0
2025-12-18,52667115348.0,108650100.0,78875800.0,51630700.0,12239900.0,11837600.0,0.0
2025-12-19,46733310561.0,103599500.0,60369800.0,144632000.0,19345600.0,9894800.0,0.0
2025-12-20,14688196659.0,,,,,,
2025-12-21,19845522660.0,,,,,,
2025-12-22,38047472118.0,69556700.0,43703100.0,36571800.0,11731400.0,14202100.0,0.0
2025-12-23,43683011533.0,64840000.0,41120400.0,29642000.0,9541600.0,13193300.0,0.0
2025-12-24,25550297986.0,39445600.0,18468700.0,17910600.0,3259200.0,6718400.0,0.0
2025-12-25,19953216347.0,,,,,,
2025-12-26,42455674908.0,41613300.0,28959800.0,21521800.0,4711500.0,10476200.0,0.0
2025-12-27,13741199310.0,,,,,,
2025-12-28,15156557929.0,,,,,,
2025-12-29,48411625849.0,62559500.0,32458300.0,23715200.0,7662100.0,20679200.0,0.0
2025-12-30,35586356225.0,47160700.0,31226800.0,22139600.0,6006400.0,10179000.0,0.0
2025-12-31,33830210616.0,74144800.0,40746500.0,27293600.0,5293200.0,10194700.0,0.0
2026-01-01,18849043990.0,,,,,,
2026-01-02,46398906171.0,89377200.0,61859200.0,37838100.0,8946100.0,10372600.0,0.0
2026-01-03,20774828592.0,,,,,,
2026-01-04,26770491368.0,,,,,,
2026-01-05,53376407252.0,71927200.0,46828400.0,45647200.0,12297300.0,13410600.0,0.0
2026-01-06,52430605257.0,69273800.0,43137500.0,52352100.0,10421800.0,11640900.0,0.0
2026-01-07,43461295053.0,75588300.0,44880300.0,48309800.0,14369100.0,10589500.0,0.0
2026-01-08,42386697030.0,64019200.0,50435900.0,50419300.0,9297100.0,8705900.0,0.0
2026-01-09,38305906684.0,80125500.0,49688700.0,39997000.0,9528500.0,14011200.0,0.0
2026-01-10,12385895282.0,,,,,,
2026-01-11,17165568977.0,,,,,,
2026-01-12,41346275358.0,63976000.0,37388700.0,45263800.0,12812000.0,20904100.0,0.0
2026-01-13,54980674354.0,78309700.0,44481400.0,45730800.0,15549200.0,16681200.0,0.0
2026-01-14,60592490863.0,94676700.0,72598700.0,40019400.0,13475000.0,18305500.0,0.0
2026-01-15,53086363027.0,77862000.0,53934900.0,39388600.0,10102800.0,14253200.0,0.0
2026-01-16,33248170537.0,79289200.0,61058100.0,72142800.0,11729300.0,20951600.0,0.0
2026-01-17,16021715122.0,,,,,,
2026-01-18,20809781232.0,,,,,,
2026-01-19,39195241508.0,,,,,,0.0
2026-01-20,53072968031.0,111623300.0,81988900.0,80267500.0,12901400.0,21308100.0,0.0
2026-01-21,56330422434.0,127844500.0,79837900.0,54641700.0,14126800.0,38830200.0,0.0
2026-01-22,35549685694.0,77112200.0,42254800.0,39708300.0,18501900.0,19251200.0,0.0
2026-01-23,38997586037.0,63059600.0,43645800.0,41689000.0,14562600.0,21531900.0,0.0
2026-01-24,14558687712.0,,,,,,
2026-01-25,36124986722.0,,,,,,
2026-01-26,45329286974.0,60473800.0,35983000.0,55969200.0,12655700.0,34156000.0,0.0
2026-01-27,38744942267.0,55506100.0,38997200.0,49648300.0,9546000.0,28386200.0,0.0
2026-01-28,39807419296.0,61172200.0,50691700.0,41288000.0,7465800.0,44154600.0,0.0
2026-01-29,64653083162.0,97486200.0,79944000.0,67253000.0,11035600.0,69970900.0,0.0
2026-01-30,72083816087.0,101835100.0,65650700.0,92443400.0,12651400.0,86593500.0,0.0
2026-01-31,70479259159.0,,,,,,
2026-02-01,53372509744.0,,,,,,
2026-02-02,75140589684.0,79286500.0,49020300.0,73913400.0,10554900.0,41626200.0,0.0
2026-02-03,68249110822.0,107904600.0,81234000.0,64394700.0,12424700.0,28703500.0,0.0
2026-02-04,67215363944.0,105204600.0,81850700.0,90545700.0,12178500.0,24427900.0,0.0
2026-02-05,125509410908.0,113610800.0,89354500.0,52977400.0,13077700.0,17718100.0,0.0
2026-02-06,114674259489.0,89127600.0,78019300.0,50453400.0,10441700.0,12663900.0,0.0
2026-02-07,62347107663.0,,,,,,
2026-02-08,39721722619.0,,,,,,
2026-02-09,52081598792.0,73885200.0,56797600.0,44623400.0,11439900.0,12330900.0,0.0
2026-02-10,40593063077.0,65185700.0,53938900.0,34376900.0,9910100.0,7861600.0,0.0
2026-02-11,49671946030.0,76353900.0,58575100.0,51931300.0,10217300.0,11209600.0,0.0
2026-02-12,44651071271.0,118829000.0,81378900.0,81077200.0,13512900.0,20488800.0,0.0
2026-02-13,40820775886.0,96267500.0,69237500.0,56290700.0,13998900.0,12359300.0,0.0
2026-02-14,36012397645.0,,,,,,
2026-02-15,40191152750.0,,,,,,
2026-02-16,33618145426.0,,,,,,0.0
2026-02-17,34866936040.0,81354700.0,69013800.0,58469100.0,13319100.0,10976100.0,0.0
2026-02-18,33094301643.0,73570300.0,64250700.0,34203300.0,14434300.0,10226300.0,0.0
2026-02-19,31492987019.0,58649400.0,60960800.0,30845300.0,10724600.0,8411400.0,0.0
2026-02-20,47507867304.0,100034000.0,74127300.0,42070500.0,11508100.0,14316300.0,0.0
2026-02-21,18357635642.0,,,,,,
2026-02-22,17893536012.0,,,,,,
2026-02-23,50953457309.0,90558100.0,63859100.0,37308200.0,14772400.0,17441600.0,0.0
2026-02-24,40849331086.0,73798700.0,55023700.0,47014600.0,9709500.0,14147100.0,0.0
2026-02-25,53629234355.0,56369500.0,55710700.0,33714300.0,7878500.0,12954300.0,0.0
2026-02-26,42988597523.0,71671000.0,96178900.0,32345100.0,7028600.0,12375000.0,0.0
2026-02-27,40283655942.0,83308900.0,68125200.0,72366500.0,14878500.0,16795100.0,0.0
2026-02-28,42041497112.0,,,,,,
2026-03-01,40733141929.0,,,,,,
2026-03-02,56698092052.0,87477200.0,75264600.0,41827900.0,9095500.0,19916600.0,0.0
2026-03-03,47947999049.0,105003100.0,97015500.0,38568900.0,10161000.0,22591500.0,0.0
2026-03-04,75073101274.0,79182200.0,70943900.0,39803100.0,8752700.0,9985900.0,0.0
2026-03-05,51172841727.0,106606500.0,89602400.0,49658600.0,10060300.0,11674800.0,0.0
2026-03-06,43776962871.0,100687000.0,86302300.0,41120000.0,8187900.0,10489800.0,0.0
2026-03-07,23258701211.0,,,,,,
2026-03-08,33195080116.0,,,,,,
2026-03-09,49499875378.0,102667700.0,93068200.0,38218500.0,12494900.0,8829800.0,0.0
2026-03-10,54003996096.0,81505300.0,64078900.0,30590800.0,7756800.0,9616800.0,0.0
2026-03-11,45236859848.0,68441700.0,60114800.0,26218900.0,8855100.0,7522900.0,0.0
2026-03-12,40871848129.0,108882200.0,71836600.0,40794000.0,8489300.0,11900600.0,0.0
2026-03-13,61167226505.0,97200200.0,63145500.0,36930000.0,7298900.0,11741600.0,0.0
2026-03-14,22283546496.0,,,,,,
2026-03-15,27991268669.0,,,,,,
2026-03-16,55572438409.0,82023100.0,49077200.0,32074200.0,6944000.0,8964100.0,0.0
2026-03-17,49500721728.0,87128000.0,47106600.0,32361600.0,6147700.0,7610100.0,0.0
2026-03-18,46229011155.0,82062600.0,56128000.0,35757900.0,10059300.0,18375600.0,0.0
2026-03-19,44631433398.0,111272500.0,75597600.0,34864100.0,10340300.0,30206000.0,0.0
2026-03-20,38299078407.0,163617500.0,91964700.0,88331100.0,60620900.0,27204900.0,0.0
2026-03-21,21109354718.0,,,,,,
2026-03-22,30108051508.0,,,,,,
2026-03-23,51508669357.0,134802700.0,89936100.0,40546100.0,10315600.0,36796800.0,0.0
2026-03-24,40181522399.0,96457500.0,57750900.0,45152300.0,8567600.0,17478500.0,0.0
2026-03-25,35409791747.0,90653800.0,60475500.0,28476700.0,8418100.0,15713200.0,0.0
2026-03-26,38962070215.0,96494400.0,81492100.0,41796700.0,6443200.0,15756300.0,0.0
2026-03-27,46483453594.0,103649400.0,82702200.0,47900000.0,11558300.0,16580700.0,0.0
2026-03-28,20924883455.0,,,,,,
2026-03-29,21645889785.0,,,,,,
2026-03-30,37694994180.0,99275900.0,70602600.0,39446200.0,11616300.0,13172100.0,0.0
2026-03-31,42997691338.0,152534100.0,95878000.0,49598100.0,10407500.0,14534300.0,0.0
2026-04-01,36465393617.0,97841500.0,79435100.0,40059400.0,8061700.0,14133100.0,0.0
2026-04-02,39323384518.0,68358700.0,50941700.0,31289400.0,5941700.0,10838600.0,0.0
2026-04-03,22815543346.0,,,,,,0.0
2026-04-04,15878814963.0,,,,,,
2026-04-05,22972648674.0,,,,,,
2026-04-06,39542143229.0,39105800.0,35108500.0,29329900.0,6823100.0,5417300.0,0.0
2026-04-07,44650511480.0,69980400.0,49948200.0,62148000.0,7207500.0,7263500.0,0.0
2026-04-08,42444631703.0,93606100.0,63086000.0,41032800.0,10849700.0,9689700.0,0.0
2026-04-09,38799581473.0,57134400.0,37837500.0,28121600.0,6794800.0,6748500.0,0.0
2026-04-10,37722595732.0,42253500.0,34038500.0,31291500.0,9790300.0,6193300.0,0.0
2026-04-11,23287073965.0,,,,,,
2026-04-12,29882740487.0,,,,,,
2026-04-13,52278211554.0,54185800.0,32972100.0,36234700.0,7121400.0,5549400.0,0.0
2026-04-14,53540826530.0,63480500.0,49921100.0,48370700.0,6621600.0,8731700.0,0.0
2026-04-15,38090174312.0,58240400.0,50102400.0,49913500.0,7698200.0,6455900.0,0.0
2026-04-16,41312783855.0,49972400.0,42320600.0,43323100.0,6947100.0,5350100.0,0.0
2026-04-17,54137194839.0,70661900.0,53488900.0,61436200.0,10886000.0,9712000.0,0.0
2026-04-18,26014416776.0,,,,,,
2026-04-19,30931515195.0,,,,,,
2026-04-20,39674447916.0,43546800.0,37138500.0,36590200.0,8084700.0,8473000.0,0.0
2026-04-21,36453522626.0,58941400.0,39580500.0,50209800.0,11197200.0,9480000.0,0.0
2026-04-22,48336654537.0,42518500.0,37368400.0,43249200.0,7236300.0,5178100.0,0.0
2026-04-23,40354900916.0,56174000.0,40099800.0,33399600.0,11288800.0,4976400.0,0.0
2026-04-24,32784213526.0,45182000.0,45563100.0,38157100.0,13786200.0,5924100.0,0.0
2026-04-25,16702933134.0,,,,,,
2026-04-26,21482934750.0,,,,,,
2026-04-27,38135631927.0,33135900.0,32717000.0,41466800.0,9166400.0,6105200.0,0.0
2026-04-28,32056900880.0,43117400.0,34147900.0,40018900.0,7965700.0,7723400.0,0.0
2026-04-29,41460907886.0,41859200.0,31724900.0,30047900.0,9002400.0,6452600.0,0.0
2026-04-30,29497862305.0,67240900.0,40622200.0,91848200.0,9491700.0,6732800.0,0.0
2026-05-01,39164328894.0,43049800.0,39172600.0,79915400.0,6814800.0,5911500.0,0.0
2026-05-02,16761531851.0,,,,,,
2026-05-03,20544392639.0,,,,,,
2026-05-04,54325085296.0,51950600.0,34542000.0,46668400.0,9642800.0,7285700.0,0.0
2026-05-05,39700107376.0,36933200.0,37101100.0,49311700.0,7664300.0,4279900.0,0.0
2026-05-06,41751540000.0,53288900.0,38778500.0,58336100.0,9399500.0,7013900.0,0.0
2026-05-07,36931193154.0,51724600.0,43779100.0,45224300.0,9545800.0,6816200.0,0.0
2026-05-08,33789351540.0,47227100.0,44320400.0,52692800.0,5741000.0,5380800.0,0.0
2026-05-09,18102086996.0,,,,,,
2026-05-10,26965971077.0,,,,,,
2026-05-11,32409774919.0,44024000.0,36019100.0,42247300.0,7489500.0,5569100.0,0.0
2026-05-12,32186688600.0,54185300.0,45873000.0,45748100.0,9051200.0,6660900.0,0.0
2026-05-13,34075428359.0,44200200.0,40012500.0,52684300.0,6685900.0,4180300.0,0.0
2026-05-14,43731663431.0,45307600.0,33327500.0,35324900.0,9636200.0,4021400.0,0.0
2026-05-15,38183347368.0,60410800.0,51792700.0,54862800.0,6989400.0,9360400.0,0.0
2026-05-16,25895799905.0,,,,,,
2026-05-17,20900166465.0,,,,,,
2026-05-18,41520471808.0,47843900.0,49834500.0,34483000.0,7731200.0,5628300.0,0.0
2026-05-19,26031898332.0,54255900.0,46827500.0,42243600.0,8355800.0,5419400.0,0.0
2026-05-20,26668360936.0,45768000.0,36779200.0,38229800.0,8375600.0,6005000.0,0.0
2026-05-21,27141485404.0,43332200.0,36415400.0,42965100.0,6297300.0,4679900.0,0.0
2026-05-22,27859040109.0,41762000.0,33118600.0,43670200.0,4616700.0,5528400.0,0.0
2026-05-23,29973220002.0,,,,,,
2026-05-24,20572738918.0,,,,,,
2026-05-25,19808387601.0,,,,,,0.0
2026-05-26,35999475458.0,41123600.0,34254700.0,48000500.0,8157200.0,5098400.0,0.0
2026-05-27,33802172927.0,42106300.0,35148700.0,50430900.0,10048900.0,6624600.0,0.0
2026-05-28,40148145327.0,41562600.0,32840000.0,48220400.0,10196700.0,7184100.0,0.0
2026-05-29,34457929250.0,55075700.0,37541700.0,70026800.0,12355800.0,7705700.0,0.0
2026-05-30,19563589191.0,,,,,,
2026-05-31,17445435650.0,,,,,,
2026-06-01,43378836121.0,43634900.0,33890600.0,48849900.0,11093800.0,6158900.0,0.0
2026-06-02,54990073882.0,31581900.0,30085200.0,44534700.0,9599500.0,3823900.0,0.0
2026-06-03,47411556213.0,51402500.0,40270200.0,50836700.0,9351000.0,5038000.0,0.0
2026-06-04,63800151780.0,49923000.0,40782600.0,44869100.0,8194000.0,4646500.0,0.0
2026-06-05,71465606706.0,93989400.0,99606600.0,65310500.0,10963200.0,11473900.0,0.0
2026-06-06,30898464957.0,,,,,,
2026-06-07,36006496194.0,,,,,,
2026-06-08,34133252457.0,49319100.0,47401500.0,77949100.0,7200700.0,8057300.0,0.0
2026-06-09,40144449754.0,87683500.0,91932200.0,70108800.0,8259300.0,9567300.0,0.0
2026-06-10,27493506779.0,60341300.0,65334300.0,52793300.0,7345900.0,13956200.0,0.0
2026-06-11,29316677897.0,86330500.0,71798900.0,42572500.0,6684700.0,12622500.0,0.0
2026-06-12,26881868307.0,57079500.0,51168400.0,38742100.0,6832000.0,7532600.0,0.0
2026-06-13,16956245530.0,,,,,,
2026-06-14,21572226975.0,,,,,,
2026-06-15,32927321950.0,60176400.0,46710200.0,45732600.0,9158900.0,10477100.0,0.0
2026-06-16,25063963967.0,67093100.0,45348700.0,39874400.0,8518900.0,6004000.0,0.0
2026-06-17,31288885189.0,85945200.0,51669300.0,42745100.0,7055800.0,13343000.0,0.0
2026-06-18,30192912384.0,67865619.0,49291407.0,76701676.0,16909978.0,7370647.0,0.0
2026-06-19,,,,,,,0.0
