Date,BTC-USD,SPY,QQQ,AAPL,PG,GLD,EURUSD=X
2018-01-01,,,,,,,
2018-01-02,0.0925892597121414,,,,,,0.0005523534177722327
2018-01-03,0.014505086054969111,0.006305234954164651,0.009669845436879319,-0.00017394842018444588,-0.0012140604139321614,-0.0026403330092135157,0.004309459786959923
2018-01-04,0.02585842824803167,0.00420614889645527,0.0017480603117590754,0.004633959690630574,0.007044207492428059,0.005114278310262769,-0.0044055338609388685
2018-01-05,0.11094452953729485,0.006641961282814562,0.009993171203562162,0.011321364708876085,0.0006575396045736672,-0.001036702137934486,0.004851896369631849
2018-01-06,0.005578376143830052,,,,,,
2018-01-07,-0.061740689989334026,,,,,,
2018-01-08,-0.08267549955484522,0.0018268743294185283,0.0038829774768541795,-0.003721313094218543,0.005247104753262407,-0.0001596255390370604,-0.0026034254630769985
2018-01-09,-0.03861992220665626,0.0022609918904383536,6.150058761740178e-05,-0.0001149464989900469,-0.007331779292694362,-0.004639219643041588,-0.005581836821075154
2018-01-10,0.025562164635524225,-0.0015309605996581027,-0.0023401817158969574,-0.0002292772230519394,-0.0063906361131680755,0.002402270692406848,-0.003441541320087566
2018-01-11,-0.11058116741362263,0.007269454630040998,0.006820820899489792,0.0056640828490651446,-0.003543597401167696,0.003273877321212141,0.0022451934756694413
2018-01-12,0.04198319183702074,0.0064978368984592695,0.007322343358131497,0.010273434255546592,-0.006007681984475437,0.012044492942167013,0.007163443657419456
2018-01-13,0.02678987830152579,,,,,,
2018-01-14,-0.04182295922437423,,,,,,
2018-01-15,0.0034647868456980165,,,,,,0.012395577440172478
2018-01-16,-0.18458172530715175,-0.0034244543792805063,-0.0028615926323539227,-0.005095366829908225,0.006784414756328701,0.001652690627169873,0.0062252298447128904
2018-01-17,-0.02662523913776235,0.009487019133628963,0.010733313236577275,0.01638159115329217,0.010803094206712044,-0.008132363237354055,0.00023307764364815267
2018-01-18,0.025266707476315743,-0.0016826498339142814,0.00018107946811731683,0.0008929110347171711,-0.0036521699203913064,-0.002222213448585594,-0.007140809171959861
2018-01-19,0.011480784055017625,0.004539627911445912,0.0031307376459680874,-0.004472823827220886,0.009820723597113215,0.0044394996120163946,0.004310183172470693
2018-01-20,0.10552244967375776,,,,,,
2018-01-21,-0.10615162399161542,,,,,,
2018-01-22,-0.05937426753876515,0.008098243302885865,0.010644446761145458,-0.008214746014390758,0.008963577468141293,0.0018177059354296304,0.0015430167694837121
2018-01-23,-0.005779885423653502,0.00211987812965007,0.008233917326155351,0.00022595158693909418,-0.03139402452247412,0.004961985943158681,6.12782288566978e-05
2018-01-24,0.04418609725643604,-0.0003883651958408376,-0.006510444562978621,-0.016056793977400636,-0.00834474704372066,0.012104345577545294,0.00439735155950313
2018-01-25,-0.008842259367552611,0.00042373596503712503,-0.0003562380269848093,-0.018012623099817136,0.00033995029011375295,-0.006697849027902464,0.006545840132911253
2018-01-26,-0.007846394102556208,0.011511518500029377,0.015208927183217145,0.0023354967233177493,-0.006929078890388676,0.0007811756386790387,9.918292422570005e-05
2018-01-27,0.02382021404816243,,,,,,
2018-01-28,0.02976063348641126,,,,,,
2018-01-29,-0.04245369798060674,-0.006652360541789516,-0.004867872071379282,-0.02091616091491473,-0.00996647718932348,-0.005637857183470335,0.0028791319849890973
2018-01-30,-0.11132515302966894,-0.010309973899986299,-0.00826402328823891,-0.0059113733772771125,0.001035531653110658,-0.004328123373076199,-0.0037833976858985714
2018-01-31,0.011295200421318582,0.0004969036509631746,0.004140500863430676,0.0027511056000943295,-0.007040021220434689,0.00668108957049156,0.002293139592610932
2018-02-01,-0.10845799638872773,-0.0011362659353519305,-0.008536945118872876,0.0020884045293015387,-0.005691502607569868,0.0032848909860550284,0.0007324958037122442
2018-02-02,-0.03775622775012468,-0.022009978437990567,-0.020146943064698938,-0.04435986514536948,-0.01881342805971151,-0.013204686797240324,0.007328950679841816
2018-02-03,0.03823265293714762,,,,,,
2018-02-04,-0.10299083790500331,,,,,,
2018-02-05,-0.17398211533124852,-0.04272233599080565,-0.040224726502025666,-0.025301589454531676,-0.03859853749685295,0.0025286437555192493,-0.005053840607735393
2018-02-06,0.10870919082663183,0.019510859217598403,0.026153832976057813,0.0409421113843731,0.016153064992152473,-0.01055189964568088,-0.006377383172319828
2018-02-07,-0.017261906053983648,-0.005439555931509651,-0.013022816920241188,-0.021639584255474745,-0.006576624238868808,-0.004716772083453344,0.0010890581283255556
2018-02-08,0.08115416198669995,-0.03823076898483773,-0.04311053400181616,-0.027902485843971227,-0.019992844651069385,0.001521419504394612,-0.009181762489920628
2018-02-09,0.05546355066788704,0.014909872019412603,0.017121981902765347,0.012157239725676509,-0.00374713986448768,-0.0016817358427458674,-0.000600981855033339
2018-02-10,-0.013259122522587949,,,,,,
2018-02-11,-0.05874826338459948,,,,,,
2018-02-12,0.09347499762512804,0.014577674002537832,0.01758925988077837,0.03948878439914755,0.017489195241712045,0.0047973715177869495,-0.0006496959447372854
2018-02-13,-0.03746663522015054,0.0024843201202971025,0.005148369032700928,0.009967620219218706,0.0020876689422773143,0.005647253596785453,0.004150100441697588
2018-02-14,0.09916074093751738,0.013406212268412397,0.018550796428354048,0.018269602339827808,-0.010112325790401885,0.0169088525197643,0.004056140127369198
2018-02-15,0.06836184023155013,0.012679328466774322,0.018393744637883996,0.033027217728336514,0.0212163717138831,0.0011691607653979673,0.009146425433200864
2018-02-16,0.006617573638271057,0.00029260940532480843,-0.004475831827628345,-0.0032426515483474413,0.002302708865890011,-0.0032769459911664296,0.0029091421930713865
2018-02-17,0.08238283884948888,,,,,,
2018-02-18,-0.05179217303128765,,,,,,
2018-02-19,0.06187369895710683,,,,,,-0.007362497093656409
2018-02-20,0.01576773934263906,-0.0062805686863213,0.001998420102305226,-0.003369143152708069,-0.015371835451588649,-0.013532867750937797,-0.0010668553718264204
2018-02-21,-0.06459170224791023,-0.004986848124623143,-0.0028475285528897997,-0.004549284815409494,-0.013615616890236123,-0.004604964057785746,-0.0051198390023570895
2018-02-22,-0.06626121098880938,0.0012950959305010948,-0.00012082979116664876,0.008324499788661718,0.007449511900939234,0.005080177401414419,-0.004345012256307387
2018-02-23,0.02916567969339066,0.01581373148823817,0.020242550527674354,0.017241624438942775,0.0025945019964425105,-0.0012676571223934087,0.0036420916071724634
2018-02-24,-0.048535445290413405,,,,,,
2018-02-25,-0.01523197751850677,,,,,,
2018-02-26,0.07011553986619887,0.0115454465335269,0.013173011163729317,0.019579143775579226,0.007130611351660035,0.0024545525850455277,-0.003212105009122826
2018-02-27,0.0340346060989737,-0.012565026430963936,-0.012459995517178307,-0.0032460086284851206,-0.01344287345957238,-0.010493774054732095,0.0023126013299230768
2018-02-28,-0.03102947063646394,-0.010181650779210153,-0.0064380204086055435,-0.0015145425070206926,-0.025400540142120426,-0.0010394376248337527,-0.006946405230548275
2018-03-01,0.05182687604474616,-0.014647515617364925,-0.016461521543512075,-0.017671384062002776,0.0022895440962683506,-0.0022425027652310265,-0.003199213284151269
2018-03-02,0.012288390831968733,0.005141658208444074,0.009138755595551629,0.00689022665745641,0.010114085018123593,0.005357640797750738,0.006506946640574449
2018-03-03,0.03573183173255637,,,,,,
2018-03-04,0.0019910549659772955,,,,,,
2018-03-05,0.005258650235306609,0.011491635528856332,0.011023851249185536,0.003455886195282618,0.0098878097892876,-0.0016761714003699012,0.0036263787619993924
2018-03-06,-0.07101737882303372,0.0025317887185062264,0.004221430105024038,-0.0008487541801228799,-0.003368447133411274,0.010726720619181963,0.001713382605229048
2018-03-07,-0.0785471416488412,-0.0003664488337662421,0.002311249213081207,-0.009326301348494052,-0.01080546248674851,-0.006422202914569186,0.006472901653150981
2018-03-08,-0.05895751127349285,0.0048272688490437875,0.005490233795915595,0.010853724287048675,0.010180354146730493,-0.002389131123572836,-0.00016140177040260427
2018-03-09,-0.006134788034011313,0.017252672590971508,0.019241468572908916,0.017034850604315418,0.003993555473429219,0.000956349666608725,-0.008738819743630995
2018-03-10,-0.05182014795719041,,,,,,
2018-03-11,0.0773108269362234,,,,,,
2018-03-12,-0.039774699535065794,-0.0012559845737588806,0.0052990475643455446,0.009621244999459743,-0.005369552530732829,0.0,0.00017221271392751176
2018-03-13,-0.0011163614975213596,-0.006483606977517312,-0.013707877279562429,-0.00967687330629921,-0.001754943054765448,0.001909899228192024,0.002501775781071896
2018-03-14,-0.10603202002040293,-0.005144424101574072,-0.00017514880426492636,-0.008537594928080743,-0.009072762355405552,-0.0006362480921955626,0.004266335039781299
2018-03-15,0.0037476840392196608,-0.0010906442276579788,-0.0008738581475274617,0.0011760033168129677,-0.004185994470391416,-0.0063846619697597,-0.0013499625381387281
2018-03-16,0.00450614197866649,0.0010839061739359283,-0.00297797224373406,-0.0035325322411245627,0.003806626424710656,-0.002404835241203122,-0.005381152570823163
2018-03-17,-0.05186813420832641,,,,,,
2018-03-18,0.03802058543426426,,,,,,
2018-03-19,0.048302106725166924,-0.013622805787548603,-0.02156695958364091,-0.015397284407269868,-0.003933435908238093,0.0021646240154515875,-0.0023114690130010985
2018-03-20,0.03224371887087316,0.0016993487943404437,0.0032858557268076244,-0.0003422660223019779,-0.00445928537578973,-0.0044947919586221805,0.00455422106110146
2018-03-21,0.0017722101148143986,-0.001921077230650151,-0.004363516393432212,-0.022915289861242614,-0.016351078839922865,0.017305793278474,-0.006909380265738672
2018-03-22,-0.022745729727735496,-0.025315109892167103,-0.02499189154681515,-0.014230636011567977,-0.008210973363769691,-0.0039610286020946425,0.007785708051778266
2018-03-23,0.017168711059965366,-0.02154494045377308,-0.026705045696582202,-0.023428742006094447,-0.006565190715036586,0.01285555168848731,-0.0018381487711451225
2018-03-24,-0.02410683537135471,,,,,,
2018-03-25,-0.02008233931084544,,,,,,
2018-03-26,-0.03428971504220468,0.0269914185401988,0.03648470074616476,0.0463793524931222,0.006565190715036718,0.005236622780197456,0.002381543956155749
2018-03-27,-0.04692919680936608,-0.017158157947994346,-0.032895290454170945,-0.025975587901683955,0.017899186834436,-0.006177451915059315,0.00831188172368744
2018-03-28,0.01538459954530477,-0.002958931200527675,-0.011569923744778424,-0.011110363511685551,0.0134077450291676,-0.013901136089334824,-0.003990881759450981
2018-03-29,-0.10442950860100436,0.012696373954373931,0.018148800102544313,0.0077784753001631365,0.005565506882939406,0.0004770798243684067,-0.007897382931562176
2018-03-30,-0.03915922419318774,,,,,,-0.0006029938609045437
2018-03-31,0.01197496528897845,,,,,,
2018-04-01,-0.018715563309412864,,,,,,
2018-04-02,0.03440450062348593,-0.021820734138951362,-0.029276034932024922,-0.0065779090507454025,-0.02399926767410795,0.01161839746199109,0.0009230866886203371
2018-04-03,0.051223352843477454,0.01273553162352357,0.011190807399430496,0.010206732623185954,0.013601997985152754,-0.0075722010717776825,-0.0017470394477167334
2018-04-04,-0.08422475580705478,0.010642196675920689,0.01564693884994949,0.01894183125661328,0.007491753762852981,0.0011868954626521053,-0.001154869778581974
2018-04-05,-0.006201068910304803,0.007860753217883864,0.0056801529100938475,0.006910368519042378,-0.0031674964008242797,-0.005153580456720969,0.0006755016584394306
2018-04-06,-0.026050420941338085,-0.022537664883041004,-0.02534151423383957,-0.025911270916727642,-0.004706418538342233,0.004678991304775993,-0.002870925082302187
2018-04-07,0.040569778635102284,,,,,,
2018-04-08,0.0161371745154427,,,,,,
2018-04-09,-0.03665561276645477,0.004916321518652695,0.006998598829767779,0.009869206036626828,-0.0034487115109770408,0.0033963960355940744,0.001618556583301758
2018-04-10,0.009412414998555812,0.015775275476283365,0.021822885091087894,0.018642885179508382,0.002683102562865885,0.002362787969159084,0.004144001211158943
2018-04-11,0.019352815614150316,-0.005255982933106441,-0.005785603643404974,-0.004686225862531216,-0.0012767729748432534,0.007757730797944395,0.0032954948055088436
2018-04-12,0.12412693581038274,0.008193422593498098,0.011969533296933206,0.009810357240557661,-0.006151439123884062,-0.011698777825105413,0.0006925638918780253
2018-04-13,0.0008501580097129826,-0.002937439660391768,-0.0051921147598841845,0.0033821181540558565,0.007428212098727276,0.00653361006986455,-0.0033963667390498223
2018-04-14,0.01136885881377853,,,,,,
2018-04-15,0.04203655981360764,,,,,,
2018-04-16,-0.03300812914143919,0.008188238306274598,0.007593419173009571,0.006219050883180019,0.003057898338541188,0.0014113245973425364,0.00023433623354313018
2018-04-17,-0.01962125912828721,0.010641576144961298,0.021296823254702762,0.013670054290697186,-0.0022922893904300666,0.000939797609092718,0.0042513295822551745
2018-04-18,0.03253592757494634,0.0007400919297493909,0.002045049396225834,-0.002246852347646238,-0.00293705143497971,0.0007824607184664891,-0.0009655845061456074
2018-04-19,0.015906496489625957,-0.0055630272620629,-0.00923535072223761,-0.028749322657720705,-0.0332370347458543,-0.001957330849889553,0.00048266805112577506
2018-04-20,0.06437648463049019,-0.008515135966857778,-0.015953205238853064,-0.04183542945094765,-0.015462457773641022,-0.007630932179694891,-0.002719696805180505
2018-04-21,0.005608362578138261,,,,,,
2018-04-22,-0.010523309510453865,,,,,,
2018-04-23,0.014483697709083162,-0.0001506556503057497,-0.0025291463306714034,-0.0029003180820852516,-0.010899769685598026,-0.008007927882251619,-0.00585924857787994
2018-04-24,0.08235319918742609,-0.013558646810083537,-0.021414413834603498,-0.014017190764588808,-0.006872632621882802,0.004844167468111617,-0.0052637028397498915
2018-04-25,-0.09193210663750347,0.0024686981670858405,0.001197671399889458,0.004348079598866706,-0.002762489237909561,-0.006517267321502421,0.0026528923546068075
2018-04-26,0.04808821013231678,0.010114218110864468,0.020834175677923446,0.003477194678996427,0.006204806670666,-0.0035146807713917604,-0.005712650234150854
2018-04-27,-0.0322395933068439,0.0009382897944036434,0.000617151412617397,-0.011637179111851914,0.0008246647479452438,0.0042320403061771,-0.00511110874201837
2018-04-28,0.03942918286213941,,,,,,
2018-04-29,0.007523614187495628,,,,,,
2018-04-30,-0.019136041014403197,-0.00772018261050934,-0.007120141496811895,0.017950167647954617,-0.006476414751724813,-0.00727744165435215,0.0010903377604621455
2018-05-01,-0.01324016669459219,0.0017752036985236826,0.011367959242079177,0.022970219744481088,-0.005266755915883006,-0.007088207443339079,-0.003436890367875175
2018-05-02,0.012739001376982891,-0.00674001053975271,-0.005914961732069166,0.043226954973610315,-0.014275829722891339,-0.00048510316641562344,-0.007450468811979409
2018-05-03,0.05353715789106724,-0.0022060214346216124,-0.00012366532721593657,0.001810676641857394,0.0059031982286690265,0.005082068394914099,-0.0033877940587112173
2018-05-04,-0.004433170333562973,0.012863037263257743,0.018796157856186914,0.038483424225515,0.01488300493255745,0.0020898820929316714,0.003195912401978984
2018-05-05,0.016094355065083252,,,,,,
2018-05-06,-0.020843383079432266,,,,,,
2018-05-07,-0.02962092312799005,0.0033777395060250338,0.008275276983556965,0.007209055848263112,-0.006232500323503193,0.00024084765259023235,-0.0028613126228246057
2018-05-08,-0.014853101418770562,0.0,-0.0010231354560004567,0.004795146659459277,-0.0075302049212871225,0.0001605124693187213,-0.0017797005116395965
2018-05-09,0.009737078547251641,0.009619336389649359,0.01084009377150123,0.007016214042853192,0.012933647084059542,-0.002088981225264128,-0.005533851088539423
2018-05-10,-0.03062326710905233,0.009307253140658722,0.010311078215142462,0.014202593739972352,0.010720588284945523,0.006813368242228766,-0.0017430672818787454
2018-05-11,-0.0689361065966995,0.0030463937987046004,-0.000943552046913973,-0.0038101962789085,0.0030029122145620608,-0.0014389666321499815,0.00591735512042152
2018-05-12,0.007482389783710855,,,,,,
2018-05-13,0.025429769131291063,,,,,,
2018-05-14,-0.0008199646268759205,0.0004766067813870431,0.001709834883492505,-0.002335940589397113,-0.0012276107289440966,-0.0040883630684626394,0.0029002183504962887
2018-05-15,-0.023964474196194036,-0.0069110606346360955,-0.011136816209839556,-0.009130083635314605,-0.004513403076561988,-0.016277595476396185,-0.0017554472898831247
2018-05-16,-0.016772482047846687,0.004196434655933823,0.006590686308655871,0.009289435819120846,0.007919334866227788,-0.0015524980696371136,-0.00928694064996898
2018-05-17,-0.03335153970564195,-0.000845128661788994,-0.003854245035962662,-0.006343930697563679,0.0058308418240418354,0.0005722435830601718,-0.0003309314358126005
2018-05-18,0.019168176638719434,-0.002503405137681118,-0.005181854257549434,-0.0036428948985227274,-0.006919473268594741,0.00040857173330558584,-0.0018417401567751084
2018-05-19,-0.0004594502127542603,,,,,,
2018-05-20,0.031752487481541386,,,,,,
2018-05-21,-0.011133876917273966,0.007490418598689139,0.005597497374831004,0.007060060982879744,0.008270860473420016,0.0005716827532715196,-0.0024269007581673207
2018-05-22,-0.045839471398213046,-0.00278377734081763,-0.001306984673906386,-0.00250818773871831,-0.00040528798762810283,-0.0005716827532715781,0.002191086827304078
2018-05-23,-0.06206765944472573,0.0027475837734464194,0.008407550173508279,0.006391134246891107,0.0020241651582807,0.0010614187645907496,-0.0003302127283434639
2018-05-24,0.0038982826938899168,-0.0020507068819168805,-0.00029486431597667987,-0.0011155340787722073,-0.005542304565302817,0.00853209120176816,-0.006673574838505811
2018-05-25,-0.014229521588760126,-0.002385805947903639,0.00100224096109161,0.0022828842661483458,0.007292977482232076,-0.0030793967645780895,0.0010661932567615083
2018-05-26,-0.016751549202161684,,,,,,
2018-05-27,0.0016762090503006405,,,,,,
2018-05-28,-0.032025159738966816,,,,,,-0.0028795704251883274
2018-05-29,0.046090611580090195,-0.011567565516443334,-0.004428598563727309,-0.0036127266583243015,-0.0035048607782858002,-0.00016231041385129715,-0.005315985270053203
2018-05-30,-0.008880942351451794,0.013256494572817426,0.007135252452364561,-0.002130880499749945,0.011279946996919775,0.001460093554237964,-0.007563750116088786
2018-05-31,0.011764678499798073,-0.006144638702909755,-0.0006465853829422631,-0.0033655622143636144,-0.023234938235750326,-0.0021909715513725716,0.011022910220800021
2018-06-01,0.006289122618005123,0.009769342296563096,0.01557782528394287,0.017873341207184177,0.0038194414561146263,-0.004967644235411557,0.0022192132434978853
2018-06-02,0.01343460036267325,,,,,,
2018-06-03,0.009997649447416887,,,,,,
2018-06-04,-0.02701622323891649,0.004740610264705092,0.008990000217868142,0.008322898431304786,0.00988973764407268,-0.0009801121170807511,-0.002102537023960953
2018-06-05,0.015749961130953748,0.0007272906372100757,0.0030932516803971123,0.007685592677982774,-0.0028349162459535347,0.003914822104047846,0.002734209840494974
2018-06-06,0.002645286611436144,0.00832582583109771,0.005817287759646075,0.00345980039914568,0.005124259874472156,0.0005696358194504353,0.00219033413974912
2018-06-07,0.0031646133192780724,-0.00010843883876484228,-0.008165008168416487,-0.002684127633698521,0.018786548707791638,-0.0004882216623280107,0.005043244345701682
2018-06-08,-0.006968564365645907,0.0029520952933384413,5.7495644536506074e-05,-0.009139137956160934,0.018570013997666075,0.0012201695433653895,0.0008253392859986731
2018-06-09,-0.012263867528105044,,,,,,
2018-06-10,-0.1042933363808614,,,,,,
2018-06-11,0.017659179795872778,0.0013293892778588915,0.0026909463257413758,-0.0024548712951521588,0.00452466330336925,0.0017868849442266759,-0.0009549196576974336
2018-06-12,-0.04813047339938324,0.0012912236694093975,0.005245919379101822,0.005475793736512727,-0.003747923725410799,-0.003332688774722517,-0.0008363539989250407
2018-06-13,-0.035954273506747965,-0.0031957279791386744,-5.71325171522256e-05,-0.008251039735684945,-0.010018856838404014,0.003008032375587246,-0.002199270438669329
2018-06-14,0.049982602628063255,0.0025143946400909556,0.01007326512447218,0.0005243716657296374,-0.006296785073689001,0.0015411027282310494,0.005052684987134998
2018-06-15,-0.033321874056011454,-0.0012765350503250877,-0.003497084124985981,-0.010325930590750479,0.018126461524773294,-0.016672509186741995,-0.020638107698380467
2018-06-16,0.014389722742134216,,,,,,
2018-06-17,-0.007799634776661505,,,,,,
2018-06-18,0.035601191439461784,-0.002059103215413792,-0.0005781166132439617,-0.0005293010982307176,-0.02010230390193095,-0.0018972637609840908,0.002536267703775233
2018-06-19,0.00520115825376602,-0.003839790888468557,-0.0028364644268491683,-0.01629204945376996,0.006440424366331327,-0.0025629178089953803,0.0029962096356120605
2018-06-20,0.0009758784644155417,0.0017046222895979587,0.007077173073165098,0.004352462513681293,-0.006308617229196413,-0.0044802273887545,-0.0036336856020979945
2018-06-21,-0.006931549314601128,-0.006288817429875401,-0.00872636512369852,-0.005591940643365049,0.0077485538103914935,-0.0017477352868705306,-0.0008224597834486959
2018-06-22,-0.10092513460307667,0.0018218225958968944,-0.0022222201923148663,-0.002915818956192253,0.012868182859644592,0.0024126912728642744,0.0023068753656377444
2018-06-23,0.012867880610642049,,,,,,
2018-06-24,0.0017429078270061015,,,,,,
2018-06-25,0.012228084684466036,-0.013706603244929857,-0.022787719810120982,-0.014982945877548622,0.004638668227689306,-0.003746388732216758,0.0047813585160605306
2018-06-26,-0.025199768617492124,0.0022118169466380858,0.0040765191713054835,0.012329368208464312,0.0026957700684831117,-0.0052686490212925504,0.0035396255050087304
2018-06-27,0.010360226200307545,-0.008319085772163523,-0.013692360361285965,-0.0014649011703136516,-0.0039823777187646976,-0.005718147886604777,-0.0044953797831452195
2018-06-28,-0.04207551892667362,0.005701161707464437,0.008564950034000412,0.007250163130328034,0.00462324126465386,-0.003040547998821346,-0.007463204842131897
2018-06-29,0.051961304162501123,0.0014388718421633093,0.0026830450361207906,-0.002104775023606068,0.00012801495887946706,0.0036306900201949913,-5.783505454369426e-05
2018-06-30,0.029426269046298203,,,,,,
2018-07-01,-0.002842915424254111,,,,,,
2018-07-02,0.03513597605397694,0.002135559071983582,0.0066776319396536265,0.011120301274836951,0.0008963084879341554,-0.010080153442110952,0.00994714712822947
2018-07-03,-0.012871725512867362,-0.003537372591131986,-0.011641450467008598,-0.017569696195546523,-0.0029477247860547405,0.010080153442110855,-0.003124912448468689
2018-07-04,0.010354208139776208,,,,,,0.0014679804760208625
2018-07-05,0.0062841192296037365,0.008124598815975766,0.012335640950240487,0.008014899507296103,0.016676239300336414,0.0033656028250155126,0.0002681516744493763
2018-07-06,0.005162002311365564,0.00842280841038873,0.015436784127066625,0.013766492196680613,0.0012615185560953103,-0.0015972634935638506,0.002873078600661516
2018-07-07,0.027115385407600508,,,,,,
2018-07-08,-0.012185823192757565,,,,,,
2018-07-09,-0.004754487007430659,0.008964219111333918,0.008956717299835808,0.013789827267700136,-0.0184516931057424,0.002436881277559937,0.004806882998706923
2018-07-10,-0.06302716705344925,0.0035917343232991722,0.0007333478461619348,-0.001207485638716095,0.024861659531291658,-0.0018481290459546572,0.0003996761874951096
2018-07-11,0.010178711879892067,-0.007341196456913589,-0.005088399455998035,-0.013060922557385904,-0.008302782118564535,-0.010905978807671088,-0.0025479448635795567
2018-07-12,-0.026285767240593776,0.00902524075755161,0.017084957190406508,0.01662672304513686,-0.0034164808651934325,0.0041565812124297165,-0.004294710183780235
2018-07-13,0.001482289507841217,0.0007869180847602235,0.0008354314146253024,0.001569323197489239,0.005309296558208804,-0.004411618657356192,-0.0009336480898713101
2018-07-14,0.006084371585678029,,,,,,
2018-07-15,0.013219819655417867,,,,,,
2018-07-16,0.05834774166521402,-0.0008944185432174065,-0.0023971253140778075,-0.002197539168781877,0.002770295888015572,-0.0005102701051305093,0.0011321950635473854
2018-07-17,0.08243286458020968,0.004037261435712314,0.006065039199917054,0.002824630259527035,0.006267324533710634,-0.010862735754725461,0.002596160411045844
2018-07-18,0.006771106197490973,0.0021013751585648686,-0.0018877161255215398,-0.005499597538587125,-0.003880989044223804,0.00025795416772476286,-0.004812627760435433
2018-07-19,0.012951038487558252,-0.0037791159741791787,-0.005014491613320781,0.007742838476053203,-0.003461484577182019,-0.004308123245285948,-0.0006524588597063798
2018-07-20,-0.015212500162381477,-0.0011429236091700012,-0.0002236261982750668,-0.0022952509401429726,-0.0006353581703215193,0.006455244826308788,0.0008155070803001822
2018-07-21,0.00882132629206077,,,,,,
2018-07-22,-0.00010780651465853488,,,,,,
2018-07-23,0.03868656433444906,0.0018574623105939438,0.003179728867305033,0.0008873512211705199,-0.0021628622550561964,-0.004815949835095058,0.007416802719637017
2018-07-24,0.0884546416030793,0.005019512244061814,0.004112549625455828,0.00722782343304729,0.0060948121727874074,0.00034477603659500224,-0.004077814856735979
2018-07-25,-0.029254690417220935,0.008486210143073077,0.013879936483017228,0.009386057120908337,0.006058594336992596,0.00550018047205447,-0.0007364777587126888
2018-07-26,-0.028491418656974198,-0.002361899615504913,-0.015267405998371753,-0.003135858024231148,0.007771480614636368,-0.00782971239395345,0.004438682606524639
2018-07-27,0.02648726157352419,-0.006799230811325893,-0.013588301848762738,-0.016771444343729743,0.00609945004865942,0.0005181795313150905,-0.008089604616354043
2018-07-28,0.0033185039026142372,,,,,,
2018-07-29,0.00320641247214717,,,,,,
2018-07-30,-0.004632012619252318,-0.005237307860344028,-0.014231866826412495,-0.005618451522356004,-0.004727195193351507,-0.001555212880989931,0.0015031493557779215
2018-07-31,-0.05013794188199755,0.004917671617348922,0.007622967712969319,0.001998796312093537,0.008443033562858691,0.0029355602050311473,0.004019211446705295
2018-08-01,-0.02019234469295715,-0.001672485141482323,0.003789621807721661,0.05724030234634701,-0.0028474348644986947,-0.007355188129705078,-0.0015207742859470093
2018-08-02,-0.0076040421112573775,0.005433461592158064,0.013515011173128182,0.028811522488314204,0.016600439661704297,-0.0053993230298752665,-0.002031950545646603
2018-08-03,-0.017699946974245928,0.0042750867234981746,0.0030588596311954376,0.002889301700946996,0.004016127079657926,0.003486767260953241,-0.00687094620857647
2018-08-04,-0.05552450759252941,,,,,,
2018-08-05,0.0050534181440378585,,,,,,
2018-08-06,-0.016644870348810327,0.0036605762441525008,0.005869350646030626,0.00517893135949638,0.002305578043686686,-0.005147198608389075,-0.0020485936709178547
2018-08-07,-0.028995953086401502,0.0032972040922617856,0.0036366356746003713,-0.009419081694293199,0.0014526069165832615,0.002271488910587502,-0.0003698943193172203
2018-08-08,-0.06853482384772068,-0.000420355823963587,0.0012094551265315625,0.0006756524159115194,-0.0035152837745048853,0.002788736658924094,0.0038793948110081187
2018-08-09,0.040774573013564665,-0.0013672875883730324,-0.00060428021895684,0.007834337672794863,-0.011603293920967856,-0.0014805645831976347,0.0006732375104906637
2018-08-10,-0.06016427603596317,-0.006723102332807697,-0.007670561487022692,-0.002983240814494488,0.0003688921886567007,-0.00043582289228197795,-0.007507102373803506
2018-08-11,0.017791511924364466,,,,,,
2018-08-12,0.004273118524736129,,,,,,
2018-08-13,-0.0039809244546156666,-0.003750245855957092,-0.0011083259893523185,0.006436089050462007,0.0011042594644967033,-0.015199092023381782,-0.011275742016472816
2018-08-14,-0.015661306329478587,0.006360717051664139,0.00624683280293144,0.004204602329390437,-0.002579498659103704,0.000973327608104041,0.0006839682303000879
2018-08-15,0.017398593339543036,-0.007495676383402956,-0.012310273313796943,0.002333457984742058,0.012102220651971658,-0.016766621575930757,-0.004993251859405852
2018-08-16,0.004146085616168998,0.008058867512750947,0.0032865258825323894,0.014543487488430713,0.016748735342444147,-0.0008097887609237462,-0.0001248308008382202
2018-08-17,0.038083278208336936,0.0035142840850511253,0.00022241576429070194,0.019773234311437682,0.0,0.009228205066865915,0.0023851641885435427
2018-08-18,-0.024126888066354907,,,,,,
2018-08-19,0.01273198071380139,,,,,,
2018-08-20,-0.030832908467442785,0.0021376193276787265,-0.0008897815243082604,-0.009791355804388325,-0.0005976915110204073,0.0049818196508907165,0.0058162558222769525
2018-08-21,0.028168761359932258,0.0023422374467537417,0.003665634832099992,-0.0019513416658368187,0.0031034797835410143,0.0029240568705197916,0.004677486716083236
2018-08-22,-0.017419128922693004,-0.0005934248201573647,0.003873631565944152,4.6515511768670374e-05,-0.006097307638130318,0.0022095550764809732,0.007404847816651862
2018-08-23,0.02450168206824125,-0.0013290664035565804,-0.0014368160527439063,0.0020438695826763605,-0.0018001603573374705,-0.009491353686729823,0.0006948261978871789
2018-08-24,0.027928230011097385,0.006000808389731489,0.009249309259474632,0.0031044562732604405,0.0014404992937485928,0.017318039357996126,-0.0035848160899412435
2018-08-25,0.0064124672521687996,,,,,,
2018-08-26,-0.008304176683980409,,,,,,
2018-08-27,0.026102376198721546,0.007864421925281284,0.01014093591731032,0.008200943878259911,0.0009594793475924251,0.0037595032326643405,0.009102781442062224
2018-08-28,0.030277809712914813,0.0004827529203044387,0.0014637164276735286,0.008043252802482442,0.0004790595866108716,-0.007973022006627225,0.002974957959103324
2018-08-29,-0.006945951847084595,0.005365847524045845,0.011472043087370603,0.014819138762058853,0.00011961736530048615,0.0045637840256251986,0.0006544181771759916
2018-08-30,-0.009829420799983127,-0.00405599806542579,-0.0017688217812152677,0.009151443723462518,-0.0009585694619396279,-0.004915718883921124,0.0015796090309269939
2018-08-31,0.008469072019252824,3.410687246704297e-05,0.0012863745272833189,0.011487649399813513,-0.005530211422123607,-0.0011445940280617694,-0.0038568234970335043
2018-09-01,0.021878714118539457,,,,,,
2018-09-02,0.010987305122022542,,,,,,
2018-09-03,-0.001742290079993956,,,,,,-0.005467329671144762
2018-09-04,0.013897370676709589,-0.001723496780955622,-0.00429514261284146,0.0032019868350918667,-0.0030184314611966865,-0.005122797149079999,0.0012420767865190061
2018-09-05,-0.08041781637747243,-0.0026950809851606903,-0.012997676368557566,-0.006546096989660208,0.007109119605946858,0.003447511831347845,-0.00249423774492734
2018-09-06,-0.03958783805725853,-0.0030146044689696398,-0.00897997234073403,-0.016757022394818365,-0.007713742809403966,0.0019395335367870974,0.004191522661239412
2018-09-07,-0.009556698168818017,-0.0019451821539610695,-0.0038578860223811014,-0.00810097538783797,-0.00899338916607773,-0.0027340278330774677,-0.0013023413584009917
2018-09-08,-0.037992262867389735,,,,,,
2018-09-09,0.011955253777374625,,,,,,
2018-09-10,0.004566762205364724,0.0017370273843815155,0.0033626180798500068,-0.013511413008068985,0.0057210051861029355,-0.000706792407982718,-0.005088212679201238
2018-09-11,-0.0013437780737511058,0.0032918662469729226,0.007674842712037548,0.024968443409238577,-0.004501437205640517,0.0006184538252070439,0.0030103695028976135
2018-09-12,0.004829112103060521,0.00024237203131143625,-0.00295345034062334,-0.012496896776937914,0.013323825222126835,0.008355710260063364,1.1616617293630954e-05
2018-09-13,0.025723516554865874,0.005896905307720902,0.010623552330838901,0.02386833066294204,0.004082829239739077,-0.0035975648169408914,0.0028567736307313144
2018-09-14,-0.0007060768656483014,0.00017198491137797295,-0.002930589121347137,-0.011416120734989078,0.0019151915706439515,-0.006526220333750846,0.005363777321440594
2018-09-15,0.004670726045218974,,,,,,
2018-09-16,-0.003984578276937406,,,,,,
2018-09-17,-0.03688071788794455,-0.005308499308031149,-0.014507546788131381,-0.026986921816323353,0.007625513501395203,0.005206771454576303,-0.0053870469228903305
2018-09-18,0.01424242361641818,0.005411794239142918,0.00823775285807036,0.0016508134550904509,-0.0029716761849989328,-0.0014974516487718237,0.0034481379521063144
2018-09-19,0.004266345706214488,0.0010647103650888196,-0.0007661512639352329,0.0005955236575162418,0.0,0.0038711539862427546,0.000922261926881197
2018-09-20,0.01875390373168553,0.008071195049666847,0.010995932271907437,0.007573037563727152,0.016060975226545326,0.0034188014897895418,-0.00045540858189432155
2018-09-21,0.032486665751885406,-0.0009138407073616658,-0.005482852396279546,-0.010829688339914089,0.005374384082772666,-0.0068493312914384265,0.008641386999915996
2018-09-22,-0.0019276638417005945,,,,,,
2018-09-23,-0.0016899322578373187,,,,,,
2018-09-24,-0.017318842593149884,-0.0033275701236938175,0.0027773964535342034,0.01427764958157631,-0.018226095512770053,-0.00017621292914007548,-0.0021173676071735976
2018-09-25,-0.02284124873972531,-0.0009284384788171006,0.0013584246940122114,0.006320950858189621,-0.013740523330101265,0.0015850681638403528,0.00016453172755568672
2018-09-26,0.007499922625336217,-0.0029965022386594688,0.0007057147979785334,-0.007997770396545464,0.0016827113628903735,-0.005293338005935142,0.0008700869206251829
2018-09-27,0.027598692087246655,0.0027906018194502526,0.008430044078213676,0.020343131787866148,-0.004816146951462926,-0.008884998236125718,-0.0012461557398680272
2018-09-28,-0.004897601761743681,0.0001032498205672149,-0.00021514145288814815,0.003505691500093391,0.004455700208662486,0.0063164577082286105,-0.009506265183163212
2018-09-29,-0.006367171722292317,,,,,,
2018-09-30,0.0035683367196754708,,,,,,
2018-10-01,-0.00543920393591315,0.0034677982759514386,0.0020432243247670854,0.006710670163931875,0.005272869538225379,-0.0016864375351172442,-0.0027542106030115305
2018-10-02,-0.005099772645630063,-0.000583118552997574,-0.002258412073460214,0.008849486114398909,0.008212564350049448,0.011482223287117932,-0.0023995177924754293
2018-10-03,-0.00819539381745712,0.00054874405764964,0.0010760786503347867,0.012095059025545257,-0.015891476095265165,-0.003959744500981412,-0.002231905179333874
2018-10-04,0.011331035300968855,-0.007846400563573105,-0.019385377009757853,-0.017737283055059627,-0.013458418100912615,0.0005289130805079614,-0.0065514443949888455
2018-10-05,0.0069383488553248175,-0.005612744225959916,-0.012302734413787526,-0.01636191975191529,0.0028034666754405044,0.0028159089867124108,0.003633144332951674
2018-10-06,-0.005173043848845555,,,,,,
2018-10-07,0.002219673093834595,,,,,,
2018-10-08,0.007435585416514066,0.0,-0.006124588725363759,-0.0023210779180152285,0.003038835691245941,-0.011133826368821452,0.0003916613335415117
2018-10-09,-0.0014426384505712788,-0.0014605776410993923,0.003234105033729398,0.013758301800309418,-0.0024300797884915706,0.0005329800140063239,-0.0024743353677267104
2018-10-10,-0.008634710127935695,-0.032175046875322875,-0.04497564223410418,-0.047433533231686476,-0.00928862914077647,0.0024835810584159217,0.001115539847432275
2018-10-11,-0.051295382144624056,-0.02227244754067691,-0.012480847379197671,-0.008867050993905563,-0.03206586938652718,0.025366544894876334,0.0022925758813270494
2018-10-12,0.0029271598167849833,0.013792708032781879,0.027449864522796144,0.03509614509999201,0.0024063651845890443,-0.0047616679491750925,0.004936896711930574
2018-10-13,0.0018168218647266394,,,,,,
2018-10-14,0.0007855566385387347,,,,,,
2018-10-15,0.04743633360553313,-0.005633024163955589,-0.012178055955000322,-0.021617730608723826,0.013443052408166869,0.006660030947980057,-0.00337871276967803
2018-10-16,-6.521446177784128e-05,0.02163015166326193,0.0286772854335821,0.021797858062457796,0.010922088678261395,-0.0017255996137757622,0.00277613066095182
2018-10-17,-0.00786572755709154,0.00017843212157490687,0.0003949622450552576,-0.004330726376106166,0.010437834038917241,-8.637796161615032e-05,-0.0007063381347118181
2018-10-18,-0.010401673695689338,-0.014546197133747059,-0.02345534438552045,-0.023651049602948754,-0.011190985412974187,0.001122068685606197,-0.006449661883067655
2018-10-19,-0.0017462065653074937,-0.0005430530358873639,-0.0009243084229913598,0.015115234977142906,0.08432873531465859,0.0007761304849288288,-0.0035590143590289915
2018-10-20,0.0036712537146421764,,,,,,
2018-10-21,-0.0010545924945415059,,,,,,
2018-10-22,0.0007417487199009042,-0.004498678349659257,0.005130784696654895,0.0060915045077618276,-0.008050800093695083,-0.0025893597255193914,0.004306794612387999
2018-10-23,-0.0017619397642864927,-0.0051039915186809415,-0.0036869857323780604,0.009382520656219582,0.006445880582424411,0.005859562733875961,-0.003618821551799291
2018-10-24,0.0030990249977650625,-0.030766747078705154,-0.04684706591395832,-0.03490385135380474,0.026045805649199408,0.0023171370069294235,0.00045873224217338594
2018-10-25,-0.0030141263870882,0.017781568058908022,0.03401018249262098,0.021661679482443956,-0.0051549445160489205,-0.002231204310531111,-0.006461454314165988
2018-10-26,-0.00023782477161892504,-0.01774422475204806,-0.026058299131424007,-0.01605181994487934,-0.012892003087891991,0.0031736109331066205,-0.0018790143987378028
2018-10-27,0.0008691357350833926,,,,,,
2018-10-28,0.0009270241282320825,,,,,,
2018-10-29,-0.023990543470313163,-0.005555394863732211,-0.020795328903654042,-0.018948522266139915,0.004315618325733068,-0.003947139978932357,0.0018334180682723267
2018-10-30,0.00025896418864301634,0.014709900884453045,0.016345061101946858,0.004981857272240224,0.010708933535694643,-0.004394427867848015,-0.0019813685457873696
2018-10-31,-0.0026336269445917018,0.010623997322286617,0.023233488362619684,0.02573262149273999,-0.005734592919186124,-0.005628951974666804,-0.002624516859612044
2018-11-01,0.009479090296346939,0.010585706222221256,0.013104299036809574,0.015235478339645279,0.010208957049060153,0.01277086763550321,-0.0026175181948033402
2018-11-02,0.0016700572222643,-0.0059405553014022314,-0.015698556795309883,-0.06863251104701894,0.0024526301136762857,0.0001715043948444399,0.0076225100963029264
2018-11-03,-0.004263663863637974,,,,,,
2018-11-04,0.0023348777659298278,,,,,,
2018-11-05,0.0068038692776419656,0.005501620350533755,-0.002482747325877914,-0.028799239246031,0.015358961784890941,-0.0024032178261358607,-0.0005016012498704805
2018-11-06,0.0064204349103652286,0.0063077110375999185,0.0075472889890843406,0.010755939145903105,0.003393411307497196,-0.002839826579174042,0.0013457141043092423
2018-11-07,0.010642787457474817,0.02118315643862298,0.030885352346846036,0.029877663519692232,-0.00240721363817983,-8.61993040877103e-05,0.0022395351045813323
2018-11-08,-0.011771661474414798,-0.001816723026421534,-0.006399018426865854,-0.0034953566620435175,0.0007664269946145903,-0.002156939731312277,-0.0003889112093649832
2018-11-09,-0.0106081363243139,-0.00981627820387665,-0.01699558008121306,-0.019469934021165775,0.011427569196850475,-0.011291663536045476,-0.005757617992678804
2018-11-10,0.00368900647570952,,,,,,
2018-11-11,0.00031977009731966983,,,,,,
2018-11-12,-0.0062585574452049195,-0.018861857566683835,-0.030726212712260784,-0.05168698567028048,0.003133117611832422,-0.007188596482678694,-0.0038237886881901163
2018-11-13,-0.001850602522267611,-0.001873029824618856,0.0008411661388189161,-0.010041795580273774,0.008272333099506706,0.00035180582721631255,-0.00812099283730819
2018-11-14,-0.10277649273173681,-0.006859968905867498,-0.007658012484240837,-0.02865372353991314,0.00021386033558126033,0.008233404279793029,0.006898682860815119
2018-11-15,-0.015864955827275286,0.010382487184491869,0.017342388036272784,0.024378997956792322,0.003630024517389117,0.0011333182475063862,5.659312249631377e-05
2018-11-16,-0.012915841594389046,0.002597526813059755,-0.003515971335367968,0.011014730819444693,-0.00010678327988882378,0.0073788789662288,0.0011543485143173634
2018-11-17,-0.0038131143366994845,,,,,,
2018-11-18,0.012383547969032271,,,,,,
2018-11-19,-0.14356147255391308,-0.0170594035606217,-0.03301683773074109,-0.040438963873556846,-0.005664995323873305,0.0004323180677422659,0.007833541738013036
2018-11-20,-0.09007563428611133,-0.01867950839049193,-0.018056373882817712,-0.04895668120646136,-0.012837864083686916,0.0,0.0035904124545615974
2018-11-21,0.033203655465095516,0.0034016678656233175,0.0075732912840921224,-0.0011307443283237162,-0.007520404747514431,0.001641277459165227,-0.007236214894346958
2018-11-22,-0.052694412359316274,,,,,,0.001399771088484465
2018-11-23,-0.004322277012643036,-0.0067009870578908495,-0.007259308897714636,-0.025726865121702056,0.0014218244120546978,-0.0007771357154266267,0.00129913302540532
2018-11-24,-0.11348021178490733,,,,,,
2018-11-25,0.03275273942871904,,,,,,
2018-11-26,-0.059289959286095456,0.01601560079764915,0.022850724238532148,0.013433114735509987,0.004359647811286745,-0.0011235233509469095,-0.005787459882789436
2018-11-27,0.010945085463912742,0.0033585659994576776,0.0033710351689604846,-0.0021784985866825125,0.008448193229829908,-0.005984687209490868,-0.0003514642433935953
2018-11-28,0.10822444579237071,0.022764289059426665,0.031676198472548885,0.037731606434020855,0.003122658834576316,0.00373378036345705,-0.0030552182237152223
2018-11-29,0.005020181260204391,-0.002187597840845435,-0.003265755271913519,-0.007711729862688365,-0.0020445755065369186,0.003115272664463216,0.006154085648589298
2018-11-30,-0.06308129823555883,0.006076789229737161,0.007229298261785307,-0.005416844857460409,0.018043151820002316,-0.001729479411524255,0.0021282563230342836
2018-12-01,0.04796953376593715,,,,,,
2018-12-02,-0.017905439628711557,,,,,,
2018-12-03,-0.06119579004793354,0.013154779704387927,0.017325611816687733,0.03434558273695933,-0.012671289022123474,0.007501675441848404,-0.004444753317076851
2018-12-04,0.015988811461090185,-0.03293910586993967,-0.03911153982761366,-0.04498552686868845,-0.00010667354986958804,0.006080599945141696,0.0011120969434071908
2018-12-05,-0.05263875080027785,,,,,,-0.001055343439309746
2018-12-06,-0.06404661855090774,-0.00151831929202369,0.007035185013868098,-0.011212155609200388,0.0025685892107604777,0.00017072178718187972,0.0005445647806004922
2018-12-07,-0.029151749215485624,-0.023509894630772746,-0.03357296380455464,-0.036308548917549886,-0.011828035789767122,0.008077219150826301,0.00226102987934065
2018-12-08,0.016293013151101775,,,,,,
2018-12-09,0.03896482421444885,,,,,,
2018-12-10,-0.03135850250725668,0.0018947467698791028,0.010417615134528614,0.006566711324121637,0.0062540488701509815,-0.003477935715567025,0.002300368502689518
2018-12-11,-0.022540327664477524,0.00022730218069507585,0.003306164633583863,-0.005735644506755214,0.00941478839694042,-0.0011903699128753065,-0.003902916391754538
2018-12-12,0.018046272769709704,0.0050228829087658414,0.008762982043777373,0.002782898042753112,0.0012769632066566322,0.00212467676965701,-0.0029483233608125887
2018-12-13,-0.05096896140814731,-0.0003393284726662872,0.0003026822705465265,0.010880906259725955,0.025825410774034222,-0.0022097759847801487,0.004437154988177638
2018-12-14,-0.021718554248833184,-0.018637185759366126,-0.024650337952507685,-0.03252060963944049,0.0015535245637085732,-0.004007006751401848,-0.0008640370211149319
2018-12-15,-0.0017666084928983055,,,,,,
2018-12-16,0.004954827235499686,,,,,,
2018-12-17,0.08625387653959106,-0.01981338480640563,-0.022919988487946064,-0.009350117295543805,-0.04086962393358834,0.0068957425332182515,-0.005089346754260064
2018-12-18,0.04148507479472932,-0.00109713643539295,0.006268642489583179,0.012909268924912882,-0.0030227193763239196,0.0023726710074086807,0.003874133037778065
2018-12-19,0.013408299801074757,-0.015088812660065405,-0.024861636419595254,-0.031688751309139195,-0.007923815912574673,-0.0061126025718981495,0.0022498726790910906
2018-12-20,0.09867679132172595,-0.016412232488956735,-0.014601662150851112,-0.025558551751844787,-0.008537057688023262,0.015295836918707156,0.0012406398541556292
2018-12-21,-0.05926230044008081,-0.02070242863240777,-0.03148384379652143,-0.03967220738892839,-0.0001097221217254147,-0.004370461193212718,0.005894325669240089
2018-12-22,0.029743814670969634,,,,,,
2018-12-23,-0.0037943596349006648,,,,,,
2018-12-24,0.01971419201541739,-0.026777905412818548,-0.025110761672652537,-0.026214739979176328,-0.040492242169483106,0.01089057789030817,-0.007362502855146589
2018-12-25,-0.06668429052768687,,,,,,0.002733204388363113
2018-12-26,0.010897550330662953,0.04928984597019355,0.06056734189075426,0.06805251665924487,0.030771495159849224,-0.003003949025405859,0.001015549167608685
2018-12-27,-0.0539162995271533,0.007648069194670357,0.0038623127597118786,-0.006510827928042131,0.0211966245900804,0.0075760760319352385,-0.004760354329909309
2018-12-28,0.07104028607292981,-0.001290857778096253,-0.0005228034926251392,0.0005119034649313821,-0.009169878665464273,0.004055775698519239,0.006119700433588459
2018-12-29,-0.026733418957821234,,,,,,
2018-12-30,0.011850725299472748,,,,,,
2018-12-31,-0.03240073596075585,0.008720711916741924,0.008397741802410678,0.009619120129615327,0.008082417210734823,0.0015682595209626012,0.0007775629855240129
2019-01-01,0.026581224952000385,,,,,,0.0046324981013964464
2019-01-02,0.025657066653891034,0.0010398372604878523,0.004011226966722587,0.0011406040284515817,-0.006986641934379504,0.000659591337713554,-0.002731637394770495
2019-01-03,-0.02742232180619206,-0.0241520802270345,-0.03321616231254392,-0.10492409976488189,-0.007036410562586031,0.00902531942317299,-0.012608298115566716
2019-01-04,0.005452331614920808,0.03294680592185579,0.04189473606741856,0.041803001771869575,0.02020523209357212,-0.008119106827353268,0.006426636088957116
2019-01-05,-0.003251487248933267,,,,,,
2019-01-06,0.058447089054905726,,,,,,
2019-01-07,-0.012684700557385667,0.007853591943789973,0.011835284710278938,-0.0022284762600326244,-0.004008237311499909,0.0034525160778516237,0.0016987238668561887
2019-01-08,0.0013901547706836324,0.009351602630961282,0.009005097354291391,0.018883680681840865,0.0036837105572578386,-0.0027117139907279018,0.006054385516065666
2019-01-09,0.0011030020343775215,0.004662566284238487,0.008115951217379591,0.01683926600431989,-0.01646615906975202,0.006397649700215412,-0.0020641436330749562
2019-01-10,-0.0924592824929815,0.003521520650635562,0.0028562228160966207,0.0031910334372939647,0.0024162021148986463,-0.005904086348646452,0.008594450913368567
2019-01-11,0.002291770109090111,0.0003862164535608917,-0.0036647609107371046,-0.009866864330988928,0.006559445316585078,0.0017256811414607263,-0.0038864264493645136
2019-01-12,-0.0070936849314874395,,,,,,
2019-01-13,-0.030039431790895278,,,,,,
2019-01-14,0.04218810159294485,-0.00611970269295478,-0.008876092110311835,-0.01515102088188269,-0.006778748354567831,0.002378067354322114,-0.00435283427225836
2019-01-15,-0.020548563372547957,0.011395732912137116,0.01933859992754768,0.02026012220182352,0.009390787512199364,-0.0017215161032263467,0.0011121961372727578
2019-01-16,0.006679301401546422,0.00241681300742099,-0.00018503801541809332,0.012142562124950447,-0.006980083647111733,0.0031947551186356582,-0.004898327287011697
2019-01-17,0.006424485580328479,0.0075580970918694606,0.007853296076192689,0.005919886291780315,-0.00014365089377580315,-0.0013094038577051105,-0.0016427589079669254
2019-01-18,-0.005649816019732142,0.01322235302975892,0.009851583873663989,0.006140874982244691,0.00856889322807269,-0.008966489387798326,-0.0004784957874557275
2019-01-19,0.01915170905873867,,,,,,
2019-01-20,-0.03480896076891464,,,,,,
2019-01-21,-0.006961443903655484,,,,,,-0.0023781934087444396
2019-01-22,0.00795053055647093,-0.013602852341329678,-0.020233555820501098,-0.02270182523998054,-0.010777947375771093,0.0035468368649853345,0.0003296032683529126
2019-01-23,-0.005411671839448025,0.0020903109546148084,0.001296149518513376,0.004036322705752293,0.047504560460641956,-0.0014007184915951448,-0.00046606963613473793
2019-01-24,0.004381431105509742,0.0005313528828193302,0.006454492867006245,-0.007958015041056548,-0.005709640504949319,-0.0015678713054947328,0.002127322710837133
2019-01-25,-0.00030542026954499585,0.008425705045396468,0.011877606603541228,0.032599632098540034,-0.007451237828513919,0.014511460180241248,-0.006583448410776002
2019-01-26,0.0007482631299659863,,,,,,
2019-01-27,-0.005147111803203804,,,,,,
2019-01-28,-0.0321855631491495,-0.007629043470650437,-0.012429250105157982,-0.009297628519385941,-0.0008548639256231584,0.0034938106026215594,0.008760988515929479
2019-01-29,-0.006456126661071388,-0.0013280144575653539,-0.009486551280171956,-0.010418464849242724,0.00021363745295791087,0.005580978043920208,0.0014848026534814308
2019-01-30,0.010978782970954,0.015707014792446704,0.02512012671511432,0.06610079295782907,0.010422320805858842,0.005710387238117351,0.0004686962359195961
2019-01-31,-0.008176606850343018,0.008743774981046021,0.01485755798041967,0.007175428525381239,0.02042071546320497,0.00048105804332541224,0.004561711164055767
2019-02-01,0.00868238253365107,0.0004816058999858375,-0.004231405303226473,0.0004805527375966765,0.01031248261095887,-0.002006018726865743,-0.0033259073301630383
2019-02-02,0.009449478125773406,,,,,,
2019-02-03,-0.016334438234447555,,,,,,
2019-02-04,-0.0014038013125416823,0.007010927500927371,0.012345244516071836,0.028008950675892114,0.0057290608218996805,-0.0043467903708823,0.0005039053289246995
2019-02-05,0.0020802425249583987,0.004183021366919037,0.008808880202944057,0.01696491101313074,-0.006036657661695094,0.0025781491687657575,-0.0016595470915367278
2019-02-06,-0.015287693750092953,-0.0013188086779736148,-0.002986251879063026,0.0003445145869276642,0.004913883787150297,-0.006781846869660092,-0.0023074618573273305
2019-02-07,-0.004196583300843028,-0.009578843816756227,-0.013520468589184683,-0.019121245943801147,-0.007997521689420048,0.0024273450059934865,-0.003860612972666276
2019-02-08,0.07569393609415692,0.0012206663820583444,0.0019595003184573025,0.0011745195772651,0.005850580058528264,0.003791101346321012,-0.002395346293797252
2019-02-09,0.0012056010064354034,,,,,,
2019-02-10,0.005157899926351539,,,,,,
2019-02-11,-0.011380348161982145,0.0005545161925547599,-0.0009495984912832066,-0.005767758435093129,0.005714841900724226,-0.004923141507008373,-0.001280408356981286
2019-02-12,0.0013963105132088508,0.012777493363451964,0.0146783702753558,0.008580334063427538,0.010024034754104828,0.0021013677593768472,-0.004000844109966494
2019-02-13,-0.0058905436608690425,0.0032416301143284344,0.000701488160384333,-0.004163462737556196,-0.00020160221161781694,-0.003963908091330168,0.004918473500405294
2019-02-14,-0.004190873583172263,-0.0022206204172351123,0.001227633500708431,0.003636748024692994,-0.00789081833509386,0.005577307519395154,-0.0061695798826221495
2019-02-15,0.0010859628225890826,0.010837987528800164,0.004196271386606474,-0.0022273355251346823,0.00020319914871555811,0.005947180522781207,0.002695914497866886
2019-02-16,0.002476157344838119,,,,,,
2019-02-17,0.01206226371912486,,,,,,
2019-02-18,0.06376138183178885,,,,,,0.00023722211329471452
2019-02-19,0.007981955101910685,0.001729440607840728,0.001975267511032324,0.0029879421732159745,0.015216631065095078,0.015109582852092095,0.0012322692836783213
2019-02-20,0.013269765098495359,0.002013276260682724,-0.00017394064331003676,0.006414917873347634,-0.007125848090740568,-0.0017378437981698566,0.0027411608677647453
2019-02-21,-0.01149189028232773,-0.003562217658001128,-0.003664503864689602,-0.005654421372843943,0.00502349121784482,-0.011370537714508392,0.00029495792912739876
2019-02-22,0.012917451356471413,0.006180934504684057,0.007373246527686658,0.011103619511484369,0.004699405630393344,0.0035920768439101198,-0.0002949579291274804
2019-02-23,0.03363089286305142,,,,,,
2019-02-24,-0.08356456820529345,,,,,,
2019-02-25,0.01878844714597673,0.0013602325595599431,0.003636988848088961,0.0072582128797718335,-0.006806375913903095,-0.0010363715360959395,-6.799872349992361e-05
2019-02-26,-0.007325399279809829,-0.0007155465885791543,0.001036846006882392,0.0005736527298688871,0.0026079893527901584,0.0016736332310033522,0.0022255802146592192
2019-02-27,-0.000859279158257992,-0.0004297444640129395,-0.0006334186162706247,0.0030926919175083183,-0.009258323109178717,-0.00711234367844341,0.00225328383968603
2019-02-28,0.0009701838898456305,-0.0018644648021396142,-0.0023068625919905436,-0.0098842408647892,-0.003646377262322467,-0.005629776625606553,-0.0011386297452060565
2019-03-01,0.0012440007407169633,0.00622448655212054,0.006904775591618987,0.010456160819457765,-0.0011168461785616708,-0.017163968380321165,-0.0005916024068003128
2019-03-02,0.0012509840035555334,,,,,,
2019-03-03,-0.004471006548912776,,,,,,
2019-03-04,-0.02250631409689688,-0.003643985028461721,0.00017217247147506703,0.005017002227492066,0.004358643944188857,-0.0026289836177433583,0.00021610223753054902
2019-03-05,0.035213632013154125,-0.0013609998916480769,0.0007450981597958269,-0.0018215032570660828,0.0022224702942373977,0.0013153870929190252,-0.0033956403273073116
2019-03-06,0.0019403387629408418,-0.006075380920667183,-0.005687811500685636,-0.0057705719091352674,-0.0016159868369523154,-0.0009041270457165541,-0.0026719963826243357
2019-03-07,0.0019299650258204676,-0.008400582151086786,-0.012348559746932804,-0.011642291896976359,-0.0038482812229123256,-0.0008226265106168819,0.0006107727107340299
2019-03-08,-0.0026502747112911442,-0.0020019285335526444,-0.0015177176801670599,0.0023743065587507953,-0.0014214115354562642,0.010886084259377201,-0.010276757477315702
2019-03-09,0.01581381071084786,,,,,,
2019-03-10,-0.0029599503848159307,,,,,,
2019-03-11,-0.011804535394846043,0.014396985305262294,0.020584454074576444,0.03405552218564304,0.011818778841533541,-0.004896357818091546,0.00303939147306997
2019-03-12,0.0010055701480762823,0.0037640316109739166,0.0054793908775892155,0.011172821352207284,0.004708363119566926,0.006035459879402026,0.0023841175775367028
2019-03-13,-0.00062410552370009,0.006597345679320227,0.007485190780178747,0.004412259765820113,0.01123119303377295,0.006968612448215201,0.0025026548306310145
2019-03-14,0.00450815746490209,-0.000639632158924901,-0.0016961105592686852,0.011055187152506737,0.0013828870121841551,-0.011614284265949192,0.00385648502303467
2019-03-15,0.009268473031698707,0.004928086036554068,0.009237938285166527,0.012924334477831981,0.010993263562044922,0.00456433710702197,-0.0020036509660536087
2019-03-16,0.021928138916455526,,,,,,
2019-03-17,-0.005820417128650456,,,,,,
2019-03-18,0.0018065426803688849,0.003619103544878325,0.002378612039876064,0.010156606143177614,-0.009119922633446695,0.0005690800870331783,0.001006960990779451
2019-03-19,0.009547038273958657,0.00024811015594277053,0.0033568556697371704,-0.007956286175252424,0.0038348208849458545,0.0027594883221057557,0.0014500240764859019
2019-03-20,0.003992356946232674,-0.003014841783961936,0.003957192083912622,0.00870085907523008,-0.0017680762888032996,0.006463126873942885,0.0016450012745673303
2019-03-21,-0.014328401790338464,0.011231372247669544,0.015511332610595117,0.03616835661123482,0.00754136960602927,-0.004034541087699915,0.0064134108071521164
2019-03-22,-0.0013307952232004976,-0.01943372360390766,-0.022209255440114463,-0.020925973619566562,-0.008131303468847982,0.0023420233902432335,-0.004640417885864895
2019-03-23,0.002942547131099483,,,,,,
2019-03-24,-0.003389978979623323,,,,,,
2019-03-25,-0.01480199577543759,-0.0007523097409629341,-0.0019057522890972719,-0.012164694626355556,0.0029464650543954266,0.007633907060241407,-0.006982574004310345
2019-03-26,0.005538472822803469,0.007426532225099112,0.00464648303470409,-0.010385371597286546,0.010342576834218228,-0.0049754946888428755,0.0017637043133131368
2019-03-27,0.02526980216177766,-0.005242950947156036,-0.006443545620243189,0.00895368205995647,-0.0011656708098967128,-0.005243016760484571,-0.0036257832363158385
2019-03-28,-0.004403784140031825,0.0037833872462069034,0.00230183529948635,0.0013258281140753917,0.006297297635898411,-0.014253957303041619,-0.0020498839618826913
2019-03-29,0.007166825802505177,0.0062857821756482895,0.007542415514301337,0.006496376442974237,0.004816928188125081,0.0009019770912032663,-0.0019334983338959073
2019-03-30,0.0020196495646784543,,,,,,
2019-03-31,-0.00030585716708844994,,,,,,
2019-04-01,0.012773998435311013,0.011789100211393727,0.013160490319185796,0.006768245902986602,-0.003948122747962039,-0.003941890257643701,-0.0005500201511864402
2019-04-02,0.1600419797683949,0.0004902033197728503,0.003783149348550648,0.014432115835981436,0.0010605742907249995,0.003695988550420936,-0.0016149625564934353
2019-04-03,0.018907492969508402,0.0015718398345388057,0.0057294862480483455,0.006831633129777485,-0.0005782993448571873,-0.0014767440573913667,-0.00016809826851559137
2019-04-04,-0.010150461847883017,0.0026503921409610264,-0.0003805355919540601,0.0017389480334753838,-0.002510603950573063,0.0025419025120261784,0.0038390967308610242
2019-04-05,0.022870127391310363,0.004828282307596467,0.005157585195667661,0.006671791974849378,0.00212476721434187,-0.001065158454634802,-0.0018764497341418646
2019-04-06,0.004583028638013961,,,,,,
2019-04-07,0.027116090148746438,,,,,,
2019-04-08,0.017328472526209032,0.0007619625580027235,0.0025422122566609723,0.01561358432823162,0.012654572573714227,0.004335552354601057,-0.0005611678088361302
2019-04-09,-0.016163226787921488,-0.005137954075840286,-0.0035176167409102354,-0.003003011154873359,-0.002957440554102306,0.005210460213684454,0.0032814920734817597
2019-04-10,0.02271680293391717,0.003405124155001198,0.00535230173561119,0.005598202465385526,-9.568276229762969e-05,0.0030808947099307334,0.0009346878341712132
2019-04-11,-0.050075525287191475,-0.0002777150171705627,-0.002374939452618061,-0.008359088409196894,0.0009551027579679189,-0.012872932029622242,0.0008454413460724173
2019-04-12,0.004934263167637184,0.006743444236916209,0.004314142422688189,-0.0004023377171108899,0.002954903712334073,-0.0009844542413608548,-0.0013973625671128659
2019-04-13,0.0013837183556808681,,,,,,
2019-04-14,0.013861017615291639,,,,,,
2019-04-15,-0.01966168568124654,-0.000654730491900609,0.00016153779903861995,0.001808884727898435,0.006357142853572104,-0.0018896884121835308,0.003926453887287985
2019-04-16,0.032703409546246745,0.0006547304919005866,0.0034375456706862515,0.00010027720065639097,0.006504849427929951,-0.009004202217837268,-1.1282974955778956e-05
2019-04-17,0.003123420280683767,-0.00244990376932217,0.0034788155879659603,0.01928603264206473,0.0016641628574305012,-0.0019104067944000637,-0.0017620218189266376
2019-04-18,0.008805048106448882,0.0019673647921930717,0.001281873587787537,0.003587365665920123,0.00188775809845428,0.0007480072379889946,0.0010726753274142547
2019-04-19,0.001023704360635338,,,,,,-0.005430513022733237
2019-04-20,0.0064038360371123865,,,,,,
2019-04-21,-0.004384923503637693,,,,,,
2019-04-22,0.015836583357513378,0.0008619136088706526,0.0028242722267346303,0.0032812216204542426,-0.00037718074163151945,0.0,0.0007643436363329363
2019-04-23,0.03153767871024236,0.008951043715321929,0.0126378943602357,0.014320099402564354,-0.02725216852984438,-0.0020790892290242957,0.0012827031012071087
2019-04-24,-0.019479346575944603,-0.0022216822353773574,-0.0031575089003266867,-0.0015435265059144177,0.005124413374881356,0.002909503431152912,-0.0030802152729997824
2019-04-25,-0.047660910406896226,-0.0006159874204942978,0.00405051226621032,-0.00911638780298882,-0.003962154771611277,0.0008297251865102907,-0.00633289171461129
2019-04-26,0.013123813423158957,0.004645668156056592,0.0008920394604020003,-0.004785509965014787,0.02467378365461127,0.006613259149985578,-0.0014934894594870038
2019-04-27,-0.002096608120307488,,,,,,
2019-04-28,0.0031929256297156855,,,,,,
2019-04-29,-0.007175278992262232,0.0015665978175001813,0.001938785715743555,0.0015162176460704895,-0.010254439309311065,-0.004459139554905491,0.0012035870718230023
2019-04-30,0.019508686623198813,0.0005105548978152618,-0.007778135031090102,-0.019443832250643778,0.016094420365806474,0.003057434262503009,0.003126975986935249
2019-05-01,0.009665964737195984,-0.007545115092925022,-0.0032234907271194006,0.047918581356180205,-0.014664142135686734,-0.0066225029075604345,0.0027552885720882737
2019-05-02,0.018809979754905393,-0.0021613086434911066,-0.00434942551064174,-0.006528820029762467,0.005986395626074618,-0.003827907452540267,-0.0013562607830761623
2019-05-03,0.04666729598003433,0.009740067409593984,0.01582209124340029,0.012354585181511703,0.004914122206329328,0.005902166622599615,-0.0024387022843649175
2019-05-04,0.01084163602000144,,,,,,
2019-05-05,-0.006099505040041472,,,,,,
2019-05-06,-0.0084733105601616,-0.004123433428497667,-0.006140810546215351,-0.01556313403938409,-0.003778101191095883,0.0013252386046357174,0.0010956263111556311
2019-05-07,0.01428706601857112,-0.016841187304618914,-0.01967202389256646,-0.027327059490398736,-0.009316260244850879,0.0033055276063594123,0.0014327914841074847
2019-05-08,0.025899955314045275,-0.001390025129113426,-0.002526784106558367,0.00019711394630788663,0.003527360116827467,-0.002478073455137969,-0.0009629197866596529
2019-05-09,0.031601133315537946,-0.0030303412853994968,-0.0053978781631415845,-0.01080199262048441,-0.007930762134375543,0.002395550981643927,0.0006492528629151659
2019-05-10,0.03255511923946928,0.0050110657752502515,0.0012442840670479868,-0.013950474033318446,0.016837532972245307,0.0018959191232165698,0.0021187176311267208
2019-05-11,0.12175582015101312,,,,,,
2019-05-12,-0.03278809012221475,,,,,,
2019-05-13,0.11407866972300376,-0.025451691937617017,-0.03531931673548682,-0.05987691874310123,0.0009427710549939284,0.010159840539079522,0.0012801764504052242
2019-05-14,0.022709207625678487,0.00900322721477968,0.010915776128095902,0.0157062937112013,-0.0048178744393965805,-0.0017133695443152437,-0.0003482529293695144
2019-05-15,0.02602089592487963,0.0058403206581656535,0.014025300552691708,0.011907849576163695,0.010362980827945319,-0.0005717761663673002,-0.0025017087894480925
2019-05-16,-0.03981349360704293,0.009218822599403216,0.00999952520298286,-0.004409158176187322,0.013127886674088258,-0.007216080906090217,0.000246485180568536
2019-05-17,-0.07108127725881802,-0.006486231071450666,-0.010272408171438907,-0.005698116520144606,-0.006123634865450049,-0.007102776783024275,-0.0030101684148013666
2019-05-18,-0.009946983850618235,,,,,,
2019-05-19,0.11992989942799603,,,,,,
2019-05-20,-0.02712584602869586,-0.0066340978414024376,-0.017025823666672425,-0.03176934682293057,-0.0011174667713009978,-8.290551782707826e-05,-0.0007372774880440244
2019-05-21,-0.0018795372127934414,0.008975272280517817,0.010393288204164996,0.018989537154355862,-0.008984632809669805,-0.0023236423674714048,0.00029036522491189705
2019-05-22,-0.0362187635444826,-0.003076133350247642,-0.004464712483823762,-0.0206841564887967,0.003285492306213069,-0.0009975291545631813,
2019-05-23,0.025934032858881368,-0.012293952872856654,-0.015420253231641732,-0.01721689947720009,0.00037433055155210545,0.007704775453647589,-0.0011720120537771794
2019-05-24,0.01329951557921589,0.0022660030614721875,-0.000505121440402654,-0.0038480936398001295,-0.000655938579617473,0.0010723379767872785,0.002602643865678214
2019-05-25,0.008126317351095985,,,,,,
2019-05-26,0.074251575993358,,,,,,
2019-05-27,0.015168497755127118,,,,,,0.002239375060896092
2019-05-28,-0.009793263049045299,-0.009344058111066126,-0.0037679708829700268,-0.004143431511196878,-0.021123204328884895,-0.0038822269155751525,-0.0014113484229803018
2019-05-29,-0.00695935212814635,-0.006733382212542251,-0.008259755348031791,-0.004780383039582931,-0.002588017084323325,0.0003309964016131658,-0.0020687923774008418
2019-05-30,-0.040056647967728856,0.0027272426699064874,0.004195242831337164,0.005173201858678348,0.010882248157953987,0.006761236816409685,-0.0029892075171091474
2019-05-31,0.03019403993490808,-0.013566590437322865,-0.01608171682053565,-0.018281492670913963,-0.023243809352636962,0.013386857013473643,-0.0005567402489159767
2019-06-01,-0.0012236008424256384,,,,,,
2019-06-02,0.02067926798314298,,,,,,
2019-06-03,-0.06301805868386157,-0.00254650592108978,-0.022263943064243744,-0.010161824689853962,0.00861111850831894,0.014329650783140814,0.0038475888526603077
2019-06-04,-0.06300147834270085,0.02147478694124679,0.027767794013364402,0.03593061697142673,0.008442354012281784,0.00031967486235552026,0.006445830078432219
2019-06-05,0.014996473539935253,0.008624681233018487,0.0074048258646952055,0.016014415645891365,0.01939417262750604,0.002553665830468566,0.0006863168436886033
2019-06-06,-0.00028224106582634646,0.006481617321027286,0.007913711952992107,0.014575108064038335,0.006071542911850469,0.0032623544765036684,-0.0022258578473965626
2019-06-07,0.027977129076807897,0.009957179294687061,0.019127654344876604,0.026268947592462694,0.012861808794623907,0.005624438342681366,0.004219828344535549
2019-06-08,-0.011229371413746664,,,,,,
2019-06-09,-0.034020323814255043,,,,,,
2019-06-10,0.03981203302759007,0.004578941791188454,0.011587459012075177,0.01269840184264288,-0.00045962095938774914,-0.010003215486538885,0.003864012256703314
2019-06-11,-0.009117973017984032,-0.00024305469571353648,0.001364155751015844,0.011513064538639926,0.006051983978706178,-0.0011975692988471266,-0.0001811446154029547
2019-06-12,0.027144739690551607,-0.0017664704505676626,-0.005796531715865589,-0.003187715598553896,0.0027389610773212014,0.005179100221238763,0.0010077795044543913
2019-06-13,0.010388753446054437,0.004117856750041324,0.005905566451443074,-0.00020598723149119728,0.01115240396598032,0.0061006935016299476,-0.0029977898381629686
2019-06-14,0.05471566495081175,-0.0011056669066191866,-0.004261712331335757,-0.007288789451723913,0.002610992588290706,-0.0003160129284807664,-0.0013432139022488056
2019-06-15,0.016489111591430673,,,,,,
2019-06-16,0.017508940317692987,,,,,,
2019-06-17,0.03558847752156163,0.0003800865158253668,0.006004826639646448,0.005949001703805536,-0.0018904930578563244,-0.0006322652864021801,-0.005635586181714401
2019-06-18,-0.025932150849555906,0.010416904013109515,0.014426770258932829,0.02324588495060817,-0.012602510060739692,0.005047324392238259,0.0006731322746558854
2019-06-19,0.020894883881637273,0.002254609205596842,0.003748108482769066,-0.0029267569641156536,0.0074539898629368976,0.006038970838080658,-0.0023543285384641957
2019-06-20,0.02698349626412288,0.009509006036113639,0.009256321181877039,0.00800341453908327,0.011883444370738318,0.024866155493817887,0.0035898806005276213
2019-06-21,0.062790586710018,-0.001454793385134507,-0.001483361141977975,-0.003414973903026891,-0.004844431115079184,0.00661369341666817,0.005070115747244044
2019-06-22,0.05346453425773459,,,,,,
2019-06-23,0.014258184854998994,,,,,,
2019-06-24,0.014244096327892747,-0.0012251980144563073,3.168807308937895e-05,-0.0010067975936478948,0.010110720253548802,0.014741593126273352,0.007858698550878718
2019-06-25,0.0684254031313087,-0.009856466013325155,-0.017315605009923896,-0.015273480430741523,-0.005445339913126531,0.0019392450876947497,0.001366994847334753
2019-06-26,0.09886766271923943,-0.0009981140604258408,0.0046399242014848515,0.021398495271063935,-0.0179730118470868,-0.009207653748305768,-0.0026640390021479346
2019-06-27,-0.15181967393698742,0.003540169564708996,0.003814206892339891,-0.00030047904440640713,0.00045555742045355776,-0.0009781791081800058,0.00042076235336564207
2019-06-28,0.10391011328681186,0.00513246507377941,0.0012861414849951545,-0.009153541486373831,-0.0011849144539450062,0.0027063662544696662,-0.0001592063874156251
2019-06-29,-0.036772427703724096,,,,,,
2019-06-30,-0.10038183788517502,,,,,,
2019-07-01,-0.02187165092867407,0.009037506240847773,0.013404371628353277,0.018174445117315953,0.007631680743472842,-0.019559428102497136,-0.0007048372340149661
2019-07-02,0.020439793649304375,0.0026012031530966793,0.003954876857548703,0.005837680849819848,0.008919982890997463,0.02113481354805423,-0.006841027998014664
2019-07-03,0.10197242314626954,0.007963095107531345,0.007497607568886845,0.008252726668573726,0.02305502023023795,0.0016477026920105947,0.0004967823546674645
2019-07-04,-0.06438271352158567,,,,,,-0.00045168692846070087
2019-07-05,-0.021356009787895595,-0.0011386317397901725,-0.002039021610616936,-0.0008811290166590023,-0.00818580807972473,-0.011212861349998495,-0.00019180164220305857
2019-07-06,0.020741781945806056,,,,,,
2019-07-07,0.021386723467300896,,,,,,
2019-07-08,0.07039331175600369,-0.005509698247702653,-0.007038576461321955,-0.02082922336513899,0.007922849652223942,-0.006453396174434407,-0.005189307743699327
2019-07-09,0.0231592932804558,0.0012455446832268246,0.004995138568799641,0.006080893393048932,-0.010046022889149775,0.0034976216131429347,-0.0010099377256192056
2019-07-10,-0.0337512276446848,0.004766458327215108,0.009915957816385402,0.009839895831102353,0.007411828001108766,0.015664164068756106,-0.0006951303941730276
2019-07-11,-0.06788441618712997,0.0023415094595000178,-0.0007272050578565521,-0.007308796321965594,0.005523498751883957,-0.008479433149487648,0.0045046519407322076
2019-07-12,0.039472753868564206,0.004466944457089334,0.005752033953439239,0.007653301466411971,0.005318801861465683,0.006235244213343071,-0.0005740370210267257
2019-07-13,-0.03650877331612687,,,,,,
2019-07-14,-0.10507600156656484,,,,,,
2019-07-15,0.06044360141002941,0.00033275777458439856,0.00319828770010153,0.009351017790739147,0.0042520980495250535,0.0,0.001745659265439037
2019-07-16,-0.13937670558066412,-0.003230677762107017,-0.005163981586955863,-0.0034659591854367473,0.0035442309480428888,-0.008498565150237166,-0.0009126720794380647
2019-07-17,0.022551278856090203,-0.006828054041384082,-0.004930254934454506,-0.0056390897558287086,0.0004315050263681386,0.01633123396202252,-0.0044048128062413846
2019-07-18,0.09561955306661926,0.0036539205650447694,0.0011439148678696373,0.011295877235664277,0.002133028022174166,0.01401922107283276,0.0015484200315144313
2019-07-19,-0.012808461572604499,-0.005570357434674551,-0.007354889724449031,-0.015040267114374783,-0.003731699623883313,-0.01483691752503857,0.002833951669395673
2019-07-20,0.022200991330417415,,,,,,
2019-07-21,-0.01572926297459085,,,,,,
2019-07-22,-0.024449353942019494,0.0024533413683741883,0.007926439411569192,0.022596786078328032,0.0025182485669332333,-0.0001487748968767623,-0.0038441102150741594
2019-07-23,-0.04370796659547665,0.007125136742585508,0.006522907570763749,0.007787240050709784,-0.012655777500202813,-0.005668654760058427,-0.0010875570533576903
2019-07-24,-0.009013724991008056,0.004688229981508545,0.006993479164396698,-0.000814281311523636,-0.011039850933965926,0.005073447292028362,-0.004907467549868986
2019-07-25,0.010131621144278298,-0.00478857739377282,-0.009525153122649815,-0.007938729991160322,0.0015085167321205767,-0.007095118991376651,-0.000791388790600397
2019-07-26,-0.004199559341958318,0.006677892757077766,0.0102421888346923,0.003471974849486141,0.01723123908213042,0.00164757936404381,0.0003342777468417021
2019-07-27,-0.04059130256046178,,,,,,
2019-07-28,0.007901301370321584,,,,,,
2019-07-29,-0.003535535708016186,-0.0018231083211105003,-0.0034364868114631114,0.00929506849244543,0.011008612640804126,0.006637600502192369,-0.0012586424965775793
2019-07-30,0.009231027857063211,-0.002457517324944871,-0.004325553839156026,-0.004301502506577533,0.03731235634869051,0.0033393742390960437,0.0009801032980864398
2019-07-31,0.04857531814577599,-0.011000764119483926,-0.013926713927165369,0.020199019460223604,-0.019878997274599335,-0.013199706898717264,0.0013379691883316093
2019-08-01,0.03066254026424243,-0.008745963362493192,-0.004983525861489874,-0.02187661040429544,-0.011159917108693136,0.0237382025873749,-0.0077580179364134675
2019-08-02,0.011330721144643396,-0.007558236373993131,-0.014834748186551382,-0.021385229024476083,-0.002487515694716926,-0.003819352910475418,0.0006423671708642403
2019-08-03,0.028451137479912812,,,,,,
2019-08-04,0.013625267067559002,,,,,,
2019-08-05,0.07339741253272014,-0.03053428746389645,-0.03597425038384072,-0.053767978558687306,-0.029280661578862312,0.013885007839557597,0.0026290992844662667
2019-08-06,-0.02813163305123966,0.013925527119440543,0.013901883489171922,0.018753527216259197,0.010555947616129057,0.008095529492025941,0.012147950516988368
2019-08-07,0.03961210267399502,0.0005903307141702404,0.005387457543885811,0.010302236291154954,0.010792216422287044,0.01507548681526026,-0.0032778523360136405
2019-08-08,0.0020443450527850055,0.019430220675638064,0.021530429499892444,0.0218158545944732,0.016484031204210756,0.005022054446004403,-0.0002353191249881552
2019-08-09,-0.008684364496770227,-0.006834915452440794,-0.009446379595567744,-0.008274391381291005,-0.0056358167516391685,-0.003321683939870917,-0.0015338026478230985
2019-08-10,-0.043846706855643715,,,,,,
2019-08-11,0.014823037907253726,,,,,,
2019-08-12,-0.012307995125175572,-0.01224778087997393,-0.011541411777747502,-0.002540563699787668,-0.00644297451553256,0.009651773675578623,0.001903564986125621
2019-08-13,-0.04370714338940503,0.015431929209688824,0.02167814407875807,0.04147630090290144,0.010459560856426558,-0.005977346952418699,0.0008747157439385969
2019-08-14,-0.0806379719242745,-0.0300137163071008,-0.030340730652192876,-0.030217188592269593,-0.012530317280930275,0.00681829671908825,-0.003684014354080683
2019-08-15,0.025522045965721746,0.002638221686282792,-0.0011495419767969023,-0.0049939450023917835,0.01372367639337518,0.006632923311853109,-0.003024408733292059
2019-08-16,0.006071112000481698,0.014647410530693962,0.015923134481192144,0.023320682811810135,0.015133151179849449,-0.00642279632319684,-0.0026708564106834526
2019-08-17,-0.013840282280728103,,,,,,
2019-08-18,0.011086601525889401,,,,,,
2019-08-19,0.05365286353343918,0.011975754756208629,0.015779121002621663,0.018472463177995287,0.008854957846447695,-0.011765243129746363,-0.001776590511615778
2019-08-20,-0.01409860264611838,-0.007692178201224414,-0.007778031582131097,4.750569965447058e-05,-0.011207191598830738,0.007765153200510364,-0.0009646611520012486
2019-08-21,-0.05984026786228671,0.008102651738939592,0.008839126702741089,0.010780203367320999,0.0025199847028846206,-0.0031694374885161206,0.0013197377273767932
2019-08-22,-0.0006901282262681483,-0.00030783935640652123,-0.0032390968717459084,-0.0008467952588711933,0.0018440874085899322,-0.002542737809443374,-0.0006323495735885972
2019-08-23,0.026965838908487968,-0.02602300575149873,-0.032157087868427754,-0.047322739090504384,-0.017741838100751334,0.0194004358255685,-0.0006098411473300269
2019-08-24,-0.024116765985468237,,,,,,
2019-08-25,-0.0021128053844357898,,,,,,
2019-08-26,0.022654331476248634,0.010997552453662825,0.014991080936055785,0.018821045321099256,0.016904044989968663,0.00013874512727632068,0.005312309309738485
2019-08-27,-0.018030983225030404,-0.003931304554880964,-0.00211256449425871,-0.011348158536870634,0.010255780624954015,0.009525229640210546,-0.003537256893122397
2019-08-28,-0.04324433232151661,0.007016549492692134,0.0035724132463163917,0.006688176773278313,0.007026192241726507,-0.002820513317677276,-0.0012317467317716595
2019-08-29,-0.025355880586420892,0.012692345285549035,0.015174114686023886,0.01679008924911971,-0.0018137596009906503,-0.007190355573252848,-0.00037704624230177567
2019-08-30,0.009207926773968323,-0.0004442975691177849,-0.0023975353214479114,-0.001292883412383256,-0.007870597635322357,-0.0025705723222454796,-0.0021593289853707575
2019-08-31,0.003379326975376171,,,,,,
2019-09-01,0.013132277928025817,,,,,,
2019-09-02,0.058589039911261055,,,,,,-0.006362502791238149
2019-09-03,0.02639879832471976,-0.005864170783585527,-0.00975542993735656,-0.014670450696755558,0.009354759588424272,0.013817145553141903,-0.0021191385919894787
2019-09-04,-0.002737943980703232,0.011286295805446643,0.01433254696753133,0.016824252733024528,0.015128811973239667,0.006224182405113975,0.0005485905007386359
2019-09-05,-0.0017912085396542573,0.012773367849272731,0.018153120914790755,0.019362877175632714,-0.0036589621754884506,-0.02429383958928248,0.005491346018407023
2019-09-06,-0.021237571181720684,0.0007718346493566819,-0.000991290930397481,-9.40107481348376e-05,0.0008956926140571601,-0.008559662387184017,0.00012141682649037292
2019-09-07,0.015711656980851706,,,,,,
2019-09-08,-0.0072503981845572244,,,,,,
2019-09-09,-0.01023309600539781,0.0005032217037488365,-0.0020901458266405462,0.004257959058037316,-0.005713271892697963,-0.0037414803722944866,-0.001422711981305087
2019-09-10,-0.021417820975587025,-0.00023461681274453312,-0.0028807688820265387,0.011744075614763611,-0.01892220020939961,-0.008594766463448816,0.0025158795130875685
2019-09-11,0.006149168432955224,0.007085522907256406,0.009345556356097497,0.03130011323286709,0.011528124055800702,0.0060453662250154515,0.00017672051437775128
2019-09-12,0.022513994030435,0.0034581748390248644,0.004148749231769966,-0.002238965180146576,0.012293088395987306,0.0020542492696135994,-0.003342692532724868
2019-09-13,-0.004774055257204667,-0.0006643208420242341,-0.003577063990000876,-0.01964571580784628,-0.005308317809295627,-0.008313640257218174,0.004061228432765623
2019-09-14,-0.00024114056019034126,,,,,,
2019-09-15,-0.0009983634989049381,,,,,,
2019-09-16,-0.0068771801807728065,-0.003093358132918742,-0.004476811430226526,0.0052432844535321285,-0.019598116523264982,0.008313640257218249,0.0022695435289529064
2019-09-17,-0.003462462705750272,0.0025287583445108273,0.004788329437359489,0.0036315648126682156,0.011705979867823645,0.001979350045407386,-0.007013239349717472
2019-09-18,-0.004209930227213259,0.0005978543055528431,-0.00041557161366285436,0.00933572143783801,0.0020613380853599537,-0.006305141849164153,0.0062265838521357595
2019-09-19,0.0066619464013658175,-6.639816653926496e-05,0.0016605916639898853,-0.008158370509468629,0.00402759395726176,0.004042645700960864,-0.003912760857539547
2019-09-20,-0.00829163618618558,-0.0047358122160096085,-0.010634867873804401,-0.014725922993949382,0.002785153050982245,0.011751169204553406,0.0015456218977689294
2019-09-21,-0.016031424170294233,,,,,,
2019-09-22,0.00504485941629184,,,,,,
2019-09-23,-0.03445525046861395,-0.00023493842819711028,0.0004412236964046389,0.0045367383285269455,0.007985034143000776,0.005580782257567522,-0.0026701114277863374
2019-09-24,-0.1209936495214672,-0.007877891854005531,-0.013370000442373057,-0.00476639352965577,0.003160114551799251,0.00527299162043293,-0.0023003809903158227
2019-09-25,-0.015616015371176536,0.005897626493473569,0.011162433466255412,0.015272538997286766,-0.004784519094495302,-0.018719501081169466,0.002101950365998579
2019-09-26,-0.04433175093227527,-0.0020853155848800696,-0.003689276821213128,-0.005171176746508797,0.010431640665675949,-0.0002821278180384957,-0.0058218563359692605
2019-09-27,0.01623387232043621,-0.005402384681213842,-0.01248638439678191,-0.00487782173946479,0.002089195017667628,-0.005161727926224835,-0.0027564192221066833
2019-09-28,-0.0007189659749160292,,,,,,
2019-09-29,-0.017337268541281117,,,,,,
2019-09-30,0.023135803960001186,0.00462742462249929,0.009472137646603483,0.0232625018975807,-0.001526334688716148,-0.015647105922203676,0.0018257472434580673
2019-10-01,0.005939522648697366,-0.011965831552117114,-0.008189845529211528,0.002764327283715167,-0.004270174954426253,0.005457893373498284,-0.003942544389598497
2019-10-02,0.005947039319423827,-0.017822549207805082,-0.01734398534733642,-0.025387391968752553,-0.022619725754404484,0.011606023170116823,0.00323157095816303
2019-10-03,-0.01597938661828606,0.008159486129475705,0.010915677393287459,0.008458808994006441,0.005436136702682704,0.004520416059329575,0.002627776184569618
2019-10-04,-0.00656542608285994,0.013441096817494494,0.014618153483260529,0.027646297537557634,0.018393941784117518,0.0,0.0010641256168013682
2019-10-05,-0.006656196327979546,,,,,,
2019-10-06,-0.020242104470858776,,,,,,
2019-10-07,0.03172260496034329,-0.0043240561114882,-0.003023444204166776,0.00022014753052391472,-0.009398872907140742,-0.00856363541098911,0.001021221175843762
2019-10-08,-0.0020443649815999844,-0.015646435962830964,-0.01509438295496794,-0.01178404356527842,-0.01567069080699299,0.00870459991703739,-0.0013175672354694208
2019-10-09,0.04362860415666088,0.009451657227387765,0.009714267431428149,0.011651932871439405,0.008645121905629166,0.0009156241246349503,-0.0010965267988039308
2019-10-10,-0.0010786272982693222,0.00674080110776623,0.007714700282348359,0.013388394367503501,-0.00032795601247370237,-0.008767683192965708,0.0025240028453327565
2019-10-11,-0.03131474095669686,0.010313533463847387,0.012796749216058844,0.026250751148076325,-0.006995043145097798,-0.005554769940672898,0.0021118508038712965
2019-10-12,0.0017767504383327862,,,,,,
2019-10-13,-0.0018669970610550547,,,,,,
2019-10-14,0.006430502888083053,-0.0011144653505285858,-0.00010470429950249426,-0.0014405788713370909,-0.00862566191452998,0.003991150393420187,0.0017214227218684101
2019-10-15,-0.02042493372661194,0.009851590528517747,0.012636702019559519,-0.002334312080483289,-0.02402661122992804,-0.0069950016712766044,-9.046477989097708e-05
2019-10-16,-0.019423891941978407,-0.0016073349338016065,-0.002483740069682167,-0.0040452609362139165,0.0028116264715749087,0.005713914835703777,0.0005185753331738292
2019-10-17,0.006981979739066776,0.002944585742235665,0.002638451506720009,0.0038751130685293097,-0.0013194177481679037,0.0014233647353723328,0.003636940737031737
2019-10-18,-0.016259940076949107,-0.004386687106697781,-0.009656450786167151,0.0047912681461014656,0.007176538710533915,-0.001067306413452129,0.004706823401557925
2019-10-19,0.0019237257444975665,,,,,,
2019-10-20,0.02881240366522189,,,,,,
2019-10-21,0.002628793271972775,0.006756197357814385,0.008829487454757406,0.017194211937670782,0.01361247336231946,-0.004781550075213642,0.002562558558288225
2019-10-22,-0.02028232136663908,-0.003271885418821714,-0.007995027773145305,-0.0022896230446418837,0.02569978952740666,0.0029287043785159624,-0.00035686656150583955
2019-10-23,-0.07231210270483085,0.002905240112381206,0.0019266485784144424,0.013329693002377584,0.0066891274581599505,0.002351027592914482,-0.002016512323627505
2019-10-24,-0.0028228801699561206,0.0016329259753880582,0.009681377192552413,0.0016435555617170712,0.01444783201565511,0.007090719694468963,0.0002782411876379464
2019-10-25,0.14476109386093217,0.00408648719523239,0.007954462847955162,0.012241117677413442,-0.012417336809743424,0.0023289599557340403,-0.0025570968400006238
2019-10-26,0.06528433388686641,,,,,,
2019-10-27,0.03264079600850012,,,,,,
2019-10-28,-0.031432676505614585,0.00562028246425764,0.009816488347282486,0.009967203153044593,0.0018643338557421019,-0.008637230479381003,-0.0017751204828271693
2019-10-29,0.018362811918533402,-0.0002961249155313646,-0.007774139230810079,-0.02339975660107821,0.000971305241847054,-0.002776885194246242,0.0013421613323952551
2019-10-30,-0.023825095718831422,0.003062467656484973,0.0048342793672864785,-0.00012290514337576396,0.010783017710164967,0.005475210184932403,0.0014106152649590552
2019-10-31,-0.0006673727616756513,-0.002667322022585208,0.00045677564066913605,0.02235772869146015,-0.003447493767165091,0.009948844935468628,0.003563011187457375
2019-11-01,0.006664947063719231,0.009221579748009084,0.009041464279603265,0.02798547023651481,-0.005153457874606334,0.0009123470738276627,0.00023423408127475206
2019-11-02,0.0068453823292389865,,,,,,
2019-11-03,-0.009629700847412865,,,,,,
2019-11-04,0.01901152585439151,0.004009839717415351,0.006166004137661346,0.00654550062636624,-0.0395211449090347,-0.0028801514371747305,0.0008483186461446384
2019-11-05,-0.007473715309565572,-0.0011068039525438896,0.0005496229457887205,-0.0014378548954842344,-0.001428869244786004,-0.016312331868591004,-0.0034110980809337267
2019-11-06,0.0019624814591623348,0.00022808083952623924,-0.0022504276703536217,0.00042771975495424475,0.011872368348311848,0.004281068530555171,-0.004895684739124028
2019-11-07,-0.010018996001742247,0.0035103778947251562,0.0033484514647798987,0.01147499462168464,-0.005834992081585187,-0.015643205521891117,-0.0003432343040610424
2019-11-08,-0.05121408380627322,0.002463129097944588,0.00398360581351691,0.0027331420617428257,0.0006686335258530838,-0.0063847338065501705,-0.0045902746872287185
2019-11-09,0.000987733451713017,,,,,,
2019-11-10,0.027081275361004672,,,,,,
2019-11-11,-0.03343184819094057,-0.0019116390048010924,-0.0013425820817066934,0.007887608320808794,-0.003095694994676356,-0.0024048241483873045,0.0002491037604672152
2019-11-12,0.0065865532404471615,0.002105621212483782,0.0028819447609400627,-0.000915821408075177,-0.0005031390534314894,0.002695874927586959,0.0011799926648196426
2019-11-13,-0.0008397010971480578,0.00032369053968830686,0.00024797366284657105,0.009535887230518847,0.011503862167993525,0.003994072881030811,-0.0020945065673948536
2019-11-14,-0.011437202181483985,0.0014547159780843159,-0.0007940473640755127,-0.0069433859479522495,-0.0012437640992792856,0.004194711040663475,7.707129932495918e-05
2019-11-15,-0.02512939756383665,0.007210470043622611,0.007320912832308292,0.011809619791366344,0.0003318565164643782,-0.0025291110010524226,0.0006610320661624054
2019-11-16,0.0068966308279384695,,,,,,
2019-11-17,0.003177685280365235,,,,,,
2019-11-18,-0.03182423938339746,0.0007371033743259878,0.0007881795833033597,0.005029369534586652,0.011137113439850719,0.002962025072169786,0.003134730585158303
2019-11-19,-0.01249037483855615,-0.0002884933449794044,0.0014761936629909668,-0.0030375692411742537,-0.0038631803046653866,0.0005049030061831341,0.0015599736293654563
2019-11-20,-0.022039071560940312,-0.003725503412943622,-0.0060171062211530745,-0.011709485761186241,0.007139516257734543,0.0005045382424530197,0.0006901025558301477
2019-11-21,-0.049086768125686187,-0.0016102507915922433,-0.0022284921101925347,-0.004493320926642887,-0.016074207874505732,-0.005492097356825017,-0.0001030761451725312
2019-11-22,-0.04635206471928927,0.0022213589560798187,0.0006442497045822083,-0.0008787887289267723,-0.00041558356764151894,-0.0018857951599790925,-0.001173751261188495
2019-11-23,0.013776814950745946,,,,,,
2019-11-24,-0.04845012522266549,,,,,,
2019-11-25,0.013839370591340378,0.007720438120529291,0.011772024336313584,0.01738205728099734,0.0018273667402051612,-0.004803179633254922,-0.0039206455924227866
2019-11-26,0.010057835510045162,0.0022626628143028547,0.0019078492669979462,-0.007839042083013826,0.014417159744347482,0.004803179633255016,-0.0007381815159191847
2019-11-27,0.04248662643530125,0.004447799030755631,0.0069645984572969805,0.013343161760796023,-0.0040979593368466495,-0.005314014225370608,0.0007381815159192047
2019-11-28,-0.00914426790792298,,,,,,-0.0016079721459086524
2019-11-29,0.03917091013708419,-0.0037153202516918794,-0.004572709040427631,-0.0022054579378049718,0.0024607313226749136,0.006184806112979683,0.0006275423045720938
2019-11-30,-0.024998412204507995,,,,,,
2019-12-01,-0.019386782304190116,,,,,,
2019-12-02,-0.013875477110813644,-0.008531125332683728,-0.010291648421152898,-0.011629754027074153,0.005392681572128873,-0.0005079436043828876,0.0006609029720223214
2019-12-03,-0.0002517083198087148,-0.006729139205725356,-0.007863076580553404,-0.01799117065893061,0.001872378082260926,0.009534253178573626,0.005436089218695316
2019-12-04,-0.00934813254089389,0.006151150021061007,0.005051507609909587,0.00878795703231127,0.012768743246528528,-0.0013667767637935283,0.0005540853176037691
2019-12-05,0.026704767756073822,0.0017964233968875273,0.0019738330699376905,0.014563907818020423,0.00072257094060936,0.0005757184354598549,-0.00019950418705007048
2019-12-06,0.013162839304284675,0.00909262633038142,0.0106416338104613,0.019132704966878567,-0.003456289158405342,-0.009977704836757457,0.002019123089264813
2019-12-07,0.001223739480074957,,,,,,
2019-12-08,0.0010723690545205787,,,,,,
2019-12-09,-0.021844253680856535,-0.00314898893810758,-0.004546585152849886,-0.014099457511213644,0.005460487539264513,-0.0002906488870483782,-0.004200130717519964
2019-12-10,-0.016728999152694785,-0.0011158384357146112,-0.0008337304887276372,0.005827262468003639,-0.0048167402596164975,0.002830699660654389,0.0005519736322186549
2019-12-11,-0.008373983817170333,0.0028348143530186895,0.005283015661754145,0.008493695222819342,0.003133284637197928,0.006861935627691577,0.002504942866564743
2019-12-12,0.0035554716584630377,0.008582156423313255,0.00743641201007148,0.0025446071960395617,-0.0007221226361114552,-0.0035334849047766476,0.003878867315365377
2019-12-13,0.0036588787977558162,0.0005990676072435019,0.003287429560733462,0.013501868971762074,0.00719901375909624,0.004468872836715887,0.004497849743318054
2019-12-14,-0.020148956153597603,,,,,,
2019-12-15,0.003870282470955076,,,,,,
2019-12-16,-0.031216547911036934,0.006846328015893722,0.009989107676276353,0.016973031017376128,0.0007169445891936252,-7.198939739749056e-05,-0.005521771250448632
2019-12-17,-0.043028139847750044,0.00021896988148907367,0.0005733635645823009,0.001963511756941077,-0.001992815174960196,-0.00021577975709612248,0.001124222275714461
2019-12-18,0.09150203958984561,6.258401854019504e-05,0.0007636455996694668,-0.0023922809654948972,-0.01042872573281191,7.200493236905694e-05,0.0012927328987956917
2019-12-19,-0.01021559978849091,0.00409064184435314,0.00623192732680883,0.0010004773447234879,0.007311288642559536,0.0025862126377012157,-0.0031842980116769575
2019-12-20,0.002215025702357289,0.004374819676308161,0.004023051443936969,-0.002073602154916606,0.0035163036145838176,0.0010039397404910592,0.0009008548009907165
2019-12-21,-0.0038386948789303917,,,,,,
2019-12-22,0.04359469833307996,,,,,,
2019-12-23,-0.020981218944278197,0.0015267700320800949,0.002638037526914762,0.01618658992066395,-0.0036763643228428624,0.003077203372165587,-0.0041525618246866895
2019-12-24,-0.004509590580982912,3.066757117182788e-05,0.0005190182175319192,0.0009504858924553718,0.002559050741342788,0.009387789011397068,0.0012639349687982339
2019-12-25,-0.00649097736895625,,,,,,-0.0003327368246873999
2019-12-26,-0.004986734773912115,0.0053091703197635015,0.008785378904932637,0.019646138810924856,0.0,0.00782659080315549,0.0004770388220483902
2019-12-27,0.007037180653861685,-0.00024779103110849536,-0.0008421916639680297,-0.00037968632726328484,0.00692353235200062,-0.0003512560225688557,0.0005104234111590525
2019-12-28,0.003820062875904435,,,,,,
2019-12-29,0.014200785685395729,,,,,,
2019-12-30,-0.017622203333694908,-0.00552845993812026,-0.006575450913983517,0.0059174669209526316,-0.01293118296785863,0.0021055808220621446,0.007286623560670526
2019-12-31,-0.013722694823239307,0.0024262952497037978,0.0018830524631202415,0.007280263008690985,0.0034485998745151488,0.001891143454574884,0.0017862810709916835
2020-01-01,0.0009136166827146318,,,,,,0.0016526425861242138
2020-01-02,-0.030272928096194005,0.009308404542659363,0.016559374261604923,0.022559519082927235,-0.012001162522165544,0.007320953634035891,0.0
2020-01-03,0.050171745960031294,-0.007600950685640011,-0.009202132490173638,-0.009769488633375277,-0.006748232037100434,0.013181265882528811,-0.004411210053900827
2020-01-04,0.008915009823896914,,,,,,
2020-01-05,8.914393268935946e-05,,,,,,
2020-01-06,0.047161467235659664,0.0038077487229314314,0.006422403149086495,0.007936768930973354,0.0013860022173318946,0.010434868967011986,-0.0008486965705175967
2020-01-07,0.04952688932640552,-0.0028158810551610356,-0.00013905360053879378,-0.004714387395870049,-0.006210925400060396,0.003927428056507489,0.0032231383954302996
2020-01-08,-0.010321673202805576,0.005315437810794037,0.007488215140178992,0.015958385747289246,0.004253605765599824,-0.007529802584635164,-0.00387033975832015
2020-01-09,-0.02516485111441786,0.006757887601852645,0.00843783253411009,0.021018455597807628,0.010878582468950645,-0.0056676844863565315,-0.0037298266820401005
2020-01-10,0.0358370170573265,-0.002881756682730178,-0.002560567251506188,0.002258167574802838,0.0009684774046482276,0.006008107616788398,-0.0001889169480695333
2020-01-11,-0.01592428993077385,,,,,,
2020-01-12,0.019095619045757743,,,,,,
2020-01-13,-0.005913064387262195,0.006853826752890975,0.01147098340202216,0.021139463356710974,0.007313637758028385,-0.007447144703816297,0.0005000532657698783
2020-01-14,0.0805965063783667,-0.0015254996752447913,-0.003945478177904043,-0.013595595755165417,-0.0015227484566430153,-0.0008919411826434922,0.00171342886823665
2020-01-15,-0.0023537488141357047,0.0022571579428718146,0.00040898466352539813,-0.00429434749683714,0.010133870836899006,0.005817289492435278,-0.0004341866069445138
2020-01-16,-0.009494746324859216,0.008283890624644182,0.00953765714153621,0.012448521575871568,0.0008728997030699918,-0.0015707412123407796,0.0020736147906197213
2020-01-17,0.023255338715640103,0.0031077021686184065,0.0049367833316416795,0.011010347283246081,0.0026932916144741664,0.0018437252860089575,-0.001294140833420409
2020-01-18,0.0015410282758632793,,,,,,
2020-01-19,-0.026809102516198058,,,,,,
2020-01-20,-0.005598131806099833,,,,,,-0.004046570453323238
2020-01-21,0.010141927934056931,-0.0019602825389685645,-0.0004480634941220311,-0.00680033578920723,-0.002534716259689593,0.0010909837309721073,0.00021079095030663436
2020-01-22,-0.007461951294768086,0.00012054532866682297,0.0026389798877191743,0.0035632606194953443,0.0017431694765513612,0.0003405975107135845,-0.0010204176837492315
2020-01-23,-0.03211536772319544,0.001146469840926838,0.003211063806987045,0.004804356938515502,-0.004581932466470987,0.002245598875511729,0.0009760499881296328
2020-01-24,0.00461893300829455,-0.008932662923745992,-0.00845107210948793,-0.00288599399030769,0.0011995322355666698,0.0058285535187767275,-0.0037215309488002925
2020-01-25,-0.009229306182408406,,,,,,
2020-01-26,0.02699683810277081,,,,,,
2020-01-27,0.03576042498236325,-0.01615936514887079,-0.020871890102740678,-0.02984641874691411,0.0043854228273023715,0.006802125843070944,-0.0027048154401573266
2020-01-28,0.04914065669354804,0.010424747799240748,0.015243351199518827,0.02789654548650524,0.002701302866893885,-0.00896686803661793,-0.0005070083082549927
2020-01-29,-0.004493658672814258,-0.0008264792258148752,0.0016241157342032518,0.02071618170452479,-0.0077260780142359795,0.005403248480831511,0.00025342813606535716
2020-01-30,0.020437036918080173,0.0032401727347234188,0.0035554178674936086,-0.0014500331327219464,0.00709124202530814,6.731894098032181e-05,-0.000517957493631393
2020-01-31,-0.01680504867594127,-0.018325001387951845,-0.015984994890377763,-0.04535134888627639,-0.010615865847965363,0.005775708477189364,0.0011133636077491934
2020-02-01,0.004518472151643944,,,,,,
2020-02-02,-0.005177910236525379,,,,,,
2020-02-03,-0.00545597007771587,0.007401234641109437,0.01499624516395429,-0.002750630444638975,0.003924213350298176,-0.006516877595597702,0.005485525052044301
2020-02-04,-0.0121854536490776,0.015126252642968317,0.022630538096413706,0.03248054552143962,0.004386543229237754,-0.013094308186782415,-0.002425760277789674
2020-02-05,0.04602834799275258,0.011481842474162646,0.0032917338648027436,0.008121194554690686,0.009109940950460603,0.0012285555646719122,-0.0014150782738120962
2020-02-06,0.012033084493942919,0.0033590210567257155,0.008595058611108854,0.011629275867721414,0.002599036354560224,0.005373934234125879,-0.00407914716479985
2020-02-07,0.0067748353927720014,-0.005343794472185646,-0.004310089589734335,-0.013686086838147865,-0.00837202110940608,0.002642363450658169,-0.0017588635635342222
2020-02-08,0.0070368594474600355,,,,,,
2020-02-09,0.025179720219250152,,,,,,
2020-02-10,-0.026042505869956382,0.007437641981633915,0.012013034903100423,0.004738440933180199,0.0007133019417790813,0.0025679490647931946,-0.003070422989157765
2020-02-11,0.03505244674627077,0.0017314533596352526,0.00017233033481385774,-0.006051351579223929,-0.01605924867281415,-0.0034478924308700464,-0.003279425511196765
2020-02-12,0.011475404940052,0.006422142212369943,0.009694177876863446,0.023469902675580686,-0.005734757956333215,-0.000813078481224605,0.000545789907371758
2020-02-13,-0.010873762642183454,-0.0010673483499117167,-0.0012816992680582924,-0.007146493554122774,0.012157385216643836,0.005677303718111386,-0.003988568387689874
2020-02-14,0.009523015160699344,0.001600645074198075,0.0028596537805087147,0.00024619292340621554,0.00939881616467097,0.0041697222765956264,-0.0027586935935611265
2020-02-15,-0.04185355039924229,,,,,,
2020-02-16,0.004540878520857384,,,,,,
2020-02-17,-0.02489772344158013,,,,,,-0.00039037003474076096
2020-02-18,0.04557569247775114,-0.0025804709993242866,0.0003834760980953336,-0.0184801839934035,-0.01011909920951644,0.012737350951843347,-0.00015174787186237877
2020-02-19,-0.05144998404328957,0.004770237029379876,0.009539953726299665,0.014378832922550537,0.004554337362773949,0.005814285510176441,-0.00413242307371629
2020-02-20,-0.0025892656683303506,-0.004116913084373901,-0.009326959987901598,-0.010312136997905773,0.009046846544203527,0.0040763395182913265,0.001360184848757387
2020-02-21,0.008081532009711982,-0.010351829654305592,-0.01939610111949902,-0.0228947365720689,0.0009477192115797147,0.014913455926308593,-0.0020464967645173063
2020-02-22,-0.002404158134973382,,,,,,
2020-02-23,0.02668506547579107,,,,,,
2020-02-24,-0.028031992193656916,-0.033727700344772224,-0.0393269053084928,-0.04866566271831138,-0.02720175146623397,0.008945002656717951,0.004721186336458318
2020-02-25,-0.03248723753845248,-0.03077072651396081,-0.027568373454109067,-0.03445926965973486,-0.015282461990245804,-0.01803593472393269,0.0009358327590466026
2020-02-26,-0.057407687925487366,-0.0036849669759162983,0.005140559527879717,0.015739194696954843,-0.01051366671859472,0.004360980385151266,0.003018415136661551
2020-02-27,-0.004092966388449268,-0.04595137121349736,-0.051370871428998155,-0.06760273419688233,-0.05702134089840282,0.00019481624361363943,0.0003581554049379228
2020-02-28,-0.012836217768337236,-0.004210613522898396,0.0007778077820102793,-0.0005850684056592297,-0.002381871603498321,-0.03717601874476565,0.010175447527352876
2020-02-29,-0.008446835964171201,,,,,,
2020-03-01,-0.004318240904803676,,,,,,
2020-03-02,0.035250739590151826,0.04239524378221341,0.05031604610514901,0.08901815091623844,0.05439730890273997,0.005511083646655957,0.004905810422639446
2020-03-03,-0.009274764811755473,-0.029050484458140437,-0.03259287182712437,-0.032274216730912776,-0.011694045362995648,0.030950390194086085,0.008356433460813023
2020-03-04,-0.0037097436703969933,0.041173582729550406,0.04087571178588598,0.045340747559397994,0.052181629658969504,0.001752990351755443,0.003281729195869594
2020-03-05,0.03628484201142127,-0.033806618751881734,-0.030853466936438523,-0.032974715242008255,-0.023322311866480608,0.021370951204574475,-0.0037273637898381047
2020-03-06,0.004811004368074786,-0.016669715259257794,-0.017016048375202455,-0.013368998950723724,0.00024662188930616737,0.0003808885074389379,0.0075809876464607955
2020-03-07,-0.02357983053034934,,,,,,
2020-03-08,-0.09430352876922735,,,,,,
2020-03-09,-0.02301429329184435,-0.08131194005766536,-0.07199530254012532,-0.08239519415491346,-0.047123022054298205,0.0016488747161249012,0.01434540861589893
2020-03-10,-0.0017576850801850666,0.05045065255431176,0.05301998258004454,0.0695462876675641,0.03795740798023329,-0.02132715182628954,0.0010481051458756956
2020-03-11,0.00021498848832731012,-0.04997706699271718,-0.04453207402416541,-0.03534808307281076,-0.07723321477228556,-0.0035667044227174947,-0.007172069563950376
2020-03-12,-0.46473017533977296,-0.10056867352613409,-0.09617107782996177,-0.10397780836764697,-0.09142845266111563,-0.04070560424243849,-0.004871123222760194
2020-03-13,0.11268622219754491,0.0820278100016609,0.08130874449249433,0.11315763162923502,0.11340922569860154,-0.03099155256530076,-0.006823700781210622
2020-03-14,-0.06753557004657186,,,,,,
2020-03-15,0.03624573263084445,,,,,,
2020-03-16,-0.07264505770911892,-0.11588630445064389,-0.12759232197300077,-0.1377083448508715,-0.05006201413296308,-0.011512126298224866,-0.0026473308768339967
2020-03-17,0.04124552567019178,0.052584966777230444,0.0731031910081389,0.04303089824085141,0.08596632807699926,0.01346442633870517,0.0007030167891367934
2020-03-18,0.002448204386069575,-0.051959749498390384,-0.030888337661584508,-0.024784595082564524,-0.006703817267467897,-0.02012310684271081,-0.013317896271767483
2020-03-19,0.1671043242496126,0.0021227085086703507,0.005984341591376263,-0.00769144183052544,-0.05801528716349909,-0.019086492837834465,-0.004911892531991977
2020-03-20,0.0012244500086869695,-0.04405033503542377,-0.03996391240583958,-0.0655905117263276,-0.0788177770989057,0.014884383146683595,-0.028144080771162875
2020-03-21,-0.0022144850761294074,,,,,,
2020-03-22,-0.05907702386252891,,,,,,
2020-03-23,0.09578323765146265,-0.0259010285713768,0.000721834944035447,-0.021472969655420133,-0.04727813736451676,0.043231496146295734,0.003469689454375606
2020-03-24,0.04844470857364082,0.08673110226072908,0.07458570994583207,0.09560600842924999,0.055445503178330205,0.047389520259250466,0.006544952365581136
2020-03-25,-0.00801155993972081,0.014859371566100036,-0.007432683390030049,-0.005523967061916535,-0.02301903974948121,-0.013784208180364264,0.0035262190611547056
2020-03-26,0.005281211361417012,0.056748781855949094,0.05132073740708721,0.051285290939187315,0.0620458885796431,0.012740714714697083,0.00801521441819402
2020-03-27,-0.03741337669931112,-0.030238481232040714,-0.03499817401608848,-0.042283707798933576,0.025650954240317318,-0.006481449089244015,0.014467411219748412
2020-03-28,-0.03581324079079013,,,,,,
2020-03-29,-0.052650213305665085,,,,,,
2020-03-30,0.08226844860278629,0.03195946528174589,0.03572745420215129,0.028138159912192543,0.04290755195266064,0.004390990264267052,0.008187089303251458
2020-03-31,0.001368107409615196,-0.015017336158946305,-0.00857661511083027,-0.002043076769617371,-0.04445182968396945,-0.032364821693651916,-0.00979877568790389
2020-04-01,0.025777803165675912,-0.04604917825102277,-0.043418716521635155,-0.054051837716719384,-0.006109598571443682,0.009411793149400162,-0.0003529198097441969
2020-04-02,0.02788875596596145,0.02281324690884125,0.020091843368068473,0.016549065872993603,0.045330167988480136,0.01626050111056189,-0.006638045995333951
2020-04-03,-0.008906283829348233,-0.01455974081399462,-0.014294275836826298,-0.014475506378678966,0.005926444858119928,0.004925309776577716,-0.009744816047908876
2020-04-04,0.019725803844387817,,,,,,
2020-04-05,-0.011186860819705755,,,,,,
2020-04-06,0.06838401551364988,0.06500695414610383,0.0690546076668837,0.08364004733112833,0.023445485825926274,0.02733353381543522,-0.0037354318739070817
2020-04-07,-0.013201383140758695,0.001018904632340975,-0.0004070534593958186,-0.011649948844104632,-0.04372281694673727,-0.005368871400719198,-0.0002916967182406305
2020-04-08,0.021734626116209514,0.03301711137432048,0.0210096490638495,0.025272416016416454,0.020451032371481347,-0.008947881947437637,0.008419050808379198
2020-04-09,-0.004373997983961782,0.015102750026270949,0.001444997263160017,0.007190213621975224,-0.003829973483584581,0.025788169295063085,-0.0028938347371023966
2020-04-10,-0.06165264619598333,,,,,,0.005850777165835929
2020-04-11,-0.0009341136128114594,,,,,,
2020-04-12,0.016198094339308036,,,,,,
2020-04-13,-0.018247903368068016,-0.009172282713067094,0.010745635832832544,0.01943735604960006,0.011187722930452603,0.01699510551392902,0.00048098003060578255
2020-04-14,-0.0003813508563592871,0.029066727275898603,0.04257190647904905,0.04926917730088182,0.04230092305033741,0.007837301543346824,-0.0008851384596624093
2020-04-15,-0.029712937076683203,-0.02147746592693191,-0.011535993409949005,-0.009169236576991627,0.002147186910795352,-0.005115017933585634,0.0056960393003238855
2020-04-16,0.06902911272643515,0.004812700017218863,0.018075639472398666,0.007914185001082838,0.0023069900644935985,-0.0008653689753940822,-0.007335406043470732
2020-04-17,-0.0029015210954838368,0.026656978168275298,0.009520658091550298,-0.013661070444196538,0.025916670842214728,-0.019608466717140425,-0.004285139918145141
2020-04-18,0.022500902000608027,,,,,,
2020-04-19,-0.009446987957285106,,,,,,
2020-04-20,-0.04370789261905666,-0.017774656125695756,-0.011915276102681636,-0.02097538583006878,-0.033351581814988124,0.007100853720992193,0.0007820191746308519
2020-04-21,-0.00023764284804566149,-0.03083403739504724,-0.03759749702862496,-0.03139779210384339,-0.007657553978708155,-0.006848673348053854,-0.0001956120482852273
2020-04-22,0.033849812461733006,0.02195171535246772,0.029242484271666605,0.028396170059024742,-0.002342412804203202,0.019479888950845802,-0.0007709720633413682
2020-04-23,0.04297334717626114,-7.16098476931461e-05,-0.0021349228294898727,-0.003882692522417293,0.00664688822971026,0.009905643795524405,-0.00432246331143561
2020-04-24,0.016178084496425684,0.013842357490727075,0.01564730503103935,0.02846065010358969,-0.00520616273992389,-0.004294729942651925,-0.0030221678851646873
2020-04-25,0.0025177397803475064,,,,,,
2020-04-26,0.014417636083330129,,,,,,
2020-04-27,0.01495735604802822,0.014315586069171955,0.0080110906163127,0.000706734561950437,-0.011260411719323458,-0.00666258998355511,0.004320208971249524
2020-04-28,0.0014686626299017075,-0.0046089166167563355,-0.019014061024741798,-0.01634256965028075,-0.0047792959046024245,-0.004466516323334757,0.00010825926220592308
2020-04-29,0.11984140644428902,0.02584172617214082,0.03484653127095449,0.03231723705713495,0.0016239458736688759,0.005518192454017435,0.0010830485703049676
2020-04-30,-0.01632197818592355,-0.00935466263095147,-0.00041116172598675796,0.020876800253616483,0.006725117509143685,-0.018282683683788697,0.0037456223174487475
2020-05-01,0.02353691044657035,-0.026829704110570795,-0.02858976858112965,-0.016229948280498556,-0.008948312607127213,0.0061522933833428935,0.0062521016248604224
2020-05-02,0.013872127279034094,,,,,,
2020-05-03,-0.010189912204170495,,,,,,
2020-05-04,0.0017052718293899742,0.002754558495585209,0.011590190728209,0.014049369528319571,-0.009028648345587044,0.003498676361159418,0.0012924943262924613
2020-05-05,0.010093566989645255,0.009196816790749846,0.01127332896377615,0.014897407914520055,0.0020709442083026233,0.004232069630406605,-0.00506151744593804
2020-05-06,0.029084126239824877,-0.006802013302772259,0.006137410615131288,0.0102642178186332,-0.02540400022467403,-0.012938939248234135,-0.006044457194208517
2020-05-07,0.07107536685466279,0.011994798638069092,0.012794444626186606,0.010291669890763841,-0.008256575027329145,0.015234124108560072,-0.003699948420920635
2020-05-08,-0.010998547172291293,0.016410615067313287,0.013611858407167773,0.023523039615630806,0.033143221996391525,-0.006028427741239837,0.003569826442106355
2020-05-09,-0.025599497514193534,,,,,,
2020-05-10,-0.09133874992634657,,,,,,
2020-05-11,-0.017817356616017375,0.00020511494539730005,0.008899060407074824,0.015612896713210282,-0.00553499922282554,-0.006253147010599243,0.00021678724144065777
2020-05-12,0.0232893964825246,-0.02013276153617247,-0.021159446205087296,-0.011494131885551546,-0.006612493798385852,0.0038815245238018456,-0.0027818730242308957
2020-05-13,0.05152160673099469,-0.017844097180698525,-0.012594435598998067,-0.012147587605939713,-0.005515085850970717,0.009576645345897673,0.003454153486910613
2020-05-14,0.048814308336527425,0.011895919582932072,0.011288191085643317,0.006124569230488027,-0.0009660596975635803,0.008811127536123346,-0.0021344971862724505
2020-05-15,-0.04255454133663077,0.004586508201134665,0.006470636494735794,-0.005929726697365311,0.007004665104052182,0.005627947839551041,-0.0015466442661771166
2020-05-16,0.005219563387115276,,,,,,
2020-05-17,0.03084341466898477,,,,,,
2020-05-18,0.005757095071523827,0.030004866669206782,0.018460663516647532,0.023288073664432623,0.0138638306744529,-0.007592898231851983,0.0013302007365226065
2020-05-19,0.0002531804680276828,-0.010324101728771691,-0.0025095540363684115,-0.005795076080166724,-0.03297916149188606,0.009603940342589153,0.008629270343230282
2020-05-20,-0.021407053865041548,0.01684551599785273,0.019771524377249466,0.019261391072206722,0.007443130466968875,0.0023714668825757603,0.00115766159200992
2020-05-21,-0.04743978112005262,-0.006928096171944414,-0.010950366205615488,-0.007483667546550339,-0.014762634922179866,-0.014683616168536867,0.005039383759406821
2020-05-22,0.011039704675422358,0.0018972595203277424,0.003445839479678706,0.006417853772390822,0.00874145754660957,0.005899400714775776,-0.0027418957158269978
2020-05-23,0.0029045429371388543,,,,,,
2020-05-24,-0.04655584805354227,,,,,,
2020-05-25,0.013173543308948167,,,,,,-0.004126281178358824
2020-05-26,-0.008103063993220552,0.012245104979859572,-0.0027033901613498306,-0.006796432056776938,-0.005074968819946426,-0.014316858429627,-0.0004405280636237495
2020-05-27,0.038410971222694656,0.014769735287520654,0.005442715199693539,0.00434754777833878,0.01646615735717592,0.001800809585778032,0.0071989649335533965
2020-05-28,0.03686071480897355,-0.0018467543342101736,-0.001303494860862216,0.0004399267520111688,0.018874324523719007,0.0033447448656947374,0.0031897006443984094
2020-05-29,-0.00913557886418624,0.004445956200684657,0.014546152446961154,-0.0009746175155266151,-0.0012070537757916577,0.007331471236597383,0.005634519843012447
2020-05-30,0.02730538972956484,,,,,,
2020-05-31,-0.024984292562996217,,,,,,
2020-06-01,0.07198931640233779,0.004033468140717947,0.002995503714628424,0.012223095416523654,0.011408191520125295,0.004593203918142176,0.003551638495555174
2020-06-02,-0.06474947480283666,0.008246177874230159,0.006685295324626256,0.0046187955755097555,0.006884449947976802,-0.006497892824854574,0.0006673092775855425
2020-06-03,0.013229694990896244,0.013220458689478763,0.004488391535908457,0.0054898592556437776,0.003973335152667097,-0.01862251139241922,0.005690338279647767
2020-06-04,0.014793539385652563,-0.002629954333681302,-0.007038156031301302,-0.008649475072274362,-0.021144977925254063,0.010471254055873179,0.004148682561719183
2020-06-05,-0.013881075272663914,0.025306337771384458,0.01963326484188061,0.0280829807782616,0.019456217262009745,-0.02048368991541374,0.00902938836116304
2020-06-06,-0.0012271221586050945,,,,,,
2020-06-07,0.010835668358634767,,,,,,
2020-06-08,0.0012940603543832425,0.012015088742843039,0.007730280064172552,0.005895230428611912,0.006066282579926247,0.010764002439043798,-0.0016199817594840025
2020-06-09,0.002474647666023554,-0.007484488551197613,0.007218656037949241,0.03108946535499579,-0.005981660504091697,0.009595645355064148,-0.001233028042661829
2020-06-10,0.00756591700730524,-0.0055957199836068625,0.01193030700875075,0.025402111056109355,0.007492554415013196,0.014223142854853236,0.00235429926666161
2020-06-11,-0.05715571914128428,-0.05937756868064396,-0.05081896891369902,-0.04920105686647852,-0.02522542327377518,-0.007240232329265166,0.0029280210908834464
2020-06-12,0.01691958379014404,0.011904606481094334,0.007916365458041275,0.00859646660279021,-0.0055200456857385565,0.0014153150353447643,-0.00683004994336145
2020-06-13,-0.0005872938226618028,,,,,,
2020-06-14,-0.009382843818570023,,,,,,
2020-06-15,0.006785862337686215,0.009292497083551517,0.012094071305291318,0.012291082271980265,0.009211800268102319,-0.0017848491512042477,-0.003200658370140185
2020-06-16,0.00919733936802677,0.01906465171743314,0.017027061506664866,0.026157362719303252,0.012264724500179737,-0.0004929560183834836,0.007590147436824098
2020-06-17,-0.006075177257296805,-0.004162408039982187,0.003165565806004266,-0.001392682524399787,-0.00169440879752543,0.0019087937874243815,-0.006374216046632403
2020-06-18,-0.00724264397501192,0.0003850029934544442,0.0027053891483398845,0.0003981328500535813,0.0113826037197097,-0.0019703951105462295,-0.002025784015529618
2020-06-19,-0.013243316204145586,-0.005731442718939715,-0.0001637136282961863,-0.005731086200257449,-0.0030229538807751725,0.010972576221366465,-0.0028415210931360207
2020-06-20,0.004760633072752032,,,,,,
2020-06-21,-0.003081241183796443,,,,,,
2020-06-22,0.03642039931563134,0.006394812360746454,0.011921227267705177,0.025827277589720622,-0.009886985897715962,0.006441427074830093,-0.0029877213296057113
2020-06-23,-0.0019773010491619188,0.0045927513899584015,0.008474955501874132,0.02112016941879325,-0.00016994863354782036,0.008384398864595731,0.009095057230980143
2020-06-24,-0.033370923273779836,-0.025839309601740888,-0.020830855728054556,-0.017809691022826847,-0.011189598397618123,-0.0034899960158010397,0.0028917950091841924
2020-06-25,-0.005253081495321345,0.010663466282530157,0.009474235747879301,0.013188170947611705,0.012547626414174977,-0.0006028992986150158,-0.0054489396656502145
2020-06-26,-0.011059043986902698,-0.024038247561809223,-0.023898297002016157,-0.031207605947263312,-0.022821635186008122,0.0044532193863769335,-0.0025620007730021385
2020-06-27,-0.012909378740095026,,,,,,
2020-06-28,0.010796911071170564,,,,,,
2020-06-29,0.0051566968672220465,0.014590669973602793,0.01084757112292312,0.022785195443069176,0.0208687102988522,0.0005403343600226875,0.0003367903676439813
2020-06-30,-0.005768117633966839,0.012728260080984863,0.019411936947726784,0.008312946720678718,0.016103157593348065,0.004431086497931087,0.0018989199031385483
2020-07-01,0.00983678469207803,0.006980359690308622,0.011604296373561671,-0.0018933633272344348,0.0034229783805880673,-0.004491160110102202,-0.0010005176272754655
2020-07-02,-0.011433924918011266,0.0054919138983701155,0.006763832836256562,0.0,0.007473067236289229,0.0021582779375089872,0.0013717322924298595
2020-07-03,-0.003965412107265914,,,,,,-0.001203159527819667
2020-07-04,0.004959953765059784,,,,,,
2020-07-05,-0.006431364974036432,,,,,,
2020-07-06,0.032690364054528694,0.015319027053649544,0.02428746065233212,0.02639871948947229,0.006185420001717674,0.005970880083946397,0.0008319448626654612
2020-07-07,-0.013227475028494522,-0.010366819220888678,-0.006912938341155274,-0.0031075714010781316,0.004839152461706986,0.0062904343270385864,0.005820437088329796
2020-07-08,0.01884958505462196,0.00761943927006808,0.013085807778086104,0.023022936912346404,0.005466787912372766,0.006192353605402356,-0.0033317075936469443
2020-07-09,-0.016076772716190905,-0.0057092612298597165,0.008388153458904247,0.004291139761612527,-0.0033417156886130705,-0.002708063902871328,0.005653583667688177
2020-07-10,9.051613040455209e-05,0.010158467309381306,0.006804390747004416,0.0017477717323016694,0.011446355434790853,-0.0025972650920347735,-0.004525481756836082
2020-07-11,-0.004153644618958577,,,,,,
2020-07-12,0.0039049160883403893,,,,,,
2020-07-13,-0.003551357868856212,-0.008696335054110726,-0.020785213463609373,-0.0046239257828378415,0.0012904766510592478,0.0012403879870823364,0.0019547842241856806
2020-07-14,-4.331631390260929e-05,0.012875675186869046,0.0070533104868961945,0.01641272773532747,0.00834863573455345,0.004652728164010819,0.003129836355739189
2020-07-15,-0.005465061808117076,0.00914531329877555,0.002033279913914445,0.006854084452006012,-0.0047275071889263855,0.0008809438623464781,0.005731084189124986
2020-07-16,-0.006614939463274875,-0.0032991512439507283,-0.006845719254236055,-0.012381403626304487,0.00208626692613427,-0.009496639325154646,0.0005684764957306626
2020-07-17,0.002096417007004295,0.00289516028444323,0.0011571017880656538,-0.0020222181135434478,0.006949030028608939,0.008204262794308569,-0.0021988281362380624
2020-07-18,0.0008353119275824921,,,,,,
2020-07-19,0.0029193317943758054,,,,,,
2020-07-20,-0.0023526855605594836,0.008048869525676907,0.027975930482192348,0.020855086942508563,-0.0031092125522588425,0.004808590336846309,0.004452839784056593
2020-07-21,0.022726572419009328,0.002125529357231689,-0.01047535117707778,-0.013897980132372475,-0.0013584109300540572,0.011978962477666387,0.001374087699634121
2020-07-22,0.015923467431184803,0.005675955074270487,0.0035166115543279414,0.002805233420881522,0.008518805993678526,0.015087942737564556,0.006552908037431887
2020-07-23,0.005831453188377249,-0.012003508142503491,-0.026467205928350536,-0.046584780885157294,0.006449261898341366,0.008786586410813348,0.003003306800597305
2020-07-24,-0.004621806400934839,-0.006461166950727428,-0.009541111817610188,-0.002480257495507796,-0.0015866037788930935,0.008542281441677423,0.002362799250454524
2020-07-25,0.014595935230040647,,,,,,
2020-07-26,0.023292897324558883,,,,,,
2020-07-27,0.10400866598506177,0.007265680865283778,0.017685694158429435,0.023424012238034933,0.002853895250833974,0.019561196964697856,0.004859005509410978
2020-07-28,-0.007126663372121388,-0.00636229714090217,-0.012806380063631984,-0.0165643088928446,0.012273941268649514,0.008306536040413818,0.009965846353996966
2020-07-29,0.01704870717725163,0.012223326692727503,0.011460064729762558,0.01898688183214904,0.0033569532699250946,0.007482169283186,-0.0042983898977795604
2020-07-30,0.0009676074745081875,-0.0035741989592712,0.005221983193413378,0.012027817871085984,0.02394903443303606,-0.007427778888433271,0.0054524132545194165
2020-07-31,0.01892242337372686,0.007871365671274931,0.017688043901430476,0.0995636358231526,-0.00228538272022204,0.00904688435302792,0.007557730482728887
2020-08-01,0.03779203373214687,,,,,,
2020-08-02,-0.061911857122825646,,,,,,
2020-08-03,0.017286053356239672,0.006927929552619768,0.013416576716218414,0.024884960327140646,0.0012957832385002053,0.0011318982444248418,-0.007604877620557198
2020-08-04,-0.0036037470015529804,0.003855116700905848,0.003705181095575382,0.0066562112209936795,0.018862542413367864,0.021054515412853636,-0.0016128392275391056
2020-08-05,0.04716003790353572,0.006191861450555379,0.002474696750022353,0.003618067151582956,-0.002619166748797713,0.009240417270834574,0.004420992329538805
2020-08-06,0.002784144331385825,0.006662641580597912,0.01315815379583132,0.03429421934266711,-0.005485521786647691,0.013186741026147062,0.004844217313191569
2020-08-07,-0.015251902049187646,0.0007174949890441721,-0.011609663095927267,-0.022998033811451102,0.00630938073959484,-0.016012829047696152,0.0003086983850073394
2020-08-08,0.013065469924046941,,,,,,
2020-08-09,-0.006684391826167338,,,,,,
2020-08-10,0.01718420090459035,0.002984132051505634,-0.0042823371358727685,0.014430181666888647,0.00411006525342453,-0.0034649534714480275,-0.007925657651976375
2020-08-11,-0.04016111286278769,-0.008288742865474553,-0.019122713048892407,-0.03019114818718407,-0.006508988267953654,-0.0551897267189793,-0.003822121048824024
2020-08-12,0.015169300755772669,0.013846130977921065,0.024840807112621856,0.032694124202393045,0.0165995238840795,-0.004679132411383586,-0.00010562834554598832
2020-08-13,0.017048853955416797,-0.001809453237185793,0.002277998111609432,0.017542716702822002,0.0023594772717909153,0.023343474417206588,0.004867204375342793
2020-08-14,-0.001296361228177031,2.9733013730193995e-05,-0.001175264946324842,-0.0008915913867415793,-0.005020487262855123,-0.004318527254207777,0.0019277181561497953
2020-08-15,0.008193734253123777,,,,,,
2020-08-16,0.0022817499658520377,,,,,,
2020-08-17,0.029951760409884235,0.003171444457219443,0.01154385106921548,-0.002614283989640632,0.0029560458280771125,0.02146194877539166,0.0030415396512393574
2020-08-18,-0.02170941475499902,0.0021583396996142407,0.009579259517952571,0.008298177199357087,0.007426203213032373,0.008967673573403242,0.0020169448636142393
2020-08-19,-0.01961788699136637,-0.004172649889748193,-0.006749987099970413,0.0012541650693243449,-0.005435246766834338,-0.03207438281593019,0.005991819503850231
2020-08-20,0.01016132774175868,0.0031085723257578074,0.013776488200038546,0.021946853085729218,0.007923197097406652,0.006890137653281628,-0.008772937668035469
2020-08-21,-0.024361862793125022,0.0035411677081818886,0.0069060771871166425,0.05024849183706666,0.004301894742402599,-0.008043165542872153,0.002543704941241629
2020-08-22,0.007676821280393403,,,,,,
2020-08-23,-0.0014543864269716935,,,,,,
2020-08-24,0.009364458635234827,0.010082376929499606,0.00622486731163358,0.011889298503015636,0.007754950932752767,-0.005674470685927035,-0.006391340754740066
2020-08-25,-0.035306004408532356,0.003493335182153525,0.00783146406247855,-0.008237349943218149,0.003963049277918159,0.0012147382641175607,-0.00029498449271552575
2020-08-26,0.010696334763965401,0.00997553498235373,0.02111462324509866,0.013507274928014474,-0.004829870625744532,0.011739667325137685,0.00342631292556195
2020-08-27,-0.014463477673961746,0.002184105333636335,-0.003121586932315667,-0.012026437762290435,-0.0013013233443599382,-0.011629286747359606,0.0006511822732343915
2020-08-28,0.01916471859560327,0.006438235191415162,0.005072022750259965,-0.0016211134131145428,0.004043662739231688,0.01723092629924,-0.0019521980310365427
2020-08-29,-0.0030920412474540297,,,,,,
2020-08-30,0.017627931208674324,,,,,,
2020-08-31,-0.0026235581917250007,-0.0036286829566404217,0.00800121722538655,0.03334989750138148,-0.003175713131982613,0.00238341719432408,0.008308183307316214
2020-09-01,0.02449528784504093,0.009374348314148018,0.016947230968819314,0.03905968653650912,-0.0010849270837766027,0.001189581722410416,0.0017415756438502092
2020-09-02,-0.04759982836281475,0.01436049679959161,0.009424828089920373,-0.020935947540614803,0.016721082447624065,-0.013218610873058246,-0.0013243685869994246
2020-09-03,-0.108024907829682,-0.035020632633465,-0.05203056079446319,-0.08344798777032687,-0.01614232520857178,-0.008137254873336977,-0.006382304050645309
2020-09-04,0.02568095890557451,-0.008198004980586874,-0.01341553190628035,0.0006616653457282501,-0.002172068952466304,0.0027564932922231992,-0.0006395501907557035
2020-09-05,-0.03310004713411871,,,,,,
2020-09-06,0.010834787536525494,,,,,,
2020-09-07,0.008640468391535637,,,,,,-0.0004498626544599933
2020-09-08,-0.02322390559011147,-0.02770320856814803,-0.049257719894009046,-0.06966634232135825,-0.014750177636570869,-0.0019287808618004912,-0.0010763825397821381
2020-09-09,0.010879835709758444,0.01955495595408276,0.028952867872826048,0.03911183741843504,0.016126145501649192,0.009661434230238847,-0.0043644504422306754
2020-09-10,0.011724294913524443,-0.017516170777240162,-0.020138053043094097,-0.0331904869930926,-0.010551304486403486,-0.0032283485242562797,0.0030650000384235014
2020-09-11,0.003638635248421432,0.0005088990639970659,-0.006964186101309662,-0.013216119468409598,0.010478824751242656,-5.4861557792618405e-05,0.0015241955964890776
2020-09-12,0.003958714499077175,,,,,,
2020-09-13,-0.011404867595945653,,,,,,
2020-09-14,0.03400365092776386,0.013085327114014023,0.01726562486214245,0.02955878724132491,0.0035410163714883684,0.00786160327773618,0.0015501619098305707
2020-09-15,0.010812510742824319,0.005039500337995959,0.01407374964116995,0.001559283797682137,0.0,-0.0023956152677241513,0.0023001587836135036
2020-09-16,0.016347532426243053,-0.003976378715129959,-0.01607472285238437,-0.02995787054022592,-0.006731236528288104,0.0028305733071044767,-0.0021580365093011983
2020-09-17,-0.002364091830582051,-0.008833971227814848,-0.015745308377254425,-0.01609239411346758,-0.00130791250465112,-0.005505121062685115,-0.0034643925057169208
2020-09-18,-0.0004023369137903027,-0.011579699662835511,-0.01284466032543544,-0.03223438551285954,-0.0010913851879339233,0.001310849171618332,0.003784194404350613
2020-09-19,0.013590771382837723,,,,,,
2020-09-20,-0.0141678855300922,,,,,,
2020-09-21,-0.04449331082805089,-0.011192058292726148,0.002395305739063151,0.029875070584971047,-0.0048161282280266525,-0.020291789448272826,-0.00022509848153577297
2020-09-22,0.0072569445920738825,0.010132914396714467,0.018408104529719627,0.015593562815762012,0.009102157947493989,-0.004858095828927072,-0.006566912063439029
2020-09-23,-0.028125828810467837,-0.02346405447458666,-0.03101025269474149,-0.04285118673726514,-0.012032389745309648,-0.021843335368817322,-0.005080188782394758
2020-09-24,0.04893613643511954,0.0026621860543923036,0.004645423104458155,0.01021663490508623,0.004465103910843365,0.0037119030895910897,-0.0042644570910396855
2020-09-25,-0.00627888978372976,0.016037412682410025,0.02298253247202786,0.03682936479774334,0.005099185640725248,-0.0028540460781505306,0.001259955525634199
2020-09-26,0.005410230472935921,,,,,,
2020-09-27,0.0022805831897412406,,,,,,
2020-09-28,-0.006108227146350323,0.01647299953183499,0.020556231952824345,0.023588525815541713,0.002830151829148341,0.010010290107421884,-0.0032515291017523847
2020-09-29,0.01252558330751577,-0.005460871160370566,-0.004519365570422315,-0.007596724320276076,-0.0054490853637896635,0.008397048385655496,0.003730263732286211
2020-09-30,-0.0055619032310387645,0.007553518036918482,0.00682562602397994,0.014963473016276816,0.012525004809729576,-0.006022969047958764,0.005398432735944618
2020-10-01,-0.015421675401221661,0.006399200283826429,0.01574784429143559,0.008426623378023839,0.001796949664977108,0.008880963695329078,-0.0013611364287141254
2020-10-02,-0.004102545378274992,-0.009539864389253609,-0.028534715568486895,-0.03281257097721674,-0.00807596075607314,-0.0008957769408936138,0.0016077063645410661
2020-10-03,-0.0025226166977002406,,,,,,
2020-10-04,0.011334718114116692,,,,,,
2020-10-05,0.011532279024733388,0.017578024906715728,0.02110194308753222,0.030326296173805178,0.00915275986879223,0.004861081696310086,-0.002088376631710885
2020-10-06,-0.017659664062251813,-0.01431812377460034,-0.01800773545348571,-0.029088489723995855,0.0015769160412718098,-0.011830479550692698,0.006125130992924238
2020-10-07,0.006069812450621233,0.017256922504041837,0.017150980225572265,0.016824664395137624,0.007777273920831287,-0.00045132478533539146,-0.0046590314432261234
2020-10-08,0.022861384647314218,0.008823442518895715,0.0053088091618885445,-0.0009563138344695275,0.006729255671587721,0.0035486272055745486,0.002538556036391257
2020-10-09,0.013537193923190284,0.008890361827749379,0.01516447826230252,0.017246149258857767,0.008925869166062243,0.017998399966815504,-4.001590303437655e-05
2020-10-10,0.02074267777372715,,,,,,
2020-10-11,0.007744148940002064,,,,,,
2020-10-12,0.014924866101628098,0.015959749860659556,0.03040376637446318,0.06158486865619509,0.010925220747909331,-0.002875813691634357,0.004226242406377237
2020-10-13,-0.011267025530866026,-0.006547474888453286,-3.384428203316454e-05,-0.026885525673540644,-0.001939751718713248,-0.01585383405158326,-5.911793222122852e-05
2020-10-14,0.000315673400463534,-0.006303506210117445,-0.008387796786238959,0.0007430234121513967,-0.0011796847473057445,0.0030899939936110464,-0.006278180816363138
2020-10-15,0.005744241377636975,-0.001236606878822781,-0.006733470987564589,-0.00396875207559839,-0.0014587017532278624,0.003639489400711449,0.00015267773840031283
2020-10-16,-0.01518396829079633,-0.0006043261958888228,-0.005495904127747001,-0.014099330941161576,0.0038858452443705357,-0.0034712263457632483,-0.0031425047396492416
2020-10-17,0.0031726798498982116,,,,,,
2020-10-18,0.010967693217915127,,,,,,
2020-10-19,0.02227634146506345,-0.01532019713926621,-0.01646031572250923,-0.025873877216612766,-0.017324878209116885,0.0005046193567768562,0.0007144627498970919
2020-10-20,0.014734826605249336,0.003997609623962868,0.0021472162649505363,0.013105830743653086,0.004008407563687262,0.004809318137998378,0.004544144882610952
2020-10-21,0.07338405430586939,-0.0018946459790727954,-0.000773683355354405,-0.005461143311003148,0.005389776091580104,0.00750319529892231,0.005168120008133394
2020-10-22,0.011027987566796663,0.005470217010548399,-3.540869936618401e-05,-0.009629664043047355,-0.007107930797890356,-0.009849030639627157,0.002036803587023197
2020-10-23,-0.0026529704553783216,0.003389471022257611,0.0019687728523943163,-0.006152810204919659,0.0065533447629212965,-0.0010630400237792174,-0.0032899579374845926
2020-10-24,0.01355828284978525,,,,,,
2020-10-25,-0.0058830252475124915,,,,,,
2020-10-26,0.0033765071930938885,-0.01865259864252069,-0.015109678882749248,8.696599840045173e-05,-0.0076142413509851,-0.0005039129828936211,0.002827654564092691
2020-10-27,0.04332755896265355,-0.0034534944331195525,0.007777743667314985,0.013382497305715795,0.007473559338778509,0.002628864176270774,-0.0033001629038455164
2020-10-28,-0.02844584941845549,-0.03477647629462346,-0.039766839543643795,-0.047418994742390946,-0.03357193723986825,-0.01627516884164325,-0.0021470612785486148
2020-10-29,0.012475103458646658,0.010112049752706768,0.017335360307583644,0.03638056558826721,-0.0006542103018932754,-0.004153341326592121,-0.003012149800032766
2020-10-30,0.008052075583308513,-0.010479467216809951,-0.025689839959352805,-0.057648284236354014,-0.0034220942684567413,0.004550651041840146,-0.005973974709475419
2020-10-31,0.01716060814063042,,,,,,
2020-11-01,-0.003189593193523672,,,,,,
2020-11-02,-0.01367823012311885,0.011145894278984195,0.002224755653621842,-0.0008271443453837625,0.010159647578510712,0.00965812884851217,-0.0031366510442316082
2020-11-03,0.02907841515337467,0.01750197205367636,0.01714968492077144,0.015236843491171777,0.019448506061072818,0.0056609432999779495,5.826095554634443e-05
2020-11-04,0.013061444695718672,0.022103207983006076,0.04367077468189349,0.04002465328062528,-0.004115307717863325,-0.0005590140649358909,0.010204356761020732
2020-11-05,0.09741581080424415,0.019314895664031474,0.025736942515156676,0.03487861968956686,0.012296077900704692,0.022723771699055755,-0.002513986342437094
2020-11-06,-0.0008969303080480761,-0.00022825012815952286,0.0007467798680080385,-0.0011369673120896367,0.005951974703111288,0.0014203529597109255,0.007206380695062468
2020-11-07,-0.04817614127429782,,,,,,
2020-11-08,0.04261566759184631,,,,,,
2020-11-09,-0.009558200327301026,0.012487147875016742,-0.020645029258884718,-0.02016996886860383,-0.03727051634160332,-0.045280856143465276,0.006366183456068054
2020-11-10,-0.002704687109614758,-0.0014676655619848245,-0.018077245621120158,-0.003013307484176295,0.01631664901751257,0.0033073065556014952,-0.0055386456714018525
2020-11-11,0.026488015591815354,0.0074012495030638045,0.022123163574208463,0.029901004344163453,0.012822459707239255,-0.00433598220930235,-0.000721221293889815
2020-11-12,0.03596670089126322,-0.009748504845808461,-0.004704914861654425,-0.0023460025034224394,0.0005627080188739361,0.006042387508780373,-0.0032625230156320003
2020-11-13,0.0025443132057155655,0.01374963420150077,0.008734420877548412,0.00041928819808950056,0.014872913774980094,0.006796565090032186,0.0019586090254565085
2020-11-14,-0.015418716403050705,,,,,,
2020-11-15,-0.007029240926094911,,,,,,
2020-11-16,0.04656389869041283,0.012405294219295924,0.007772135815597976,0.00868283853370434,-0.012905278761929557,-5.650286865533134e-05,0.00354019285936168
2020-11-17,0.054102475844138374,-0.005392882069984322,-0.003176681623814284,-0.007593327112585559,-0.003868655596180058,-0.0036759204841880807,0.0011970869835477517
2020-11-18,0.008947999876361636,-0.012107735974787405,-0.007417958144452813,-0.011456563633033523,-0.015484424857192395,-0.005738783845972931,0.0003558725515353005
2020-11-19,0.0007346200168832048,0.004201329832400341,0.00779434196370142,0.005154868635422468,-0.001217916962342033,-0.0018822296869570197,-0.0013516014389545322
2020-11-20,0.04414876269819295,-0.006871185563602904,-0.0068641366857936205,-0.011018164895465853,-0.001649775207960131,0.003021229432643738,0.0015888129539179579
2020-11-21,0.0011227042351799794,,,,,,
2020-11-22,-0.014710561659748133,,,,,,
2020-11-23,-0.00032018509970887474,0.005976299531880638,3.454406291097278e-05,-0.03019388149988126,-0.0038838654063136813,-0.019890324232127853,0.0
2020-11-24,0.03968026776556164,0.015985327765940978,0.013952278785783792,0.01152753639446678,-0.0032481912493074797,-0.015447030279527764,-0.0020033468877048368
2020-11-25,-0.019839332374638075,-0.0015427551047637203,0.006127643955690174,0.007439553956561941,0.002671415634062392,-0.0004718480371509017,0.004867342357784169
2020-11-26,-0.08820525362378571,,,,,,0.0016364653286423468
2020-11-27,-0.0024647942560283285,0.00278109577440551,0.00917227268442001,0.0048146472907028585,-0.0005048884080209157,-0.010198732236165305,-0.00033608257865220067
2020-11-28,0.034978293300267825,,,,,,
2020-11-29,0.025635704702410122,,,,,,
2020-11-30,0.07666315234015364,-0.004437342609758088,0.0020381028560562658,0.02088025970804645,0.001873998173753166,-0.006697358920117144,0.004643726768977662
2020-12-01,-0.04283053060242915,0.010878446022315306,0.012735039754632513,0.03036185614902861,0.0035941083117431707,0.02084085881536413,-0.0027854849009629613
2020-12-02,0.020950814137308933,0.0021014077671747526,0.001283980598813274,0.002928889321381226,-0.007273335969510966,0.007493385024315116,0.011345699845260208
2020-12-03,0.012643316046180679,-0.0002728939159797341,0.0014144165343943063,-0.0011378124278942673,-0.007399380073109909,0.007842668530553789,0.0033258801250090177
2020-12-04,-0.039099467524232566,0.008580790923075485,0.004066825434052031,-0.005628401520903003,0.0009459749207398379,-0.00283945502654119,0.002559485522245068
2020-12-05,0.024012613075875922,,,,,,
2020-12-06,0.009916644389898553,,,,,,
2020-12-07,-0.007965956561317785,-0.0020568876743716127,0.005646652263378437,0.012195234556288544,0.0015266372415741567,0.014803945459514797,-0.0020020007037436782
2020-12-08,-0.04641845955624486,0.0029217189656231316,0.0033785820767944065,0.00507811341504744,0.002684004697065111,0.003481841534737405,-0.0006786241721560766
2020-12-09,0.012625041029578565,-0.0090093866509796,-0.022900815356725567,-0.021125260968514695,-0.01195120631043428,-0.017241806434506103,-0.00018158890339934348
2020-12-10,-0.01569464022080565,-0.0003268895199087097,0.004007568297422848,0.011917383134297797,-0.00661937399968014,-0.0019148863181888906,-0.002660881592207315
2020-12-11,-0.011347356530151446,-0.001173265949896434,-0.0022170820575191123,-0.00675752715237615,0.007352219704238875,0.001856945469586849,0.005411394685255497
2020-12-12,0.04041245632345914,,,,,,
2020-12-13,0.01785353982728499,,,,,,
2020-12-14,0.005431863337978572,-0.004487203212888007,0.007229040480860716,-0.005159855981921725,-0.004846581259384528,-0.005522859199322822,-0.0008971006575492733
2020-12-15,0.008816158477203611,0.013428821090235455,0.010632673802676585,0.04887587512143703,0.005871561095380233,0.013893989774039692,0.0012760274826384625
2020-12-16,0.0930515975767781,0.0015679242434372429,0.0054847751024086995,-0.0005472984760388422,0.004527203801270154,0.005503920929853093,0.0004447932579340932
2020-12-17,0.06778242711074886,0.0055767137120135545,0.006516057267931563,0.00693935239285132,0.007113557407267189,0.01046541004295572,0.003718838418115041
2020-12-18,0.014487680725324005,-0.004001032423413745,-0.003026943591980301,-0.01597792524490442,0.005697933499402725,-0.0016988680965652808,0.0051614926845374685
2020-12-19,0.031140804146840156,,,,,,
2020-12-20,-0.016581622945616773,,,,,,
2020-12-21,-0.029138076932326975,-0.0035819530722062992,-0.0018726774579654706,0.012319288050611261,-0.010992450753046012,-0.0031789169989821435,-0.0038064083361426973
2020-12-22,0.04207656794577848,-0.0016866670418496626,0.002715510165915808,0.028066865795857886,-0.007078338617325555,-0.007934507183398202,0.0016994360559735861
2020-12-23,-0.023039436663009637,0.0008980487784948466,-0.00504878412980021,-0.007000708548844796,-0.0015392806948470253,0.006625879072275585,-0.004115299835438355
2020-12-24,0.021057908650393337,0.0038828740037667917,0.004403198076887415,0.007683151420742657,0.010071020610284849,0.003977347328631379,0.0003900283455694203
2020-12-25,0.03838601817057906,,,,,,-0.0005485085946641497
2020-12-26,0.06938918605018134,,,,,,
2020-12-27,-0.006250988870123867,,,,,,
2020-12-28,0.030458043294241247,0.008553976027934162,0.010028174756600125,0.03514078032546097,0.006946616622639877,-0.003635744312567208,0.0016708003921992543
2020-12-29,0.010198176486275929,-0.0019095139117596127,0.0008948314972213634,-0.01340426892063178,-0.0018765046706380234,0.003635744312567162,0.001502332029679512
2020-12-30,0.05262518188935121,0.0014259118573912715,3.209437476942759e-05,-0.0085635779729293,-0.004707011847633126,0.007626026694655132,0.0024109354771881916
2020-12-31,0.005558802229052879,0.0050679044827723705,0.0024573398338502824,-0.007732222439575043,0.009895064117947324,0.0037072651943418997,0.003824067102786903
2021-01-01,0.012759952848226697,,,,,,-0.009773517884413802
2021-01-02,0.08959001114880642,,,,,,
2021-01-03,0.020175172403393154,,,,,,
2021-01-04,-0.02502246735581663,-0.01370754463910181,-0.014220594908486116,-0.025029933910234923,-0.00953184118373182,0.02201425891234798,0.005765555261008046
2021-01-05,0.06128001171320478,0.00686384049072392,0.008210327875398682,0.012288047211825307,0.00636458193074467,0.0029572490918935946,7.356226640494462e-05
2021-01-06,0.08002182823088061,0.0059605552601358115,-0.01394924651524575,-0.034241221089608316,0.010471327540069091,-0.016374384156319522,0.003965123188171507
2021-01-07,0.06687092425852742,0.014748170010543064,0.02390413181524738,0.03355389558065895,-0.009390301917091561,-0.0023373497260989994,0.0033142610483495433
2021-01-08,0.0355928898794487,0.005681753364109722,0.012775826390446523,0.00859436959144703,-0.00043245965845354776,-0.03480879472366203,-0.005660827653219173
2021-01-09,-0.01340052262051337,,,,,,
2021-01-10,-0.04830048595686678,,,,,,
2021-01-11,-0.07551390060372581,-0.0067640219213809865,-0.014555198218753168,-0.0235235813807605,-0.006795722939119183,-0.001963368081678198,-0.0069703961647830355
2021-01-12,-0.0473164778588287,0.00021154499071292525,-0.0015918489646983662,-0.0013962334431587016,-0.005820170440889651,0.006453094143516468,-0.002095021317432315
2021-01-13,0.09533972073625589,0.002689399037295142,0.006730616479367329,0.016096071736017858,0.0015309920071600585,-0.004316677807613859,0.003955158044529991
2021-01-14,0.048921612778852486,-0.003508215921717363,-0.005361712277372109,-0.015242528812498294,-0.010693879537527111,-0.0005192346256867747,-0.0038080283932926044
2021-01-15,-0.06216649897230796,-0.007319402326115205,-0.007952568708991907,-0.013825605422227598,-0.007539460180572787,-0.012485246085867416,-0.0009239134183000088
2021-01-16,-0.017731847143619858,,,,,,
2021-01-17,-0.010750872199338055,,,,,,
2021-01-18,0.02316538885922865,,,,,,-0.006866108748783546
2021-01-19,-0.015413522880192659,0.007821231241047685,0.014484253747441394,0.005412386640303639,-0.008793515891537112,0.008437377567923208,0.0007605172831768469
2021-01-20,-0.014579216975338103,0.013743811778000601,0.022994860298817348,0.03232796879092647,-0.012578685784984622,0.016151154600027997,0.005085373313111707
2021-01-21,-0.14252813081835994,0.0009111595388638031,0.007967518216777625,0.03600252873894441,-0.0009842532921361972,-0.0006273739671711188,-0.0019161371485265039
2021-01-22,0.06833341147530216,-0.003545854788248591,-0.002884178185191123,0.015945570272519336,-0.0077391679788329035,-0.007904302060517928,0.004172884115166977
2021-01-23,-0.028834641394269323,,,,,,
2021-01-24,0.006890847351743181,,,,,,
2021-01-25,0.0023822686367903426,0.0039361830126635605,0.008232207479790702,0.02730765589619131,0.017084124516248165,0.0008622455288576803,0.00025913209312755636
2021-01-26,0.006266383460683916,-0.0015620570364451136,0.0014617309511322496,0.0016775580100539657,0.006407077007613399,-0.002473656951145883,-0.0019087660606736155
2021-01-27,-0.06787434522440919,-0.024744038419763473,-0.02827242669173006,-0.007712760260709025,-0.03603090035688946,-0.006355778295441206,0.0013782815622589177
2021-01-28,0.0950202595471698,0.008563462023839502,0.005899019359102295,-0.03561253768156116,0.015305087506359075,0.000926931727635592,-0.004773378169334243
2021-01-29,0.025090070847817985,-0.020222737364255516,-0.02126263212895584,-0.038138165451362706,-0.016630200643281776,-0.0004054103376829626,0.0012354407583351585
2021-01-30,-0.0013665573129015413,,,,,,
2021-01-31,-0.034289423389572346,,,,,,
2021-02-01,0.0126875420679964,0.01650849649328317,0.024680571319163225,0.016384859124908422,0.0059101822874505884,0.00934152297824149,0.0003151851458534282
2021-02-02,0.057167938879420434,0.014041179625076821,0.016182086664500654,0.006316882665769924,-0.0013967084695104227,-0.012242430084677477,-0.00456032922487926
2021-02-03,0.053773897801538996,0.0007860904738586358,-0.003975212351243135,-0.007808907814794098,0.0012415172572276519,-0.0015117720158050482,-0.0024589779925830125
2021-02-04,-0.01467867670382311,0.011301527864077643,0.011757459313109729,0.025431586658489137,0.0006204176413433261,-0.021765636924135134,0.000276917273947226
2021-02-05,0.03245885330843299,0.003928130695767018,0.0033856383427948653,-0.003102639535801702,0.004176384617964322,0.009823748692690917,-0.006302406474781382
2021-02-06,0.02898274128113115,,,,,,
2021-02-07,-0.009276588183404773,,,,,,
2021-02-08,0.17182056188812328,0.00719597697775244,0.006677333689217768,0.0010959870944605426,-0.0030918997731381103,0.01001975221091292,0.006832463888964413
2021-02-09,0.0061426193854515,-0.000665827989314044,-0.00020994927404367452,-0.006595396598181333,-0.0038785533113743762,0.0032595928083516256,0.0004001279473606964
2021-02-10,-0.03420320342962812,-0.0004357278774465366,-0.0022810338177930837,-0.004568763336322053,-0.0035033958014625013,0.003654430629279855,0.005493380213142898
2021-02-11,0.06446761605839371,0.001613578184361072,0.005484380160030632,-0.0019223422550018751,0.0008573959212797911,-0.008723013798522866,0.0001006147186412552
2021-02-12,-0.008478464657924508,0.0049276193094096536,0.00557370207401101,0.0017744316027270741,-0.005547719457842947,-0.003041852351548402,0.0008488716587742157
2021-02-13,-0.008441745251820123,,,,,,
2021-02-14,0.033643879906238475,,,,,,
2021-02-15,-0.015978235928812496,,,,,,-0.0007761953783182415
2021-02-16,0.0258352607407487,-0.0008663378042929774,-0.0027085965176762775,-0.016234836163085554,0.0023477753152102818,-0.014457496034195686,0.0008330887385099504
2021-02-17,0.058214152169521576,0.0002294370788905655,-0.0048098883901886505,-0.017801524854769445,0.004212616625443288,-0.011417786234196115,-0.0032787569674480477
2021-02-18,-0.009038226589304248,-0.004265296345159916,-0.004381849801489788,-0.008674072173292545,0.008294946286772794,-6.0090224343136566e-05,-0.0036849485827756168
2021-02-19,0.07828513543693166,-0.0017672511506985427,-0.004370315038224741,0.001232738712873576,-0.018780885046753598,0.004139970385631239,0.003636543984999715
2021-02-20,0.0037751835203801024,,,,,,
2021-02-21,0.02535215971053203,,,,,,
2021-02-22,-0.05966344725525414,-0.00772148902433903,-0.026262036525991878,-0.030251910096870924,-0.004257185822447989,0.014858231751961605,0.0028456766837020647
2021-02-23,-0.10458524450100902,0.0012135313605327123,-0.0029816819153329144,-0.0011118256158298794,0.007398732010455619,-0.0023033964742125187,0.003329382255763756
2021-02-24,0.017881495738120444,0.010959027850948844,0.008209414356131246,-0.004060448692045793,0.0010973878747878156,-0.0007097783269727351,-0.001204987918721342
2021-02-25,-0.053969759252051705,-0.024390764090014738,-0.03548495073927895,-0.03540201382828939,-0.008496119885243467,-0.018995808065307287,0.001580961359324078
2021-02-26,-0.016142075456887308,-0.0051658910317940645,0.0041789135419917234,0.002229463665534308,-0.024390466510556378,-0.024480114534154506,-0.0009002015062182222
2021-02-27,-0.0032705424799890207,,,,,,
2021-02-28,-0.02301047656676125,,,,,,
2021-03-01,0.09490116032713884,0.023951008345445654,0.02963853587523882,0.052451183050112093,0.006133618354681627,-0.0017319159550744983,-0.005844176882910137
2021-03-02,-0.025554925208490772,-0.007833734577742479,-0.01616883745545522,-0.021115144017091848,-0.003142727055127095,0.005433148366520264,-0.0031866658408165566
2021-03-03,0.043664727693901485,-0.013334327723300865,-0.02944944856303408,-0.02476036693017479,-0.005990613259766443,-0.011082728374520621,0.002848097048624638
2021-03-04,-0.0399061221991278,-0.012451940962589435,-0.016502528282047756,-0.015938310567112347,-0.008234341975881678,-0.00988559566723337,-0.0028842034545033873
2021-03-05,0.007511420176535919,0.018229297235245683,0.014948553500746656,0.010681094533751831,0.0308730855542501,0.0006286134207733884,-0.00690519775863099
2021-03-06,-0.0003050270395783075,,,,,,
2021-03-07,0.0458396233606819,,,,,,
2021-03-08,0.020103136515502152,-0.004990998022129809,-0.02872256950353181,-0.04256684648495071,0.010501970789414563,-0.010422315048141234,-0.0035242896042219775
2021-03-09,0.048156840253235314,0.014176482515388885,0.03868325340279825,0.03984551427035054,-0.008915507810148254,0.02104806019448947,-0.006217744884170941
2021-03-10,0.021374179798027783,0.0062052215351282225,-0.0028587045165946547,-0.009208999912252592,0.009151112646862898,0.005085327698430273,0.0038901553143102156
2021-03-11,0.031573000390297756,0.010088141191272146,0.022770172703583686,0.01636791777821254,-0.003382410085607646,-0.0008663865026826478,0.0023633748120306186
2021-03-12,-0.008216872853115568,0.0013458309685191435,-0.00814536269476988,-0.007654814296008514,0.009645201441549603,-0.00018574519969141986,0.005021504926535071
2021-03-13,0.06599046126171279,,,,,,
2021-03-14,-0.03220259265928875,,,,,,
2021-03-15,-0.05895520841682183,0.005945733218664632,0.010626191297183504,0.024162642425754145,0.0032722649448835316,0.004386867610048303,-0.0030159811771838406
2021-03-16,0.015929471547609108,-0.001261998972189156,0.005473893714742475,0.012662282336153187,0.0029514802115908462,0.0009244132771239594,-0.002029413754968581
2021-03-17,0.03572418708035779,0.0034041036981638955,0.004109004366690871,-0.006471525232857476,-0.004041113785502781,0.0071195808075622735,-0.0020252271693676203
2021-03-18,-0.017339151916613386,-0.014656382671193603,-0.03110933613341824,-0.0344933578523043,0.002178148896739837,-0.0058269675795917875,0.006794990677772875
2021-03-19,0.008394319050580128,-0.0018520682057717559,0.0035188049115135165,-0.00449009287304446,-0.0053757786276107935,0.004174394816826358,-0.005401606379240153
2021-03-20,-0.0005658791253751102,,,,,,
2021-03-21,-0.013643904139846409,,,,,,
2021-03-22,-0.05345688104443306,0.007953227922100299,0.01857957797429715,0.0279416968290194,0.016809717215905937,-0.0014713433816878438,-0.0029514157086691552
2021-03-23,0.0038401154329438564,-0.007902054481540985,-0.004372177171646254,-0.006912555425320442,0.01841908235500747,-0.007327408483150656,0.004191626170597192
2021-03-24,-0.036551757777657644,-0.005096370422500069,-0.017009111170045856,-0.020196125067819974,-0.00030190762434907073,0.003454859203276189,-0.0078093163477120295
2021-03-25,-0.020485432915556448,0.0056098054566563645,-0.001732942032661319,0.004155029701164096,0.006916214900996716,-0.0036402714825327686,-0.002294449520728023
2021-03-26,0.06428841931989358,0.015986669083707866,0.014888911045728724,0.00512805174782921,0.014651141916976135,0.002839374216722469,-0.0030901862514860034
2021-03-27,0.015051908974823298,,,,,,
2021-03-28,-0.0004068041327035923,,,,,,
2021-03-29,0.03165502939331705,-0.0005053726801806917,-0.0002851577501535751,0.0014840998815260015,0.015530218070666152,-0.011967328788777756,0.0009661342348527806
2021-03-30,0.020014609919984168,-0.002656515031972525,-0.00504563856301623,-0.01235046689449221,-0.01553021807066607,-0.01723957501602924,-0.0014430194363622135
2021-03-31,1.935944759335448e-05,0.0040450780958406225,0.015186726107098954,0.0185917622225746,-0.0001477018236392112,0.015053975494509144,-0.004035176121666364
2021-04-01,0.0029992328786879927,0.010741079059167253,0.01690309128808555,0.00693442154761416,-0.008527744046755789,0.012549018493591777,0.00044567955889988594
2021-04-02,0.004870090844088338,,,,,,0.004348963077613154
2021-04-03,-0.030439981167968613,,,,,,
2021-04-04,0.019846643132378484,,,,,,
2021-04-05,0.005081207326213134,0.014251378287959115,0.019768105491831025,0.02330368091166056,0.016031006040360604,-0.00037046965366193687,-0.0010007294698471864
2021-04-06,-0.01476389754962159,-0.0005907723939527866,-0.0006952112806163354,0.0024592283651350706,0.00036632645617318006,0.007996616729269289,0.00430470340840242
2021-04-07,-0.037528870853164246,0.0011565249435147853,0.002415481095717856,0.013301473389625205,0.0017568585431482688,-0.0028223021365765604,0.004667518332491089
2021-04-08,0.03978767570422682,0.0047355519722304725,0.01037912989759698,0.01905113159717156,0.0037956323730387797,0.010694635856861524,-4.7487154005886665e-05
2021-04-09,-0.001354549836114697,0.007243836355999303,0.0060402520001813535,0.020049421056792825,-0.006505103866524396,-0.007566026934120144,0.0035326838721787264
2021-04-10,0.026234198096664975,,,,,,
2021-04-11,0.006862304387402612,,,,,,
2021-04-12,-0.005187618998143358,0.00036456463907707127,-0.0013061034929196219,-0.013321596995838944,0.004024774361101048,-0.006082067490100263,-0.001274171563053901
2021-04-13,0.05852714345026763,0.0029591496363533957,0.011605891009235878,0.024016036986160134,-0.013307563560167237,0.007061488473290135,0.0011907313782124399
2021-04-14,-0.006219938149170958,-0.003420832195998302,-0.012080980648712353,-0.018014418687860214,0.003620391437821528,-0.0043537794872208335,0.00330576270865255
2021-04-15,0.003232251116976691,0.010685046420227245,0.015041574981269356,0.018535220449787004,0.01202181118171358,0.0160335365383925,0.00266938663461784
2021-04-16,-0.027886621874568536,0.0033367699367615506,0.001170275901870793,-0.002531451875565089,7.281610771765069e-05,0.0060295628147861114,-0.001197872792266197
2021-04-17,-0.014542926101405163,,,,,,
2021-04-18,-0.07647243109811933,,,,,,
2021-04-19,-0.008788979117796622,-0.004925054318807783,-0.009193726009336938,0.005055813937451678,-0.004673953391634452,-0.0027691247303623773,-0.0001915020593817065
2021-04-20,0.013347500558966063,-0.007348495418454929,-0.007315345832012577,-0.012912999605220913,0.008309977519777518,0.003550241996940974,0.006315822590865152
2021-04-21,-0.04651974554182734,0.009417901743714504,0.008524425529590115,0.0029255678982618664,-0.006554468878968406,0.009862362310853667,-0.0010714026456539285
2021-04-22,-0.040581883746807136,-0.009175112736512179,-0.012127818063575478,-0.01175433507057612,-0.009977808479582547,-0.00650425423162094,0.0004452368864991329
2021-04-23,-0.013001302685204313,0.010783873427783782,0.012510909129395046,0.017878002008388554,-0.0051381747831920725,-0.0038387727937765547,-0.0019122059613187559
2021-04-24,-0.020620437180110716,,,,,,
2021-04-25,-0.02113272327896639,,,,,,
2021-04-26,0.09747970680195452,0.002085367648131602,0.006489917728579037,0.002973513530842318,-0.020212012633388256,0.002640755671589698,0.006231051392350071
2021-04-27,0.01854831914865377,-0.00021550184508063578,-0.004341435693432045,-0.002452402056575847,-0.0006098268818878985,-0.0025205449092440876,-0.0006768412074528475
2021-04-28,-0.0037942553737364284,-0.000287408054100125,-0.0033866900848895836,-0.006045923053325585,0.001675717736423421,0.002940064461277065,0.0007143095577937462
2021-04-29,-0.023429673825133245,0.0063526690823315956,0.003592374148515514,-0.0007485077754375045,0.008412124452634014,-0.004142547462168167,0.00376599054132821
2021-04-30,0.07541518772096198,-0.006592317210192997,-0.006576168223138664,-0.015249090116067092,0.006843937327659456,-0.003374702192485256,-0.0007279412418516312
2021-05-01,0.0013475723603123622,,,,,,
2021-05-02,-0.020916047590224387,,,,,,
2021-05-03,0.010001102205402288,0.002154377771797514,-0.005339711703414849,0.0081816437847987,0.011772711721533217,0.01289485518814097,-0.008224575158544535
2021-05-04,-0.06999363622377694,-0.006188306801279021,-0.01815935551553316,-0.03602643040444053,-0.0034129683172168736,-0.007356686965198023,0.002782257454785237
2021-05-05,0.07389708647447689,0.0003127668275714617,-0.0033682606047774123,0.001953414532840439,-0.008060000144899387,0.00413361336698124,-0.003840141391094418
2021-05-06,-0.018055093557641698,0.0079539468749574,0.007509075706887813,0.012721208114821149,0.0125095378710287,0.016542002735280385,-0.000588627419968323
2021-05-07,0.016877096781434925,0.007251701140646243,0.008081503676522772,0.00531326728254689,7.38621857618489e-05,0.00895658735382193,0.00503198317631046
2021-05-08,0.024921619702789645,,,,,,
2021-05-09,-0.009765628034028508,,,,,,
2021-05-10,-0.041595541159714526,-0.009951838724839557,-0.02557841317509612,-0.026143329494891617,0.018474092764211025,0.0030259218728549953,0.008459516107695119
2021-05-11,0.015009957344289306,-0.008965046932780081,-0.0013823809231501797,-0.007437925035148631,-0.004951370553563233,0.0001742848474817966,-0.0024798007411299186
2021-05-12,-0.142967146773037,-0.02147388547176847,-0.026223855438973098,-0.025254691664188,-0.010641229708824314,-0.009983483413452903,0.00029383327808949253
2021-05-13,0.011442928110092723,0.011940859378360874,0.007701586864235644,0.01776109170065805,0.015955827064514202,0.004098917859921596,-0.005448904780958964
2021-05-14,0.003300186759766157,0.015238591387624931,0.021836488911521876,0.01965039383697671,0.0021035777270113844,0.009074563611959028,-0.00010027954906686701
2021-05-15,-0.06459870319528387,,,,,,
2021-05-16,-0.006525257090234029,,,,,,
2021-05-17,-0.0648839844864655,-0.0025476904418462354,-0.006084728356497683,-0.009301723439460872,-0.0020310362743051957,0.011572105937362132,0.0060326971844055525
2021-05-18,-0.014531934084628221,-0.008653196921356502,-0.006774002643031447,-0.011309329416635355,-0.01029004639194885,0.0019442812059788442,0.0005347615740200223
2021-05-19,-0.14810707635188664,-0.0026252529414652476,0.0011479519382283695,-0.0012824205684420684,0.0020520855241740986,0.0006853819629941132,0.00550632825897061
2021-05-20,0.0972750161239599,0.010700704586317404,0.019158723237738956,0.020794447364528373,0.010196414509452285,0.004556871795741219,-0.004192610282990834
2021-05-21,-0.08913981683679192,-0.00081916896049235,-0.005550121626100605,-0.01487723200677782,0.0,0.00045446916842239933,0.00430631296814461
2021-05-22,0.0061982374372439785,,,,,,
2021-05-23,-0.07654564579833298,,,,,,
2021-05-24,0.10722243682664231,0.010142626062536129,0.01667929657810704,0.013226240113887493,-0.00028988075842531675,0.001759487487714246,-0.0034538002924195703
2021-05-25,-0.007878782581024249,-0.002221024220182287,0.0013824074507479188,-0.0015746471191449725,0.003400928537853137,0.009031903514378268,0.002573974062547223
2021-05-26,0.022961565812768543,0.0019826220592449972,0.0034777518133227866,-0.0003942037662529353,-0.0022417211421059233,-0.0017435678186662285,0.002817025025208322
2021-05-27,-0.02205718107153495,0.0005247526370129398,-0.0037479965177202976,-0.012453965828899937,-0.02299628784163788,0.0003940189892895408,-0.004623097322663016
2021-05-28,-0.07393611150144239,0.0017871739208129666,0.003148947606429203,-0.005362497701272018,-0.0009635795884429803,0.0037630876338542248,4.868920925875243e-05
2021-05-29,-0.030765691542153008,,,,,,
2021-05-30,0.030219944078986264,,,,,,
2021-05-31,0.04533591723246496,,,,,,-0.00025598707258409764
2021-06-01,-0.01750785357311659,-0.0008815089431654722,-0.0033292143166162636,-0.0026517324197345214,-0.01471659559139588,-0.0026945732480542135,0.003504687261543158
2021-06-02,0.02397778870231388,0.0015716516605726845,0.0019510663351161167,0.006256481836775843,0.00435542166664305,0.004878526963101577,-0.0012347715654755192
2021-06-03,0.042556616951370016,-0.003718163138382805,-0.010460467899247941,-0.012228551766924545,0.017749427621823684,-0.019772420864664846,-0.0006473941004048983
2021-06-04,-0.06084038726712561,0.009104167070081597,0.016827630438802168,0.01884337602941617,0.0007358574682706503,0.010725633264657355,-0.006314430298984803
2021-06-05,-0.03706474257477647,,,,,,
2021-06-06,0.008693599850188834,,,,,,
2021-06-07,-0.06633285563534304,-0.0009707367628009666,0.0029751145752060005,7.957881919425682e-05,0.003451250880932446,0.003999619209610979,0.0029137387666372154
2021-06-08,-0.002627775063457771,0.00021319571675760355,0.0004753362107708703,0.00664982414343859,-0.011649645605158783,-0.003096867753862795,0.002070721242316343
2021-06-09,0.10947410238213756,-0.0014930154311605592,0.0002373500023561084,0.0030724134795577355,-0.00037066487785323356,-0.0019193434836643904,-0.001705667883123736
2021-06-10,-0.017354742993128305,0.0046374556500150274,0.010366674473138479,-0.008055646870561515,0.007391721133990042,0.004285131517665339,0.0007514316319798007
2021-06-11,0.017067578415986145,0.0016513055467714498,0.002611342792336515,0.00978473767365727,-0.006872558907980873,-0.011316177890912231,-0.0007757186750589432
2021-06-12,-0.048904195040405544,,,,,,
2021-06-13,0.09505680129465752,,,,,,
2021-06-14,0.02825878796632069,0.002236386605471277,0.009536810413908834,0.024280443145057718,0.00037072944091181756,-0.005878166410042197,-0.005135737081496744
2021-06-15,0.004658453327527578,-0.0018357246610091434,-0.006552081595133217,-0.006458481703331499,-0.001929218464069929,-0.0037848631237422004,0.0009934254397854871
2021-06-16,-0.052307031596144006,-0.005599002680767035,-0.003658896350459345,0.003926195459598462,-0.01398531566613927,-0.01703600368035545,0.00040016097426804237
2021-06-17,-0.007684760787668957,-0.0003316705448742906,0.012617644687419698,0.012522188865256127,0.009071944385431827,-0.03122282591641038,-0.010903186645947914
2021-06-18,-0.06140159139173661,-0.013582384059259886,-0.007878342489690845,-0.010143179383533402,-0.014736144268853897,-0.005562705142465907,-0.0068737695746302375
2021-06-19,-0.004800219817294286,,,,,,
2021-06-20,0.0023116253137915738,,,,,,
2021-06-21,-0.119521795848678,0.014214352257088048,0.006195825676712331,0.014005328695166498,0.007846150253702795,0.012173251058176099,-0.003342081870940971
2021-06-22,0.025833047609393114,0.00533195798956194,0.009278608730280871,0.012618858613762001,0.0003757153797429469,-0.00420166857422807,0.0032705342094358175
2021-06-23,0.03676667515561315,-0.0012058957022687766,0.0004886191943129422,-0.002092077031490816,-0.001428613453114287,-0.0006618767987564016,0.002027168217937988
2021-06-24,0.027475699857643344,0.005898161311867951,0.00616390147631306,-0.002171556313323167,0.0006771066192658923,-0.0006021199876096117,-0.000298348979723606
2021-06-25,-0.09130465397426267,0.0035460128341163574,-0.0012296726397802318,-0.0022510744041403905,0.014182427544145405,0.003306999189259349,-0.00023858341510851012
2021-06-26,0.01718823840092292,,,,,,
2021-06-27,0.0737472744793095,,,,,,
2021-06-28,-0.006233262455755746,0.002013848381224055,0.012088107044164766,0.012467866939635261,0.002960294915438193,-5.999643961855651e-05,0.0009907275906234155
2021-06-29,0.040785121124139886,0.0005378953978771367,0.003612517303426172,0.011434588845347825,-0.006821916490474879,-0.010561034647227364,-0.0011100406473405179
2021-06-30,-0.02332520296585249,0.0008413758901831055,-0.0015787433693253048,0.0046106959202646056,0.003935732640456366,0.004841763592293601,-0.0022639479292535175
2021-07-01,-0.04281824560087459,0.0055211417772964575,0.00039491956917946477,0.0022609659124996117,0.002294979291015511,0.0034354496150826534,-0.0038013635275336794
2021-07-02,0.00963202091343982,0.007614527388508786,0.0114133738194944,0.019406559163661078,0.004868387361220252,0.0065369291506959725,-0.0008888767430041129
2021-07-03,0.022504948021345134,,,,,,
2021-07-04,0.017703918010918158,,,,,,
2021-07-05,-0.04467475626166748,,,,,,0.0008414202119710983
2021-07-06,0.014392210079461632,-0.0018231234566404029,0.0043122459451107095,0.014611274270941539,0.000588270462653562,0.004949187883217545,0.0006404732242418524
2021-07-07,-0.011157826650301255,0.003527868697584172,0.0021078344716790776,0.017795989512377708,0.007473322340585825,0.0037995736126820853,-0.0033164595271548305
2021-07-08,-0.029311778537964177,-0.008181401905186804,-0.006057812098279707,-0.009242362883773156,-0.00014624082360151385,-0.0006520293887520076,-0.002635657052069856
2021-07-09,0.02761736344787324,0.010618153067777867,0.006224099701817527,0.012970627035751225,0.00036530902950396814,0.0033150614410246745,0.004619447070696502
2021-07-10,-0.0082442012335933,,,,,,
2021-07-11,0.021242252673874872,,,,,,
2021-07-12,-0.032180926347831006,0.003575405421970319,0.0038980428649081672,-0.004212609055734453,0.0008021236668817912,-0.0012418718351821449,0.0021040698794469346
2021-07-13,-0.013782086425800635,-0.003414641687709023,0.0,0.007858022266598694,-0.001240308080081331,0.0013009357869861221,-0.0006528392208572587
2021-07-14,0.0036725998364308425,0.0014911785548274413,0.0017918616818498685,0.023814955647437026,0.007346661043511035,0.010697757313475486,-0.007600298375475396
2021-07-15,-0.032249468356842406,-0.0034214519414100465,-0.00704816353051459,-0.0045019785177706426,0.0085157481777723,0.00017546425482688882,0.004910529098378265
2021-07-16,-0.01136653085848622,-0.007874613979780733,-0.008132131785301065,-0.01417650648997625,0.009654507743271222,-0.009751038308664077,-0.0018206213531582575
2021-07-17,0.003543169217346287,,,,,,
2021-07-18,0.008329203113175575,,,,,,
2021-07-19,-0.031272502988710885,-0.01487798302455014,-0.008227411728371768,-0.027283076631895813,-0.0004984044683724555,0.001179853512608669,0.00018548069676449624
2021-07-20,-0.033338555734212405,0.014228659940098967,0.011549646971568604,0.025642330459176563,-0.005354675943132481,-0.0012979424872485647,-0.0017080651561058448
2021-07-21,0.07443417235693212,0.00806371994782655,0.007690433001820815,-0.005144711613070907,-0.003514294938788259,-0.003726190289074976,-0.0008252343591270102
2021-07-22,0.006283788882169604,0.002091972814570198,0.006588501824172238,0.009582564135354011,-0.003838393477507192,0.0019535411866020086,0.0007308234638374334
2021-07-23,0.038503942271904575,0.010235347306913552,0.011609965969746176,0.011917783809320237,0.014337667276505605,-0.003139340880551927,-0.0016966692097776699
2021-07-24,0.020948244356669858,,,,,,
2021-07-25,0.030378619797658737,,,,,,
2021-07-26,0.05469542869161192,0.0024520738340476165,0.0007872692695978391,0.002890064880750549,0.0034991999777264863,-0.0023758261058627853,5.893086054934966e-05
2021-07-27,0.0539428534880362,-0.004567825383556224,-0.011079177111417295,-0.015012075633945328,0.004055470637786067,0.0016636888817755746,0.0029122406895440082
2021-07-28,0.01483512651645551,-0.00041032907928618555,0.0038342282524455305,-0.012271082788902711,-0.014950002462598581,0.0050335632022407,0.0012997004508067118
2021-07-29,0.00031287370059631146,0.004138749889872723,0.0017753454243201214,0.004541732743523312,0.0051755671693992636,0.011044023020098688,0.0019290801555133712
2021-07-30,0.0541722306526184,-0.004868260194095459,-0.005225574775095985,0.0015095532436390543,0.01952388061914685,-0.007918108309762988,0.003963210978191812
2021-07-31,-0.014532545375150554,,,,,,
2021-08-01,-0.04047804375571393,,,,,,
2021-08-02,-0.01952524946480863,-0.0021003300442651294,8.23647577174522e-05,-0.002333760708411381,-0.0024634525750654663,-0.0012374082182159806,-0.0021847985485023355
2021-08-03,-0.0271224912051319,0.008102675734239081,0.006043189469838558,0.012565394654603405,0.014484267735122023,-0.0007077270423842932,0.0006409929936695579
2021-08-04,0.04094316463847637,-0.004931278477310142,0.001443671630881363,-0.002786354959177797,-0.010615536944747005,0.00023593466942563418,-0.0004392010828315455
2021-08-05,0.027838357371246687,0.0063130746822618565,0.006322973766128151,0.0007482794953038653,0.000491212002485045,-0.003959922253451811,-0.0027026069039768293
2021-08-06,0.04653814062641624,0.001651075721318587,-0.004391983576666549,-0.004778606185327907,-0.007678209271643601,-0.025308704477345147,-0.00014200501231056276
2021-08-07,0.03981881145877593,,,,,,
2021-08-08,-0.017151523902089738,,,,,,
2021-08-09,0.056962712090068326,-0.0008137794538459559,0.0018460886502552102,-0.00034189106096423364,0.005430332972031208,-0.017894816057729707,-0.00731143358773178
2021-08-10,-0.01697414139260822,0.0012430073245431378,-0.005138974305958401,-0.0033596527482666386,0.0006329871126483192,0.00030914743149373187,-0.000939444477304895
2021-08-11,0.0001887605723412682,0.002482049519907458,-0.0017189626904290378,0.0017839034515802342,0.0024571304609450587,0.01369082807188368,-0.001290369832655863
2021-08-12,-0.025891753544200504,0.0029924620945149583,0.003598056597489258,0.0205605761815264,0.0023109463154448767,0.00024383177142714218,0.0015827021925636149
2021-08-13,0.07300947971891747,0.0018179782309379355,0.003503826466222127,0.0014096340952653164,0.004815351336657538,0.014224167163591615,-0.00048022563504941196
2021-08-14,-0.014677743757973101,,,,,,
2021-08-15,-0.0010609584864258955,,,,,,
2021-08-16,-0.02240830692116523,0.00235205124232928,0.0004338282378164565,0.013456517409202335,0.006937705932988973,0.004975891262677384,0.0049650586518873285
2021-08-17,-0.02886919903458737,-0.006577027092859954,-0.008847015240179713,-0.006172996802625599,0.0016576931315943999,-0.001496155150116038,-0.0012495051770467507
2021-08-18,0.002364966650012081,-0.011005318390577267,-0.009671415936005573,-0.025831490943235447,-0.010965053201902658,0.0007783092556947036,-0.00597801915977613
2021-08-19,0.04188585333234935,0.001547193250120686,0.004819826354433095,0.0023201104261692386,0.011724337448441743,-0.0029367165231408677,-0.0005501958639484956
2021-08-20,0.05459790698385328,0.007925654534082748,0.010304959316486225,0.010105464448827057,0.0006891542080686994,0.0005400158455303154,-0.0022842612773609403
2021-08-21,-0.008828701235467067,,,,,,
2021-08-22,0.008473475397263706,,,,,,
2021-08-23,0.0045413466832814305,0.008758070112451876,0.014845906409076536,0.010205053073549969,-0.005113397519910358,0.012104007439095057,0.0017928718657227044
2021-08-24,-0.03784489433094968,0.0015860782370180162,0.003049847850793322,-0.0006014542758326155,-0.008138337006545433,-0.0004742535717267673,0.004008621033643521
2021-08-25,0.02596012195042943,0.0020961862916279808,0.0011477313861461675,-0.008456879918485323,-0.0035682795869067265,-0.006961609676564189,0.0007284170260269493
2021-08-26,-0.0421022974523753,-0.005920612254733786,-0.006370087418136127,-0.005542407485086139,-0.0017538276399136359,0.001133835388463418,0.0018114856517436977
2021-08-27,0.04409943030226678,0.008901207357023065,0.009673177943836847,0.007158840435042467,-0.0007725072027981687,0.014917723322635659,-0.0015294540875912131
2021-08-28,-0.0031903644385737097,,,,,,
2021-08-29,-0.0014850847584068098,,,,,,
2021-08-30,-0.03702463994727715,0.004387939979466248,0.011159653377200604,0.029963559852134638,0.004347099492006412,-0.004947859047149437,0.0036169593109244688
2021-08-31,0.002371071858731938,-0.001482770259551229,-0.000815469841074692,-0.008460413974645201,-0.0037850794546975845,0.00200564206756742,-0.00017813762365744638
2021-09-01,0.03500565378801719,0.0005313373230405114,0.0016567692072654737,0.004468756112558694,0.010132044117522573,5.88968847449306e-05,0.0011331536380010299
2021-09-02,0.00979272478817146,0.003071875316665472,-0.0004732005691746705,0.007447035682066327,0.0007642332982301387,-0.002655242464544409,0.0025898130775567317
2021-09-03,0.014044128006187486,-0.00024278657002110724,0.003071232468084853,0.004221462749267896,0.0006944304157448736,0.010637446088029513,0.0030001647486994007
2021-09-04,-0.0016154849967335088,,,,,,
2021-09-05,0.035575435016673145,,,,,,
2021-09-06,0.0168631403802205,,,,,,0.0007960521693053499
2021-09-07,-0.11723249529729855,-0.0035819420528315988,0.0014139247431110022,0.015370558093118988,-0.0037558342144658192,-0.019778020504279115,-0.0009148019282187784
2021-09-08,-0.015494793572991005,-0.001218963003173927,-0.0034864315535142656,-0.010134714989874767,0.00756669476910338,-0.002507544166051433,-0.002656530503864459
2021-09-09,0.006488390533953229,-0.004289462052244976,-0.003446313452150616,-0.006727383353474641,-0.00422747289373965,0.004413734414974538,-0.002068043422056589
2021-09-10,-0.03303518664446581,-0.007915692968124428,-0.007618603172478763,-0.03366220769984582,0.0009718455185767724,-0.005071495164425335,0.0005769633095642835
2021-09-11,0.0070499394103558715,,,,,,
2021-09-12,0.01888655452823882,,,,,,
2021-09-13,-0.024174296052118335,0.002555810918048078,-0.0006907826188966365,0.0038858742457843695,0.010696697542591567,0.0033441618437189445,-0.0011819121036024795
2021-09-14,0.046272006777909304,-0.005410908724782412,-0.0028470937345102445,-0.009608326283341287,-0.001717381495830517,0.006417907636002404,0.0
2021-09-15,0.022754601314508963,0.00831788614009445,0.007407319581676895,0.006125281035488058,-0.0021342981890315237,-0.005881528710091136,-0.0005904704860357741
2021-09-16,-0.0081907394359386,-0.0015865428196343888,0.0006873086266659085,-0.0016117652777009077,-0.006983931695733824,-0.022902242747818987,0.0012710625809980738
2021-09-17,-0.010854079709278335,-0.009788764054040921,-0.011912649176970817,-0.018518381132617424,0.001594645044670657,-0.0015862999324902439,-0.004453323350837845
2021-09-18,0.02116012615402399,,,,,,
2021-09-19,-0.021314594702563614,,,,,,
2021-09-20,-0.09810793836995628,-0.01681472994498171,-0.020879628566630407,-0.021592269879938803,-0.010096351008573192,0.007118755657039398,-0.0031955703633193186
2021-09-21,-0.051488267863326775,-0.0009451846408330897,0.0012294982484487382,0.003421739061899054,0.0015385150171558818,0.00664689654260444,2.3374235536573305e-05
2021-09-22,0.06839960199678301,0.009707608314707305,0.009297114633873988,0.01673175044976485,0.0034180401514070104,-0.0037409995549623856,-0.0006215340073654814
2021-09-23,0.02985630902322461,0.012076689916016835,0.009184807212697824,0.006696597122932114,0.004100272370494486,-0.011613566243419594,-0.003008212978931102
2021-09-24,-0.04686219528987527,0.0016458772932242405,0.0009377015280067298,0.0006126665729181082,-0.004448425401210559,-0.0012850982867509395,0.004486492911866468
2021-09-25,-0.002878952738409655,,,,,,
2021-09-26,0.011450682044497961,,,,,,
2021-09-27,-0.022771582829569807,-0.002864884915846565,-0.008013965427823393,-0.010605637323842976,-0.013253698284972274,0.0020798706668898187,-0.0014664840661052921
2021-09-28,-0.028852332947741827,-0.020357634100861093,-0.028705771161631227,-0.024089311688779664,-0.00758174617685368,-0.009763940911599527,-0.0022424937349731
2021-09-29,0.012828924814572349,0.0016816707947512046,-0.0016407364157202701,0.006461960476611505,0.010119840176836823,-0.0045149330127863515,-0.0008944087511727837
2021-09-30,0.05218276011816411,-0.012297637753932781,-0.0036811278855849307,-0.009355563135588657,-0.01575482818340667,0.01781698430701417,-0.007277304997338633
2021-10-01,0.09420841893127979,0.011814052619288253,0.006182995516229475,0.008094624132483099,-0.0015751554209425785,0.0022505110921036547,-0.0023408694678413076
2021-10-02,-0.008462113921141138,,,,,,
2021-10-03,0.010185835179136425,,,,,,
2021-10-04,0.018763728593427256,-0.012979956952909941,-0.021212865945741545,-0.024913404858094918,-0.0056759418820888025,0.004667408258473528,0.0028282082737945743
2021-10-05,0.047747610534684515,0.010351281120166093,0.013408554396243798,0.014059018252096961,0.003883377384424216,-0.004667408258473519,0.0009638080038769708
2021-10-06,0.07201410137731079,0.004147482758493944,0.006387203942663766,0.006287376038941217,0.01326102515256823,0.002669757352534067,-0.0019267982057976168
2021-10-07,-0.028498794333346032,0.008608489919981427,0.009133235380693579,0.00904333811814382,0.00797187295660493,-0.005285683868044846,-0.0035190085597075326
2021-10-08,0.0030037607441677503,-0.0018254306983716384,-0.004999031595204627,-0.002725349144106156,-0.0041543196917365995,0.00042627404378714777,0.0003814266910217661
2021-10-09,0.01836679291081593,,,,,,
2021-10-10,-0.003583836316874845,,,,,,
2021-10-11,0.04834896270757248,-0.007265994509828535,-0.00769917835194633,-0.0006299071513778527,0.00415431969173661,-0.0018893655741350408,0.0005434209268923678
2021-10-12,-0.02543576350608531,-0.0024645979072552937,-0.0034938248190907813,-0.00914500114518593,-0.00147671059562752,0.004504271350483098,-0.0010635092731745039
2021-10-13,0.023978814816483514,0.0035909351317867156,0.007976103688033595,-0.004248750524748585,0.0023192908204692424,0.01763773443447277,-0.0017084358360839192
2021-10-14,-0.0013872457018979745,0.016680892097309784,0.018249105233859697,0.020023678675331853,0.01123965853757326,0.0024434808580754102,0.005667679663200196
2021-10-15,0.0718874583745788,0.007586896534579967,0.006280645838360137,0.007484311985654373,0.0025653805612393015,-0.0160204917648545,-0.0006956887472967136
2021-10-16,-0.011458884632588321,,,,,,
2021-10-17,0.010803865067540788,,,,,,
2021-10-18,0.007646292349290159,0.0029561099140799144,0.010005672974114052,0.011737330728787534,-0.014507260965546468,-0.002482990902389477,0.0004753248849683281
2021-10-19,0.03541344366049976,0.007685220362458163,0.0075391099668854645,0.014967360186311124,-0.011872725817329828,0.003208519186409284,0.0014506924609902151
2021-10-20,0.026577834542035658,0.0039202875054506914,-0.0013062256953045499,0.0033557421671822894,0.003902403026132882,0.008725778175468667,0.0015574351739559725
2021-10-21,-0.059027668390729156,0.0026048696697190633,0.0060887431418669615,0.0014726486709445113,-0.007223086600594655,-0.0008991093021597419,0.0019794696195469387
2021-10-22,-0.02470225108270476,-0.00103667739493425,-0.008438067991810303,-0.005298806623512788,0.010708548818406478,0.006098334452755203,-0.0025492392462915913
2021-10-23,0.011489604888576206,,,,,,
2021-10-24,-0.007566491344887265,,,,,,
2021-10-25,0.03402727333400422,0.0053484246157859405,0.010185782181058348,-0.00033655241848174166,0.00014163777096526384,0.006890365329616705,0.0012679558513762864
2021-10-26,-0.04337718610106227,0.0008995113057882576,0.003143886157735394,0.004564338078457696,0.014100023254625062,-0.007427027125168416,-0.002441424235212492
2021-10-27,-0.03166384386368273,-0.004439944003896337,0.0023185006559458604,-0.0031523345125102306,-0.007166131532399564,0.0026206236403640355,-0.0011605601944853995
2021-10-28,0.03593449158802419,0.009602440596596718,0.011044000985399264,0.024684352694819632,0.005975056909331688,-0.00023791366260843256,0.00016238277643621524
2021-10-29,0.026144375505153635,0.0020272340041028857,0.004907108317701562,-0.018322494761945425,0.0021705047248251614,-0.008544299301700552,0.00717141021851913
2021-10-30,-0.0054647503804892625,,,,,,
2021-10-31,-0.009250698649359285,,,,,,
2021-11-01,-0.005142950065019365,0.0017184663246411047,0.0034128002422828983,-0.005623286778292411,-0.0024508862278655266,0.005207004497418708,-0.010922804040502254
2021-11-02,0.0357758773484733,0.004034972938846725,0.004172730601513063,0.007090839355752022,0.009905952508723191,-0.0021513131388870075,0.003705045477995642
2021-11-03,-0.004062805617150114,0.00608692550479101,0.010559554697170405,0.009751176840722114,0.006848882018047716,-0.0083501482773226,-0.0017384315163677048
2021-11-04,-0.02439903425460908,0.004701298480377547,0.012737012561745574,-0.003504524342074009,0.0018595718937059907,0.011277125295739413,0.0031313349393210293
2021-11-05,-0.005328129187967981,0.003463596158628382,0.0009538646690703213,0.0035757153889528206,0.00494248743990978,0.012978359326946427,-0.005213485594809396
2021-11-06,0.006551908440948538,,,,,,
2021-11-07,0.028827681539784322,,,,,,
2021-11-08,0.06480556096155835,0.0008533491283151109,-0.0013556232073511367,-0.00556828131819926,-0.007491996157697854,0.003585184846901929,0.0011677502279925879
2021-11-09,-0.008845099182201409,-0.0033108006876613008,-0.006907168933731292,0.0024566340196647066,0.0030312260475844435,0.004916006634195484,0.0019571431965666247
2021-11-10,-0.02995816542044536,-0.008077295240810987,-0.01480603299322296,-0.0193492266325309,0.009787513691192282,0.010800248284572371,0.00034775066237484683
2021-11-11,-0.0006967481072823624,0.00032345437226502,0.002769043253263588,-0.0003383393018226123,-0.0028647472576064513,0.005586453042738802,-0.009497879778277242
2021-11-12,-0.012300437518712916,0.007518413984299827,0.010467263257088424,0.01423539928038039,0.0010923947389672353,0.0018934614978916627,-0.003062046147157758
2021-11-13,0.00487596370827555,,,,,,
2021-11-14,0.015351084638069591,,,,,,
2021-11-15,-0.029592905846716044,0.0003425281199510852,-0.00022785557553283716,6.659560363269688e-05,0.005714734123321187,-0.00154894492430588,-0.0008012042758382873
2021-11-16,-0.05492245425158357,0.003949860876537075,0.007095784992377622,0.006644601980165333,-0.0014257700962445542,-0.007260156004477963,-0.006591516828806556
2021-11-17,0.00343096492223367,-0.002432229400166121,0.0005283506742210131,0.016355543697918248,-0.000611251619786859,0.009095692432078762,-0.003993008800771305
2021-11-18,-0.058423750403308876,0.0033909302815348778,0.010307804443768286,0.028136246545178184,0.00013554282507947623,-0.0032143154449525086,0.0
2021-11-19,0.02046697304630566,-0.001789949825160349,0.00555992109341033,0.01683373408638566,-0.0020409027137300055,-0.007675708262916443,0.0041634209432113425
2021-11-20,0.02678245961804076,,,,,,
2021-11-21,-0.016326255638854346,,,,,,
2021-11-22,-0.042454514477448545,-0.0028191782989448327,-0.011676791588928162,0.0029232475228632804,0.006652589488359349,-0.02267561664312034,-0.008185652960956939
2021-11-23,0.022481248103212805,0.0013250558783737903,-0.004568580720893361,0.002418988906871594,0.01103509478752687,-0.008690053468478977,-0.0029835852011364673
2021-11-24,-0.02263871996463873,0.0026662251566040287,0.0032150996887737736,0.003278249600088965,-0.005233224521856005,-0.0009569597921073518,0.00024735570464710834
2021-11-25,0.01751183816078035,,,,,,-0.0037376312485883747
2021-11-26,-0.06687380102128215,-0.0225555057473193,-0.01914067176727409,-0.03219098578683398,-0.008037156769162796,-0.0016168462526691021,0.0005939027964335268
2021-11-27,0.02298046960742265,,,,,,
2021-11-28,0.043435386277887976,,,,,,
2021-11-29,0.009701684218223901,0.012191950803128999,0.021470323866819473,0.021637851643900592,0.010455700320917957,-0.0013795005365548109,0.007425897335294688
2021-11-30,-0.013955922421075117,-0.019649219257335503,-0.014795281349263549,0.031089182679787983,-0.03024753161130726,-0.006744546424564762,2.2589292359688217e-05
2021-12-01,0.003928780734843055,-0.011169680656941572,-0.01715944883578194,-0.003211222575222219,0.012509781047915666,0.003980006790395922,0.00325785330087555
2021-12-02,-0.013227302108743101,0.015200176685822167,0.007181322580721247,-0.006148797804920768,0.005857073824026136,-0.005552205835401061,-0.0009513667903637022
2021-12-03,-0.05233158566534184,-0.008739296373903083,-0.01754150671750266,-0.011793823873985032,0.017635299323072555,0.008376819081740972,-0.0011765121921122
2021-12-04,-0.08560843085516442,,,,,,
2021-12-05,0.003411696472447897,,,,,,
2021-12-06,0.024288526851428814,0.011773921544644765,0.007980956164162858,0.02127488491695152,0.015031862480959002,-0.0024635953850727986,-0.00012442344773816848
2021-12-07,0.002319467736866812,0.020473618752196623,0.029669371741017234,0.03483239840026607,-0.0026325075232932673,0.0035432060613326127,-0.0016039171174724173
2021-12-08,-0.0038592862213869153,0.0026444175877350516,0.004464466147544658,0.02252776976528455,0.0044708448772106685,0.0005393685677794685,-0.0009025026753298797
2021-12-09,-0.057721555808476536,-0.006774450931014257,-0.014823764901055803,-0.0029743447717678543,0.005822072591365425,-0.006130129283900702,0.00610790387659828
2021-12-10,-0.009035819421615396,0.00936955102011798,0.010811822682058606,0.02762770590610039,0.013861228072158878,0.004211020685246302,-0.0046183295368528
2021-12-11,0.04388024071672512,,,,,,
2021-12-12,0.014796607838164322,,,,,,
2021-12-13,-0.06944137030817533,-0.008897754527068005,-0.014552195239435212,-0.020890786730078423,0.014115909064714232,0.002518126917516811,0.0016389133221552789
2021-12-14,-0.002674827620426481,-0.006903952436824391,-0.010404437695370736,-0.008055816026628757,0.0036713687206439273,-0.009385206339641532,-0.0023388985305647886
2021-12-15,0.04783877809998121,0.01550442798172722,0.02254151341524406,0.028110414792109385,0.0038473644909773432,0.004282351988516796,-0.0021418552396564616
2021-12-16,-0.025504064198459072,-0.008857747202330596,-0.026050942079136087,-0.04005525560414881,0.014064070854904447,0.012024970840539904,0.0026159220068292816
2021-12-17,-0.031180093256039692,-0.010700077188916893,-0.005001509005473433,-0.006523129936464289,-0.022915751396307978,-0.002143116686188639,0.0038349515063402
2021-12-18,0.01389869565630835,,,,,,
2021-12-19,-0.0030305301841360094,,,,,,
2021-12-20,0.003702680378992096,-0.010690303571917683,-0.00974773649635696,-0.008155178248569497,0.0025370568089150606,-0.004240244730917084,-0.008026219874793841
2021-12-21,0.042928792887466996,0.017603197916428136,0.02213358477837878,0.01890682588923183,-0.0006338237581347861,-0.00041897618344674124,0.0030177831235175586
2021-12-22,-0.006315834406489169,0.009949041511768586,0.012104825284024285,0.015202869750745692,0.009839999593819282,0.00935611880010715,0.0008913322339793929
2021-12-23,0.043381939329586325,0.006202836396704126,0.007511030548774306,0.0036371877269815367,0.004883926790938129,0.002251481491211197,0.0036525342506323407
2021-12-24,0.0007412156675569818,,,,,,-0.00013596128702198155
2021-12-25,-0.0077497271989944395,,,,,,
2021-12-26,0.007500204929835927,,,,,,
2021-12-27,-0.003333620966693561,0.014052913772765534,0.016392063280097027,0.022714845639413356,0.011612629840598248,0.002364450476828884,-0.0002717675050997526
2021-12-28,-0.062151426511976506,-0.000817534505093011,-0.004645503284587152,-0.005783877914484835,0.005356806473130004,-0.004319380340024978,0.0005096876276717915
2021-12-29,-0.024336011956341844,0.001278493046775523,-0.00014950998053783258,0.0005018246295281846,0.008256035506985365,-0.0002965516280151311,-0.0013473476208362394
2021-12-30,0.01566773871313257,-0.0027684003664708596,-0.002992790055177547,-0.0065998490829724645,-0.008686015618882634,0.007151581744182501,0.0040020855569774935
2021-12-31,-0.018649172756865187,-0.0025235627478527745,-0.006264125614040031,-0.0035417607423308788,0.004963778397144086,0.006808358432551388,-0.003096529393978275
2022-01-01,0.02937373314776973,,,,,,
2022-01-02,-0.007189054400021723,,,,,,
2022-01-03,-0.018914636695763702,0.005773431762831331,0.009580877721675797,0.024696675127002347,-0.00416557111519011,-0.015503300973700684,0.004267353279425453
2022-01-04,-0.012138934663861074,-0.0003350662732081816,-0.013055355124472765,-0.012772778781601907,0.003493296693900753,0.007339514803169255,-0.006281143232397632
2022-01-05,-0.05206628845481275,-0.019388717898797186,-0.031203181057502596,-0.026960101009562504,0.0045164683033260145,-0.003012197052209778,-0.0016487567784744634
2022-01-06,-0.009410297303589778,-0.0009398464135291017,-0.0007027414341545134,-0.016834101944197558,-0.008439271433473611,-0.012319703780209438,0.0026438305657729066
2022-01-07,-0.037847988650375176,-0.003961388018640471,-0.010891813866977471,0.0009877051027817319,-0.0005530496729089888,0.004540812572282988,-0.0014697139139755349
2022-01-08,0.004227048332596754,,,,,,
2022-01-09,0.004247935206112907,,,,,,
2022-01-10,-0.002157811766201214,-0.0012451244138876798,0.0006577569538303945,0.00011612049331708281,-0.013735073367796617,0.0030355936239956378,0.005039876404767347
2022-01-11,0.021633410637439378,0.00906694670686807,0.01491032116225714,0.016644805735596145,-0.011655359594018654,0.01199245713664559,-0.0020756708987675625
2022-01-12,0.027993907251911834,0.002699947604095851,0.00395763460203695,0.0025667163892305086,0.0022035297381567524,0.0026391371424113854,0.003177601119399733
2022-01-13,-0.03137582795207003,-0.0138745930515826,-0.025334299073236952,-0.019211522124826554,-0.004538103491547041,-0.003402771341298051,0.006591516828806482
2022-01-14,0.011859664695822615,0.0004091283867951232,0.006203325427075506,0.005097711848170631,0.009556522908958054,-0.002883829150556528,0.0013509382484209274
2022-01-15,0.0018011556222094572,,,,,,
2022-01-16,-0.0014722123644015362,,,,,,
2022-01-17,-0.02022757169904886,,,,,,-0.004059033506041168
2022-01-18,0.002956109256612036,-0.017868181038636882,-0.02520943395408491,-0.01907474529706644,-0.019460870022663824,-0.0016516182679313014,-1.1387453022310162e-05
2022-01-19,-0.01500991044287061,-0.010438052225274354,-0.011044303652268876,-0.021249049290595057,0.03307199573548598,0.015755750605134237,-0.0071176043295396296
2022-01-20,-0.02581674309560386,-0.011129751348605027,-0.01307327190135593,-0.010400906346881044,0.00538482134041926,-0.0025020112544038944,0.0012130690311104274
2022-01-21,-0.10960468291543993,-0.019825864859266244,-0.028120429198937303,-0.01284736630556311,0.003819667232456854,-0.003267771913809988,-0.0026169374328443096
2022-01-22,-0.039930188839646726,,,,,,
2022-01-23,0.034966573781181565,,,,,,
2022-01-24,0.010352967106698903,0.0042377527998827885,0.004567516754852235,-0.0048761364277099505,-0.008150109388585422,0.005479160681096094,0.002446780096805452
2022-01-25,0.008142486826951165,-0.012284158089479814,-0.023454633701758452,-0.011450072681414503,-0.010971286528758034,0.003192034576976311,-0.0015299833108573517
2022-01-26,-0.0027608244495656064,-0.002511993560232752,-0.0015657214412123316,-0.0005634979073141647,-0.008750742611068488,-0.01629856790431354,-0.0017310860305212211
2022-01-27,0.007733837890785913,-0.0049500463503604365,-0.010121807660484268,-0.002947630778029125,0.0061774456734805805,-0.01298211532059733,-0.0054114656739098176
2022-01-28,0.017247505090414967,0.024531912664576307,0.030887522781643216,0.06745108769033685,0.008572465021184852,-0.002987752337666492,-0.008620280849588057
2022-01-29,0.00932135173920975,,,,,,
2022-01-30,-0.005800446457155093,,,,,,
2022-01-31,0.014804408066392667,0.017850861012154016,0.031477523160500086,0.02579027219909284,-0.0003116726193997073,0.005907056331230696,0.00047941591723723085
2022-02-01,0.006737318502634114,0.0067341909498307255,0.006780302845916619,-0.000973395295910132,-0.004434710712540307,0.0008325368758188378,0.006904807091364752
2022-02-02,-0.04731073995912287,0.009667185114517819,0.00809279302490622,0.007019610425604228,0.01774591400129221,0.00361943388995412,0.003938049490606719
2022-02-03,0.005441215831991581,-0.02378574702823811,-0.04138879142398546,-0.016860916777551076,0.009426411945867658,-0.0014224174555621005,0.0023026608419609075
2022-02-04,0.11062688345744714,0.004691168151565147,0.012536328267729557,-0.0016807198118562344,-0.016028774594790175,0.0015408910869810946,0.011947232126998369
2022-02-05,-0.0014398234837348135,,,,,,
2022-02-06,0.02316687651757865,,,,,,
2022-02-07,0.033111582709537346,-0.00321439520403826,-0.00807722680167389,-0.004243575511462445,-0.007519028479904023,0.007375317353577323,0.0016939655604672347
2022-02-08,0.006324808965338507,0.008194269886278761,0.0111727044961455,0.0182983844077007,-0.0022480358297044924,0.0030522079460774463,-0.001064746932719005
2022-02-09,0.00498211368199733,0.014530112731075715,0.020969381306096622,0.00825952344330009,-0.0022534208778778467,0.003393414275398407,-0.0018977167042882913
2022-02-10,-0.01760339378138894,-0.018129035387576223,-0.0228926590374175,-0.023881952403777704,-0.015342870617549744,-0.0038037857675304026,2.2753465781710023e-05
2022-02-11,-0.026921126055171853,-0.019915722038369343,-0.03223572530623246,-0.02042544694561305,-0.005614701394033736,0.018875607865561438,-0.0005251315768386432
2022-02-12,-0.00386212183286643,,,,,,
2022-02-13,-0.001112080209543203,,,,,,
2022-02-14,0.009185768314632001,-0.0032747010920020107,0.0012381095459047498,0.001422000303258325,0.0028753739244038123,0.005336451777182292,-0.004430837226841851
2022-02-15,0.045630604487240684,0.01599830381588858,0.024560194941747483,0.022888624919425987,0.0005103420933742089,-0.009545260370239185,-0.005180328358145332
2022-02-16,-0.01385529504989858,0.0011199991371775402,-0.0002528300278033003,-0.001389980637950687,0.0075596160075862935,0.01023173130733765,0.0044531689986751725
2022-02-17,-0.08108233071910446,-0.021592752532739852,-0.030194851612826326,-0.021498644281475278,0.011390040332984467,0.013575508168976262,0.0016253575664351733
2022-02-18,-0.012586526423760572,-0.006496029542140977,-0.011471311231683767,-0.009399680282858753,0.0005001899111398267,-0.000733724019731723,-0.000773175879513556
2022-02-19,0.002275138191892225,,,,,,
2022-02-20,-0.043054421746525254,,,,,,
2022-02-21,-0.03592381094835431,,,,,,-0.0043439218417605854
2022-02-22,0.03213453434150656,-0.010789680383641647,-0.010094410260450284,-0.01797284972353372,-0.012396943505054308,0.002086858856896338,-0.0006675169193645805
2022-02-23,-0.026183634615420347,-0.017897854203489105,-0.02594878994599661,-0.026204600428704244,-0.01255201311460528,0.004497100140272996,0.0017205181805229717
2022-02-24,0.027399579951549815,0.014936771123584535,0.03305192042959342,0.016542617678611943,-0.02729937885769388,-0.006471023453826176,-0.002071050753779992
2022-02-25,0.022738450595305906,0.021824285188809182,0.015388234120685011,0.012882339397071873,0.04181248213352072,-0.0033362372759372606,-0.010224378977160433
2022-02-26,-0.0027852723260769346,,,,,,
2022-02-27,-0.036334517924426976,,,,,,
2022-02-28,0.13576425730332167,-0.0025617541074843394,0.002974222434739681,0.0016364129255642187,-0.014961937420041886,0.010311993951243732,-0.0008614158561598332
2022-03-01,0.026533380332524757,-0.01534751323450326,-0.01542981177513801,-0.01169623523471748,-0.016688797031535058,0.01800043176575384,0.003113275910922149
2022-03-02,-0.009753715935407227,0.018229062604812312,0.016640330821975566,0.02037926748517954,0.003126023566335142,-0.010460864384517259,-0.0074420147912893815
2022-03-03,-0.03409447865241336,-0.004991075473068891,-0.014388062547420833,-0.001983310439198352,0.0036995328425416664,0.005935763844875876,-0.0018353165879163118
2022-03-04,-0.0812852755652355,-0.008157662353599552,-0.01459782595735763,-0.018579648309532838,0.005040458618968552,0.015803608419049087,-0.004103040528148159
2022-03-05,0.0066969062286334315,,,,,,
2022-03-06,-0.025202937052357023,,,,,,
2022-03-07,-0.0093603152707349,-0.02992245220983871,-0.03757865385978086,-0.024003634002125466,-0.01493645756709102,0.014753495270293054,-0.017530288361510188
2022-03-08,0.01758473821596099,-0.007610647303882214,-0.004658699189067203,-0.011744407900208456,-0.04038831846239706,0.026991429368426304,-0.0008479603892523628
2022-03-09,0.08046083301385845,0.026457703053958243,0.035364972875064335,0.03439879269419016,0.0133981058864008,-0.030161495266205762,0.0030252121150615412
2022-03-10,-0.06254685680053026,-0.00452571087832546,-0.01116670105203746,-0.027562578570208853,-0.026081472025543256,0.003116366878477797,0.015983954438480188
2022-03-11,-0.016425482290646415,-0.012796499485640375,-0.020956523232643173,-0.024199176922895946,-0.011938125517868239,-0.007052696024243029,-0.005422450974016716
2022-03-12,0.002806706804667275,,,,,,
2022-03-13,-0.027475269974984843,,,,,,
2022-03-14,0.04689129940953424,-0.007335281014449354,-0.019391453708168204,-0.02692145721220851,0.012697056851288465,-0.01518847505814139,-0.007461665202687137
2022-03-15,-0.00830247189817811,0.021752247384953034,0.03088497424361464,0.029245314035251567,0.035354909770930136,-0.018882610033681094,0.0010172042215486929
2022-03-16,0.044865467674200424,0.021931872931322243,0.03641568654270768,0.02860260744440618,-0.003399524785374253,0.006241285995487705,0.002388587321219563
2022-03-17,-0.004690916877794194,0.01243332658418962,0.012033357141622923,0.006433240164300689,0.003133263770509303,0.004876733952655098,0.004782947654196474
2022-03-18,0.020538517974936225,0.010893266974117197,0.020261693465807203,0.020702961484455554,-0.0005326214309206786,-0.008828710707897394,0.007012538465957428
2022-03-19,0.009274687432012266,,,,,,
2022-03-20,-0.022600322885966202,,,,,,
2022-03-21,-0.004125761887466681,-0.0002924223167942731,-0.002784272592605087,0.008501494567322042,0.0037889356529814144,0.00761175501954624,-0.00509277099290486
2022-03-22,0.03070379130997368,0.011633429281610893,0.01946215447335574,0.02058719751583984,0.007667119973125996,-0.007277189924242526,-0.002349456247391793
2022-03-23,0.012531246090632069,-0.012962088490780527,-0.014475566574564095,0.008199878317897957,-0.007003988964535508,0.013567209576051467,0.001135375310259787
2022-03-24,0.024593725965785046,0.01496185783587702,0.02198297549928204,0.022424557009846097,0.0017225586990164765,0.007234137513108609,-0.002126461945392862
2022-03-25,0.008782716407665668,0.0048717214735090495,-0.0008341947531800107,0.0037271904501796,0.011517051050040692,-0.004103860537691329,0.0002972667240242951
2022-03-26,0.0034237154855725296,,,,,,
2022-03-27,0.050813175792382204,,,,,,
2022-03-28,0.0065464127633699815,0.007087847080291798,0.015353750367006012,0.005024094891771177,0.006846365110086781,-0.018371517706821095,-0.0025180276167579654
2022-03-29,0.00714059973919024,0.012294949005717933,0.017063248273560386,0.01895364403640356,0.010215745802780826,0.00044668806848975184,0.001087738359192738
2022-03-30,-0.0085279952347302,-0.00619389286505945,-0.011106779727697667,-0.0066718295783973185,-0.006906647542583817,0.008006283379257595,0.008845097393777042
2022-03-31,-0.03291800954258311,-0.015511145949950959,-0.01247224717158211,-0.01793580016067766,-0.010352085711036,0.00038752078804877134,0.006319893943473477
2022-04-01,0.016183454010017757,0.0028302784901746846,-0.0019051843299862175,-0.0017192692526491215,0.014875796771759368,-0.00638621587890147,-0.00804866480475227
2022-04-02,-0.008957035540670266,,,,,,
2022-04-03,0.012664841243046981,,,,,,
2022-04-04,0.0036337857461326666,0.00852992997422323,0.020379568380648073,0.023417172836585304,-0.006533863822398392,0.004835061682683925,-0.0022672778283932002
2022-04-05,-0.02314486060589607,-0.01271164224327855,-0.022454353935165317,-0.01912390601458755,0.0034987152375058395,-0.006284549046099261,-0.00648577049140211
2022-04-06,-0.05294570510057487,-0.010049604928193068,-0.021950867510129198,-0.018623235828279745,0.014191927947516487,0.0023404756196963713,-0.006345887741704586
2022-04-07,0.0068529242315328075,0.005026251991017516,0.0023753681282627755,0.0018027427773776486,0.012860738678938834,0.0037777415804506904,-0.0007521699867265114
2022-04-08,-0.028353972258937266,-0.002677557140937297,-0.014077690955151746,-0.011980507099099653,0.007775566173206342,0.006246419748615932,-0.003068660384801401
2022-04-09,0.011625235289932529,,,,,,
2022-04-10,-0.013518646577317169,,,,,,
2022-04-11,-0.06574699455484899,-0.01724010465276794,-0.02394173141378911,-0.025847087389757745,-0.0038175682628793675,0.004947206140849894,0.0018488313653010355
2022-04-12,0.015198991801760951,-0.003711937119999843,-0.00423336628818309,0.011457450749827573,-0.0030141343667000942,0.007647435301758943,-0.0006420885703541868
2022-04-13,0.02557641749549052,0.01138853261704266,0.020123195785565658,0.01621043829914619,0.0028261503453218925,0.004777109287769396,-0.004774839201849695
2022-04-14,-0.030364373354540806,-0.012530220355900349,-0.02313281830614684,-0.030447016374689224,-0.005596967419060941,-0.0033090194372706765,0.006484154387127226
2022-04-15,0.015355179227128868,,,,,,-0.006960393910240724
2022-04-16,-0.0031855728397045674,,,,,,
2022-04-17,-0.017657522881942136,,,,,,
2022-04-18,0.027546268364385663,0.0004111931047022715,0.0007682022707602807,-0.0013320267633075496,-0.009568256662632741,0.0030924062818564585,-0.0005300335180195361
2022-04-19,0.016435294339235306,0.01601374998197996,0.022104786091040763,0.014016600241259565,0.014851518453304981,-0.015228268112133887,-0.0030992061418720638
2022-04-20,-0.003097867846210707,-0.0007417470294147928,-0.01469203701570863,-0.0010160618001661085,0.026250563875925226,0.0048830061930919995,0.0011758350863038487
2022-04-21,-0.020684439708319406,-0.015066506598076956,-0.020907863682009052,-0.004855382033145931,-0.0007805969053755377,-0.003563943502360224,0.0051189236431801914
2022-04-22,-0.019611085251918917,-0.02782271399884863,-0.026534917661462876,-0.028215516705545254,-0.00839907699504185,-0.009769661352400816,-0.0013553055318443394
2022-04-23,-0.006401619327578674,,,,,,
2022-04-24,-0.00044170158334548267,,,,,,
2022-04-25,0.024749050076096804,0.005780872729832631,0.012763841573244337,0.00671456086312018,0.008029847759470724,-0.018134432520229594,-0.00222952123962869
2022-04-26,-0.05959955698854747,-0.029388377532335506,-0.038475665340245914,-0.0380425789619499,-0.0171252570996296,0.0015238553873300224,-0.008997500540048975
2022-04-27,0.029052734994520196,0.0028078183451677842,-0.0011989736595678221,-0.0014679163485291295,-0.002694383433419531,-0.007585723242633687,-0.0066102261513955
2022-04-28,0.013483906721524785,0.024945674727487818,0.034899779516766975,0.04416560181306432,0.025096664197934822,0.0053838047894630165,-0.008352179109846734
2022-04-29,-0.02970235366082905,-0.0376559356432161,-0.046042534232806125,-0.037291530544666454,-0.017657216213040675,-0.00011298334784093811,-0.004833072313007677
2022-04-30,-0.023452178557919624,,,,,,
2022-05-01,0.019800580200401846,,,,,,
2022-05-02,0.0015645616058173508,0.0060014830263054484,0.01655800421867751,0.0019647332372443975,-0.013608166781569028,-0.01871452290294498,0.0030193049237596144
2022-05-03,-0.02042224184090012,0.004573640644565463,0.0010670530442207444,0.009576477219428406,-0.01379612346149922,0.0026457593569150124,-0.0025570647412530415
2022-05-04,0.050312677532991644,0.029998456580890745,0.03325292029892657,0.04018979593762523,0.007335044391411542,0.009774616775434711,0.0018513560381259822
2022-05-05,-0.08194136472907673,-0.03618988657586475,-0.05167629580854191,-0.05732845030827582,-0.01860086091601852,-0.0038184194446891804,0.008883347273825875
2022-05-06,-0.014713780107637159,-0.005986924075450976,-0.012053304803334011,0.0047159621010063445,0.009920670196551773,0.0016545049194706565,-0.007819372198253727
2022-05-07,-0.015067299056939674,,,,,,
2022-05-08,-0.04148559878699712,,,,,,
2022-05-09,-0.1170549632581505,-0.03254093490289516,-0.03991285230824723,-0.03375250556022034,-0.002503048354020254,-0.014585347642546313,-0.0007164347743801674
2022-05-10,0.023678692386482958,0.0023077521108582754,0.012075484427627386,0.015983594531239435,-0.005283478579691754,-0.00848106565352078,0.003185736537216687
2022-05-11,-0.06962706368652095,-0.016013635902734216,-0.030107059977480963,-0.05323340423097542,-0.014183696008859978,0.008133958004822058,-0.0031120553998316533
2022-05-12,0.0038423156405122537,-0.0010443781091599691,-0.0023671664063937034,-0.027262309329887706,-0.004070904442089652,-0.015452706170676834,-0.0019467323960849386
2022-05-13,0.008069582993285078,0.02362633012044947,0.036389669147071986,0.0314175672078835,0.01066729073138179,-0.008142627698810948,-0.012722865261767163
2022-05-14,0.027556540350855446,,,,,,
2022-05-15,0.03921422960887751,,,,,,
2022-05-16,-0.047163938825930986,-0.004065789537665327,-0.011659323454505838,-0.010729568521572164,0.009716689846308092,0.009493279652076629,0.0020260788046566882
2022-05-17,0.018675310971867837,0.02036176396628344,0.025571771978761627,0.025104853426180105,-0.002840291752559601,-0.006299094085683991,0.003678174850093924
2022-05-18,-0.05768962303395388,-0.04114667978422084,-0.05033651707071768,-0.05807338317110637,-0.06434889528212166,0.000531343704844183,0.010377817305916337
2022-05-19,0.054017472510896065,-0.006143139134759275,-0.005372527320989802,-0.024950102079240713,-0.023297456025521218,0.014590277160260899,-0.007146940759466621
2022-05-20,-0.03742660999960213,0.0004363837837310308,-0.003112761436812756,0.0017460493441749788,0.0006345962401195693,0.000697767757192036,0.010094047194697555
2022-05-21,0.007896156156526583,,,,,,
2022-05-22,0.02984011653578575,,,,,,
2022-05-23,-0.04122961033666706,0.018537040914699446,0.01649093083005716,0.0393353517277392,0.022731837557604533,0.004639589893868967,-0.0008670358678781887
2022-05-24,0.01894978176706928,-0.007663253376712602,-0.021491525715259117,-0.019403304841751737,0.017630447798965235,0.007493711725538028,0.010561954262868753
2022-05-25,-0.0031485281301596416,0.00879631055742089,0.013898061079024982,0.0011393422152555966,-0.016528032937098185,-0.006048248796558386,0.005086835283498354
2022-05-26,-0.010033699544872113,0.019784407666236133,0.027330330891392928,0.02293453054936848,0.008707885827158165,-0.001850609639927292,-0.00465950711675043
2022-05-27,-0.022097889022563728,0.02425257670391223,0.03211839507000473,0.03994812268374284,0.015176624515250006,0.0005208853826908474,0.004326801286931803
2022-05-28,0.006522241153916333,,,,,,
2022-05-29,0.02166399017895866,,,,,,
2022-05-30,0.07459222816391974,,,,,,-0.00013951174909264155
2022-05-31,0.0020756074770069063,-0.005626706548952417,-0.002656474655913336,-0.005360396309914229,-0.005664348298719271,-0.009942270255165302,0.00391381774383384
2022-06-01,-0.06474693067083527,-0.00812142438958411,-0.007423032929033636,-0.000873695874156871,-0.015263379176499633,0.0063488366174163004,-0.0036670195931451026
2022-06-02,0.02218263391098452,0.018864417151437222,0.02701716383316299,0.016671208897831483,0.010722347204562005,0.012234040087981134,-0.007475100550259082
2022-06-03,-0.02536528971019155,-0.016547562766678094,-0.026364117993325335,-0.03931859863668282,-0.00900711707374189,-0.010203900438868029,0.009054299007338812
2022-06-04,0.00431741536890466,,,,,,
2022-06-05,0.002468985857085947,,,,,,
2022-06-06,0.04779217112896654,0.0030400364642154494,0.0033256785997414482,0.0052141482867230264,-0.003914872672670887,-0.004413447852864014,-0.002330222818458084
2022-06-07,-0.006883334658869973,0.009546583607515325,0.00858852824498699,0.017433241452128247,0.011086215844413806,0.006497267812168451,-0.0032340634484176282
2022-06-08,-0.030672946983430784,-0.010931800087918709,-0.007222524916160294,-0.005056371084394265,-0.012532237607874024,-0.0009256257836888652,0.0006737905923230617
2022-06-09,-0.0033934595457949636,-0.02407032288826598,-0.027149640387444284,-0.03661795322998657,-0.018220437042569357,-0.0031883338247287547,0.0017775409484932394
2022-06-10,-0.03474221923780006,-0.029424275042161923,-0.03590759441891709,-0.039394571964963904,-0.00379706719052199,0.013323135228160962,-0.00922813318281883
2022-06-11,-0.02517319741030233,,,,,,
2022-06-12,-0.05800108151881945,,,,,,
2022-06-13,-0.17405255177667042,-0.03870768000028027,-0.04761208643432137,-0.039036827432301906,-0.027134725736274002,-0.02676735882447253,-0.01224298052450652
2022-06-14,-0.012556416941057361,-0.0030178417195840814,0.0018136365103500788,0.006650479107379309,-0.03169497241981344,-0.008035407203286724,-0.007159954992260149
2022-06-15,0.01634917508386348,0.014155544082227217,0.0246653106184364,0.01991195326143954,-0.009986924862520294,0.012966509676610984,0.0024401181740231668
2022-06-16,-0.10211240133010355,-0.03365595979798806,-0.04118275690846693,-0.040459410120484235,0.006094566179975535,0.011180446816136464,0.0014941669127020091
2022-06-17,0.004397810882562394,0.0021532975079618156,0.01208587512946536,0.011467441636475393,-0.0072269833594936755,-0.008256810144045654,0.008632159944394863
2022-06-18,-0.07366571122488891,,,,,,
2022-06-19,0.07765301952407,,,,,,
2022-06-20,0.002248480532576946,,,,,,-0.005270130105696999
2022-06-21,0.005376928208097346,0.024861958071243462,0.02491655288579554,0.03223545491402991,0.029846248421548448,-0.0037437854344901486,0.002794688034567393
2022-06-22,-0.03556200532463169,-0.0018145392162078231,-0.001459251196445789,-0.0038345208994991654,0.01549865759410561,0.003977268335422712,0.001126331054716773
2022-06-23,0.053519949652552336,0.009754700194436427,0.014783058176343913,0.021344366701757208,0.027067065442309895,-0.006148118298448717,0.002985212626758971
2022-06-24,0.006889809613761697,0.03129892626500476,0.03368928386437149,0.02422141411877221,0.014303296470546763,-0.0009989609969459391,-0.004174658466384516
2022-06-25,0.01266838104662478,,,,,,
2022-06-26,-0.02234031636729734,,,,,,
2022-06-27,-0.013975180844796839,-0.003827064394132588,-0.007358451493597226,0.0,-0.00764963602500787,-0.0011176944418580068,0.004364781705743179
2022-06-28,-0.022179692795419582,-0.020644400279824088,-0.030940374167609298,-0.03024242777236568,-0.016399027120617148,-0.0016493806069405818,0.0013957625433815856
2022-06-29,-0.00874651225988825,-0.0008145723485868423,0.000916521359842883,0.012939908461293944,0.009042392836039127,-0.0007666517068580592,-0.005434475183267472
2022-06-30,-0.016009711756282033,-0.008157571591481045,-0.01248098192607596,-0.01819240316910297,0.011119483822686741,-0.006095587698335223,-0.007339457036861056
2022-07-01,-0.02639361166796203,0.010520886405562237,0.00657910922423586,0.016035470518851156,0.01600549913022318,-0.0008313996785857856,0.0029713085188302992
2022-07-02,-0.0014079558563739067,,,,,,
2022-07-03,0.0028449039765122944,,,,,,
2022-07-04,0.04727542718300751,,,,,,-0.004182325010529268
2022-07-05,-0.002035878126304793,0.0018867227553872536,0.016974777078850853,0.018753246518746717,-0.009697091124856942,-0.021437799680384485,-7.300929283569905e-05
2022-07-06,0.017582449257883936,0.0033717563062492816,0.006391403212407691,0.009561271447481683,0.009286620288655095,-0.01596901758740465,-0.016965678829353473
2022-07-07,0.05165639338861742,0.01486604699061851,0.02117334584543263,0.02371610715213088,-0.0003428061832123299,0.0005548992912700342,-0.006971445470808471
2022-07-08,0.0043132227124235666,-0.0008227950777542128,0.001253563679055325,0.00470343887083331,-0.006734640136997851,0.00043143823725389326,-0.0016284792512089388
2022-07-09,-0.0064127411638449485,,,,,,
2022-07-10,-0.03447747972502637,,,,,,
2022-07-11,-0.04359596339476734,-0.011489656301193628,-0.021596129623743132,-0.014867606074554876,0.007008940851598219,-0.0053749265251639535,-0.000366023117238468
2022-07-12,-0.03291562138901987,-0.00888809227859145,-0.009734481063860517,0.006810378576377295,-0.008872346374308511,-0.0037236489059839332,-0.011733736567112072
2022-07-13,0.044936759944821686,-0.005265620886915524,-0.0020631641646287175,-0.0025396736608952063,0.006541409400862451,0.004776265963686179,-0.0014358094078833954
2022-07-14,0.017549651263241726,-0.0024313034159669437,0.0035643263585023793,0.020275348916680144,-0.0029555635405942235,-0.014146649261641277,-4.0160580542073956e-05
2022-07-15,0.012868197042892807,0.018925017293608376,0.01797670226690707,0.01138499347316345,-0.0013776681668038707,-0.0020104758163567997,-0.0007020012314786962
2022-07-16,0.016846296291970084,,,,,,
2022-07-17,-0.01958489970974724,,,,,,
2022-07-18,0.07891967823012867,-0.008291498888104099,-0.008498506230130412,-0.020859159571166335,-0.01220635689466153,0.000942949789432323,0.00702249344752808
2022-07-19,0.03940528200341783,0.02666086193470568,0.03028987062915972,0.026371275639365616,0.005080928927024712,0.002384623832616704,0.004827628644534584
2022-07-20,-0.006765243636369361,0.006352726446044211,0.01573205513043932,0.013419336929959105,-0.017437884860695,-0.009446509339211243,0.008456116811406341
2022-07-21,-0.0028926217700481673,0.010131840913602438,0.014252983039541832,0.014981413722501818,0.0009449552082567207,0.01401179660226555,-0.004756441789894104
2022-07-22,-0.019601945764881813,-0.009321429255034227,-0.01769064865766024,-0.00814395454866913,0.015857488909416812,0.0024926409954947677,0.0037542692053991913
2022-07-23,-0.011044710597189035,,,,,,
2022-07-24,0.006375470790258249,,,,,,
2022-07-25,-0.056755659782032404,0.0012142656118002847,-0.005712140906374153,-0.00742590017116886,0.006759253304762692,-0.0027423043036363935,-0.002042072812136406
2022-07-26,-0.0057250438268413185,-0.011901739975201468,-0.019844527840543566,-0.0088654433971934,0.0019424228737257654,-0.001186514317386386,0.0024203515481354024
2022-07-27,0.07659542154936112,0.025635094293004316,0.041391142890933076,0.03366202310017722,0.009451527862602426,0.010133467249785824,-0.009373056494817926
2022-07-28,0.03905783089201425,0.012464270556393812,0.009730498756263374,0.0035652004133706495,0.016479631794128258,0.01211168004371747,0.007840516682384753
2022-07-29,-0.001647644691440151,0.0144737278034368,0.018073042911242235,0.032267014094673356,-0.06379111875669148,0.0028071459585694595,-0.0016628379501900366
2022-07-30,-0.006254683466181995,,,,,,
2022-07-31,-0.013589886059606543,,,,,,
2022-08-01,-0.0009730647082914476,-0.0029658205608937586,-0.0006027305310952252,-0.006172640267706624,0.02831871760601659,0.005651232868696488,0.0015606629240480755
2022-08-02,-0.01452024708261338,-0.0066191224048037876,-0.0029859211858617365,-0.00933079948928419,-0.00667044915269294,-0.005955990148902209,0.005189064513554008
2022-08-03,-0.005744061707541017,0.015538209268329313,0.026868345591878673,0.037534453223352374,0.02043115454094725,0.002435276067987767,-0.010351198843136136
2022-08-04,-0.009479525568520927,-0.0006759306597972542,0.004665580007298736,-0.0019279828903099737,-0.001588948615762136,0.016404693683584038,0.00019283970848837684
2022-08-05,0.028675899088160428,-0.0016914787295853838,-0.008202381940961205,-0.0013900994818966182,0.0004839462861771446,-0.011309781450742627,0.00883555172373451
2022-08-06,-0.014185359813054537,,,,,,
2022-08-07,0.009303252730044901,,,,,,
2022-08-08,0.02697154534457858,-0.0011616668990365089,-0.00323772080850056,-0.0029072428773095414,0.0037933483387262105,0.008434348290836127,-0.007534415937540125
2022-08-09,-0.02747099349637511,-0.003978948760282072,-0.01138312884515579,0.00030324423963469077,-0.0023434933837905487,0.003054867797077557,0.0026274810000368686
2022-08-10,0.03325679505388167,0.020786463621080362,0.027528485198501783,0.025857448571417342,0.0094085732807468,-0.0025151110588634198,0.001030518147346478
2022-08-11,0.00041276206736784357,0.0,-0.005692359933797786,-0.004441732271371603,-0.0071340879034176895,-0.002641706914863643,0.009034052397915944
2022-08-12,0.018415982056898608,0.016787302782183027,0.01928348548165872,0.02119954653698269,0.009660034901603278,0.009155976822720392,0.0015463236906874298
2022-08-13,0.0008704221288590054,,,,,,
2022-08-14,-0.0042973830773317305,,,,,,
2022-08-15,-0.00752687118445491,0.004112277227880358,0.008048858782440504,0.0063133072802127686,0.012803946309035428,-0.012950528089989187,-0.005863386210464329
2022-08-16,-0.010565706274135412,0.001956704932230497,-0.002344667399579832,-0.0009240265639639053,0.009179390387449887,-0.0017516299628300418,-0.00924938057915025
2022-08-17,-0.023181944883864696,-0.007123106176219762,-0.011471632092158107,0.008746150814807962,-0.004612803356128883,-0.006489345947105167,0.0008539974026696639
2022-08-18,-0.005295957030778942,0.0029020438825141585,0.002401950106199793,-0.002294395662016476,0.0035451523258329797,-0.0026198444873023344,0.0009361784420449659
2022-08-19,-0.10602664190168617,-0.013529119088096888,-0.019689346563942337,-0.015216804850940721,-0.0002673156237302102,-0.007347552958114958,-0.008908664203253895
2022-08-20,0.013724431302661714,,,,,,
2022-08-21,0.017239723512555944,,,,,,
2022-08-22,-0.006298802571622582,-0.02104237770938069,-0.026680069251551898,-0.023298846668643503,-0.0026748411072640204,-0.00665930336783302,-0.005433672462005448
2022-08-23,0.0060185938546632,-0.002422232071247101,-0.0008274858572372112,-0.0020312418483955244,-0.0194746183674086,0.006966551217581505,-0.009587811226055044
2022-08-24,-0.00620033327852915,0.0031961522889318527,0.0028931105793482716,0.001792639072457895,-0.004311154943903716,0.002944580504679446,0.0027571059008813115
2022-08-25,0.009577016652955654,0.014018960802815743,0.017527237003641977,0.014812462005957943,-0.0008233223023971998,0.0030581063588208724,0.00021927184316001224
2022-08-26,-0.06408571655966329,-0.034435352582080664,-0.04185197614546804,-0.038428517669975355,-0.023682683078916474,-0.012227153201929956,0.00021940310248669677
2022-08-27,-0.010832449813926528,,,,,,
2022-08-28,-0.0214299343072556,,,,,,
2022-08-29,0.034134991629983055,-0.006634175636734114,-0.009904283430220488,-0.013784871339295866,-0.0042252076592711844,0.0006180465249853886,-0.0032752411283479355
2022-08-30,-0.02500132778356697,-0.011038508453755095,-0.011198827067887822,-0.01542375219626649,-0.010714678052669959,-0.008375556136480044,0.0075519840269269055
2022-08-31,0.012696624168793951,-0.007638101143299749,-0.005830487623506409,-0.010691701584618605,-0.016108396905392546,-0.0077553096129762645,0.0011022011823750134
2022-09-01,0.0038518173635346637,0.003133028548511853,0.0004345395561457934,0.004695904262648314,0.012249008977323873,-0.00882902347465035,0.0013944510247493138
2022-09-02,-0.007849479691159277,-0.01060041981560034,-0.014229091041412154,-0.013704772896867464,-0.017919429889780753,0.00876617372318804,-0.008676090547837427
2022-09-03,-0.006918477935497839,,,,,,
2022-09-04,0.007766470822269511,,,,,,
2022-09-05,-0.008761151996171085,,,,,,-0.0043199709658943205
2022-09-06,-0.0504480646723607,-0.0037802266758249605,-0.007208199667694829,-0.008249113911758645,-0.011217461130693242,-0.005856578259356107,0.004310029151858244
2022-09-07,0.02374515374913594,0.017805288818060764,0.019999792843391036,0.00921132866317205,0.015001251033237142,0.010117286090114818,-0.005468817444529171
2022-09-08,0.00204607030353663,0.006514947839344258,0.005171087968688538,-0.009664167371445502,0.0013067287208249536,-0.006020378897494643,0.009827376612398795
2022-09-09,0.10086009766789074,0.015415983125890747,0.02162663902788742,0.01866441058212058,0.015117958285590215,0.005269846503477033,0.00163069068126299
2022-09-10,0.01390523841339878,,,,,,
2022-09-11,0.004083651963045384,,,,,,
2022-09-12,0.027242163871664303,0.01069030942983136,0.011815807833384503,0.03778500049202589,0.008112215385549475,0.005055386193321507,0.005914473623920646
2022-09-13,-0.09728219892342403,-0.04445630157205799,-0.05639776783194444,-0.06047167007624432,-0.020911605732503155,-0.013096728906648173,0.005757313715473667
2022-09-14,-0.0027439686753737906,0.0038085481601770475,0.00790187066412985,0.00951019260308525,0.0023850949387257516,-0.003855034555311845,-0.014670914986609497
2022-09-15,-0.02703458624126178,-0.011418073780482272,-0.016794144638369472,-0.019111596055639873,-0.007755071434963145,-0.018855801737618274,0.00019959706297365223
2022-09-16,0.0036162281734326176,-0.0076582531547181205,-0.0061333142266275596,-0.011020630692765277,0.006093169437533898,0.005533767627080334,0.00042938969546725455
2022-09-17,0.017794492715736767,,,,,,
2022-09-18,-0.03581280604750071,,,,,,
2022-09-19,0.006396912022913548,0.00772500594155852,0.007757074662334993,0.02477359594340116,-0.0020994151401851646,0.0007697907679810017,0.003401793701857418
2022-09-20,-0.03400047754708742,-0.011544765109101959,-0.008003057492937267,0.015543820048759822,-0.0035572683078434904,-0.005722932055293624,0.0007219640016474552
2022-09-21,-0.018344813515223775,-0.017597868574052756,-0.018067850713051812,-0.020475791650597732,-0.012956148507628345,0.004632228320962459,-0.005880143867171973
2022-09-22,0.045641677549128984,-0.008435370596773675,-0.012384331540963774,-0.006395551339991647,0.0035301655645523095,-0.0005778441890031698,-0.014147680973100527
2022-09-23,-0.00598857629671097,-0.01689672167992253,-0.0164158956530242,-0.015239360481422728,-0.004635949418425131,-0.017427816406674814,0.0011016046308961233
2022-09-24,-0.018864440709329067,,,,,,
2022-09-25,-0.007149858037088313,,,,,,
2022-09-26,0.022121968157295297,-0.009941950594332543,-0.004146457178665983,0.002257628295166399,0.0009583711921222995,-0.01170141432179742,-0.015526806604905349
2022-09-27,-0.005850034170169328,-0.0025561661286559985,0.00040086796175861335,0.006545014345631194,-0.027869881886677963,0.0020477436877313054,-0.006856387846966306
2022-09-28,0.016409099157190264,0.01948555999362894,0.019696889489955818,-0.012732550913941989,0.0,0.020573557832177892,-0.0028637682551989094
2022-09-29,0.007504185755091534,-0.021110354747030158,-0.02925098033173803,-0.050366139986997134,-0.025166250716081237,-0.0001939471718055397,0.011601697507510935
2022-09-30,-0.007243323491751529,-0.015584285648218694,-0.017102240389540432,-0.03049970750281878,-0.0192201285341951,6.462035224685361e-05,0.012425726247878138
2022-10-01,-0.006178716506548767,,,,,,
2022-10-02,-0.013973887936277964,,,,,,
2022-10-03,0.0299741763073446,0.026058658847243527,0.023189559583967675,0.030288809394135658,0.0177426554749845,0.024019005945363412,-0.0037577051702841185
2022-10-04,0.035702295702777984,0.030516218187479148,0.030956429840833303,0.025300289330025615,0.012296807963477128,0.014226444596111972,0.00401332309708905
2022-10-05,-0.00869820607502516,-0.0023311079400297786,-0.000531750196956359,0.0020512125709123254,-0.006941965328065971,-0.005553659432976476,0.015366962792935441
2022-10-06,-0.010234041758595132,-0.010369262488838656,-0.00790414654652974,-0.006647466686512969,-0.021277249367636874,-0.0011269264553861384,-0.0073711760409446
2022-10-07,-0.020687828067475794,-0.028290220957635507,-0.03884882061393377,-0.03740981621575572,-0.017627605645486794,-0.011023386142689101,-0.012381194971008931
2022-10-08,-0.0066873874171619555,,,,,,
2022-10-09,0.0015365479891413887,,,,,,
2022-10-10,-0.01580535214708789,-0.007664822911569596,-0.010046788270352392,0.0023529988471172273,-0.004112497167364871,-0.015318203217156916,-0.005535011240227645
2022-10-11,-0.004716403712704758,-0.006352750289333971,-0.013833293155397735,-0.010308206523254322,0.0037905907421594527,-0.002060212330939929,-0.0025667468761050396
2022-10-12,0.005549896374470987,-0.003304129295619398,-0.0003425502651228277,-0.004615306406263899,0.0016084968881943885,0.005335071671709423,-0.0010190096651593531
2022-10-13,0.011700026522297709,0.0260489474455122,0.02318166554234807,0.03306023744467972,0.01499586398552072,-0.006947611087114204,0.0008054917847734313
2022-10-14,-0.010228526229371489,-0.023052384352365552,-0.03051863393964904,-0.03277095933085415,-0.00978557520151272,-0.012537160793022467,0.004456053379512562
2022-10-15,-0.006170546675591737,,,,,,
2022-10-16,0.010458171486817167,,,,,,
2022-10-17,0.014563494131467007,0.025372289412577454,0.03248800772392961,0.028706332398916033,0.017907076253044066,0.0028720806307473926,-0.0012278291632679555
2022-10-18,-0.011127327349328565,0.011681143658004859,0.007877071778937497,0.009365606512866791,0.008056007775152297,0.002148660090392182,0.010928647456162878
2022-10-19,-0.010130621895940859,-0.007111829820825487,-0.003653498676795086,0.0007648263289754588,0.009227567297550044,-0.013488925988338462,0.0017739018816072146
2022-10-20,-0.004492679159130498,-0.008420584440121646,-0.0051149020345223175,-0.003272336989691302,-0.012963939263216135,-0.0015834633753089122,-0.009923054996403982
2022-10-21,0.00621191065339352,0.024010975238876457,0.023177000067560627,0.026699451590490964,0.012442963788506883,0.01767059741452654,0.0012705652009295035
2022-10-22,0.0018613913940529582,,,,,,
2022-10-23,0.01850815095417208,,,,,,
2022-10-24,-0.011381303255268389,0.01216209609556431,0.010941399727647816,0.014694407253879905,0.006125106891382215,-0.0032488658845126403,0.00826791765473566
2022-10-25,0.038050125599863024,0.01584232789413565,0.02047453856408855,0.019152488585866146,0.011451518970591842,0.002275353560635257,0.002675640869900312
2022-10-26,0.033017194358947406,-0.007562544578077018,-0.02234392425585124,-0.0198218788238438,0.007005884631184339,0.006343446354353355,0.0077811010421081125
2022-10-27,-0.023607984321621485,-0.005354301399362788,-0.0183737983043694,-0.030938978676673747,0.000758595904311716,-0.0015497241473593686,0.012785248640600487
2022-10-28,0.015142492579417856,0.02351221434121878,0.030141747787555035,0.07283436088132107,0.025010747634578084,-0.01026317410117862,-0.012376571094321193
2022-10-29,0.010775490653264773,,,,,,
2022-10-30,-0.008822978719624204,,,,,,
2022-10-31,-0.006799218852899474,-0.007249499809007005,-0.011695924970587728,-0.015530541425640193,-0.004075848270649452,-0.008194886192774814,-0.0012850891507328465
2022-11-01,-0.0005124320157945651,-0.004385607054646046,-0.010270247966187635,-0.01769845302021425,0.0015583900214917938,0.010151726172797497,-0.006924464393830943
2022-11-02,-0.01603042401585493,-0.025416304252811717,-0.03487863232092964,-0.038018462481769606,-0.014487769766704158,-0.006996970202892216,-0.0008498484807727607
2022-11-03,0.002501116490787244,-0.010350389606735783,-0.0197280365825829,-0.043330294999577613,-0.006868766921170531,-0.003813297433937162,-0.0064492786516353135
2022-11-04,0.04533199824767065,0.01429068037739881,0.015957048743225375,-0.001949313551662023,0.01808894668734839,0.0302345832528433,-0.006622268577274553
2022-11-05,0.006385182519711849,,,,,,
2022-11-06,-0.01687848726805324,,,,,,
2022-11-07,-0.015587859865227252,0.009519874005966867,0.010934561400727426,0.003894722968572156,0.015206514571079943,-0.003970260739379374,0.01821134690851107
2022-11-08,-0.10542864681146098,0.005381011167871166,0.007260708003022349,0.004166315524256448,0.0022683964889171314,0.022836328940686813,0.00900614640617105
2022-11-09,-0.15488954817014716,-0.020817201614169313,-0.023346835676638197,-0.03375328180845722,-0.002415045840577785,-0.005029894759161607,0.006190521830417323
2022-11-10,0.1020374090112842,0.053497302244785286,0.07119323449646325,0.08523657011194112,0.033857652615839416,0.029990153003992607,-0.006100333328057607
2022-11-11,-0.03191845360130116,0.009631866926606577,0.018258412836274402,0.019085487017167033,-0.0014884417683517185,0.00658459794711783,0.01708814571666528
2022-11-12,-0.013898139747380939,,,,,,
2022-11-13,-0.026896704984698754,,,,,,
2022-11-14,0.016064732404599078,-0.008542983366718849,-0.008789594062410458,-0.009531014173600366,7.096228594427401e-05,0.0021852662272774694,0.01328688092947431
2022-11-15,0.01590431717951544,0.008492906493893499,0.013743423668755209,0.01179971265535387,-0.0034817799069009154,0.0035106980811025834,-0.000898233989768149
2022-11-16,-0.012825680370738035,-0.007658056935341527,-0.013743423668755217,-0.008366233335841812,0.008857875878427648,-0.0022987420952167376,0.0037322089642766866
2022-11-17,0.0010839194206494296,-0.003064582571750436,-0.002209413710381019,0.012887938589203597,-0.006156958215097278,-0.007293959961673216,0.003579922982457949
2022-11-18,0.0006146278457023498,0.0045300920326276604,3.481453487479911e-05,0.0037747042719524187,0.011996074427470398,-0.006917507382313755,-0.003206868811748218
2022-11-19,0.0008242927596795972,,,,,,
2022-11-20,-0.02543603029442077,,,,,,
2022-11-21,-0.03145906258707414,-0.003642643220090022,-0.010340466365187321,-0.021918513242873763,0.012615413474514283,-0.0056056352070885974,-0.0029797984214465644
2022-11-22,0.02517471508039186,0.013367158206414063,0.014300199896518437,0.014554658166962305,0.008551549212875572,0.0011730356909015207,-0.008282004908750605
2022-11-23,0.025667956985737504,0.0062818199293401605,0.00998648135550821,0.005908666624653717,0.005683748090492752,0.006212503317279542,0.006362364906543442
2022-11-24,-0.00037586363225689277,,,,,,0.010145862095391638
2022-11-25,-0.004988374895103048,-0.00022365266056295483,-0.006600046271873553,-0.019787946799531674,0.0018420854858080906,0.000858102340972588,-0.0007809388137341562
2022-11-26,-0.0034899891216231276,,,,,,
2022-11-27,-0.0011944668045808346,,,,,,
2022-11-28,-0.013918848240971523,-0.01608554782605144,-0.014781996781010802,-0.026615386819809926,-0.0008185389264697639,-0.007934893665371402,-0.00390593444818525
2022-11-29,0.01394046411034608,-0.0017191867571618449,-0.007597996870695271,-0.02137519001649274,-0.007669195457287955,0.004928261563008794,-0.002123004481568896
2022-11-30,0.043059766583943886,0.031014632723045533,0.044576976087160325,0.04745012224708648,0.02498117950615937,0.012700921015012894,-0.0020359552381959117
2022-12-01,-0.011802068595367332,-0.0007360786520812781,0.0012262682959324944,0.001889948336073949,0.0006029850685053726,0.01821784239630758,0.009721073718734909
2022-12-02,0.007136986045805121,-0.0011543327321195964,-0.003991308720559406,-0.0033771026561767773,0.009071055900369263,-0.0034616677176241193,0.009837653378816175
2022-12-03,-0.010614234867796273,,,,,,
2022-12-04,0.01305884246336571,,,,,,
2022-12-05,-0.009128269217154126,-0.018153188271066,-0.01692563708641477,-0.008015376006978726,-0.010143517342240931,-0.01730780530272015,0.0014961831121075887
2022-12-06,0.006733035250819497,-0.014519553909280386,-0.020938324909500088,-0.02569731909532582,0.0012736367404165261,0.0027336344458788004,-0.004492329102575546
2022-12-07,-0.014224977832437721,-0.0017025704679626333,-0.004090793711437998,-0.013880653261306787,0.006410219384160049,0.008998493556537802,-0.002662687988950827
2022-12-08,0.022614200081039638,0.007803300958654632,0.01176530828762709,0.012059885963651549,0.007162705054380775,0.0008413425277820795,0.004217558881531055
2022-12-09,-0.005838370505888547,-0.007498235962439802,-0.006397099049503536,-0.003441033555528168,-0.0026468344632315185,0.0035378943750204003,0.004404086803714652
2022-12-10,-0.00025846420531521353,,,,,,
2022-12-11,-0.00143319679738864,,,,,,
2022-12-12,0.0059599279123048595,0.014314405532698719,0.012473292967890853,0.016256955655962073,0.010217881982082453,-0.008294841833501867,-0.0035522143897896534
2022-12-13,0.03286478873072886,0.007541323739141926,0.010692578037756665,0.006759640588204182,-0.001509455262640468,0.016936889733695327,0.001853566131702255
2022-12-14,0.0019289306421712124,-0.0064141759735216,-0.007441166573913953,-0.015657737872481058,0.003933294941912174,-0.0024359858905979824,0.00802275589918932
2022-12-15,-0.02562838102102438,-0.024765793758788183,-0.03415326292616412,-0.04798739531777232,-0.011383629356309351,-0.016494600382901816,0.004665415530993445
2022-12-16,-0.04218980898149945,-0.011876476774611937,-0.009580248942566892,-0.014686284176715624,-0.0044435690596395,0.008671019495160068,-0.003357472785711803
2022-12-17,0.008827572352892032,,,,,,
2022-12-18,-0.002212331171359141,,,,,,
2022-12-19,-0.01917645189485355,-0.008515810939582834,-0.014153342765934357,-0.01603734447246152,-0.0002659150003663903,-0.0028218082489996433,-0.005232043416178128
2022-12-20,0.027988705082472278,0.001367435865227489,-0.0007785830424913258,-0.0005288480885793069,0.0003990124882561714,0.016458298941440037,0.002787749794717641
2022-12-21,-0.005264509420176635,0.014841857426989827,0.014401956486475825,0.023530246459346916,0.009129658112573241,-0.0016573862871153066,0.0011683215286929897
2022-12-22,0.0007612154110786702,-0.014368984942869109,-0.024769379073298188,-0.0240594917305351,0.0023025367179489373,-0.012158980168932585,-0.0015928200295245159
2022-12-23,-0.0019858084288219657,0.005735830651716381,0.002246538493744346,-0.0028022364057251367,0.0028214389416669947,0.002993835039254722,-0.0006363550446384674
2022-12-24,0.0030199561547248985,,,,,,
2022-12-25,-0.0003425096739709631,,,,,,
2022-12-26,0.004609855984671537,,,,,,0.00606216291441548
2022-12-27,-0.012048246868378581,-0.0039512347404095476,-0.01423924057860357,-0.013975637243451985,0.008676825826952313,0.008394677302769623,-0.0025889456317026356
2022-12-28,-0.009895050300250239,-0.012505735065704878,-0.013290577871408062,-0.031165673521713608,-0.013010389258490818,-0.004515989032750605,-0.0002871907082003092
2022-12-29,0.00540864482551941,0.017840078195000664,0.024082755707289592,0.027930691543319126,0.004136900603194049,0.005582639597805041,-0.0007444128462590291
2022-12-30,-0.002391695878759684,-0.0026374349102929718,-0.0006005109778966009,0.0024657196028705385,-0.0067730127737555615,0.004667758029330661,0.0029593483845724387
2022-12-31,-0.003323665649558149,,,,,,
2023-01-01,0.00467760631157723,,,,,,
2023-01-02,0.003805700684704715,,,,,,0.004583966492703552
2023-01-03,-0.0005162548994983624,-0.004218652291705084,-0.00678300803253432,-0.038122208044017586,6.611428186605129e-05,0.008335816871946341,-0.002994245842760573
2023-01-04,0.010934153962035356,0.007690526426583838,0.004752943920425205,0.010261329492623138,0.004344910232214263,0.009367889939565922,-0.012331112219669753
2023-01-05,-0.0015728177184386805,-0.011479287869978492,-0.015777980501610736,-0.010661109361520526,-0.012493278023534287,-0.01252963086748756,0.0056266257915620664
2023-01-06,0.006820792235553174,0.022673190063710966,0.02722694709894116,0.03613312981767763,0.023533791303163423,0.01853466381119925,-0.007965313943903736
2023-01-07,0.00018340582830352,,,,,,
2023-01-08,0.00799308234902105,,,,,,
2023-01-09,0.006148589187306557,-0.0005669844693943789,0.006452699880221467,0.004080609871295098,-0.012289343624191422,0.0022426010679794787,0.01266446764454612
2023-01-10,0.014418133870887372,0.006988345136224831,0.008428937710764334,0.004446612832149788,-0.0009870157304432438,0.003669304474491391,0.007186750031592487
2023-01-11,0.02762115049773119,0.012568622627436262,0.01715215662719287,0.02089236120709858,-0.008131019633731121,-0.0006870298860052756,0.0005367494741383354
2023-01-12,0.05080318049018759,0.0036340323651007397,0.0053895802354452385,-0.0005994310642792864,-0.00565802954665511,0.011501603213231942,0.0025161245552818563
2023-01-13,0.053649212803668606,0.003872142495292424,0.0068573162428623895,0.010068432186732272,0.0071173333587129925,0.011930333702592914,0.00871525666027755
2023-01-14,0.052192440560842025,,,,,,
2023-01-15,-0.0045631527773636734,,,,,,
2023-01-16,0.013737719952276949,,,,,,-0.0032852201698865342
2023-01-17,-0.00038332437933474676,-0.001833672848223936,0.002026425395429064,0.008718205544107661,-0.002920518275380614,-0.006566591290624395,0.000508881770290038
2023-01-18,-0.02259283115330066,-0.015914030152744514,-0.013084891067197877,-0.00538461659668256,-0.027153579067371005,-0.0028758838411488395,-0.00340569357753422
2023-01-19,0.019055334102897954,-0.007306514521459765,-0.009873338794718675,0.0004435941849225948,-0.02137475290797219,0.015743931377470842,0.00042104731419264534
2023-01-20,0.0726845526110478,0.018457930306629733,0.026999243076805454,0.01903821670886798,0.0038542886932358997,-0.0033409804213138158,0.0033312026121230954
2023-01-21,0.004447222994453112,,,,,,
2023-01-22,-0.002514790230431855,,,,,,
2023-01-23,0.00937544219856928,0.011927129146891091,0.021972761032316067,0.023228855325659936,-0.013520443512628056,0.0018946378029897782,0.002875225962125885
2023-01-24,-0.013077079200906103,-0.001073999573033734,-0.002044021514381807,0.010012771846925663,0.005444176742447527,0.0036119840879409123,0.0008477594599432104
2023-01-25,0.021043184701323544,0.0003747468991240459,-0.0022218204474788693,-0.004711812344126731,-0.0007053407108404548,0.004593393795208086,0.0012731397801450267
2023-01-26,-0.003687148593844675,0.01093050699462647,0.019309874724645282,0.014694957826970624,-0.004030263664652869,-0.009096515003608066,0.0031079443693967086
2023-01-27,0.001993046474165044,0.002295075067038701,0.009905248485555414,0.01359143212862242,-0.00411729288428351,-0.0013939615756237058,-0.0025307945071393893
2023-01-28,-0.002066314313093378,,,,,,
2023-01-29,0.03177133538504421,,,,,,
2023-01-30,-0.040096914665951826,-0.012626215400971875,-0.020426105673678883,-0.020282545740635947,0.003124868449893735,-0.002570014931290955,-0.002111230865447573
2023-01-31,0.013012288539514132,0.014596242628375953,0.014874868267930478,0.008980475854514199,0.009669002310524907,0.0036296165072691286,-0.0019115507750811752
2023-02-01,0.024945734590003956,0.010571753392178668,0.021158175446245632,0.007869687958289327,0.005672603794440898,0.012518134528387544,0.0009444879359142555
2023-02-02,-0.010674749877368259,0.014452066906012149,0.03526070517073958,0.036392528442152065,-0.007148853679262301,-0.0209702840085377,0.013889426300072026
2023-02-03,-0.000961136247671562,-0.010686125102923513,-0.017931977370692454,0.02410676012676371,0.0030902215404491015,-0.025274496401227434,-0.009830096693875624
2023-02-04,-0.0050223137428644544,,,,,,
2023-02-05,-0.016254488231275857,,,,,,
2023-02-06,-0.008555376421285297,-0.006130091634571851,-0.008495051662063258,-0.018091461288340605,-0.00852072520692154,0.002073259184240806,-0.01053322466006526
2023-02-07,0.02191019571493288,0.012993851596182299,0.020507076792100457,0.019061829887680085,-0.009807695980340887,0.0009200023760844002,-0.005584813467052059
2023-02-08,-0.014063722484005989,-0.010994914029783419,-0.017941092398046494,-0.01781018787700292,-0.010409554004817658,0.002468544755507998,-9.654286024440955e-05
2023-02-09,-0.05007294792111713,-0.008706969580099635,-0.00887713412340765,-0.006935486542473251,-0.011029847691812854,-0.007943887464013586,-0.0012975112698280708
2023-02-10,-0.0077228177249046275,0.0023308155815952966,-0.006584949598607101,0.0024528623438047547,0.008790051354485807,0.0019053779351280687,0.0024677288529569175
2023-02-11,0.010095720621826006,,,,,,
2023-02-12,-0.0037871607629455096,,,,,,
2023-02-13,0.0009128497942385424,0.011670751092322589,0.01588919351033315,0.01863229645759012,0.013006542469796717,-0.005089097798950408,-0.006029713504830647
2023-02-14,0.018747466050136215,-0.00046038536741452784,0.007361890786670425,-0.004234002296234288,-0.005656319658398298,0.000753454984742333,0.004923821832561969
2023-02-15,0.08977000786319626,0.003242170771624588,0.007631791022139452,0.013807666783091263,-0.00230002572375162,-0.010014646847400324,0.000493805176462593
2023-02-16,-0.028558101481565734,-0.013864540236871099,-0.018942604959509775,-0.010484288400672876,-0.013183794567733654,-0.0008195726363130796,-0.004103335609945398
2023-02-17,0.03910624942610064,-0.0025013949250264705,-0.0070807462023230565,-0.007575079003755036,0.02071158891630144,0.002982339072148569,-0.0024348106615187685
2023-02-18,0.0030758236488141917,,,,,,
2023-02-19,-0.01280971909443967,,,,,,
2023-02-20,0.02040504474431612,,,,,,0.0017506575018656283
2023-02-21,-0.015946381537723795,-0.020264861019106482,-0.023959673227946537,-0.027042397992826383,-0.0007144623909434998,-0.0037440046605545256,-0.00017083247061335562
2023-02-22,-0.010180396881003117,-0.0013789960116971829,0.0007479042743540544,0.002891777284057569,0.004208027445120677,-0.0056423768979153,-0.0028695678084155025
2023-02-23,-0.010027916762018151,0.005305201417099301,0.008696241039945644,0.003285184272968162,-0.003207804457623025,-0.0005305918526508475,-0.004347163411922486
2023-02-24,-0.03179206740644356,-0.01073972534400203,-0.016886217635502992,-0.018169279439095274,-0.0056567721363345366,-0.0072206822499255125,-0.0007315422531570732
2023-02-25,-0.000981248083164121,,,,,,
2023-02-26,0.016511545833869257,,,,,,
2023-02-27,-0.001628652491694882,0.003400076924572109,0.007135748153243518,0.008213716458239373,-0.0008621549984219585,0.003912670406128105,-0.0040930476331470945
2023-02-28,-0.016092730875103014,-0.003702818002739799,-0.0012934152004916261,-0.0034534791710390447,-0.011420535335917702,0.004545621851780495,0.005333744882631658
2023-03-01,0.021336804939163678,-0.0038433465169775073,-0.008071921188241769,-0.014348275913252231,0.0007268443376132631,0.005755555600934512,-0.003199469102332789
2023-03-02,-0.007261350209481709,0.007747282851962942,0.0082421918559707,0.004120451644080816,0.016355209857714114,-0.000585735153896139,0.008625932198623705
2023-03-03,-0.04856242572977136,0.015910586939920913,0.02046277237974219,0.03448816127204383,0.007262995575374001,0.010666001055863707,-0.006508235473883866
2023-03-04,-0.0004173035221196778,,,,,,
2023-03-05,0.00366895467532336,,,,,,
2023-03-06,-0.0002565841781915384,0.0006923755512320023,0.0011338981215035546,0.018369921241536045,-0.004265632143713797,-0.0050565936951402655,0.00249404754925224
2023-03-07,-0.009406138966041635,-0.015447296396221853,-0.012341756772837529,-0.014603060870092437,-0.020079417626987662,-0.017635068390636166,0.005829571489454962
2023-03-08,-0.022837315061132093,0.0016307744639761609,0.004981964998267606,0.00834265408107025,0.0001453749475801944,-0.0004745630282821619,-0.01295549318169404
2023-03-09,-0.06442451332853331,-0.018622430497540695,-0.017477946112712438,-0.015026900393982032,-0.0073680390215913934,0.00980112770009771,-0.00011604393253258556
2023-03-10,-0.00866965688311379,-0.014534318282485704,-0.014143073222112255,-0.013975848756425508,0.004529347998280462,0.021333667247723984,0.0033286223856131797
2023-03-11,0.021812221244110887,,,,,,
2023-03-12,0.07160391184533008,,,,,,
2023-03-13,0.08778363436848541,-0.0014262915335985869,0.007389043139674499,0.013178653154518332,0.006900993264668378,0.022688861946558777,0.00930472022571737
2023-03-14,0.02241616479750579,0.016394822568456775,0.022719979946474105,0.013990834202337816,0.0123025210358631,-0.005807897981361377,0.0038642763226350934
2023-03-15,-0.015069419825617957,-0.006273887876917274,0.005232015075908137,0.002617744139542968,0.01405878679250413,0.007773838437142398,0.00024672420948644856
2023-03-16,0.027387721969650478,0.017392952441037286,0.026019401890909528,0.01852171715783727,0.007445893311269285,0.0020180543660701534,-0.013542768888188937
2023-03-17,0.09043081735478727,-0.011761590780710906,-0.004737424765757275,-0.005468932011246428,0.00028000181586021835,0.028704276731304653,0.002904104462518152
2023-03-18,-0.016843655914946763,,,,,,
2023-03-19,0.03901251239696352,,,,,,
2023-03-20,-0.009728058677075274,0.009569763894455182,0.003542558469809692,0.015365257423034365,0.015274880839745606,0.0003807952240648717,0.006079118908904215
2023-03-21,0.014607259457310753,0.013045130707259081,0.014181572541781965,0.01187327843489824,-0.007261199154876444,-0.01905552456933767,0.003766032493777598
2023-03-22,-0.031304934786025286,-0.017193548911671797,-0.013691401178007743,-0.009145256238902586,-0.0006248817315391343,0.016877382247649345,0.0051261462943097014
2023-03-23,0.03690243092144147,0.0026996909109022974,0.011788267265549872,0.006945473070776844,-0.0013898974128838562,0.012460224063675791,0.008884978951823826
2023-03-24,-0.03011973318555565,0.006540712286797156,0.003673885897634379,0.008271175664923209,0.020172073218091578,-0.011316136891165252,-0.003255851136334388
2023-03-25,5.171583626720892e-05,,,,,,
2023-03-26,0.01800847790347154,,,,,,
2023-03-27,-0.030997440056033318,0.001868016972427273,-0.006874937295055358,-0.0123693700982498,-0.0052617651565747235,-0.009299831745516636,-0.0052627456329634136
2023-03-28,0.004714100093914092,-0.0022471218694406774,-0.005325734874506534,-0.0039884639358310275,0.0028051914004689122,0.008155744573006158,0.0026765316917468037
2023-03-29,0.03885339931269162,0.014430197527832148,0.018069610719826032,0.019597592595504202,0.0030697188965425302,-0.0049731154716589265,0.0029980508706156195
2023-03-30,-0.011169598741333131,0.005838070750485066,0.009420643722677247,0.009841351279542866,0.004350072599164704,0.008998964139577773,0.0003794570093860563
2023-03-31,0.015746414888453637,0.013996307975266685,0.01649421577786445,0.015523014073333289,0.008374368188384756,-0.0052258772770236855,0.00561102204353346
2023-04-01,-0.0023712364214005313,,,,,,
2023-04-02,-0.007480171844976413,,,,,,
2023-04-03,-0.014613274150394037,0.0038032105190857896,-0.0024334358998129024,0.0076721640453787905,0.005499467616320956,0.00717858251921089,-0.009334291021729486
2023-04-04,0.01350558587463783,-0.005563422934004616,-0.0033789615393192587,-0.0032547922702614476,0.004804541948064959,0.018469345695108493,0.010032490718915267
2023-04-05,0.0003512057047058866,-0.0026215941895364023,-0.009921573536740069,-0.011354815112187009,0.006832768740084645,-0.0007982432900847153,0.004374464508325442
2023-04-06,-0.004761257346579407,0.0038931220591936367,0.006719353154495809,0.005481215360204655,0.006326606894126107,-0.007159660374899705,-0.005192595096162501
2023-04-07,-0.00422660089629551,,,,,,0.001538549661100185
2023-04-08,0.0007851839396583646,,,,,,
2023-04-09,0.01369069252890777,,,,,,
2023-04-10,0.045533646757390224,0.001025830242215791,-0.0005658705768730994,-0.01610162124223911,-0.008312169333697422,-0.007427401530065852,-0.0006003677951654333
2023-04-11,0.019439489564332186,0.0002685420917158721,-0.006438432896132732,-0.007620145493295979,-0.0019890720981730983,0.00630066529229045,-0.004062541073859795
2023-04-12,-0.0031803678161343176,-0.004084373653629344,-0.008873083104693416,-0.004362595307143778,0.0027176134481361803,0.0048732452945133,0.004422717649457876
2023-04-13,0.008590133768281546,0.013195246465756661,0.019392706966418774,0.0335350422833194,0.0046229525250377265,0.013425150587981827,0.007517639083118104
2023-04-14,0.002845797962018112,-0.0024456394845275226,-0.0018814371286358588,-0.0021162530100854752,-0.005086458371498567,-0.017869017219899228,0.004962212603613521
2023-04-15,-0.0054997371675221595,,,,,,
2023-04-16,-0.00010359312238552485,,,,,,
2023-04-17,-0.02912872327682135,0.003581911473720227,0.000847065303811852,0.00012106821946371861,0.0003311132220418546,-0.00446370276447651,-0.0061715209978287396
2023-04-18,0.03183646099781629,0.0006519893852460119,6.273147453466912e-05,0.007476723254018458,0.0010587603017974843,0.0038732698004284223,-0.005587493587279635
2023-04-19,-0.05319953662867234,-0.0001688346481497955,-0.00047067946044287816,0.006943854969439378,0.00019831737594640226,-0.004789973842758077,0.004566272411435851
2023-04-20,-0.020211126619281063,-0.00547217218850302,-0.007653658333742626,-0.005863100121987511,0.003659225680770463,0.003930524556986942,-0.002115996750198505
2023-04-21,-0.034910877271712444,0.0007766614072566254,0.0010427398618122366,-0.009829285201459448,0.03401874036251667,-0.009936876904451757,0.0017100195037912675
2023-04-22,0.019624756556398195,,,,,,
2023-04-23,-0.008161741227378502,,,,,,
2023-04-24,-0.0023965485595713668,0.0010426297604143769,-0.002086764771539319,0.0018769284321531238,0.0017925359113787136,0.0030347260178608367,0.0019436539865794662
2023-04-25,0.02802320777395386,-0.016001113622544697,-0.01904369004640525,-0.009480523672016426,0.0002555733973925719,0.005073426510561733,0.006097313856667734
2023-04-26,0.004057925868580612,-0.004244732630863599,0.006046180337592064,-6.130847037094818e-05,-0.011641289001441922,-0.005452222698837164,-0.007360557750447326
2023-04-27,0.03631313286229464,0.019712632998297792,0.026828043633488535,0.027999720029521512,0.012152872390567998,5.4098929279836664e-05,0.006255217206481515
2023-04-28,-0.004540602889751968,0.008499005864512936,0.006874811041216135,0.007512677200301119,-0.0005752860403591718,0.0002706158931134578,-0.0013799111710282468
2023-04-29,-0.0031328032278842735,,,,,,
2023-04-30,0.0006944394889976754,,,,,,
2023-05-01,-0.041052856211014906,-0.001010387393844908,-0.0011476499151200654,-0.000530399303907932,0.0012141867693035908,-0.004501468248394752,-0.0019178010282847264
2023-05-02,0.020749270291120427,-0.01130288484993034,-0.00875979099603209,-0.00621058446564944,-0.0008946597088122124,0.01911282169964576,-0.003791571102515303
2023-05-03,0.011294600825028724,-0.006887681351490425,-0.006565482355298387,-0.006488465314755136,-0.0012792491471656277,0.00844333039400089,0.0037915711025152355
2023-05-04,-0.005482697825375376,-0.007108196442641487,-0.0035361857624163265,-0.009962825224449554,-0.0046193187817867515,0.007008337579460111,0.005254977698491383
2023-05-05,0.02352452363535224,0.018343357428504653,0.021031654044137437,0.04585910426257203,0.003338219644029287,-0.015771672012865213,-0.004164264686123018
2023-05-06,-0.02155362050914689,,,,,,
2023-05-07,-0.015678412319992844,,,,,,
2023-05-08,-0.027097480312589104,0.0002664232115789891,0.0024743186310606908,-0.00040356912793950626,-0.004689399738701154,0.0012261535425393925,-0.0003857253962110418
2023-05-09,-0.0012826051136456092,-0.00439486004513166,-0.006353011397552533,-0.010021015960141468,-0.010291235215570736,0.007061173494320752,-0.002047395993579254
2023-05-10,-0.0013393336115541375,0.004661519553290223,0.01082293878905866,0.010366916819690552,0.002079629822832486,-0.0014294640409972018,-0.002865913186300644
2023-05-11,-0.0227376278728039,-0.001745524366768932,0.0032546688248627103,0.0010941478995871127,0.0023345190863513863,-0.008619799546280105,0.0017668981432014084
2023-05-12,-0.007278017155925187,-0.001311145686868487,-0.0035932656347782924,-0.005432360085587513,0.010117866673437205,-0.001711544099310757,-0.006568885442957101
2023-05-13,-0.0007804618022563855,,,,,,
2023-05-14,0.0054570113859458225,,,,,,
2023-05-15,0.009683688179724162,0.00344420212434672,0.005400417650261353,-0.002901403544378107,0.0003204931498100073,0.0021389727993926496,-0.0054628127053399055
2023-05-16,-0.005754943306692564,-0.006705179605145358,0.0011315993769349842,0.0,-0.0017321599047741719,-0.01257816833072297,0.0019335633003226245
2023-05-17,0.013305949198470446,0.012065887205696017,0.012031528645936712,0.003596478814145178,-0.0042469966130103745,-0.003467895133703326,-0.0007390751916854932
2023-05-18,-0.020896322938492334,0.009587083176711024,0.018402775207998805,0.01357386478575232,-0.016579671410049554,-0.013057794413406836,-0.0025176532621469594
2023-05-19,0.0021562704301694635,-0.0014561812900801081,-0.0022557793835730282,0.0006279918345661248,0.0041872349404688215,0.009850156652287684,-0.005824982238710198
2023-05-20,0.008865600285434393,,,,,,
2023-05-21,-0.01394736681453699,,,,,,
2023-05-22,0.0036358955711424203,0.00040612108798474705,0.0033524199311239975,-0.005495889358088996,-0.02652891375910325,-0.002344243508491738,0.004384526476817772
2023-05-23,0.013848962643426162,-0.011286307730675167,-0.012757372875197919,-0.015270912945390442,-0.010852500985115728,0.0012000108481294142,-0.0010816775529980448
2023-05-24,-0.03327040018789597,-0.007271286332087926,-0.005142727403237821,0.001630717242391827,-0.008302976061988982,-0.008101176111367243,-0.003830587378759216
2023-05-25,0.005354526205137628,0.008622705734562084,0.024041743762507128,0.006670118906588795,-0.006444471510100785,-0.00966457904681634,-0.0011517220146606885
2023-05-26,0.009139332662057487,0.01286751093327949,0.025229044105855615,0.014006219810820841,6.863120954197228e-05,0.003987606250000357,-0.003061122858548678
2023-05-27,0.00556333034484893,,,,,,
2023-05-28,0.04430949975360071,,,,,,
2023-05-29,-0.012171112107334788,,,,,,-0.00012872774100586773
2023-05-30,-0.0015702994220325468,0.00038084248781236656,0.004525202085875692,0.010603111551840546,-0.015385805224462017,0.006171471778321201,-0.0014359146269737272
2023-05-31,-0.017577792723265092,-0.0055607109688798,-0.00570228188677524,-0.00028191699904438346,-0.004760569912000179,0.001537018842589403,0.0023693153366323217
2023-06-01,-0.014792581991188054,0.009456288633216247,0.011485529642425194,0.015895384581024595,0.010193582716393226,0.007867103377943253,-0.003535739673558048
2023-06-02,0.01589161106579633,0.014357628029762808,0.007471997761342911,0.0047642169733995154,0.017626606929070324,-0.014857275420164701,0.006114947257608808
2023-06-03,-0.006422915434419119,,,,,,
2023-06-04,0.0016214839752998166,,,,,,
2023-06-05,-0.051410345698891795,-0.0019181636143352572,0.0007047399875646127,-0.007600042658721597,-0.00396645628341603,0.0060023657211361265,-0.005793991984985513
2023-06-06,0.05581511856233619,0.0021751425614822298,-0.00016917983660014472,-0.00206248175356522,-0.009985408353966668,0.0010974372841257363,0.001231044453519269
2023-06-07,-0.03332542412080894,-0.0034637966930590137,-0.017111017282029836,-0.007786532917744066,0.002143274736352621,-0.012083252758880945,-0.0012845298458357445
2023-06-08,0.006138366063704449,0.006030182286984887,0.01233664336544726,0.015346682737571364,0.011262256061033468,0.013124733073092816,0.0008775787233301165
2023-06-09,-0.001050860137740086,0.0017929943074986069,0.0038158188670026944,0.0021576968478174766,0.0008190512557406018,-0.002688130119841765,0.007005755705541979
2023-06-10,-0.024045314677471934,,,,,,
2023-06-11,0.0034340762243438776,,,,,,
2023-06-12,-0.0014531650030546537,0.009030748637311656,0.016755836967584557,0.015517556553589402,-0.007877338283590747,-0.0008792504640156504,-0.002950108908663662
2023-06-13,0.0006263269559741463,0.006571340579211759,0.007654580550361102,-0.0026150615623834433,-0.0024101904426258552,-0.00739483312084137,0.001118733030584114
2023-06-14,-0.031115354032620144,0.0011902163282739955,0.007241258107729441,0.0034852593152566516,0.009331847360129675,0.0005537743402144653,0.0024462092295930112
2023-06-15,0.017819375410116443,0.012321345983323908,0.011845267760746597,0.011136647871324356,0.01376911069189014,0.007005982383036308,0.004964585042939019
2023-06-16,0.0289427732653721,-0.0034119130114424454,-0.006312695514295885,-0.005877333595306132,0.007315580714460312,-0.0015404017609150433,0.0094453390353827
2023-06-17,0.0069349007932065195,,,,,,
2023-06-18,-0.006602603438313832,,,,,,
2023-06-19,0.019359247201741925,,,,,,-0.00035019805065028125
2023-06-20,0.05352849528514009,-0.005201767263177299,-0.00143245471982374,0.0004867713765971374,-0.00927094756216189,-0.010404681043488588,-0.0016290790607261115
2023-06-21,0.05827421320682117,-0.005136850883914143,-0.013721460684037188,-0.0056916656027415575,0.008602001437358198,-0.0014474699268161662,-0.00036038907566404775
2023-06-22,-0.0038377235796951737,0.0036032330490536457,0.011729664146285177,0.01639027240173034,0.0034069233172672898,-0.009966480697039254,0.006595838504738627
2023-06-23,0.02584590576815378,-0.007588764361560114,-0.009962805406243603,-0.0017127304865614855,-0.009986230259010907,0.0027534519339434175,-0.0030732684689764585
2023-06-24,-0.004793067902493928,,,,,,
2023-06-25,-0.0022426607224285255,,,,,,
2023-06-26,-0.006884835938176551,-0.004094114681789841,-0.013496381175738495,-0.007581766170714531,0.001009704093046431,0.0017380933759117798,-0.004777632503592157
2023-06-27,0.013682563415242946,0.01090366953766956,0.017048126267482103,0.014946879961438885,0.009443341976569016,-0.00460411859047838,0.00034915070130469645
2023-06-28,-0.01980891791303767,0.0005041189068391573,0.001949801962649731,0.006307698584660657,-0.00019989585250782018,-0.002310076023493695,0.004275092385421326
2023-06-29,0.011865197537731036,0.003933612894054276,-0.0020047042042777583,0.0017950207648900934,-0.004075337519337096,-0.0010723394318449203,-0.0037840835446616475
2023-06-30,0.0010472432791648364,0.011731651154394658,0.0153026802320516,0.022839813150148887,0.015675272463378204,0.006641221688667137,-0.004389391468143035
2023-07-01,0.0036951443630783326,,,,,,
2023-07-02,0.001002809469143997,,,,,,
2023-07-03,0.017342426317960315,0.0011500320653540575,0.002352129896022773,-0.007815070436143602,0.004995907861178767,0.001121247777740352,0.0036256293054998654
2023-07-04,-0.012234379050443955,,,,,,0.0005127715237786305
2023-07-05,-0.008595533521292817,-0.001488440566992566,-2.7139362891766166e-05,-0.005888909379028494,-0.0017061907934470095,-0.003536277643963551,-0.002583028033271871
2023-07-06,-0.020020299639946313,-0.007861450891039729,-0.007644857719243459,0.0025058251810658717,-0.0016435600135295417,-0.002984649764026069,-0.002609042610231512
2023-07-07,0.01437090998029806,-0.0025279087400917628,-0.00332552066095378,-0.005908762580189349,-0.021211797561354672,0.007473004815488796,0.0031316333957207934
2023-07-08,-0.0016401345457067653,,,,,,
2023-07-09,-0.004012544787339061,,,,,,
2023-07-10,0.008029538805166095,0.0025279087400918708,0.00032735250610733903,-0.01091524122246807,0.00040316973071716087,0.0007833887164984092,0.007235687276283276
2023-07-11,0.006765948365584515,0.006348297998181769,0.00492847427686566,-0.0028139976701678305,-0.005253482300150104,0.003740607755698653,0.0032964262291078506
2023-07-12,-0.007516669538967959,0.00801387826964614,0.012550865246347064,0.008945359612224686,0.005186224760645997,0.013450555215707776,0.0007375598559580265
2023-07-13,0.03505911799946575,0.007905468440858356,0.01683626765250528,0.004049248374627782,0.0006715967933595424,0.0007144446386035077,0.011777095963888725
2023-07-14,-0.036955452769762046,-0.000623096103255974,-0.00021099726145906933,0.0007870491220184261,0.007358168174673824,-0.0031917364290746223,0.007056971456513566
2023-07-15,-0.0012621409438578614,,,,,,
2023-07-16,-0.0015417915284865274,,,,,,
2023-07-17,-0.003418965294113633,0.0034661410582535208,0.00929519985661799,0.017157634406288796,-0.00708945643327124,0.0007163001287566721,0.00038176749039734993
2023-07-18,-0.009643886494910275,0.007403214906272959,0.008147494232862462,-0.0013414309651226717,0.0018776371936108204,0.011391151915954547,0.0008760804247072025
2023-07-19,0.0019193869502834365,0.0022213761606953582,-0.0002333695085425532,0.0070469690082072545,0.006809888278041844,0.00016334311378929522,-0.0007750081239522248
2023-07-20,-0.004083626307646249,-0.006656627137223824,-0.023321924320222995,-0.01014863192500154,0.008075718526390096,-0.005076251540707524,-0.0021089211406578354
2023-07-21,0.003910458253167224,0.0,-0.0030037311959416504,-0.006180663080570296,0.015618691614383418,-0.003069238517008006,-0.006099333142796828
2023-07-22,-0.004589155219131938,,,,,,
2023-07-23,0.010449658783391701,,,,,,
2023-07-24,-0.030633538164858885,0.004457372315552337,0.0015961547831981615,0.004211008080400121,0.0031991011555064243,-0.0042906650791519445,-0.0010575594390251743
2023-07-25,0.0017284554802405464,0.0027262183071229216,0.006754763655691743,0.004503539278652497,0.0023436271498040637,0.0055524167407640206,-0.0056025324565005105
2023-07-26,0.004355653333464597,0.00015372053318287227,-0.0033320363785416373,0.004534501037803134,0.00103992259275307,0.0048672507195615744,-0.0011498495492449896
2023-07-27,-0.004927238584293436,-0.006652152346527748,-0.0023868300359527203,-0.006602622237574532,-0.011958956802233463,-0.015836715414990758,0.002522653382695378
2023-07-28,0.0037094442045335473,0.009742770957458624,0.01805085706578062,0.013417568594654223,0.027876853121476974,0.007949707574281263,-0.009032288158556577
2023-07-29,0.0012840607690722545,,,,,,
2023-07-30,-0.0027837737874393067,,,,,,
2023-07-31,-0.0015450628224417467,0.001902279031534081,0.0005213865215014879,0.0031608870246296406,-0.0007036036494408255,0.002690787072192315,0.004136542263487282
2023-08-01,0.01513023382608844,-0.002865644082828461,-0.0023223730698246647,-0.004284895512712079,-0.0003199931057306621,-0.010418766955581948,-0.0024224200404568785
2023-08-02,-0.01780750751690934,-0.014008504345531103,-0.022188345821334967,-0.015611331668090665,0.0021738528513900782,-0.004776993918500052,0.0009352352486126049
2023-08-03,0.0009161807791750279,-0.0028698500670830455,-0.0016038396086570615,-0.007348388464488186,0.002614698957819167,-0.00033420291832367705,-0.00580624720349853
2023-08-04,-0.0035908335462961935,-0.0045331380620262825,-0.004692945378867925,-0.04921143627504488,-0.011015879880066158,0.003613876354074006,0.000678808663551108
2023-08-05,-0.0011000318899209226,,,,,,
2023-08-06,-9.347994530765627e-06,,,,,,
2023-08-07,0.004765273802377892,0.008690676483776558,0.008431161599632527,-0.017404359988450236,0.010506083519196362,-0.002277988932518744,0.004654296286017525
2023-08-08,0.01984638697905339,-0.004358181183267802,-0.008538712525099442,0.005297790671777193,0.0010828763642117074,-0.006361270240024672,4.3987404008198875e-05
2023-08-09,-0.006877101417061734,-0.006707688982516971,-0.011055602206296576,-0.008994793856365249,-0.0012739342000053096,-0.00476956334967285,-0.0040300518423631165
2023-08-10,-0.004471948989328098,0.00035881065320503465,0.0018464950340307687,-0.0012353489619837236,-0.0049841394431125105,-0.0010691758408616784,0.0017110349162028462
2023-08-11,-0.0010837469218066252,-0.000583247916347257,-0.006395765120399681,0.0003374439755068387,0.005812454324042844,0.0,0.0003623075742100826
2023-08-12,0.0006206039371356436,,,,,,
2023-08-13,-0.004533340724443713,,,,,,
2023-08-14,0.004277614074716283,0.005505064193674394,0.011159584716301059,0.00934937158016828,-0.007864426766688136,-0.003045220530389694,-0.0033984892951348677
2023-08-15,-0.008129120118753778,-0.011717314502017458,-0.010668257545224293,-0.011263583916824242,-0.006439423067342863,-0.0026580037072091345,-0.003157967124503774
2023-08-16,-0.016193584838703763,-0.007365263484302686,-0.01064546240617776,-0.0049714680690816975,-0.01026001629571345,-0.005792775189194925,-0.0005235270892915599
2023-08-17,-0.07362412009606191,-0.007649020203609237,-0.010983148015048703,-0.014662078404298865,-0.007205402730037219,-0.0015390561619561794,-0.0026897159765402793
2023-08-18,-0.023334248653811243,0.00048110721180220787,-0.001255610521899407,0.0028121843000382604,0.0028228092194695553,0.0001711135895520659,-2.170477883410121e-05
2023-08-19,0.0017891559507894222,,,,,,
2023-08-20,0.003571869420107809,,,,,,
2023-08-21,-0.002501958864606914,0.0064853030373349715,0.015982978673379264,0.007707036028199767,-0.005060651176703965,0.00273392964256731,8.703551240746353e-05
2023-08-22,-0.0035464695192522202,-0.002712393599794102,-0.0014300415337378213,0.0078740140444164,0.00039529006096758435,0.0016481975934526548,0.0020903019933335067
2023-08-23,0.015248455549160829,0.011076180269554483,0.01564564810336796,0.021711299475145485,0.00930916462265476,0.010113328144583607,-0.004751376251991785
2023-08-24,-0.01023956576112509,-0.013955980889092634,-0.021607346054355107,-0.026518896420990173,-0.004643803506918497,-0.0002248455933195227,0.001758781883683745
2023-08-25,-0.004393992436939317,0.007025029616058566,0.007721367095436184,0.012563777482742521,0.006534203837289389,-0.0012941233726573686,-0.006152814519424532
2023-08-26,-0.0015062619864454853,,,,,,
2023-08-27,0.003118365040993392,,,,,,
2023-08-28,0.0006305878251208892,0.006321289724021339,0.007499000174128852,0.008807346029902187,0.0015620211527213386,0.002867238875764686,-0.00016206242353233513
2023-08-29,0.060249892570851026,0.014351392749128174,0.02160466692833446,0.02157572660842085,0.0005849696845652219,0.00972069237763269,0.0026055993913908
2023-08-30,-0.015634289371322937,0.004110308936438406,0.005561277818790103,0.018990660378923652,0.0011041163813266953,0.002498750315822613,0.004024426701278006
2023-08-31,-0.05132914544958933,-0.0014644552594600653,0.002994024669519165,0.0011718085742274424,0.0019458153344261509,-0.001665111347163996,0.005810180468786455
2023-09-01,-0.005054814300673318,0.0018635502478924258,-0.001058590456160152,0.008427737524034338,0.0011008619611880656,0.0004997991755412262,-0.008122741160144649
2023-09-02,0.0026349868784771645,,,,,,
2023-09-03,0.0038877655416867615,,,,,,
2023-09-04,-0.006069712504034206,,,,,,-0.006312829592228983
2023-09-05,-0.0012573014244295709,-0.0043313093840526345,0.0012701905478746185,0.0012660271822694097,-0.013487644884943088,-0.008195174622491511,0.0017254962677647017
2023-09-06,-0.001038013801593385,-0.006745238670796304,-0.008846770180276088,-0.03644965368365323,-0.0019698760617190016,-0.004544556063018457,-0.006348504572645787
2023-09-07,0.01873210550195057,-0.003074924574673136,-0.007177234306935532,-0.029685636832405878,0.009485589990454539,0.0010678794784509471,-0.00018239543948600666
2023-09-08,-0.012831149860508746,0.0015051003035145756,0.0013963692675194141,0.0034855498223956864,-0.004306560710608816,0.0003369702787594387,-0.0024634271506727887
2023-09-09,-0.00038518556307899995,,,,,,
2023-09-10,-0.0024532679048573473,,,,,,
2023-09-11,-0.026261881067480307,0.00655509360705635,0.011714057847259537,0.006600657216493295,0.011830608150433526,0.0018513951035425602,0.0018952427901443828
2023-09-12,0.0263051279529175,-0.005500808087955973,-0.011150298142760475,-0.017207723880619027,-0.017733103524912367,-0.005169992663578624,0.003005598219411332
2023-09-13,0.015173852958685846,0.0011651257470889653,0.0038016875999387625,-0.011925533439978776,0.0069478737680265835,-0.002312682045193072,0.00026886842534049965
2023-09-14,0.011800835130971608,0.008585650614740451,0.008143840586440932,0.008743866915391318,0.010914543546189339,0.0005080950731221542,-0.0017727594378955903
2023-09-15,0.0025972414093191217,-0.012121465766840131,-0.017271126748232436,-0.0041623770720443706,-0.008435032873976723,0.00658210689497754,-0.00908269633529821
2023-09-16,-0.0015199103541191222,,,,,,
2023-09-17,-0.0012840741866492755,,,,,,
2023-09-18,0.008260511389751386,0.0005862443868422041,0.0010420065653564189,0.016771885101421538,0.0037722547055572056,0.00587038313631886,0.002918822702197699
2023-09-19,0.016931102662432373,-0.0020759759240886132,-0.0021336658752410978,0.006161885724081566,-0.002925489113579782,-0.0009480950413542692,0.0022856390003425054
2023-09-20,-0.0029114788993918343,-0.009235913718130824,-0.014515342510566192,-0.020194936021407067,-0.0008467655919773422,0.0007251297423292754,-0.0009939536517845262
2023-09-21,-0.021020467716698094,-0.01666642699448665,-0.018494521464566965,-0.00892915548902277,-0.00870391834560607,-0.0072748111459232075,-0.0027202094957808733
2023-09-22,0.0004491505408555205,-0.0022509479691375533,0.00013976279723148396,0.004932351700916811,-0.003687668000754671,0.0031961900557462815,0.0007992186092448136
2023-09-23,-6.686902016047694e-06,,,,,,
2023-09-24,-0.012210127075315798,,,,,,
2023-09-25,0.001585160786217759,0.004196120657792131,0.004738455061748263,0.007353166329315927,-0.006087935847858586,-0.005163898932470834,-0.00122531937458651
2023-09-26,-0.003093569595525136,-0.014799998882627662,-0.015130091815255707,-0.023676375102367024,-0.00893382536981786,-0.008023084937964609,-0.005352496698744066
2023-09-27,0.005153782852789497,0.0003989109201008167,0.002340779735356613,-0.008937295752659379,-0.013349046375229448,-0.012443751217319037,-0.0020949525340855537
2023-09-28,0.02506320623495958,0.00578068768645704,0.008330237515134337,0.0015244379770706158,-0.006810098028297494,-0.005009715204337903,-0.006090472631852323
2023-09-29,-0.004072674570297436,-0.0024297547971785585,0.0007260760811865519,0.003041921884189899,-0.003285362485422764,-0.010328505518099336,0.005424924814573403
2023-09-30,0.002085958120685116,,,,,,
2023-10-01,0.036976120856382695,,,,,,
2023-10-02,-0.01631914578851585,-0.0003978708913945505,0.008311001828913103,0.014726544517908903,-0.0046039440091258784,-0.0105542058560987,0.0002640607869730246
2023-10-03,-0.0036683170659445614,-0.01347651004769522,-0.017705491089424038,-0.00780019368765766,0.0020639607120343803,-0.002892421000056923,-0.008028972380780982
2023-10-04,0.013377719302482879,0.007255708220654778,0.013516870599579133,0.0072818558636380225,0.0032938163986979485,-0.00011826350756014561,-0.0008067501641140518
2023-10-05,-0.013890662255842758,-0.0003771501626607833,-0.0029506681314704526,0.007172499815863659,-0.014977666844577391,-0.0018344684108627424,0.003314779770723716
2023-10-06,0.019171883788155934,0.01180311963080084,0.016616483738300526,0.014642674807406567,0.0020146190473951196,0.005139851922273756,0.003758088703719646
2023-10-07,0.0007955652201821253,,,,,,
2023-10-08,-0.0012074286830624696,,,,,,
2023-10-09,-0.012659387727925962,0.0063818314305041516,0.0050869369395313245,0.00841559695202414,-0.005079219674283478,0.018218478536943455,0.0019741653150437614
2023-10-10,-0.0070090060125914885,0.005191367351535899,0.005522605807907062,-0.003357918134900998,0.009856467235016264,-0.0016795054754092334,0.0010784244414369746
2023-10-11,-0.019081220842271783,0.004087797703247033,0.007110155005937829,0.007873192285499158,-0.012370653419116782,0.007276507826110017,0.0024468013261512104
2023-10-12,-0.00434538164717781,-0.006115182700217066,-0.0034810661741596395,0.005048100182163209,0.00223529659735515,-0.0030543103873241243,0.0018362293444184133
2023-10-13,0.0039380057832304975,-0.0049932277097527915,-0.012649621496803877,-0.01034589790442557,0.009513421956976739,0.03164231938177581,-0.008273875947999566
2023-10-14,-2.4866641728645306e-05,,,,,,
2023-10-15,0.011030760315870677,,,,,,
2023-10-16,0.04885439730476576,0.010466563949045765,0.011242929264873174,-0.0007271098052567891,0.009492779766209053,-0.004876800474351656,-0.0014424022728840294
2023-10-17,-0.0036433994327744555,-4.592383705724463e-05,-0.003280772883573524,-0.008823588574136102,0.0012997666993463447,0.0018525567250013085,0.0031086493721078946
2023-10-18,-0.0030807197496875486,-0.013414727071155982,-0.013204777856934191,-0.00742229259433807,0.025449350101665165,0.014367113783494704,0.0017746511949462836
2023-10-19,0.013724231161473081,-0.00882524265371268,-0.00940088115440862,-0.0021635223961831494,-0.005643429037291997,0.012199301049654077,-0.0032722255890128117
2023-10-20,0.03298576898255148,-0.012364200196342583,-0.015030380252058006,-0.014813170707228103,-0.0013499472279143948,0.0027271753020748097,0.004541865427760706
2023-10-21,0.007901299916077796,,,,,,
2023-10-22,0.002519829955235934,,,,,,
2023-10-23,0.09812340552916099,-0.0017346151561353626,0.0030132140242437933,0.000693876368103977,0.0006751464388820577,-0.0033827788768209456,0.000328189985652953
2023-10-24,0.024342751787773464,0.007511059323296216,0.009681057301984193,0.0025400723797565387,0.011743118327488348,-0.00010933686369138149,0.007515330568956494
2023-10-25,0.017581001125127033,-0.01445616490507655,-0.02478057951533882,-0.01358369212363271,0.004658948496077514,0.004199991317574014,-0.007006876982751212
2023-10-26,-0.010083818433932462,-0.012046882552666827,-0.019251135480049697,-0.02491322753660062,-0.005326210350127023,0.00157720800379265,-0.0026558561409556923
2023-10-27,-0.007253169256571986,-0.004543071690301571,0.004789610543525953,0.007937927786710553,-0.01778073654185333,0.011562693424814757,-0.000264123396465434
2023-10-28,0.0052875149613998505,,,,,,
2023-10-29,0.013082482218137433,,,,,,
2023-10-30,-0.001046255776520464,0.01188498724830595,0.011202415174166284,0.012230069922363165,0.014169328422114635,-0.0056565149769635704,-0.00019015336292734387
2023-10-31,0.004782938801692802,0.006260452801911,0.0047709157208173205,0.0028148226670818453,0.005145586415614672,-0.005471503988171267,0.00496607740248526
2023-11-01,0.021952875620689455,0.010608376619806091,0.017208010278996717,0.018565240517607978,-0.0028035194746567197,-0.0031556165767174377,-0.0033910961552048305
2023-11-02,-0.014181643038139046,0.01898301144418693,0.017990449132104354,0.020482028885076907,0.0121576164024187,0.0033185604405963163,0.0007514310744385675
2023-11-03,-0.005911206955145199,0.009081960008481684,0.011680312020188707,-0.0051945376934395895,-0.009087613067806949,0.0036323164276059108,0.003021869066246271
2023-11-04,0.010022958693683921,,,,,,
2023-11-05,-0.0009365213169939803,,,,,,
2023-11-06,-0.0003419870125084872,0.002297875986801227,0.00407112210093651,0.014499487723549752,0.005780762954682661,-0.00782308105070571,0.010590070261934715
2023-11-07,0.011526405303600254,0.0028420611716656165,0.009408203703551265,0.014347325107277582,-0.002321621661450711,-0.004153745714032089,-0.0009869601713547505
2023-11-08,0.005955525293475274,0.0007320631096917183,0.0006438207719088295,0.005867572562471362,-0.0038590565825227744,-0.010017653470627112,-0.0023773226566195147
2023-11-09,0.02869223982446583,-0.007829231673862312,-0.00772555660246105,-0.002627871835423948,0.002264074888137451,0.003975057413790778,0.0013379671703129812
2023-11-10,0.01677834605033404,0.015484318415568205,0.022233487741877354,0.022954628899527846,0.007025539864916482,-0.010969699953245399,-0.0040084442563240764
2023-11-11,-0.004725682318407844,,,,,,
2023-11-12,-0.002251742592082081,,,,,,
2023-11-13,-0.015013537055029228,-0.0009537587885019063,-0.0031235512621416764,-0.008620745910991403,0.00691082656890801,0.005555261386915847,0.0021144041770807375
2023-11-14,-0.02678435783979465,0.019214977140837083,0.021297939637894035,0.014184590299762495,-0.0022325986834622054,0.008879636186604733,0.0010910067705588759
2023-11-15,0.06384619927627835,0.0021148107978554995,0.0007524438811150894,0.0030364891263480404,-0.004612288186899716,-0.0026390807860946154,0.016357010041172345
2023-11-16,-0.046629756190665436,0.0012224923717283553,0.0008553225076665941,0.00900133800639306,0.009268838699813093,0.011222864579353571,-0.002184097901422437
2023-11-17,0.01214874696667944,0.0012429306651736821,0.00023325226578892733,-0.00010534424373200895,-0.011582877037213977,-0.00010890827769753537,-7.600105306852202e-05
2023-11-18,-0.000300085015663709,,,,,,
2023-11-19,0.021653391391504333,,,,,,
2023-11-20,0.002415334454994771,0.0076680667087195955,0.012101201639817878,0.009235326148516168,-0.005309595359165386,-0.0016347162383040547,0.004896069984269191
2023-11-21,-0.045392621921948366,-0.00218174718947445,-0.005826260446539643,-0.0042399259813914285,-0.004402008800354536,0.010740019593542038,0.0035620486609204824
2023-11-22,0.04420138946783627,0.0038534811540588223,0.004084508484855269,0.003508344291069857,0.009380666731763083,-0.004271361889171939,-0.002536177693585343
2023-11-23,-0.003819999415433914,,,,,,-0.0025080369331155557
2023-11-24,0.01148288092363248,0.0006151508743719503,-0.001410855716530902,-0.007028877946371063,0.002380868097631289,0.005188115339681599,0.0014168049098633336
2023-11-25,0.002026342935600158,,,,,,
2023-11-26,-0.00844024984109134,,,,,,
2023-11-27,-0.00602017674392167,-0.00180259780908647,-0.0008732864258921112,-0.0009480123071442153,-0.000925088067202941,0.006715220224108336,0.0031240227376338517
2023-11-28,0.015367313611233842,0.0009897408163602702,0.00261749533925236,0.0032089645323691517,0.006918352849944238,0.013243765854618068,0.0016424521405813044
2023-11-29,0.0007241750284948421,-0.0007037412217645681,-0.0009744911783046443,-0.005424304430597905,-0.0076460857249245695,0.0014783465644929395,0.004327051344560121
2023-11-30,-0.0038571889984724806,0.003929620346758282,-0.0025170538826457018,0.0030582333816061087,0.015690566099696334,-0.004176660491012712,-0.002934399365846547
2023-12-01,0.02555073011462817,0.0058985461428583295,0.0028506208377458053,0.006768126160411612,-0.0056178258414385646,0.0171240372669512,-0.0074670270195374205
2023-12-02,0.020152443138720524,,,,,,
2023-12-03,0.012637770520489717,,,,,,
2023-12-04,0.04885656688656327,-0.005263262327146139,-0.009326793186263938,-0.009509744707589234,-0.00393815542267333,-0.021850417580745678,-0.00035937594202320786
2023-12-05,0.04882523455973004,-0.0001970520387162075,0.0025076369998582393,0.02084451997468687,-0.035476452195601034,-0.003786606077863042,-0.004638469420250361
2023-12-06,-0.007610515703398493,-0.004037970176121171,-0.005800690296894777,-0.00570320105683713,-0.0007497340394195114,0.003680115406357525,-0.004077545141317364
2023-12-07,-0.010427160036986542,0.007601447690649998,0.013875582890360033,0.010088226260230948,-0.001023534093026136,0.001648967455985853,-0.0025009224510818134
2023-12-08,0.01998568323480024,0.004289909982509019,0.004446672553610479,0.007384983089209092,-0.009257686706090984,-0.013430173514668298,0.002360648944021793
2023-12-09,-0.010026349184727985,,,,,,
2023-12-10,0.001227688266422679,,,,,,
2023-12-11,-0.05966864669683699,0.00388204846230179,0.008506023454745488,-0.013011634332984408,0.004605433814506231,-0.011104320560253362,-0.0024467931186417952
2023-12-12,0.004991678164292342,0.004556664381509072,0.00793262563051628,0.007888972234402462,0.0008224156616667917,-0.0005447904909059331,7.529351741870235e-05
2023-12-13,0.03416274957103686,0.013695959538168318,0.012637116728662755,0.016553792377705864,0.01792816169420165,0.02231176448891427,0.0029760816224084843
2023-12-14,0.003101461159203954,0.003204344002206296,-0.0008671396352975823,0.0007572571353355948,-0.026737500519908586,0.005845435089187853,0.00806654911765613
2023-12-15,-0.025761678809584642,-0.001647923870829376,0.004822226515937796,-0.0027292978464921037,-0.004850491725192373,-0.009208782757507668,0.009823959841428205
2023-12-16,0.007374628549158558,,,,,,
2023-12-17,-0.02094342240847231,,,,,,
2023-12-18,0.029979669511789556,0.00560943662939355,0.006278924808621994,-0.008539740380325967,0.01523466633941703,0.004535187656823467,-0.008985279259387994
2023-12-19,-0.008316570718615267,0.006062320922762499,0.005096504885793711,0.005345789636106834,0.0,0.006790830606181505,0.002618234905509399
2023-12-20,0.032164737244750545,-0.013954158325610986,-0.014971264224105947,-0.010771792325476112,-0.015582064315125098,-0.005460866362358439,0.005224244187125721
2023-12-21,0.0049565656400486135,0.009437285571828454,0.011568396459287032,-0.0007700106064766972,0.002429029438318966,0.007045755720440373,-0.003223207515873198
2023-12-22,0.0029305657871948458,0.0020077231427065734,0.0014946831633781469,-0.005563195087748921,0.007045622994416895,0.004424614031362936,0.005509994507838045
2023-12-23,-0.005889392398977758,,,,,,
2023-12-24,-0.016677702596480784,,,,,,
2023-12-25,0.013783631646973108,,,,,,0.0018507322966524104
2023-12-26,-0.025374479539831175,0.00421358597133709,0.0061031973861141115,-0.0028448435837252774,0.00453257609387148,0.007591842151508473,-0.0005732601708578364
2023-12-27,0.021462391204340153,0.0018063713058118712,0.002033607060482953,0.0005179265138831432,0.0008219628752180557,0.0045275772625212145,0.002062891339460544
2023-12-28,-0.018938483263033618,0.0003777232544097465,-0.0004860812683447383,0.002223849034046249,-0.002262137396954382,-0.005832413160524644,0.005925594861729413
2023-12-29,-0.01247437935200907,-0.00289917915885732,-0.00433719033806095,-0.005439069621283602,0.005543138134998408,-0.001568069797763166,-0.003648070996618757
2023-12-30,0.001364883236683238,,,,,,
2023-12-31,0.0025653289520551383,,,,,,
2024-01-01,0.044021664837326654,,,,,,-0.0011173031398486696
2024-01-02,0.01774260401360504,-0.005612103667722635,-0.017067083412399323,-0.03644266850572633,0.014901319349764729,-0.0023566846852945507,-0.0015466483428338857
2024-01-03,-0.04806495357875531,-0.008200056553217268,-0.01063779415814973,-0.0075157467190681655,-0.006069100011562671,-0.008371755159892112,-0.008825030908954975
2024-01-04,0.030607357718285957,-0.0032263584177772424,-0.005159780427776797,-0.012781489502673191,0.005463801031148551,0.0010041086074332737,-0.0012793338874625213
2024-01-05,-0.0003900828451526924,0.0013686345075346368,0.0011852073010624072,-0.004021063570194704,-0.008308798361335317,0.00015844285681933427,0.0017937674187858852
2024-01-06,-0.00393630412750998,,,,,,
2024-01-07,-0.0010484808007761193,,,,,,
2024-01-08,0.06662426635587362,0.01417508302444404,0.02045749453987276,0.023887281752097384,0.008577974904591976,-0.00784697829301582,-0.0004706370138586311
2024-01-09,-0.01784541710643821,-0.0015182797494997166,0.001973497674361609,-0.002265981001372861,0.004094107979193821,0.0003193058065587502,0.0008647516893451855
2024-01-10,0.01052203275194838,0.005639492476872568,0.006754677477585757,0.005655395428788248,0.00427741693851238,-0.0022906686849215973,-0.0017616554045898074
2024-01-11,-0.005574241147522551,-0.00044062473862838076,0.0020785573130900977,-0.0032276777426174376,0.0037941957799526222,0.001971362878362661,0.0038995772423958907
2024-01-12,-0.07884262883299366,0.000692407739592809,0.0005129116448999168,0.001776466184321464,0.0005979291405488606,0.009746417465784744,0.0005927674404056253
2024-01-13,-0.0002517086641866489,,,,,,
2024-01-14,-0.024720775355358247,,,,,,
2024-01-15,0.01697856404641987,,,,,,-0.003278136931587735
2024-01-16,0.015011364505806485,-0.003677969687080206,-9.768795254682241e-05,-0.012393470138953082,-0.005392971903760558,-0.009533481464917172,0.0
2024-01-17,-0.009599712825861542,-0.005574179597774228,-0.005656648536020571,-0.005187098299473188,0.0010008469832592651,-0.011077075533253638,-0.006132515484610603
2024-01-18,-0.03525390600438047,0.00885342519663735,0.014094342497584225,0.03205154326316067,-0.0057818449670958534,0.0081991767942437,0.0006419301064366271
2024-01-19,0.008599127738074015,0.012389298001160513,0.019636839340185213,0.015413550103358407,-0.003855122115239107,0.0029842685447011067,-0.0006093855084178445
2024-01-20,0.0011329834535463317,,,,,,
2024-01-21,-0.002879434924556738,,,,,,
2024-01-22,-0.05030891028125471,0.0021119216843556586,0.001304997324405502,0.01208993210815802,0.001963298423069279,-0.003785111631635069,0.001208331125892878
2024-01-23,0.008523584257922188,0.002912198971491317,0.0041410499641363835,0.0066311279297592614,0.04055689935568752,0.0038915513093621982,-0.0011103749904406092
2024-01-24,0.005793705727985713,0.0010925728472985711,0.005533867021943533,-0.003489913698943353,-0.012152937266010924,-0.008281084265806402,-0.002054265784688464
2024-01-25,-0.003581157289492955,0.005424276401233183,0.0012203994682719814,-0.001698113668040788,0.022747309348906248,0.003962127078988696,0.002195704525871863
2024-01-26,0.04607657449481696,-0.0012712186770766642,-0.005975301281479016,-0.009053554920516451,0.003336018232156227,-0.0006949345993064864,-0.0031940891678824117
2024-01-27,0.007224112855396914,,,,,,
2024-01-28,-0.002007256017307645,,,,,,
2024-01-29,0.029364415736914624,0.00788809518774843,0.010188324872642394,-0.003592454679501087,0.00012801066724672097,0.007033690942252051,-0.00032535760494948154
2024-01-30,-0.007783744989935841,-0.0007737186864150012,-0.006678848608756018,-0.01943341769949472,0.008480816414814043,0.0013795741766668092,-0.0008346524768681695
2024-01-31,-0.008651552809046921,-0.016451958495431004,-0.01978047252695612,-0.019547312861585123,-0.0022247810837788973,-0.0007426235867567754,0.0008237687543271816
2024-02-01,0.011514890294239742,0.013003340736630115,0.011706713912893673,0.013252355363362668,0.012898289188896376,0.010346957700093572,-0.003647544052697876
2024-02-02,0.002552374530244358,0.010472332133591505,0.016759267399179288,-0.005419735341022806,-0.006871046256075716,-0.009498266920115546,0.006525183225310071
2024-02-03,-0.004493245492150753,,,,,,
2024-02-04,-0.009551086228745845,,,,,,
2024-02-05,0.0017617075316479283,-0.003647745418476348,-0.0013061278816806244,0.009798362406010916,0.000758658094832276,-0.005529246178959096,-0.008737607110913186
2024-02-06,0.009936804708699247,0.0028989723242963572,-0.0020093577305304935,0.008594836634395388,0.00472950828807405,0.0052110917695982265,-0.0035510454839929734
2024-02-07,0.02822864621028068,0.008305867332646566,0.010237745124247957,0.0005809787213818411,0.001005985161759723,-0.0002652330017039186,0.0014296890422369148
2024-02-08,0.021945671282114807,0.00044165098627719774,0.001850225607823518,-0.005771440296271873,-0.00302120065442471,-0.0009022539588233346,0.0017226241286986182
2024-02-09,0.0399329954084116,0.0057627615458955735,0.009794915357042746,0.004085760996318361,-0.007720199355691864,-0.003883683822386861,0.00014004449588293628
2024-02-10,0.013149960695064189,,,,,,
2024-02-11,0.010881064258583886,,,,,,
2024-02-12,0.03388147853165121,-0.00043917521124436394,-0.003920312962518921,-0.009042796405841581,-0.001970973480552189,-0.0026153866387210066,0.0019417861621718751
2024-02-13,-0.004328588760117502,-0.013868753726107262,-0.015719837672801638,-0.011338442159473924,-0.0053608243333711095,-0.01388463719494907,-0.0024050255479935757
2024-02-14,0.041046849510408934,0.00904662675184559,0.010838169063713415,-0.004821308717307259,-0.004104091621781791,-0.0005962900909107332,-0.00589655284375755
2024-02-15,0.0021560092291083846,0.006876042972305404,0.002973326119512585,-0.001575985976817636,0.008828055699922564,0.00670130851432818,0.002165564317311912
2024-02-16,0.0042584326097615645,-0.004992486463373201,-0.009108990280649982,-0.008466062732845815,0.0031795337973406024,0.0036558786728406838,0.00388170040799465
2024-02-17,-0.00957802949778828,,,,,,
2024-02-18,0.008855834280713763,,,,,,
2024-02-19,-0.006610163694046543,,,,,,0.0010241725388866125
2024-02-20,0.009719679337319471,-0.005520507160002234,-0.007576907984916036,-0.004122537516637839,0.0063287969570456175,0.006045896751115412,-0.0008841038873163796
2024-02-21,-0.00856090431522995,0.0009054173914151115,-0.004009612201483271,0.004177315644522767,0.011852760239889015,5.331114505738622e-05,0.0034974498351770826
2024-02-22,-0.010358547640014263,0.020484232900890464,0.02885516148813798,0.011181257829651363,0.0009970594332491623,0.0004266309391015458,0.0006706143712430367
2024-02-23,-0.011231806115512574,0.0006894399534164746,-0.002949057134546381,-0.01008480502897526,0.0029232138942844707,0.005635602023986148,0.0004870568217987158
2024-02-24,0.016405594130217752,,,,,,
2024-02-25,0.0031390133682369275,,,,,,
2024-02-26,0.052511187656945416,-0.0036692144952900907,-0.0005266542044081935,-0.007479151876310472,-0.005042876964815,-0.002229172292928307,-0.0005195577476647977
2024-02-27,0.045936216440473146,0.001855961010254503,0.0024023561814547306,0.008081612918693911,-0.0057586905499288025,-0.0010632481058260926,0.0028497835192923576
2024-02-28,0.09069529297704289,-0.0013225210341043577,-0.00533891301174459,-0.006647458621441598,0.004697121202652965,0.001806857807827473,-0.0005640750300102595
2024-02-29,-0.02112241427001975,0.003588512905759912,0.00853307980358511,-0.003700004135983419,-0.006959526944646935,0.0051370494877010335,-0.0005529550220347515
2024-03-01,0.0200954657884248,0.009344480233039763,0.014944532806312825,-0.006048528563893693,-0.0005662492677834625,0.018734204946424127,-0.0031275423260024677
2024-03-02,-0.006600547312091193,,,,,,
2024-03-03,0.01817220465901261,,,,,,
2024-03-04,0.0785670808490068,-0.0010729701735958713,-0.003574379025237981,-0.025709078720566617,0.004459674003702741,0.016045575240364,0.0034852552521659795
2024-03-05,-0.06858298181492034,-0.010044557485961399,-0.01811277524899536,-0.028853158889817144,-0.0015054458759168304,0.006002093012312608,0.0011500159935793875
2024-03-06,0.03549970020086634,0.005054544655360596,0.0062641147039474284,-0.005895624501278824,0.001568030652570738,0.008181839163568716,7.59911547539199e-05
2024-03-07,0.012308140052515397,0.009877530052305765,0.015064130121380269,-0.0007096960314824941,0.006558567331424975,0.005667751261581818,0.004002993860566666
2024-03-08,0.020331312236987975,-0.006020281656443549,-0.014540163751636873,0.010184615972638245,-0.0016823213077849064,0.008417025116951235,0.004632161004990791
2024-03-09,0.002906296632019191,,,,,,
2024-03-10,0.007575825657206857,,,,,,
2024-03-11,0.04399229858274628,-0.0008602291344054963,-0.003719664403128645,0.011762187841203225,0.007455638296006244,0.0018333385345244608,-0.0006567834304138422
2024-03-12,-0.008949836049347838,0.010699918958305637,0.014233319832283787,0.002774650238353803,0.0023493440936198434,-0.011000916093968595,-0.0010609555545411638
2024-03-13,0.02216689906407544,-0.001568675400922923,-0.007715748884328312,-0.012196523552202214,0.0022826085310025204,0.006982966028737541,-0.00032786603029042014
2024-03-14,-0.0233524614583823,-0.0019787428093618895,-0.002524488798804419,0.010867979121401507,-0.004941480240759367,-0.004183879789555109,0.0025165550941543685
2024-03-15,-0.028308923292000562,-0.0068903442830180964,-0.011958124803461328,-0.002198915234490065,-0.000743197230852012,-0.003199519647615261,-0.006584324557311425
2024-03-16,-0.060717725206296765,,,,,,
2024-03-17,0.046012240704610304,,,,,,
2024-03-18,-0.012388507554368627,0.005925560342370959,0.009492130798360643,0.006352099952491547,-0.001054035042496222,0.0016010012977577042,-7.623792150198477e-05
2024-03-19,-0.08712073185700822,0.005541688705201126,0.002488435425519829,0.013493630317425565,0.003838506268532512,-0.0011504677080451668,-0.000794052298820581
2024-03-20,0.09251085296877404,0.009206823584230514,0.011787074746724564,0.014602041739144268,0.0009883530203204237,0.011841472011166752,-0.0009782543487731165
2024-03-21,-0.03631867422621332,0.003299319816533059,0.004720930990283303,-0.04171559542959396,-0.0008029436566165877,-0.0010391759354036452,0.006780030280211767
2024-03-22,-0.02649844665215931,-0.001897589886778006,0.0011433061961224683,0.00529614357369039,-0.0012365120174260085,-0.008053310017860683,-0.006866944757079783
2024-03-23,0.0044342886654000135,,,,,,
2024-03-24,0.04832709315067971,,,,,,
2024-03-25,0.0397250476948794,-0.002766694925667203,-0.0036359695560559675,-0.00833492068903189,-0.009134748654769105,0.0031893153617754324,-0.005059854735420729
2024-03-26,0.0004147786065640333,-0.0018486848423837695,-0.0032427223040208965,-0.006694962405196483,0.0022448723834077606,0.0032287432792988957,0.0028355898951227965
2024-03-27,-0.007637444542951766,0.008368605670087502,0.003400178467544567,0.02099065746726129,0.012749091583145047,0.007214572450621008,-0.000541735721696503
2024-03-28,0.018397189971880865,-0.0001912236592996572,-0.0018449720941490788,-0.010615181060009696,-0.0022163026726043362,0.01281752820240996,-0.0017533000294245103
2024-03-29,-0.012118158012204417,,,,,,-0.0017503055199580492
2024-03-30,-0.0035477570486820652,,,,,,
2024-03-31,0.023952858696302474,,,,,,
2024-04-01,-0.023137002333257977,-0.0017410394974255942,0.0021148095618828814,-0.008491705386029311,-0.010345901491723618,0.01015632882706488,-0.00016180108386803512
2024-04-02,-0.06299090436988572,-0.006378500522121108,-0.008667762520260629,-0.007023430568385549,-6.2392724726151e-05,0.014664311961913869,-0.005156421839743476
2024-04-03,0.00812374307331999,0.00109794133951766,0.002241829300572705,0.004785881069017708,-0.02791290187180524,0.008734121015036823,0.002914025833319365
2024-04-04,0.03759886271186141,-0.012281187353647938,-0.015408669348861155,-0.004904279225175616,-0.004492939856304372,-0.005751211782367559,0.006460427276889821
2024-04-05,-0.009845630418288566,0.010392629958787024,0.011714950452505698,0.004491576329779634,0.004172706391036985,0.01696939930469014,-0.00011923458450640673
2024-04-06,0.015482496362565016,,,,,,
2024-04-07,0.006747455363626304,,,,,,
2024-04-08,0.03218579409702191,0.0005590472206533222,0.00029526625933301326,-0.006685618186587726,-0.000384540043310702,0.006209168519561672,-0.0006067326380173935
2024-04-09,-0.035413761203788405,0.0011562849960306191,0.003692630437665498,0.007216412538867072,0.00396564118278097,0.005482001328254476,0.003058958337697158
2024-04-10,0.020739301242534747,-0.010063667535723452,-0.008766842745573178,-0.011201870919569631,0.003695351042269078,-0.009508923035404604,-0.0004019198697015849
2024-04-11,-0.00749778258451207,0.00751859238827473,0.015841936759583997,0.0423608074764433,-0.008943342084717401,0.01924683287449554,-0.010886717095524747
2024-04-12,-0.041748970181434676,-0.013899131251208478,-0.016070136617755762,0.00858981368688756,-0.003277845415617392,-0.013327746093360097,-0.0013847416017447754
2024-04-13,-0.05152204971523435,,,,,,
2024-04-14,0.02959850149495867,,,,,,
2024-04-15,-0.03581099949650861,-0.012607237982323506,-0.016587881882056656,-0.022106153320174134,0.0007720289275585584,0.01854610800435578,-0.007225148247919505
2024-04-16,0.0060619201772289105,-0.0018255378843496071,9.27557409203224e-05,-0.019353377803289405,0.0032111826676404533,0.0012212692273934644,-0.0022446258334513653
2024-04-17,-0.04053958534994488,-0.005935822329561808,-0.01227644267859908,-0.008180867339966095,0.006455839078704425,-0.007395532411290297,-0.000403625498250325
2024-04-18,0.03584120208614769,-0.0020599718253426717,-0.005722694252208399,-0.00573060564249179,0.008536439862756718,0.0034096367107846366,0.004503013980535367
2024-04-19,0.005195142876912206,-0.008766499667042236,-0.020906079302630807,-0.012287856493521756,0.00538959975542269,0.0031266420969041134,-0.0023658880343129613
2024-04-20,0.017865871886504233,,,,,,
2024-04-21,-0.0010436624765665994,,,,,,
2024-04-22,0.029008901759275917,0.00916693564706046,0.010006427502656129,0.005077944753317592,0.015062313355758817,-0.025012716627157542,0.00132077743040315
2024-04-23,-0.006460398489914604,0.01179675283843332,0.014812610392647732,0.006371615221778342,0.005962009562317213,-0.0024616906480957905,-0.00039422626838334047
2024-04-24,-0.03260630131627199,-0.0004747818461080069,0.003382000194468231,0.012622169202193764,0.006787988067184965,-0.0018618228395408355,0.004709463664304997
2024-04-25,0.0031812827691917772,-0.0038061433600497492,-0.0048416145583680134,0.005134108998707086,-0.0003074349425409161,0.005945756955740473,-0.0004173729458229782
2024-04-26,-0.011328935219016097,0.009429290275657226,0.01531374404779125,-0.003479039102698084,-0.007781758624516265,0.0032366836371748075,0.002775201791036396
2024-04-27,-0.005286917956356649,,,,,,
2024-04-28,-0.004835296290154387,,,,,,
2024-04-29,0.011467091787556437,0.003535235154353766,0.004052170904978659,0.02450534067952269,0.0022912944409289615,-0.002033283758808563,-0.002122318925900117
2024-04-30,-0.051494629716542104,-0.01596796726093557,-0.019036180532795006,-0.018439690852376216,0.009481243080897052,-0.02013850411793736,0.0008247938079739085
2024-05-01,-0.040089923480657194,-0.003252559339711623,-0.007256774798532313,-0.006065649827146559,0.0012244773276313143,0.009021337418355644,-0.004597165828774006
2024-05-02,0.014814392549697799,0.009310058772189139,0.01268251285336705,0.021792822413363538,0.002689290737178146,-0.003091862325121168,0.005143796890728481
2024-05-03,0.06175720649824811,0.01231922621823931,0.019899129286987484,0.05809564287129034,0.003777168192987014,-0.0007979449099420573,0.0010728188714235368
2024-05-04,0.015801344389047563,,,,,,
2024-05-05,0.002183511056964741,,,,,,
2024-05-06,-0.013667364763724113,0.010273775815963084,0.010893917158064616,-0.009148557532200417,-0.00012174789507307088,0.010463427933373832,0.0023316917706926814
2024-05-07,-0.01318192999564668,0.0011028238825425238,0.0001588588124450987,0.003789834234143199,0.007995294317678578,-0.00461094049941965,0.0008717944924890549
2024-05-08,-0.018569986258493817,9.659186667725527e-05,-0.0005906450120890901,0.001862556974824132,-0.004171186308060618,-0.0029453952906236033,-0.0015815538797213848
2024-05-09,0.02997730860417905,0.00574539184458996,0.002179175888170384,0.009964345817121639,0.005858918028365,0.01565541986116323,-0.0003331609149222311
2024-05-10,-0.036456454635488925,0.0012873348733640757,0.0023554272774409355,-0.006913959913941638,0.00486653004724067,0.008079783894319735,0.003552685995199825
2024-05-11,1.5356866757304103e-05,,,,,,
2024-05-12,0.01071136415279376,,,,,,
2024-05-13,0.02337149423787631,0.00013419341167694447,0.0023047714823972443,0.017491548735131382,-0.005890888022321702,-0.011265319955387511,-0.0013687557229370368
2024-05-14,-0.021674038111579395,0.0045775814399008526,0.00641162695984386,0.006154429740651709,-0.0006633737452234812,0.008426442720749588,0.0021457068323342014
2024-05-15,0.07380429766149847,0.012306985965757168,0.015509436248762165,0.012144056890267034,0.004514456604409962,0.012757032448187955,0.0019447012704893634
2024-05-16,-0.015755724397151206,-0.0020595463332229655,-0.002033482503675822,0.0006321666629371483,0.008074977972924181,-0.003900942141432421,0.006934418446712236
2024-05-17,0.027522834905047706,0.0014364832035496022,-0.00048682141948756667,0.000157918447124054,-0.001311539340695583,0.016363162829441925,-0.0020233852741519107
2024-05-18,-0.001657856805292211,,,,,,
2024-05-19,-0.0099451595532183,,,,,,
2024-05-20,0.07510908882529838,0.0011515006981775372,0.006948401288725099,0.006143234648688965,-0.001970491857017944,0.004015863208074463,0.0007065954020106566
2024-05-21,-0.01852885718229531,0.0024494137638033982,0.0019545391549518035,0.006833891013487515,0.006196798081981574,-0.0014706294501547247,-0.0013476122728719713
2024-05-22,-0.014565869510184994,-0.0028833279252145896,-0.00019746888549923572,-0.007567051476732387,-0.0032128541693253938,-0.018544867564565665,-0.0005211701182829347
2024-05-23,-0.017406596587757724,-0.007331079448999309,-0.004508509637012355,-0.021282938923921222,-0.013921487639558625,-0.02014614803918644,-0.0027643117547025264
2024-05-24,0.008743394668047938,0.006594835169162738,0.009412012565261339,0.01645211785043221,-0.0009673582038599227,0.0009266841017383871,-0.00115750095218525
2024-05-25,0.010738658385428567,,,,,,
2024-05-26,-0.010855523058038129,,,,,,
2024-05-27,0.01271054899375939,,,,,,0.003227302320858273
2024-05-28,-0.015953999045957543,0.0006983651857700266,0.0037704645385079915,5.265746852614795e-05,-0.013518557482538942,0.01045829379441463,0.0013134725606132052
2024-05-29,-0.010570529093847765,-0.0070269682788610364,-0.007073271158445005,0.0015777890255329252,-0.008991446963204435,-0.009347362870368763,-0.0009228747019577188
2024-05-30,0.011577009906272178,-0.00665604350955442,-0.010771156762985812,0.005241443428214681,0.005736733509264365,0.0018949634848045166,-0.004622998667696261
2024-05-31,-0.012860492770805693,0.009067086544233063,-0.0018619838463071266,0.005005987224716796,0.011983577794166358,-0.005881436093592545,0.003104909521282527
2024-06-01,0.0031882581048550507,,,,,,
2024-06-02,0.0006594499605225849,,,,,,
2024-06-03,0.015425138658129584,0.0008148287906205388,0.005354797582301768,0.009216078547136816,0.000668095374699692,0.008878251926791354,0.0016266164009212727
2024-06-04,0.025300225248925362,0.0011172359443094827,0.0027327893491423667,0.0016479174127642673,0.014231715288139322,-0.00901759641821021,0.004993990868639649
2024-06-05,0.007272217816602819,0.01181509428470408,0.019959381296275773,0.0077905777322906005,-0.005764549624703187,0.011775993219294973,-0.0023423607924120534
2024-06-06,-0.0045918902720176475,-1.8592521562115075e-05,-0.00034530831892076773,-0.007121945571507548,0.014468487939160954,0.0073641743967564136,-0.0006743892561967788
2024-06-07,-0.020194557079892095,-0.0012163976943494067,-0.0008851514631135526,0.01231599703058489,-0.008404519617730609,-0.036335512840658196,0.0018284745320394033
2024-06-08,-0.0005310196389050046,,,,,,
2024-06-09,0.004925659126589219,,,,,,
2024-06-10,-0.0019504270460231217,0.0030849122809887618,0.00403105618803605,-0.01933352900505692,0.0017345744479117348,0.009126408480625946,-0.010662943021032207
2024-06-11,-0.03186737491787959,0.0024054409931384382,0.006839190613684715,0.07013144053277892,0.0007762412745041758,0.0028525382508942246,-0.001357260455041113
2024-06-12,0.013412234174301008,0.00817942039510849,0.013012777550976932,0.028177567951384257,-0.013828088754837662,0.002658183908153708,-0.002225800503826749
2024-06-13,-0.021998155421161833,0.002011508440890245,0.005405658149173092,0.005476159558594286,0.0074188826715303625,-0.008183543017197694,0.0067570780683288145
2024-06-14,-0.011227334405387725,0.0006082509034041797,0.0051678146999323184,-0.008201877010563696,0.0022808489653925105,0.012876289526632455,-0.006896604999001071
2024-06-15,0.0027216870164859935,,,,,,
2024-06-16,0.00674619312119944,,,,,,
2024-06-17,-0.0022346697987336212,0.007927374752491275,0.012175374362672353,0.01948039588540103,0.0042478952515138555,-0.005205175700450875,-0.0034198826115551654
2024-06-18,-0.020505771883152002,0.0025373691002564497,0.00030920466663328773,-0.011045282119043577,0.006308481431684908,0.0039992641040523845,0.0035917077512611435
2024-06-19,-0.002773987515326679,,,,,,0.0001503782682153156
2024-06-20,-0.002028534277712279,-0.0027203422126910724,-0.007737926050054514,-0.021747730142107933,-0.0052939908857517785,0.012407060942233438,0.0008597736998856827
2024-06-21,-0.011362664075990998,-0.0013412626175751954,-0.0026827282317242822,-0.010499247945895967,0.003512528164119006,-0.015614512577113812,-0.0042057311718622144
2024-06-22,0.002436781820078235,,,,,,
2024-06-23,-0.016821441362000096,,,,,,
2024-06-24,-0.047042933993412646,-0.0032561511438087133,-0.011449997578344953,0.003127742803415755,0.001128488137812907,0.0039497558204108826,-0.001743605181274369
2024-06-25,0.025020978589857558,0.0038436824873709146,0.011370642675193483,0.004458263853892413,-0.009543636602446384,-0.004974590412272679,0.004198394017140161
2024-06-26,-0.016203198264060435,0.0012472591725555641,0.0020631074032593406,0.01979607109066343,0.003589497717536925,-0.009271011435783051,-0.0021549847749991156
2024-06-27,0.01296454786345771,0.0015751679490797151,0.0025779658963553382,0.003977994812775899,-0.004969109203106246,0.011273144249924162,-0.002759294299526374
2024-06-28,-0.021073812008611803,-0.003942639085625783,-0.00520451352645033,-0.016387659016207666,-0.010255101184966524,9.297215668029186e-05,0.0026522078836921812
2024-06-29,0.009359920064692571,,,,,,
2024-06-30,0.028989272731724976,,,,,,
2024-07-01,0.0027672625269042988,0.002055659310227436,0.005848063792527827,0.028689085001312196,-0.01342954171649436,0.0026012036358740546,0.002498179976998341
2024-07-02,-0.01318017605629068,0.006707310307836776,0.010444828457074654,0.0161093404535706,0.0072254219145106244,-4.643502198142268e-05,0.00017177131184862907
2024-07-03,-0.030363202506616574,0.004452816667774792,0.008302660298650363,0.005794393837719097,-0.00042700097241687854,0.01120993363706169,0.001052856180220774
2024-07-04,-0.05457904895434864,,,,,,0.0041682348697401434
2024-07-05,-0.005549607840752044,0.005749682508409987,0.010372714762133603,0.021389823747040574,0.00838808588043713,0.013396660734694752,0.0016094691090687886
2024-07-06,0.028552385625087485,,,,,,
2024-07-07,-0.043009217189319104,,,,,,
2024-07-08,0.015210533790654032,0.001153275086205965,0.0023754420086422776,0.006517597923313741,0.007898013139988495,-0.012479622087256387,0.0014172852076074353
2024-07-09,0.022737964112148894,0.0009720073332111152,0.0008643296255661201,0.0037677404831677726,-0.005177958846591056,0.00169431118809057,0.0004547759228130968
2024-07-10,-0.0046086733698468725,0.009846557331140291,0.010372407647922422,0.01862899159296364,0.006857897679321815,0.003653653384415314,-0.0014935765778125393
2024-07-11,-0.006909245978268808,-0.008659892213519975,-0.022174153008275195,-0.023494604732204067,-0.007582535321820316,0.017578001160184497,0.0017101581900879357
2024-07-12,0.009623984558104185,0.0062877354356749805,0.005857650646959297,0.012966410534460718,0.006442684729501419,-0.0006272936376368344,0.003635807059775768
2024-07-13,0.022753003242582143,,,,,,
2024-07-14,0.025927850263005585,,,,,,
2024-07-15,0.06499862039498035,0.002746456842766913,0.002684269629601381,0.01660477678407363,-0.012258865154760783,0.0032219172131206842,0.0011749830043508219
2024-07-16,0.0034931297826731934,0.0059124568606053005,0.0003828086500421796,0.0017901573313151738,0.014297736699772643,0.01972987782004887,0.0014706445837825762
2024-07-17,-0.01514324245482322,-0.014120289404583713,-0.029794355919019244,-0.02562137003323446,0.014804465885333892,-0.0046540195707980275,8.714869009926246e-05
2024-07-18,-0.0022597141603525025,-0.007714606319595706,-0.004743789041508603,-0.020748689783322366,-0.005919341644598891,-0.006401633154546632,0.0034511861306799033
2024-07-19,0.041879420109635544,-0.006662638314655088,-0.008903092976719578,0.0005798938035110856,0.0031427071990140264,-0.018100662230646155,-0.0035383348207792247
2024-07-20,0.006774946348331885,,,,,,
2024-07-21,0.014645375370143716,,,,,,
2024-07-22,-0.008387766690112852,0.010257139566992516,0.014787793515078482,-0.001561585795254855,0.001724958112049358,0.0003156824791686295,-0.00021806902047437983
2024-07-23,-0.024831503546284737,-0.0015697527669806866,-0.003530854725672076,0.004677255516597774,-0.009735155725047365,0.003510507096461622,-0.0008607103043199634
2024-07-24,-0.008462196557576013,-0.022923334264055708,-0.0365293108760432,-0.029175823040154834,0.008248102981074822,-0.0035105070964615765,-0.003598023824621103
2024-07-25,0.006177613679945953,-0.005224013565418577,-0.011089071248078057,-0.004816062480520214,-0.006569047826567438,-0.015768400613655725,-0.0010302791156022808
2024-07-26,0.03193999219319689,0.011137573902900337,0.010203813955401732,0.0021586595305681014,0.013154683515994088,0.010479424389843233,0.0010845501051680547
2024-07-27,-0.001454798896138238,,,,,,
2024-07-28,0.006504525639670648,,,,,,
2024-07-29,-0.021262245664086656,0.0005874924472396342,0.0020068139481427562,0.001283850997720362,0.004837007225683859,-0.0014060442276131696,0.0002279279649853626
2024-07-30,-0.009305346230673276,-0.00507945661027887,-0.013826632387328782,0.002562697388283347,-0.049643744520060575,0.009935936183544776,-0.0031643268838695902
2024-07-31,-0.024183450577486682,0.01612400909867429,0.029164212247899182,0.01487953617458846,-0.005830208071007488,0.017948680176279857,-0.0003137327528508791
2024-08-01,0.011359846111043197,-0.014262136750138165,-0.024519607667105016,-0.01689258636386748,0.0302062320829521,-0.003448883709883457,0.000724951551994476
2024-08-02,-0.06221701386487153,-0.018793890858791885,-0.0240210520059069,0.006845920100064433,0.026150273262099545,-0.0019064443892985788,-0.003360575274129946
2024-08-03,-0.012039486792085179,,,,,,
2024-08-04,-0.04315788272420938,,,,,,
2024-08-05,-0.07363198582120066,-0.029556213687220098,-0.030269809688942544,-0.04936562890192134,-0.011947873005213522,-0.01277316576262444,0.011358892636365093
2024-08-06,0.03713846509911699,0.009177284722812698,0.009509843461827195,-0.009796124186903758,0.00017832816395352662,-0.008032891286850252,0.0036727188635254445
2024-08-07,-0.018131945621423673,-0.006706494161259906,-0.010888922771621725,0.01242091539889798,0.011416560789888756,-0.0006798590470787476,-0.002264177736969769
2024-08-08,0.11461585743295792,0.022854334861779693,0.030132434423490204,0.01649638506906415,0.004986981598738591,0.01556622880577821,0.00017476919764657832
2024-08-09,-0.013541633552667406,0.004399824364826987,0.005208690988249148,0.013642437734129192,-0.0019331677439321207,0.002452251987911254,-0.001135781683557143
2024-08-10,0.0010785754296191252,,,,,,
2024-08-11,-0.03721354652343721,,,,,,
2024-08-12,0.01075659964060797,0.0005253201136751975,0.0021513018510277543,0.007104625828735031,-0.02211425685721272,0.01699935451192235,-0.0001747493716200307
2024-08-13,0.02092453927711503,0.01631166218959137,0.024509971173245763,0.01704690743759989,0.0028731520422404324,-0.0015335341694870399,0.0020538861067455733
2024-08-14,-0.0313783013916643,0.0031499856356211283,0.00032411360905053364,0.002031526480746608,0.008985885029326868,-0.008189191333501105,0.0055381610934357155
2024-08-15,-0.02024486209713598,0.01699500857259861,0.02494947515173155,0.013439918756013376,-0.005226958623866258,0.0031339290416113642,0.0014746939005724669
2024-08-16,0.022911430101342656,0.002239469667383563,0.0012849046836262354,0.005901211862069209,-0.00017860391763186963,0.0221408117352879,-0.003682672252913738
2024-08-17,0.009881840637262366,,,,,,
2024-08-18,-0.01687023792647201,,,,,,
2024-08-19,0.017113663556006083,0.009515950300571948,0.013050445523424782,-0.0007082122916331751,0.0031517248482261255,-0.0016393656726291592,0.0047515321311987135
2024-08-20,-0.008112024604757306,-0.001627437600269879,-0.002100807053479062,0.002741007212034582,0.011746618569659023,0.003663270802502215,0.005561019879638232
2024-08-21,0.035987487774751865,0.0034307727003390835,0.004653209806888936,-0.00048572586404459716,-0.0014683776279931368,-0.0013345079227065216,0.0037320558476400963
2024-08-22,-0.013052114105543453,-0.007879651442834062,-0.015981944715887,-0.00829405359767552,-5.862214291544044e-05,-0.012047289256477975,0.0024622620655040902
2024-08-23,0.05966667778992524,0.01056948044386163,0.010787184365572817,0.010235543078494525,-0.005776256966201323,0.011487194343258993,-0.0034299728738610585
2024-08-24,0.0013196308130850045,,,,,,
2024-08-25,0.0024052261605437084,,,,,,
2024-08-26,-0.022842512079134417,-0.002386736774478714,-0.009755691119857864,0.0014977013129365655,0.0069509563645170315,0.0031842629268953445,0.006345743377981329
2024-08-27,-0.05519287756090793,0.001372045854220628,0.0029828659834792797,0.0037346712293784695,-0.00647832091337923,0.00270301522962425,-0.0020788509279929717
2024-08-28,-0.00804021450926693,-0.00582194364833986,-0.011412312331292595,-0.006776506452122255,-0.0011229568916368243,-0.007051666972008083,0.0011842694816812614
2024-08-29,0.006089656742738993,8.929497271897521e-05,-0.001464962453874484,0.014465145148880126,0.005721058229722815,0.005164620716356872,-0.004750552482151741
2024-08-30,-0.004534788620027655,0.009500933781930686,0.011848984695834952,-0.003443896986593339,0.008841530385532906,-0.0071515197828322195,-0.004008112199441408
2024-08-31,-0.0025333050495830443,,,,,,
2024-09-01,-0.028281771257721453,,,,,,
2024-09-02,0.030696731082648924,,,,,,-0.0032191761828712752
2024-09-03,-0.028857442236703133,-0.0207936920363189,-0.030831434239873393,-0.027582126400669406,0.01722297925079315,-0.00433295027353233,0.0020453785580929677
2024-09-04,0.009367548966836616,-0.0020490874981778924,-0.002601902264045018,-0.008656118486674984,0.007876292448675316,0.0006077417877377091,-0.0016808504021881394
2024-09-05,-0.031738730145491646,-0.002435114858177885,0.0009331540875257496,0.00690389062052107,-0.0024475951869930533,0.008297784905920138,0.0028546480269664664
2024-09-06,-0.04017885990554018,-0.01697328104557086,-0.027152588304525903,-0.007039707223623784,0.0006835637523140462,-0.007430165851405754,0.002762948065971709
2024-09-07,0.003532917856170691,,,,,,
2024-09-08,0.012880905395702242,,,,,,
2024-09-09,0.03894551366544674,0.011134100571604098,0.0127776947427076,0.0004074640735919906,0.0026730283909923384,0.004197056104325384,-0.002153233494915558
2024-09-10,0.010973955159393974,0.004346212446947234,0.00919929865366494,-0.0036279779390033322,0.009778307484828226,0.004394427867847918,-0.004491381464581687
2024-09-11,-0.005314110423381013,0.010206680553018616,0.021483010333300936,0.011518566410296529,-0.022007484948539695,-0.0015918222264343484,-0.001499998659979876
2024-09-12,0.013576697629400721,0.00838778357424532,0.009768168264567207,0.000493882544892547,-0.002590952190671616,0.01741476344611925,-0.0009143102407975252
2024-09-13,0.0411907229072504,0.005209147951495396,0.004470022832530902,-0.0012128122057427316,0.003510476519018887,0.009894570827460453,0.006063349541865521
2024-09-14,-0.009391286288541528,,,,,,
2024-09-15,-0.013798343779418605,,,,,,
2024-09-16,-0.016874951656180977,0.0014760339999137799,-0.0044277777298890025,-0.02816816852809427,0.017989856544350487,-8.375168155570817e-05,0.0009531874092983568
2024-09-17,0.035717088660707746,0.0004083748900554105,0.0005281409574507527,0.0021702266753216653,-0.007702985353056407,-0.005546263478781612,0.003699262354885196
2024-09-18,0.02199433056839477,-0.0029701369002973965,-0.00433893393360835,0.017829811688005414,-0.011206395519641317,-0.007740344731775493,-0.000578565328448507
2024-09-19,0.020721119053916288,0.016920307923775156,0.02496990474995083,0.036395241425390926,-0.013779091192070176,0.015421236419487627,-0.0007449134913267066
2024-09-20,0.0040040116474054175,-0.0017301318311112323,-0.0019051907187794786,-0.002931758725845806,0.015502426012580908,0.012630557682531525,0.004232548367000081
2024-09-21,0.0031893030164782386,,,,,,
2024-09-22,0.003996604788029707,,,,,,
2024-09-23,-0.005023067643079772,0.002495817124092393,0.0026472240872478106,-0.007609972311959691,-0.0025863012005862916,0.00193852671610104,-0.00010050347335537372
2024-09-24,0.015234244172186632,0.0028571377996975157,0.004811996753730909,0.003966191805385207,-0.0030544493922791925,0.013872405171650835,-0.004409974978157959
2024-09-25,-0.01818596455888868,-0.0022078885428664426,0.0009266901045253638,-0.0044077241068299555,-0.005673213230411383,-0.0013827232563758825,0.00712578174023549
2024-09-26,0.03176403065562404,0.003956800645357593,0.007484957611635558,0.005067206871726251,0.005499909961716114,0.005073989582052931,-0.0053908146634261515
2024-09-27,0.009309629648678252,-0.0014513072431050762,-0.005572468708966445,0.0011858661103209182,0.001960965632645556,-0.00796748708764577,0.004138093124158529
2024-09-28,0.0014730503557602514,,,,,,
2024-09-29,-0.0038372626776130244,,,,,,
2024-09-30,-0.03576247704956806,0.003999113022499457,0.002708123904499881,0.022614433428273805,-0.0020187400637472984,-0.008031540905021974,-0.0006591266714528767
2024-10-01,-0.04015297041725014,-0.00899869238281433,-0.014030307094927278,-0.02957464927194047,-0.0009242908619071459,0.01043659814331518,-0.0029778807029176247
2024-10-02,-0.0033625289659382266,0.000421992719650843,0.0014119157643741572,0.002516574093651485,-0.006493510052294826,0.000203566476664949,-0.006549189271602771
2024-10-03,0.0020860853737759526,-0.001829849680570939,-0.0007473529576615339,-0.004906649879491466,-0.010525257855459191,-0.0006922454344502302,-0.0013930498135304333
2024-10-04,0.021300283559387175,0.009046337139021374,0.011827889988415666,0.004994907172197257,-0.007315564422996759,-0.00199802503899798,-0.0011704967526170221
2024-10-05,0.0003620026165009027,,,,,,
2024-10-06,0.011672701783517451,,,,,,
2024-10-07,-0.00931261159307203,-0.009081569912770038,-0.010769437663394946,-0.02278861556233194,-0.010476391323017142,-0.0033935140367649104,-0.005546439110082104
2024-10-08,-0.0016835665376192953,0.009412989374939376,0.014824171435114032,0.018236746214728466,0.006203921344745105,-0.007399232494344503,0.00010970371752365722
2024-10-09,-0.025261155468464205,0.006902692015959659,0.007837694804427316,0.016560565824221957,0.006579200177703087,-0.0054610705017173605,0.0
2024-10-10,-0.005090366975952731,-0.0017515942371071475,-0.0011362562413439708,-0.002180699851122736,-0.00189251105454948,0.007316064767089658,-0.0029590431965937944
2024-10-11,0.03537847936044716,0.0059704089810214845,0.0015619417598469936,-0.006526593363848884,0.012586952248039697,0.01085428686886074,-0.0008642155597103411
2024-10-12,0.01190629833225701,,,,,,
2024-10-13,-0.005421094129359057,,,,,,
2024-10-14,0.049580549288290116,0.008145187294726026,0.008356489522764923,0.016345546383963523,0.008265527992753112,-0.0016308312397319176,-0.000775923506742071
2024-10-15,0.014952642422039789,-0.007800181290675205,-0.013456911401706746,0.01096435662917942,0.006125976387581118,0.0034623584364339233,-0.001484810288522294
2024-10-16,0.008490108547449185,0.004337078571955299,0.00012213230741494035,-0.00889129467089114,-0.006879612578653676,0.0049891427128232555,-0.002299151620178001
2024-10-17,-0.0031535287872272158,8.577971795051423e-05,0.0006924067611841333,0.0015950751966288344,-0.0005804923030720947,0.005970452161761758,-0.0019897641570457317
2024-10-18,0.01500489704966544,0.003839206732384434,0.006533284976746663,0.012201807667000455,4.0825430834521524e-05,0.010562207979593495,-0.0030369451370040068
2024-10-19,-0.000819623721527923,,,,,,
2024-10-20,0.009303330181939204,,,,,,
2024-10-21,-0.023963262921302488,-0.001643661052236779,0.0019193613947915314,0.006278084577474756,-0.010210689284187866,-0.0001990210805239133,0.0036018577389630843
2024-10-22,-9.56779931777652e-05,-0.000531233286671082,0.0010893935762123527,-0.0026250991805514532,0.0009432830714267803,0.010729555523637746,-0.004684178358743221
2024-10-23,-0.013890438213698968,-0.009179534377911844,-0.015442394913294579,-0.021860348392230507,-0.0007073788733048074,-0.012123752431615111,-0.0019021563077478245
2024-10-24,0.02569154796745315,0.002160499091810152,0.00807605232313961,-0.0008236926694633689,0.00023584856045626477,0.007663817134299539,-0.0015536373352375663
2024-10-25,-0.02253213347279499,-0.0003454350047973738,0.006075136663844556,0.0036365492743101165,-0.00828797685513735,0.0020548662166116312,0.004040108121261029
2024-10-26,0.00557070573324996,,,,,,
2024-10-27,0.013555484057566741,,,,,,
2024-10-28,0.028709215102556977,0.0030865506613739747,0.0001614531382048814,0.008562738837634991,0.00639953517688462,3.945329776617785e-05,-0.0025512817216714694
2024-10-29,0.03944659057776213,0.0016172982146063987,0.009562551054070546,0.0011560738307278412,-0.012660885879623454,0.010835937036952448,0.0018695482944515605
2024-10-30,-0.00525236341818716,-0.003029923390207819,-0.007586181054176519,-0.01539588646723029,-0.006059946447992864,0.005490789207931537,0.0003570095333019306
2024-10-31,-0.029806220896924952,-0.019797856315194446,-0.025566949475430287,-0.018377192191068547,-0.005915521881167847,-0.01561647178727062,0.00355552811789075
2024-11-01,-0.010490161236778449,0.004211787176001094,0.007371822470110567,-0.013368508260958702,-0.0004844364075651211,-0.004110813705942248,0.0024788833789448966
2024-11-02,-0.00278436278553029,,,,,,
2024-11-03,-0.00794258611024876,,,,,,
2024-11-04,-0.013615611362265724,-0.002156338472839295,-0.0029174887913919986,-0.0040457771585168615,-0.0001211939132490231,0.0014248987496042703,-0.0010661677399958194
2024-11-05,0.022572112490931908,0.012019295090288613,0.012676137184780091,0.006465203504127892,0.004110745498468302,0.0022519104403696992,-4.3521069384201406e-05
2024-11-06,0.08666903126846402,0.024561255217756324,0.02680091467807077,-0.003272276440207543,-0.028826046278198805,-0.030857976694085517,0.005539332429711126
2024-11-07,0.0035076496874788744,0.007702635457239333,0.015621636713527058,0.021146858474635866,0.014547570542035778,0.01594864539186116,-0.01858962293453205
2024-11-08,0.008404323339316332,0.004322282865576509,0.0011677084539209533,-0.0011888362514780944,0.02597390793217582,-0.006792442588197375,0.005769485943921089
2024-11-09,0.0030444063813357424,,,,,,
2024-11-10,0.04700704537184314,,,,,,
2024-11-11,0.09734014312496264,0.0009523723239223555,-0.0005836239200343907,-0.01210144867444562,-0.010067780131148929,-0.02375140115119195,-0.0074639193703969955
2024-11-12,-0.008442066269106777,-0.0031112825784092575,-0.0018116896775897753,0.0,-0.001145144025923074,-0.008668821068980244,-0.004724823568674232
2024-11-13,0.02944485048776148,0.0004856515659483951,-0.001287540832093316,0.0039612993640855704,0.0044521493139376535,-0.010132384997697268,-0.004479643966715406
2024-11-14,-0.03749692231881138,-0.006450779429981379,-0.006973893248936,0.013676425916223377,0.002997201656917895,-0.002612551531378293,-0.004966864548694718
2024-11-15,0.04280211829142622,-0.012891343001767624,-0.024114381587527954,-0.014209726692821893,0.014616068941008052,-0.0017736414154014318,-0.003227449035962479
2024-11-16,-0.00558881224411838,,,,,,
2024-11-17,-0.007900350440318173,,,,,,
2024-11-18,0.007725465406075372,0.004089115931810348,0.006923535442618297,0.013332994360030487,0.00711175919965264,0.01884162282592499,0.00034760225258057047
2024-11-19,0.019697543183651734,0.0036485015436559,0.006856133858216413,0.0011395214906782835,5.84469745574811e-05,0.00891942849470824,0.005789229842806905
2024-11-20,0.021381444998432572,0.0003387417518020329,-0.0005761396281265138,0.003149168054939831,0.0007609878919905176,0.005616245032295766,0.0011979117760981743
2024-11-21,0.04320463738221239,0.00535408862020691,0.0035907636655329784,-0.0020982310689191806,0.010825503200370262,0.008304918886222272,-0.005806694288349814
2024-11-22,0.004991722095061175,0.003094590534963127,0.0016027127079384603,0.005890135574902158,0.020228019964076825,0.012809813332372074,-0.0073132804671590685
2024-11-23,-0.012404002529793906,,,,,,
2024-11-24,0.0024162403264788948,,,,,,
2024-11-25,-0.05140963729329047,0.003386412252227037,0.001580414064093768,0.012966370936938485,0.006277157536641834,-0.029901483187305778,0.0010054927377039545
2024-11-26,-0.012069852534281012,0.005207792817385251,0.005354873851397547,0.009360464058107474,0.010765341112907716,0.001936433160954421,-0.0034002086829326983
2024-11-27,0.04232881330495687,-0.003034556287908613,-0.007904569790073498,-0.0005531645317349096,0.00027878509429999103,0.0022202481870022992,0.00448025683300722
2024-11-28,-0.003236310003132818,,,,,,0.006768694192798784
2024-11-29,0.018736162907207532,0.0061929526756002665,0.008748496503725254,0.010163923894818499,-0.0005575592786024002,0.008587567442534243,5.281773593705406e-05
2024-11-30,-0.010442730465097628,,,,,,
2024-12-01,0.008576311620290235,,,,,,
2024-12-02,-0.014647119798360832,0.0017906542793228823,0.010829242171802367,0.00947748282971288,0.002451522542116514,-0.008792948302693988,-0.0016992399754418089
2024-12-03,0.0014266034685602644,0.00046377791930255873,0.003061275415367885,0.012691072584695458,-0.024105732995898452,0.0020107532444556663,-0.004167117568172117
2024-12-04,0.028408310872006196,0.006190300704418938,0.01228733963921416,0.0014824442943987145,-0.0017687695589744163,0.00302908748607766,0.0009139811661724639
2024-12-05,-0.022266865312221884,-0.0016470582568723243,-0.002775271131470727,0.00012340629053475874,0.0052400761462682854,-0.0074252082091734815,0.0003153593821823031
2024-12-06,0.03386480176780916,0.001894046731556188,0.008909935385254503,-0.0008232493553872223,-0.012634104504429911,0.0003705001517975754,0.006773005972460674
2024-12-07,2.62704848226063e-05,,,,,,
2024-12-08,0.013051327819741106,,,,,,
2024-12-09,-0.03829250346621322,-0.005163033532133834,-0.007817957635952479,0.01597295266888926,-0.017585627572443346,0.009870874002918592,-0.001903646640996115
2024-12-10,-0.007802793553987951,-0.003113859157499747,-0.0034133985842910667,0.004125320928681847,0.00868637983242158,0.013078415980993926,-0.0009714799294297815
2024-12-11,0.04547294957076326,0.0077009345246938825,0.017743974089716036,-0.005179562992819888,-0.009623546846361165,0.009488652360594872,-0.0021088709645177175
2024-12-12,-0.011232138149604486,-0.005165912970182821,-0.006474524309581367,0.005946060380318725,0.0012885527420938455,-0.01477229774782158,-0.0024826807922637144
2024-12-13,0.014057223472297039,-0.00019884718053130086,0.00762529298474128,0.0006853353430694134,0.001228367653677428,-0.01216527622337442,-0.0031261282522741423
2024-12-14,-0.0008508417934171539,,,,,,
2024-12-15,0.02845237769652882,,,,,,
2024-12-16,0.016460567443030164,0.004261098260826738,0.01429775318298834,0.011659422964560157,0.0004674689576565027,0.00241229791280552,0.0034308317144111627
2024-12-17,0.0010452246330361938,-0.004128563351590495,-0.004413496197216575,0.00967265630162667,-0.00474416985650638,-0.003846011153453628,0.0006939144774902469
2024-12-18,-0.059179154653770175,-0.030256726393078033,-0.036743736703078476,-0.021654506017711135,-0.007365810974515448,-0.01937149963953244,-0.0021222625439105583
2024-12-19,-0.025825905125142587,-0.00030704645349531975,-0.004463307670596199,0.006990182542238278,0.0006504841393745013,0.0014200879312812307,-0.013892921674058333
2024-12-20,0.002714273553183173,0.011939436007075267,0.00869472075038838,0.01864099329132848,-0.006701246946625052,0.01037999743966833,0.0014189884036627928
2024-12-21,-0.00544879117211963,,,,,,
2024-12-22,-0.022044180382015402,,,,,,
2024-12-23,-0.0044121754491209825,0.005970256145212841,0.00969568153256615,0.003060352806045138,0.0002974442507785111,-0.004719916680210798,0.006551310157174737
2024-12-24,0.041273994068279446,0.011053851184183533,0.013468563570503325,0.011412583188853985,0.004925013904962369,0.001990032656870636,-0.002615307224549931
2024-12-25,0.006294761562737073,,,,,,-0.000312110508902009
2024-12-26,-0.035921593296803764,6.652143851463915e-05,-0.0006797491879507025,0.003170779304427241,0.007195486720709576,0.0067284927019149185,-0.0002911159457427181
2024-12-27,-0.01716880486495554,-0.010582308699819935,-0.013382101234281081,-0.013330596014242828,-0.0037091906409576682,-0.006894214453703814,0.0022696037204858978
2024-12-28,0.010553910906912645,,,,,,
2024-12-29,-0.017316317368601404,,,,,,
2024-12-30,-0.00952898919172895,-0.011477325916348764,-0.01338919936829139,-0.013352197091684535,-0.014497376871383444,-0.0031947790408758405,0.0005943154668251187
2024-12-31,0.00844829005287248,-0.003644579131282699,-0.008530912619979228,-0.007082945445313276,0.003345876596327153,0.006214287831739849,-0.002229418304886993
2025-01-01,0.010546386456946345,,,,,,
2025-01-02,0.02579371069354611,-0.0024601731291784743,-0.0019580668129096784,-0.026586160060075692,-0.01001117693441701,0.013496228917030742,-0.005230906422146218
2025-01-03,0.01251903875349227,0.012425951027439135,0.016232743515178717,-0.0020115308879364666,-0.005134125800762493,-0.007895124609843816,-0.008113997132924225
2025-01-04,0.001311953703357832,,,,,,
2025-01-05,0.0008011590284728617,,,,,,
2025-01-06,0.03756185651681786,0.005744137498316307,0.011427316233573657,0.006716400145041065,-0.02781625342053598,-0.0012328556129918074,0.003610662579582716
2025-01-07,-0.05182428297869528,-0.01136849654505707,-0.018005303436207955,-0.011453114152515327,0.004349321956803166,0.0056176267350635505,0.007831709997193285
2025-01-08,-0.019578857696565647,0.0014599780364298663,0.0001746485738363895,0.002020945345819096,0.004947236108628259,0.005301603121984425,-0.003939010992033952
2025-01-09,-0.027298849179035745,,,,,,-0.0029853923848209975
2025-01-10,0.02369326562915915,-0.015385229890816907,-0.015805368204191282,-0.02439897557084135,-0.02208036121435435,0.009512918374949771,-0.0016592591806951788
2025-01-11,-0.0014250624978636736,,,,,,
2025-01-12,-0.0008268095689983134,,,,,,
2025-01-13,0.000297197889065057,0.001549346330506105,-0.0032188762924146826,-0.010398045312126373,0.0017644320208925976,-0.01000110030367562,-0.00517668789558367
2025-01-14,0.02112109307155958,0.001374983513596442,-0.0009499196199901282,-0.004789652468120201,0.005650025081863911,0.005235693007988435,0.002030483986235354
2025-01-15,0.04030666140622702,0.018026520303546564,0.02274561908933158,0.01948488731870582,-0.0005636477792540827,0.007461090407550896,0.004042511093745486
2025-01-16,-0.007466135920999606,-0.0019250258231096,-0.007030598624764963,-0.04123893151690381,0.005310086731720561,0.0068871946090514665,-0.0011228832625102638
2025-01-17,0.046087453886957834,0.009989991745035336,0.01673751708730998,0.007507064696791382,0.003917566348911694,-0.005321403332684962,0.0006487944949136819
2025-01-18,-0.0005167685444558994,,,,,,
2025-01-19,-0.032299629277246486,,,,,,
2025-01-20,0.009128828074566006,,,,,,-0.002387160083696559
2025-01-21,0.03968183425876291,0.009111840596228963,0.005847830190747795,-0.032436339706821006,0.003654968927963465,0.015366546556984287,0.013846491055078888
2025-01-22,-0.023768546993042258,0.005605725976620758,0.01270498907778401,0.00533073634903999,0.018502037342113992,0.005122510213068569,-0.0014162053621806219
2025-01-23,0.002958402684215798,0.005443078906516337,0.002123726492082313,-0.0007597667449294769,0.008522574603922731,-0.0014158718257654048,0.00040591449116566636
2025-01-24,0.00823181116278129,-0.002923547955896641,-0.005667216336586593,-0.003942266133607039,-0.006213999213145317,0.006199449222329872,0.0005623270136917337
2025-01-25,-0.0010006574570037008,,,,,,
2025-01-26,-0.019597313563924395,,,,,,
2025-01-27,-0.005809577851448121,-0.014246265141828212,-0.029546978424561887,0.031285608260701425,0.03319857184301774,-0.010459313683880304,0.004938921534779492
2025-01-28,-0.007425167615395995,0.008555538066428732,0.014671846961327062,0.0358920530691136,-0.02066465964782787,0.008619165823801737,-0.002153932561904579
2025-01-29,0.023126120746530303,-0.004492895597858128,-0.0018797046738474627,0.004606248776426157,0.0002405307882688035,-0.0038478030414185464,-0.0015342817485930794
2025-01-30,0.009903181107726793,0.0053527269690866785,0.0042532073154022835,-0.0074222408144265315,0.00707348218215052,0.015031970539815968,-0.0003649282085413558
2025-01-31,-0.022500491172309005,-0.0053360588431012705,-0.0014541424815457098,-0.006714582920205193,-0.008518296782355203,0.0019744486005825435,-0.0026861791364861222
2025-02-01,-0.017227936971828707,,,,,,
2025-02-02,-0.029919108206548826,,,,,,
2025-02-03,0.03733783666464687,-0.006752394526380682,-0.008035209423030504,-0.034442425564841186,0.01654999822565957,0.005323078655223283,-0.01448189426502745
2025-02-04,-0.03546789334061943,0.006685926146732894,0.012200433247485758,0.020790325663487513,-0.003739856837244847,0.00980023748604468,0.007736208334642574
2025-02-05,-0.012920048753753386,0.004046405265045614,0.0045277314691783595,-0.0014185589597766808,0.00522022843874967,0.00619034264242983,0.004388368698745603
2025-02-06,-0.00022926951799646017,0.003469485562323637,0.005205988299364614,0.003221032282342159,-0.0007694673506107183,-0.0026537744373774834,0.0027005333349387236
2025-02-07,-0.0006649766736617645,-0.009195528651244959,-0.012693197590150614,-0.024260743875656753,-0.0054030077915024595,0.001782570144409176,-0.0014550635639053737
2025-02-08,-0.00048321269944663663,,,,,,
2025-02-09,0.00018282093727943363,,,,,,
2025-02-10,0.009667728227994938,0.0067681327869533,0.012032251327052785,0.0011867541788795966,-0.002622868658564039,0.01679638680250656,-0.0071612243912707796
2025-02-11,-0.01749792436938306,0.0007602428865703221,-0.002383472273611358,0.021596860853600495,0.011277348218465454,-0.003658285589870855,-0.0009790906251212763
2025-02-12,0.022088315919347463,-0.0032265904305730647,0.0005868382334765009,0.018105177708689794,0.0008848994032382342,0.001046607072714827,0.006137893242324767
2025-02-13,-0.012976316589520155,0.010502022043183255,0.014283265865419698,0.01948224854777441,0.008455835040082767,0.009814510830150894,0.0026050744738818675
2025-02-14,0.009118577917229297,-4.9254927825826206e-05,0.004189892996402993,0.012630594967861392,-0.04870549116842064,-0.014983466926549421,0.0066834911027321
2025-02-15,0.0007317962415499838,,,,,,
2025-02-16,-0.014506383627455663,,,,,,
2025-02-17,-0.004184968400662239,,,,,,0.002629322305061365
2025-02-18,-0.0024445399934847232,0.002931669128514453,0.0022643946368731405,-0.0005316274709570028,0.015472976349650105,0.01642526914447792,-0.0003670411630294712
2025-02-19,0.01140703518992484,0.0023521747666686295,0.0002780499403344975,0.001634879405384977,0.00638735327047225,0.0005539429240083393,-0.0035378371130214345
2025-02-20,0.01742191135803241,-0.004168940988582983,-0.004253544092282374,0.003912727454307781,0.004315224954961481,0.000516699154436362,-0.002619032156404236
2025-02-21,-0.02271409470424543,-0.017252045464502593,-0.020973027994291675,-0.001139670634083971,0.017899797459126305,-0.0009229691054979344,0.0076049269657811865
2025-02-22,0.00469334730219672,,,,,,
2025-02-23,-0.0031509830703417255,,,,,,
2025-02-24,-0.05175320553649131,-0.0045609681557841385,-0.011874659429767755,0.006292589463524479,0.0018193410513759115,0.0054148811569904014,-0.0024541613434621305
2025-02-25,-0.029776669354997204,-0.00498546007619155,-0.012679322989390233,-0.0002428776543699362,0.012296584104920101,-0.013276072540975698,-0.001287627798320897
2025-02-26,-0.05072808622097089,0.0005045193024182174,0.002412890958295435,-0.027412498442933024,-0.007849933265696649,0.0015251697060953886,0.005980862832362414
2025-02-27,0.00422598066095089,-0.016090588569414192,-0.028164200901613576,-0.012812628391607893,0.003903553011009882,-0.015357280506670757,-0.0033620277203350937
2025-02-28,-0.003917962993897036,0.015485093169848824,0.01566804747112976,0.01895114882838302,0.010815336785149439,-0.006285532695668532,-0.008969571024957386
2025-03-01,0.019470783362415745,,,,,,
2025-03-02,0.09121501495686515,,,,,,
2025-03-03,-0.09082270482945609,-0.01767537421104162,-0.022125539747569995,-0.015879584903652395,0.010016354418379949,0.01309428477593445,0.0018000872765831179
2025-03-04,0.013348200634372372,-0.011907401191118678,-0.0030222818428299603,-0.008861679688092787,-0.013820189709307174,0.008660029400338953,0.006812887153838506
2025-03-05,0.03825541905303624,0.010690354858783868,0.012951850347506429,-0.000805492429716676,0.008223342190735549,0.0020791481693780457,0.013448043458163524
2025-03-06,-0.007329931515325766,-0.017910329035775926,-0.027894904119441746,-0.0017406835873191322,0.000286452391324016,-0.005094160642131142,0.01568010434631488
2025-03-07,-0.0364383782693103,0.005589106079687923,0.007326630128708929,0.015767586656844947,0.007358510772719461,0.0005218196474086795,-0.000647444013491739
2025-03-08,-0.006802656950121629,,,,,,
2025-03-09,-0.06663174322153219,,,,,,
2025-03-10,-0.026005355987276976,-0.026996599292966498,-0.03952732961962001,-0.04969413952822101,0.0017604270040158508,-0.008794495623060066,0.00671099553549719
2025-03-11,0.05367293406512474,-0.008347814223819708,-0.002393388273116929,-0.02962387616166318,-0.017975386836426358,0.01165930639065754,-0.001952945686590632
2025-03-12,0.010326959815815329,0.005292633728669656,0.011217678800886345,-0.017633178600504017,-0.027820876425418837,0.004337373317600702,0.006874012208263975
2025-03-13,-0.032233767760911476,-0.013420289364922736,-0.018154202121180272,-0.03422274892490426,0.0013057983776586471,0.01760034574283983,-0.002561529979828587
2025-03-14,0.03517658147592443,0.02044550226756086,0.023882974430771885,0.01800745100151966,-0.0036843887394518095,0.0003996778676249641,-0.0028155966319873735
2025-03-15,0.00444422215127116,,,,,,
2025-03-16,-0.021129378542194648,,,,,,
2025-03-17,0.017953698574085318,0.00768163565547106,0.006462730771709596,0.002386116066015787,0.01060020705120397,0.005398932434643415,0.002358530074516342
2025-03-18,-0.01627415768219446,-0.010867171874899478,-0.017194442080339573,-0.006140385937835019,-0.012149179572815437,0.011604364010877142,0.0034771243239103676
2025-03-19,0.048787879453061046,0.010831906618755681,0.013292760602974761,0.011918018625125523,0.005114739788601209,0.00409929439969153,0.0018579471337151732
2025-03-20,-0.0314259156183106,-0.0028957723335400003,-0.0033953444106440346,-0.005310463195201758,-0.006069278115682694,-0.0012814060805390753,-0.002523804174013747
2025-03-21,-0.0014737866362900664,0.00032964687848622035,0.0032913063511417415,0.01928958046898615,-0.005146051974057338,-0.008082476604942154,-0.005072068371072948
2025-03-22,-0.0025108802510379665,,,,,,
2025-03-23,0.02615878981767563,,,,,,
2025-03-24,0.016647018673748026,0.017750086193809182,0.021707046583332293,0.011207323573550563,-0.006258748424526313,-0.004462490783133984,-0.0019306529647782715
2025-03-25,-0.0003110343685901033,0.0024009971253177113,0.005690351579622111,0.013589228794342463,-0.017047429295771205,0.004390711790074645,-0.0029753684650426575
2025-03-26,-0.006547157036869115,-0.01201017454148931,-0.018572067390751842,-0.009971390117563473,0.022645954798808807,-0.0008263225124260293,-0.0014897398063046796
2025-03-27,0.0031735085032361422,-0.002659284863130742,-0.005714363483389678,0.010418207068331341,0.012705795229433221,0.013316671121389569,-0.004219871121378601
2025-03-28,-0.032929565500329085,-0.02034382556782497,-0.026680480621459172,-0.02693996501737922,-0.004038916455563733,0.007384788228782128,0.005471904928493531
2025-03-29,-0.02103168000812764,,,,,,
2025-03-30,-0.0031899515997126566,,,,,,
2025-03-31,0.002600512811616096,0.0066904524718166955,-4.270240293874183e-05,0.01922646968933585,0.014123433509357849,0.014261049112946074,0.002119260589161071
2025-04-01,0.03124852053156838,0.0028204874356634155,0.008028799895399204,0.004760834779798114,0.0008212332987268083,-0.0019801896396476866,-0.00046531882945168224
2025-04-02,-0.03201445832298525,0.006308384306950964,0.0072719907290804825,0.0031314273612553694,-0.006234180074262576,0.0020495598046479263,-0.0021182604350527302
2025-04-03,0.007453656492041082,-0.0505366499872194,-0.05501983500618541,-0.09701342789641279,0.016906467132104544,-0.0060565822044141146,0.010385541263550277
2025-04-04,0.008876865806506007,-0.060326384028059545,-0.06412135888560226,-0.07568032046579382,-0.051418537079188364,-0.02367020473214484,0.012304011200254634
2025-04-05,-0.004051522069073574,,,,,,
2025-04-06,-0.06544922522509501,,,,,,
2025-04-07,0.012967507560798076,-0.0017827813112997293,0.0024103695117574657,-0.03742591488083676,-0.021730679727547778,-0.021719986685703737,-0.005374859221748646
2025-04-08,-0.03811707626174969,-0.015786794395784697,-0.01817276008952135,-0.051101920416750976,-0.011549812373676568,0.0054290299021522185,-0.006318140368247303
2025-04-09,0.07938900944238107,0.09986284608912066,0.1133562265446417,0.14261744902614956,0.024509277720706515,0.036323492196158734,0.00594474617600662
2025-04-10,-0.0363518545774045,-0.0448080471617409,-0.04346316097561369,-0.043318714611892455,0.007610204357775495,0.02413009288681445,-0.0025880638328910897
2025-04-11,0.04636385379527456,0.01768539294340638,0.018255378558624018,0.03979219156609035,0.020274887710219465,0.01890679950058093,0.02753679368654884
2025-04-12,0.022317029488567466,,,,,,
2025-04-13,-0.018963852136872177,,,,,,
2025-04-14,0.010193602875445013,0.009654680107025373,0.006755349593227849,0.02181440036785725,0.013212940638446663,-0.005722318290653523,0.007548715960574773
2025-04-15,-0.010384627625774925,-0.0028047392406681144,0.001114169966101011,-0.0018781365674717095,-0.003909973154286097,0.005218738019025799,-0.0003062899835378224
2025-04-16,0.004351453244225117,-0.022478798426379256,-0.030617518412046088,-0.039711546053642695,-0.01242332046654757,0.032022570753676,-0.004152990399168905
2025-04-17,0.010204134780153822,0.0014257923621276338,-0.00018006730892834326,0.013853249319253436,0.025163089194957144,-0.004400359490663115,0.009177768277881679
2025-04-18,-0.005254861395886236,,,,,,
2025-04-19,0.007227854353502602,,,,,,
2025-04-20,0.0013027740444132617,,,,,,
2025-04-21,0.027155041278542923,-0.024090503650422725,-0.025058125331444702,-0.019583362691720056,-0.022802852102222593,0.030466725196562627,
2025-04-22,0.06548491099549585,0.025684995417016496,0.02591343238337554,0.03349770805221996,0.012768867719882924,-0.014297390879940051,0.01012583360643525
2025-04-23,0.0027489316822658697,0.015376528663946976,0.022424767692723738,0.024040263112388,-0.012889532090094967,-0.024270798064606143,-0.014129519405897227
2025-04-24,0.0026080137382399186,0.020830549392469144,0.027748600648374186,0.018258556649684416,-0.03812791923207531,0.014451351409752674,-0.0021091061414329868
2025-04-25,0.008233751969906927,0.007199399733574162,0.011086288049104274,0.00435762671970507,0.009296377495990963,-0.010900878955956528,0.003927005358487813
2025-04-26,-0.0007770112983303527,,,,,,
2025-04-27,-0.009470108357138424,,,,,,
2025-04-28,0.012969852186459676,0.0003812293734920367,-0.0003174364505549978,0.004100853960753172,0.005141606477800524,0.014141637459613693,-0.0025327013127678976
2025-04-29,-0.0073333094254447225,0.006279582464638656,0.00658267493226727,0.005079073058959891,0.0025297723640033843,-0.009786658970495412,0.005801755768966738
2025-04-30,-0.0008220669855229902,0.000396845329843556,-0.00012620817174354294,0.006089009921960949,0.0019087810907110218,-0.007510353244041899,-0.0017440288024672278
2025-05-01,0.023965778896188162,0.007061810223084447,0.01297620182391274,0.003851464551987565,-0.01605977725933829,-0.02099106650379782,-0.005667270687163898
2025-05-02,0.004319853436324106,0.014735252807451058,0.014734750816403313,-0.03807757245772203,0.0033696528997083654,0.0017466735903771576,-0.0025109355398079715
2025-05-03,-0.010562998380901132,,,,,,
2025-05-04,-0.016569841900567834,,,,,,
2025-05-05,0.004570714740087168,-0.005751017136329908,-0.0059501725726331675,-0.03196397952264492,-0.010584014215479755,0.029430400577679455,0.002363767033181694
2025-05-06,0.021451265529472022,-0.00839344835526772,-0.00934522631768619,-0.001912525164044045,0.002640801815143564,0.027638515747736927,-0.0008714538758396441
2025-05-07,0.002371543824223951,0.004196729249441555,0.003918268908010549,-0.011450051753916314,0.0002511322153342285,-0.015106592963135799,0.002594115160183952
2025-05-08,0.062026403533745514,0.006943518382758819,0.010271933892103543,0.006298631440689827,-0.004026000066092434,-0.019890788928179075,-0.0032274857133955054
2025-05-09,-0.002624571996284568,-0.0012748185307110231,-0.0006555474292755615,0.00525233343800654,-0.006259660618834171,0.007228485693538802,-0.007277214631164086
2025-05-10,0.016618093181868365,,,,,,
2025-05-11,-0.005650983970075977,,,,,,
2025-05-12,-0.012501714607270616,0.03251307324194498,0.039932147435639866,0.061232530390413605,0.02034231641126876,-0.028595551740996136,0.00048270107969245125
2025-05-13,0.013111031807523908,0.0065822298340525425,0.01512583199903898,0.010101107307854204,-0.013578555565528738,0.004249948759953267,-0.012010660324811111
2025-05-14,-0.006070027639406428,0.001277138441893241,0.005975165092443742,-0.0028217892757707217,-0.0044829934666305755,-0.02126227662564288,0.008076757706772764
2025-05-15,0.0019801487371228356,0.004872452698348495,0.001098352652513144,-0.004153119684206215,0.027402475252201623,0.015837869719407486,-0.00032425159137525964
2025-05-16,-0.002464381118651062,0.006314102279205575,0.0043430489313248674,-0.0008989154258587225,0.005342515302828937,-0.012160689602209927,0.0009621084651180851
2025-05-17,-0.0028856472892223486,,,,,,
2025-05-18,0.031055414958406476,,,,,,
2025-05-19,-0.007920998372646527,0.0010932163119030398,0.0009582317737936145,-0.01180860671302216,0.009084028718189146,0.012798420816745652,-0.00045882807253922446
2025-05-20,0.011157568710076757,-0.0033678968350383067,-0.0033387389809690655,-0.009238763777644482,0.005266195693511677,0.018450974483986242,0.00409175580635506
2025-05-21,0.026675054496876065,-0.01699438516452477,-0.013994246376014959,-0.023329135189360545,-0.0012686400152663304,0.007351594562024017,0.004842086185194891
2025-05-22,0.01802796394236439,0.00039467514179156816,0.0018694061555394527,-0.0036187742583048813,-0.0024207375058861143,-0.008900989925318167,0.003822646550956042
2025-05-23,-0.04006256233899459,-0.006849183214543818,-0.009303768191334594,-0.03071112516555643,0.005016700482327676,0.021669792905121613,-0.004364242923425007
2025-05-24,0.004680702474076876,,,,,,
2025-05-25,0.011476897551184374,,,,,,
2025-05-26,0.0037072948540294247,,,,,,0.008030940913750891
2025-05-27,-0.00408109657520394,0.020577491444211893,0.02325282133614697,0.024983634850397583,0.01139018015402503,-0.017094433359300068,0.0013771138296125233
2025-05-28,-0.010999457493792041,-0.0058022148167059025,-0.004441910253057305,0.0010483354048508517,-0.002387076227330341,-0.002268589173612519,-0.004522343467707766
2025-05-29,-0.020245528009254558,0.003939507281933468,0.0019638266535384886,-0.002347813583758254,0.0071446676361175,0.0059072333619440654,-0.009163703876655521
2025-05-30,-0.015676574887611795,-0.0011189780143527213,-0.0015783612240807584,0.004491076551497529,0.007859250722106326,-0.006598665713002106,0.012798111458263317
2025-05-31,0.006130518270315466,,,,,,
2025-06-01,0.009643965283822335,,,,,,
2025-06-02,0.0021692037754339633,0.005617095675162658,0.007867245657825187,0.00422304755014603,-0.012497450641848925,0.026233913208447007,-0.0022049726468498553
2025-06-03,-0.004250198055930138,0.005686288008741855,0.007786527543477289,0.007753628371346302,-0.005558371478562263,-0.008894994642019345,0.008780564361130163
2025-06-04,-0.006666084188030525,-0.00026847990197680674,0.002783970787311622,-0.0022162082530769673,-0.0054086558911211865,0.0064213132412345815,-0.006040683214396936
2025-06-05,-0.030597731847037197,-0.004844484645630591,-0.007555465369796247,-0.010856416731508965,-0.01916409284829756,-0.005062672644074125,0.0032955128033733162
2025-06-06,0.02733035306445883,0.010216612089215106,0.009727865514616076,0.016265235233562988,0.007465896358957584,-0.01350688232494814,0.002779412678818525
2025-06-07,0.011669145986995247,,,,,,
2025-06-08,0.0016841596083658347,,,,,,
2025-06-09,0.041659964564867834,0.0009008769765978307,0.0014709584969651755,-0.01218645226259795,-0.008941201813478602,0.004707437493749117,-0.004023623614523357
2025-06-10,-0.00033431842692466013,0.0056536526136423855,0.0065922659640483645,0.006037678889490072,0.001720865762526907,0.00029346792267399537,0.0017697730981871202
2025-06-11,-0.01434738860972619,-0.0028559890477173793,-0.0033752497784456676,-0.0193803061435197,-0.004492955751160144,0.005397696978330561,0.0008232114164616173
2025-06-12,-0.02569916684533185,0.003966349722052468,0.002344908138834619,0.0021107094022437905,0.006578701233197064,0.01234370232269246,0.006264395784009404
2025-06-13,0.0015273471943905203,-0.011242927662179924,-0.01263417152327721,-0.013901489516828505,-0.017931597951977858,0.01301549409169947,0.007868715947294892
2025-06-14,-0.005847555254663668,,,,,,
2025-06-15,0.0007545779547483326,,,,,,
2025-06-16,0.011723623976989297,0.00946911814478643,0.013813979578395816,0.009978147215757682,0.003736452488576594,-0.014361734303802328,-0.003763006263429779
2025-06-17,-0.020773336361813687,-0.008581853965084374,-0.009798831213309354,-0.014109748545778743,-0.01477786265315124,0.0005130624809404316,-0.00046212368991682803
2025-06-18,0.0026943395038619066,-0.0001506471164413424,-0.0001702999549731366,0.004793127408847266,-0.0031592870264852556,-0.00540018233840262,-0.005965765260147934
2025-06-19,-0.0018995217392710328,,,,,,-0.00044775907821049477
2025-06-20,-0.013218729770939191,-0.0023511946213761307,-0.004091500062815386,0.022235552287411302,0.006685745019712629,-0.0004191069541604869,0.003069228728114232
2025-06-21,-0.010237095073649533,,,,,,
2025-06-22,-0.012500036871865046,,,,,,
2025-06-23,0.0444546821160779,0.00982891348822994,0.010229912194552533,0.0024844339906089923,0.012183389173503272,0.003058490504208936,-0.0010355737465834497
2025-06-24,0.004421629398587352,0.01098663429244116,0.015176253311772034,-0.005973181643514452,-0.004169462064118578,-0.015844238391270016,0.008500688032483909
2025-06-25,0.012329889288552448,0.0005602076849731048,0.002553190030548303,0.006270932803509719,-0.00870560465334975,0.0030327025232496515,0.00113727887091598
2025-06-26,-0.00374445620028651,0.0077933328130199795,0.00930691559477312,-0.0027821851506041706,-0.002141041092210302,-0.0011076604529502278,0.006138461676132699
2025-06-27,0.00120000602760066,0.0049560303319852355,0.0034177116013935625,0.0003979183634067224,0.007723861593864428,-0.018289975504647085,0.000724660809128604
2025-06-28,0.002231861322037002,,,,,,
2025-06-29,0.009808164803266642,,,,,,
2025-06-30,-0.011602107852204922,0.004769812405140535,0.006456149328470696,0.02013598512579886,-0.0033835883598101694,0.011913301279755133,0.0030093924011487484
2025-07-01,-0.013504224993731051,-0.000323632079386807,-0.008465166185971965,0.012833407333733232,0.011855076778408831,0.008883435847179964,0.005079122744651506
2025-07-02,0.02946777720135706,0.004523131373282762,0.006941234093660584,0.021987356595825232,-0.00012405504203745387,0.00551237530942954,0.0015571728454564678
2025-07-03,0.007218611789243165,0.007850489285618446,0.009792048674881157,0.005211437084864038,-0.0022978961606276837,-0.006846293882020621,-0.00044854130647288505
2025-07-04,-0.014825919147368482,,,,,,-0.0024396416038004946
2025-07-05,0.0018203901235928528,,,,,,
2025-07-06,0.009205212306969758,,,,,,
2025-07-07,-0.008570920982479692,-0.007480119682479856,-0.007561286069508833,-0.01700171208706939,-0.002053949962708797,0.0007485003525817282,0.0007889830282926394
2025-07-08,0.005987787747688724,-0.0005477670990051176,0.0005613782359973233,0.0002857690985449934,-0.016395350410726463,-0.010498326962963742,-0.0037627227491737413
2025-07-09,0.021576245274881944,0.005978718557821743,0.007053984870394073,0.005366341327769875,-0.0023462252713408746,0.004461316177625558,-0.0010205990022104786
2025-07-10,0.04101205071842649,0.002816242249871216,-0.0014392693259186475,0.005996816447692182,0.006139129290719015,0.002223316131965108,0.0005630181784850364
2025-07-11,0.013103070357299034,-0.0035214204347524193,-0.0022529375880492035,-0.005902063731171284,-0.009127275051631144,0.00955577301886398,-0.0024255019929678916
2025-07-12,-0.000696019205401959,,,,,,
2025-07-13,0.014211873752884076,,,,,,
2025-07-14,0.00613969178492453,0.0019062988954211628,0.00362039725886451,-0.012101822196916256,-0.02117134241467743,-0.0036620144241214002,-0.0017655424559011193
2025-07-15,-0.017443885857792257,-0.004282421636416066,0.0009162874718609827,0.002346032753829585,-0.007048744412691587,-0.004164364075514542,-0.0013541264909105511
2025-07-16,0.008129063950949825,0.003337615079474222,0.001023293881076439,0.005008797516134687,0.006853626714289788,0.004975696789391886,-0.005062042569506026
2025-07-17,0.0046325315439855776,0.006101040721242929,0.00806022142225953,-0.0006663967735435636,0.012219266736978814,-0.0021758989541098375,0.0024404861817701115
2025-07-18,-0.010844225617985717,-0.0007326812474744512,-0.0009615897277655336,0.005507987356699294,0.003468420880221135,0.0025975477973482998,-0.0017437986838320166
2025-07-19,-0.000536145993420385,,,,,,
2025-07-20,-0.005434339336073631,,,,,,
2025-07-21,0.0011821574696331473,0.0018943796948635745,0.005171361693961275,0.006137005974840423,-0.0004514499815305609,0.015253192127432761,0.0013133100172193406
2025-07-22,0.021529885923986695,0.00014311092236799798,-0.005189153378117551,0.008995641893247627,0.020999589015022555,0.0094401831613078,0.005469826150893581
2025-07-23,-0.010391307548023082,0.008471458892609137,0.004550889780965668,-0.0011667781863024622,-0.0002527277074325008,-0.012478717461642091,0.0038079958892339527
2025-07-24,-0.0032638027078905844,0.0003310947914258314,0.0021259991161006577,-0.001822810721298693,0.0033429297168624827,-0.006137070328856787,0.0029862395798766583
2025-07-25,-0.0062043007703418435,0.004215452124055922,0.0024041656907985375,0.0005612022815048572,-0.0032165578792345295,-0.009293039490678532,-0.0015412344485053924
2025-07-26,0.002644369296284202,,,,,,
2025-07-27,0.012646766556765231,,,,,,
2025-07-28,-0.012840860304521964,-0.00025113167611154325,0.0031203574831218986,0.0007946588520612744,-0.0075457170805092455,-0.006494663067578282,5.870991801312067e-05
2025-07-29,-1.9742703547879838e-05,-0.002641133326156579,-0.001550051957159854,-0.013072756763627699,-0.00318760296383881,0.002746613677307996,-0.013708151840823465
2025-07-30,-0.0007716619716275345,-0.0012601246347007209,0.0013387932475465588,-0.010563550635202222,-0.02410535322412154,-0.017424424698434752,-0.003958249450338669
2025-07-31,-0.01774942596736902,-0.0037582800219577626,-0.005313264464307265,-0.0071047515593244985,-0.01588954658562005,0.006623418228251275,-0.010582197162933812
2025-08-01,-0.0212871264623786,-0.016526276638686863,-0.019895229587494553,-0.025321452731960625,0.001195636287967239,0.020096397826572604,-0.0004913783030475
2025-08-02,-0.0070240041801152295,,,,,,
2025-08-03,0.014913601071925728,,,,,,
2025-08-04,0.007450970809323143,0.015085551910884105,0.018283370891934277,0.004781459275903073,0.000729768157721213,0.005806339793967675,0.01416251795155252
2025-08-05,-0.008118573366820805,-0.005082861962277747,-0.0068126674937790425,-0.0021168857193060897,-0.0016596644933034922,0.0008037680984962059,-0.00022019763958905744
2025-08-06,0.007737149330479471,0.0076303958197283745,0.012504719857980925,0.049653393530185774,0.015492954286051528,-0.0021233597342562006,-0.0004284953923053027
2025-08-07,0.021236359971131914,-0.0008378777253005703,0.003378521807628995,0.03129869520106027,0.004112985716635711,0.008402586680171171,0.007228292232798949
2025-08-08,-0.006902004196733544,0.007767232145418116,0.009285074608191082,0.041485459058363504,0.00013031529361847444,-0.00022360485625666846,0.0011553279826671148
2025-08-09,-0.0016155749975506003,,,,,,
2025-08-10,0.02380361527108938,,,,,,
2025-08-11,-0.004833792329587668,-0.001979400958573456,-0.0029632489385382965,-0.008372375783951802,0.009530316132930454,-0.014479017992943764,-0.0024606864217707708
2025-08-12,0.012067410412961721,0.010589747830358579,0.012490256952647358,0.01081367190612584,0.0007094869560693611,-0.0009078785028290671,-0.0025361138582426015
2025-08-13,0.02604611531030144,0.00341730182405768,0.0004999605467921975,0.015897409188223566,0.0020613416399034,0.003044643380447489,0.005031817232867205
2025-08-14,-0.04125044324166835,9.296113381862763e-05,-0.0007755472384280477,-0.0023599515483424664,-0.010803890286266335,-0.006358881635978504,0.003064079840358307
2025-08-15,-0.008154397097906272,-0.0023440351854111465,-0.004407226308191173,-0.005125312002106845,0.004024546581036376,0.0005856467855486066,-0.005268555868744071
2025-08-16,0.000791861061786004,,,,,,
2025-08-17,-0.000325941461445338,,,,,,
2025-08-18,-0.01027584894774574,-0.00021746377718483948,-0.00039852403359355695,-0.003027174934717041,0.00877206811172951,-0.0015624875893944005,0.004730015176767789
2025-08-19,-0.029870220205219213,-0.005439995209500652,-0.013660471985085115,-0.001430216864410757,0.01706387679271805,-0.005488312721199512,-0.003272595167235942
2025-08-20,0.012712851606869349,-0.002660619942930772,-0.005954906710914065,-0.01993191516264375,0.006983194968992894,0.010071289165624142,-0.002214521376242774
2025-08-21,-0.016372327846506683,-0.0040197943848472115,-0.00464051349122207,-0.004923405133202545,-0.004902117576137467,-0.00347592916281607,0.0007919897481926959
2025-08-22,0.03886392642477823,0.015240066208511864,0.015309567580035764,0.012636639150230075,-0.0003780378524962471,0.010649518982753443,-0.003326823261899247
2025-08-23,-0.012915297318543016,,,,,,
2025-08-24,-0.01674535783150271,,,,,,
2025-08-25,-0.029826315528831894,-0.0044107748539399735,-0.002888872317945811,-0.00263778288690945,-0.016009436893534925,-0.002417757282480456,0.008279447377107845
2025-08-26,0.01512512333952803,0.004178199298032501,0.004007189993329073,0.009420124567184027,-0.001153398805139659,0.0072358055476428994,-0.007814853701171973
2025-08-27,-0.00520655346926939,0.002275921406955702,0.001535794483639691,0.005132723136336729,0.00632734329758603,0.0020166939883499383,0.0018025532981323705
2025-08-28,0.011822640333317674,0.0035351068723046006,0.00624040858014286,0.00894079103525418,-0.008381176237815698,0.007391652350960381,0.0007335605601103757
2025-08-29,-0.03742335971466304,-0.00598153537129435,-0.011643116921268003,-0.0018076532753705872,0.008890618356100706,0.009603638858147003,0.0028811150967894125
2025-08-30,0.0036574608046354446,,,,,,
2025-08-31,-0.005264910692760397,,,,,,
2025-09-01,0.00932367209897638,,,,,,0.0008765237913422871
2025-09-02,0.017691382281182146,-0.007437792057767281,-0.008415307957215352,-0.010479415315868323,0.00603127444912812,0.02336740250914344,0.0020599100288224465
2025-09-03,0.004688830576405435,0.005404830609553795,0.007836568892801215,0.03738232170686491,0.0011386602785370163,0.007801481349128729,-0.0068420207751402635
2025-09-04,-0.00898746169776838,0.008322725893241605,0.009010834175534102,0.00547832232513567,0.006428064599328785,-0.0044286747373555105,0.0020966619985556645
2025-09-05,-0.0006560571512495267,-0.0029004452666213996,0.0014418172201142538,-0.00037550386366705076,0.005200403009517275,0.013257668006979742,-0.00030316941098476743
2025-09-06,-0.0038599957441809024,,,,,,
2025-09-07,0.008518160055379413,,,,,,
2025-09-08,0.008097306013038336,0.0024536244094511164,0.00486613492934096,-0.0075800439522243105,-0.006331763251919776,0.011323711365555902,0.004814272494273139
2025-09-09,-0.004837916692699648,0.0023091574533954592,0.0028291680101725147,-0.014950592233048619,0.002826053152510064,-0.002272485609217019,0.004766795744852672
2025-09-10,0.02150827089182057,0.002886589419501328,0.00032719801305724344,-0.03279128326264767,-0.013320531547043315,0.0035857690781288176,-0.005656694013072186
2025-09-11,0.013529013824572132,0.008276018976888762,0.00580357672931692,0.014185282152052413,0.008101915986531788,-0.0014924929949519461,5.85702811199617e-05
2025-09-12,0.005129680319349263,-0.0003347625365709058,0.004407440515910785,0.017410578462299545,-0.004612569571102179,0.0019696315993883206,0.002671941133232542
2025-09-13,-0.0013020381457220277,,,,,,
2025-09-14,-0.0046927460797969575,,,,,,
2025-09-15,0.00032244610982561805,0.00530983028777682,0.008520574567771916,0.011173142249164093,-0.0067995205719823554,0.010351078276418409,-0.0007038362821511885
2025-09-16,0.012039614740681204,-0.0013777414352981307,-0.0008453367382261795,0.0061072678411055875,0.007749051185298444,0.00200440059968761,0.0031711723364202106
2025-09-17,-0.003211840787451935,-0.0012432077551662243,-0.001998044320441628,0.0035210509004652986,0.014322736400510822,-0.007745087571334619,0.009111157584802068
2025-09-18,0.005725006775122414,0.0046614702106894034,0.008976598384148765,-0.00465544610939042,-0.018952173114925062,-0.004014356216469492,-0.0038034942077854283
2025-09-19,-0.012441583362179643,0.004940742584484226,0.0067465299591487875,0.03153063426328445,-0.00816975651036872,0.010551365296973236,-0.002987527682998781
2025-09-20,0.0002860848311332532,,,,,,
2025-09-21,-0.0036001483649767967,,,,,,
2025-09-22,-0.02243053331974822,0.0047198519222895665,0.005902560057156402,0.04219290013168558,-0.01921693706096111,0.017158380367683163,-0.00459975736938313
2025-09-23,-0.006531416615244119,-0.005458344535398913,-0.006664444678056771,-0.006464126391678221,-0.0037307073475661896,0.004078048498240162,0.0054490527700660745
2025-09-24,0.011663525697123141,-0.003186705609680798,-0.0035167228478133047,-0.008367236857623894,-0.0005247146492405646,-0.009104369003754706,0.001133560099404778
2025-09-25,-0.038491879643615556,-0.004624172513464782,-0.0043206014549962745,0.01791156533826258,-0.001773037039942775,0.004156538489887818,-0.005925077887075215
2025-09-26,0.00606632543055882,0.005712795234045289,0.004102442173319647,-0.0055042148040742,0.0022977516891833825,0.005755674720215595,-0.006998753739016789
2025-09-27,-0.00028152733285390487,,,,,,
2025-09-28,0.022008506441889,,,,,,
2025-09-29,0.020111147409077906,0.0028064247447203627,0.004620437709346346,-0.004040113676564628,0.006731363042585534,0.01636192499893196,0.003891255553779332
2025-09-30,-0.0030141158842399056,0.0037597898827210047,0.0027354487081807433,0.0007858087357872592,0.0007813320814531365,0.008503744538253297,0.0019806111702517447
2025-10-01,0.03947865276779501,0.0034017768166523053,0.004785485524438967,0.0032151298202565005,-0.0030636511057466477,0.0015741326049985922,0.00037549924772429627
2025-10-02,0.016983874858595087,0.001151048892017506,0.004102644713341661,0.006555105475919997,-0.0074041645532406655,-0.003488904306035992,-0.00015258036072495198
2025-10-03,0.013050507216426515,-1.4767471260179647e-05,-0.004218592005638049,0.0034552785601604428,0.0014457848164172585,0.008000845595952238,-0.0007623361800018725
2025-10-04,0.0012987632223538373,,,,,,
2025-10-05,0.008848164694084894,,,,,,
2025-10-06,0.009981752928713129,0.003579813724412676,0.007482066859813396,-0.00516785216237478,-0.012290492671199202,0.018670357712142448,-0.0010781815879537045
2025-10-07,-0.02681798376519831,-0.0037143820348426687,-0.0052795418778261655,-0.0008185177366986263,0.01406203139840974,0.005146197838027116,-0.00018739398387827448
2025-10-08,0.015551259305387295,0.005945343779221919,0.011398696294134494,0.006141381987539446,-0.01220207478451291,0.016356457714615965,-0.004766464102914459
2025-10-09,-0.01346040236705057,-0.002901212830195306,-0.0012110596628714585,-0.015700412963745435,-0.000730210765260514,-0.018625225753276277,-0.001944386427629532
2025-10-10,-0.07232182184699049,-0.027399797306962,-0.03533111853495656,-0.03513201331059678,-0.005928035616349001,0.010047058859954893,-0.005648764894055418
2025-10-11,-0.021485160033407134,,,,,,
2025-10-12,0.038609346343899696,,,,,,
2025-10-13,0.0008792929662890047,0.01522754489520044,0.020999303481887274,0.009697244813388845,-0.014806002490320483,0.024010471634505016,0.00310463988763602
2025-10-14,-0.01884916344559421,-0.0012224016319925188,-0.006683336337263552,0.00044402022615236544,0.011259040334939716,0.007115811676483972,-0.003069907661501375
2025-10-15,-0.020862578290898413,0.004429789843934252,0.007032016956618481,0.006316453588080591,-0.01173389491238157,0.01718391083164241,0.003058297376041747
2025-10-16,-0.02372248478317967,-0.006833556176281727,-0.0037098027882145846,-0.007608848436614255,0.014679383622059656,0.02311798516943165,0.003789498902146494
2025-10-17,-0.016009839805348834,0.005660250871856184,0.006545338741229069,0.019370654536732482,0.011960235537721626,-0.018996349267191237,0.004564146105032233
2025-10-18,0.006837580349705927,,,,,,
2025-10-19,0.013605430464268035,,,,,,
2025-10-20,0.01753449073833947,0.010346762560389149,0.01252196984914069,0.03868092101339173,0.003692100487926003,0.03575507474940295,-0.003608682608285511
2025-10-21,-0.019282830173496076,-1.4996032452460858e-05,-0.000261491687970832,0.0020190045980656188,-0.002240112805742179,-0.066427122202817,-0.0011185328701258219
2025-10-22,-0.007293562270818725,-0.00521237682733995,-0.00968072831209264,-0.01657682531661047,0.003818087918587187,0.00010605032482095541,-0.0037888849174725417
2025-10-23,0.021870444424777702,0.00591237858353294,0.008371341261387805,0.0043625258369113535,6.58656765541721e-05,0.0039943702532297155,0.0006962863606300936
2025-10-24,0.008721714285261932,0.008139356488562998,0.010621673394475997,0.012404587722707566,0.008806384153610595,-0.003358466049881991,0.0008245819701882889
2025-10-25,0.005459116892619,,,,,,
2025-10-26,0.025039267744803344,,,,,,
2025-10-27,-0.0030895028553826285,0.011728661579555206,0.017652480809064255,0.022535469923743244,-0.004930416847103745,-0.02823439606845571,0.0011740581594156239
2025-10-28,-0.010244824086811922,0.0026524780243792965,0.0076605278808250495,0.0007065287393462459,-0.0024414181375863675,-0.007191829710492189,0.001722954597345136
2025-10-29,-0.02601680546576632,0.0004801823927854593,0.004492870449753416,0.002598862988010724,-0.01732569945375882,-0.003794458273018786,0.0005245090468156377
2025-10-30,-0.01602663895461955,-0.011059071647525216,-0.015406693244326393,0.006283466664280875,0.005429880036500115,0.019451474207493994,-0.004687056236158633
2025-10-31,0.01148096119628519,0.0032749122269395553,0.004812319534385667,-0.00380226296753672,0.005267533703746032,-0.005445349765875755,-0.00266525736380437
2025-11-01,0.004624825172493095,,,,,,
2025-11-02,0.005216141233319792,,,,,,
2025-11-03,-0.03768718290100999,0.001874928310857186,0.004773395478967956,-0.004894298833628012,-0.015751427943912672,0.0017912982604373527,-0.003846199871322598
2025-11-04,-0.04764085753760775,-0.011924353295924664,-0.020506815913271245,0.0036729963281676823,-0.005759177919971896,-0.01767243750416923,-0.000772136025743686
2025-11-05,0.022400061321748738,0.003459398571762206,0.006486834848734487,0.00037029726863190167,-0.009421160057791518,0.01149801326624798,-0.0029215895313422433
2025-11-06,-0.025251182491850755,-0.010787307565268271,-0.018803008975921322,-0.0013707172835239541,0.002329534517225729,-0.0012012407765740096,0.0009768165584818885
2025-11-07,0.02023892596873405,0.0009840232716329205,-0.0031603184975974147,-0.0048305427121975416,0.005799835699573237,0.006100376279774767,0.004551545936366607
2025-11-08,-0.010603212214200236,,,,,,
2025-11-09,0.023551839699680072,,,,,,
2025-11-10,0.01212026933646231,0.015483937510288556,0.021883016660812563,0.004538380514148896,-0.010120470139992517,0.026974026330607748,-0.0004619064573929637
2025-11-11,-0.028702546476841843,0.0022865335909522055,-0.002667073302762832,0.021371148071028613,0.020678156973662844,0.0039300815092205245,0.0011550883736828707
2025-11-12,-0.013039146642676998,0.0005562438741300194,-0.0007886635349668952,-0.006487862890758322,-0.0035743973394570003,0.015982361021277473,0.002615376763782096
2025-11-13,-0.019524742976585432,-0.016733244574677203,-0.020627286095403215,-0.001903213145158224,-0.0003378322033508246,-0.00811594387120292,0.00040556416479594736
2025-11-14,-0.054622871136591485,-0.00016359948124937914,0.0007557492267729736,-0.001980466546235507,-0.0019619742065576508,-0.018212761198262515,0.003425554234844353
2025-11-15,0.01212310649874722,,,,,,
2025-11-16,-0.014463938461922525,,,,,,
2025-11-17,-0.02236838271634354,-0.009360194188340132,-0.008577228495181513,-0.018338285065585238,-0.012606953424739569,-0.011530197275275704,-0.0014297542332625918
2025-11-18,0.009241173563305538,-0.008432917870575445,-0.012250460236548914,-7.464947758260898e-05,0.007991622862012026,0.0072386702324458525,-0.0021349466482306996
2025-11-19,-0.016082377699808928,0.0038557567903246847,0.0059523367141896795,0.0041789849317348,0.0,0.0016281258445646413,-0.0008109940862881721
2025-11-20,-0.05429914313161118,-0.015359695168779277,-0.023956491027907773,-0.008638554808404069,0.008130555942557825,-0.00029336859393561273,-0.003502886982433731
2025-11-21,-0.017950490472289502,0.009911937023691694,0.00748466488592233,0.01948948732721377,0.018254638990121086,-0.0015485295000223418,-0.0005307664626685978
2025-11-22,-0.00521187239368071,,,,,,
2025-11-23,0.025158586579000386,,,,,,
2025-11-24,0.016742357810839485,0.014611241086193577,0.025251662702624453,0.016185769721398423,-0.02645334745425644,0.015720029429592993,-0.0023387457189911476
2025-11-25,-0.01057647695675446,0.009361939618760542,0.006144759584675058,0.0037982730766835957,0.010221164492781846,-0.0003157406112365523,0.001082257967005073
2025-11-26,0.03572258791333639,0.00687985444759878,0.008796979798438426,0.0020917682533082623,-0.0016176792392360558,0.007966521739529534,0.003878233380834474
2025-11-27,0.008437806108495432,,,,,,0.0032202570718964044
2025-11-28,-0.004018666774419681,0.0054435632273936016,0.008074525744119885,0.004672971434540764,-0.000607174391883335,0.012347782735317652,-0.00019719223599180802
2025-11-29,-0.00074277862694653,,,,,,
2025-11-30,-0.005047792573132774,,,,,,
2025-12-01,-0.04610183805407602,-0.00457586894038492,-0.003364653833515782,0.0151262172065036,-0.0048714478403492235,0.004809481913078849,0.00013913811257868804
2025-12-02,0.05662099387030378,0.001850496049688355,0.007795642855611498,0.010855696011275954,-0.010774113804226049,-0.006460877304549151,0.0005338681523857639
2025-12-03,0.023558262011831657,0.003456786217426821,0.002440816165512594,-0.007153684504557431,0.00581064633028363,-0.0009300505859088987,0.0017426145067616567
2025-12-04,-0.014931972865932171,0.0007307890626128348,-0.0009306806613575622,-0.012215789741831256,-0.009244499763397964,0.0006459865002764292,0.003342812053854932
2025-12-05,-0.030343059975675362,0.0018977350040129193,0.004069102724247343,-0.00686355564689062,-0.013226950573360596,-0.001783943580710258,-0.002062849287251466
2025-12-06,-0.0012916460625568118,,,,,,
2025-12-07,0.012614572226014349,,,,,,
2025-12-08,0.002591195979813834,-0.003008799415334641,-0.0019202934538512567,-0.003197540392983899,-0.03627203699132246,-0.0026429393579943225,-0.00022118438593955202
2025-12-09,0.022381192698197744,-0.0008635176910706599,0.0012326040020516603,-0.0025583326534953568,0.00928163980603564,0.005124051608821799,0.00010465908031026407
2025-12-10,-0.007262832846635849,0.006610371282859594,0.004087276882638432,0.005755873046479309,0.0013598530369545888,0.004250103468607047,-0.0011284787545329754
2025-12-11,0.0053149701081481185,0.002324244979309141,-0.003239647790837473,-0.0026938721785778564,0.006700390745014555,0.010712248978541639,0.00625216328712096
2025-12-12,-0.024521421452147512,-0.010810279077722362,-0.019303369351845893,0.0008988005844432756,0.014668782242870899,0.005578987507631519,0.0032583302689056003
2025-12-13,0.0003134187556330964,,,,,,
2025-12-14,-0.02379767101791624,,,,,,
2025-12-15,-0.020108914713088392,-0.0015119402890506838,-0.005032100375403573,-0.015098408555415868,0.01590480650191291,0.0009099271544499963,-0.00015263535945028118
2025-12-16,0.016345736935078115,-0.002736037133594218,0.001979871129127266,0.0018224664254049999,0.0005510769950915925,0.00022742956353926302,0.001444786011798567
2025-12-17,-0.019544833040854463,-0.01106460773219221,-0.018710966371063256,-0.010138247658845124,0.01774671306151539,0.0085515594385759,-0.0004348603030375916
2025-12-18,-0.007939728497768105,0.007522963990016468,0.014386209953990313,0.001286746577224654,-0.015614060414128219,-0.0018048314286412761,-0.0006107669323483436
2025-12-19,0.030433154968407768,0.009022618958016409,0.012951087159239894,0.005422681951884745,-0.0073108935481353944,0.0011283535131121657,-0.001419763619046865
2025-12-20,0.002727355122150639,,,,,,
2025-12-21,0.0031390280669266876,,,,,,
2025-12-22,-0.0014875849588890807,0.006210566721978087,0.004782071028815076,-0.009914939859583293,-0.012328304822611064,0.022819254559298667,-0.0014997716425493423
2025-12-23,-0.012234274952953525,0.004560042005282501,0.0046723786427916355,0.005116600880012278,0.0034281419976392624,0.013165297757330809,0.004929457555550721
2025-12-24,0.002262076104062497,0.0035114479496600164,0.0029213225081327495,0.005309660095674185,0.009107850973712221,-0.00414265150874824,0.0025094133829199968
2025-12-25,-0.0043148578556266,,,,,,
2025-12-26,0.0007641682813230021,-0.0001014201750952399,-6.415738798761732e-05,-0.0014985148401437073,0.001728631293997614,0.011609088487159046,-0.0008608228780450154
2025-12-27,0.00571921956587603,,,,,,
2025-12-28,0.0003835125589097617,,,,,,
2025-12-29,-0.007974888882579774,-0.0035699930558561223,-0.004852314296638911,0.0013160418504418513,-0.0011751141132004164,-0.04450407961760148,-0.0010718568594030558
2025-12-30,0.01471809780879094,-0.0012218468855631148,-0.0023220939779831596,-0.002487138437606135,-0.0036034041372802013,0.0007273032894686568,1.18472044775698e-05
2025-12-31,-0.010473099349299821,-0.0074365500962735335,-0.008299970275916396,-0.004477584501558454,-0.005150362133043428,-0.006488999253824397,-0.0021756559939025886
2026-01-01,0.013880733660550057,,,,,,
2026-01-02,0.013574570130194885,0.0018313617663269853,-0.001938970842216345,-0.0031314907649584198,-0.010663114234731833,0.004958545328225588,0.0002701996718946847
2026-01-03,0.007294409627148249,,,,,,
2026-01-04,0.008903689947606831,,,,,,
2026-01-05,0.02665149838136465,0.006638033243240065,0.007911541355641635,-0.013933739398968666,-0.010065359735355047,0.025972938179914393,-0.0039052493947448214
2026-01-06,-0.00163660971149983,0.005929568682081867,0.008748164882668597,-0.018504426184870557,-0.0032822904434232705,0.010755105002161711,0.0008782538878940032
2026-01-07,-0.026168967250151644,-0.0032285629973805552,0.0009620661677244327,-0.007767587254826069,-0.01345587577923543,-0.009605943617543307,-0.0022817823442597422
2026-01-08,-0.003081466892755565,-0.00010153783677743937,-0.005705266499539128,-0.004967410582383972,0.024968121090664125,0.005507322733438559,-0.0009814279491846623
2026-01-09,-0.005662930149506993,0.006591570183952557,0.009910954224034624,0.0012730781005779077,0.002399459371911392,0.007215903791294916,-0.0016217000708161422
2026-01-10,-0.0013980466595052143,,,,,,
2026-01-11,0.004865110901100388,,,,,,
2026-01-12,0.004016380962680633,0.0015692219387488094,0.0008294699866321966,0.0033871684089656568,0.011145286716678776,0.018549616736782293,-0.0029335393489510466
2026-01-13,0.044280285031478225,-0.002001476724789629,-0.0014839587378681312,0.003069160037768495,0.00542218278609086,-0.0014220515093612454,0.003714985157428741
2026-01-14,0.016723797821879046,-0.004927356850498766,-0.01074028346788367,-0.004184200562639289,0.014522446058759625,0.0101703332395237,-0.0020979446034860723
2026-01-15,-0.014320038274756287,0.0027195131661778946,0.003592992343913918,-0.0067546064536927915,-0.011822179408292492,-0.0061465119926862365,0.00032606295146541086
2026-01-16,-0.00027287855188963723,-0.0008382252035026964,-0.0008366633443358198,-0.01043328271118352,-0.0006917911336617057,-0.0048305320875177415,-0.0032092523812508244
2026-01-17,-0.004461072057980408,,,,,,
2026-01-18,-0.015529993658124637,,,,,,
2026-01-19,-0.011610285761608208,,,,,,0.001370854039887487
2026-01-20,-0.046924255054821146,-0.020566840670864645,-0.02147616707395802,-0.03516681140302266,0.016945548752776134,0.037137944625647984,0.0012212971236851653
2026-01-21,0.011999327760148783,0.0114749889632404,0.013427856545581478,0.0038434513252299496,-0.006415157549131129,0.014463871678662811,0.007594187300257437
2026-01-22,0.0009560777691027553,0.005209636268787033,0.007243139361411499,0.002822574664753265,0.026151012473148452,0.01829421977969421,-0.004691796358141223
2026-01-23,0.00046290133092210693,0.00036271445090017455,0.0031524261001239506,-0.0012490498169329728,0.008541202018399143,0.013651695099226603,0.006969632403705956
2026-01-24,-0.004402117623558332,,,,,,
2026-01-25,-0.028900838361794735,,,,,,
2026-01-26,0.01938894055131375,0.005065296757285074,0.004390436003521979,0.029280096957102087,-0.004405140449674392,0.014522878245374984,0.008795761610489736
2026-01-27,0.00942027656458104,0.003976348566725876,0.009024455902564647,0.011135311634926056,-0.007722654370164103,0.024235866660731666,0.0015190121488507834
2026-01-28,0.0009198645005418251,-0.00010067497120472829,0.0033060073594277984,-0.007110624097650485,-0.006764074402073855,0.03804054442699281,0.011815434779079346
2026-01-29,-0.053227949504083015,-0.0019863539443873905,-0.006003249689694161,0.007149452337149825,0.017225536150115586,0.002705807739847273,-0.0033233987290885356
2026-01-30,-0.005132847429550004,-0.0029870370168700792,-0.012083575006611,0.004635398415236556,0.012397873728949066,-0.10841233744964726,-0.001005613006019161
2026-01-31,-0.06770691927198588,,,,,,
2026-02-01,-0.021166842147211495,,,,,,
2026-02-02,0.022026908157821636,0.004959045712933714,0.006842961889822125,0.039779460893500804,0.009312703224817897,-0.04087351576386017,-0.009787839779129372
2026-02-03,-0.03960046937497693,-0.008491346084250548,-0.01548326498855792,-0.001964837922112354,0.01380858315364621,0.061647351472448514,-0.0042683305772816425
2026-02-04,-0.035170615941758965,-0.004855691490926631,-0.017623356952960516,0.025680287047938025,0.009929872011766778,-0.0007046601942605336,0.0014758521488129476
2026-02-05,-0.1523344080304475,-0.012567856956365418,-0.014499938316045265,-0.0020997961220096443,0.011030981790614817,-0.02699275619765067,-0.0012280419667084874
2026-02-06,0.118003181433477,0.019003005567205973,0.020917587180192602,0.00797784107081465,0.0035243702284409786,0.030269515441489408,-0.0020160851725848647
2026-02-07,-0.018213402812750957,,,,,,
2026-02-08,0.01408523588474713,,,,,,
2026-02-09,-0.0020507154219692207,0.004810244305276485,0.007630950352336267,-0.011729000497211482,-0.011627205430265566,0.025085614324893347,0.004059767058934511
2026-02-10,-0.01910323758989731,-0.00264064386524897,-0.0046501109914586225,-0.003428831498793266,0.011061627561571601,-0.009963188662021111,0.006596919769340201
2026-02-11,-0.026543221212374526,-0.000231085512616827,0.0026784787459514154,0.006628103245317512,0.005766642828392576,0.011247091222494243,-0.001213452657763082
2026-02-12,-0.01156236827483507,-0.015569451553392327,-0.020548592694657492,-0.05127407257936166,0.007534056999787292,-0.03534565209196913,-0.0011407449746145216
2026-02-13,0.03903376935715579,0.0007042374603937072,0.002128781517703512,-0.022995839415095466,-0.007096579105664859,0.02457422891441271,-0.0006412181154459174
2026-02-14,0.013125933067848304,,,,,,
2026-02-15,-0.014138040068878806,,,,,,
2026-02-16,0.0007987824782500607,,,,,,-8.296867967237648e-05
2026-02-17,-0.019788873300286218,0.0016121662321053362,-0.0010306404626511953,0.03117681438621338,-0.0032539606385733897,-0.031666383600955826,-0.0014824419525577088
2026-02-18,-0.015963632260214883,0.005025111493454597,0.007439462389368636,0.0017795532383034164,-0.01700363804024502,0.022240759759257815,0.00016597545472382783
2026-02-19,0.007980125994704771,-0.0026409180968155325,-0.0038370609600061343,-0.014364224365880748,0.010779330368287317,0.0027891563109147515,-0.005330892187443716
2026-02-20,0.015528995656632263,0.0072058400517004155,0.008809965222619162,0.015233823534795543,0.013903942640097904,0.0195226903950525,-0.001672717262548906
2026-02-21,-2.4354972344490844e-05,,,,,,
2026-02-22,-0.005076923598302017,,,,,,
2026-02-23,-0.04601267313564273,-0.010263807839928392,-0.012229443391437474,0.00602904668779855,0.026938292664866238,0.02665702371732228,0.005558699440543781
2026-02-24,-0.00834051043874472,0.007242165031108853,0.010684210886763053,0.022144036649487702,0.0006657512019713633,-0.013955835494471214,-0.0034615685408089184
2026-02-25,0.05878816281087323,0.008402945104341215,0.0143891812415329,0.007650520846136862,-0.011501088430465602,-0.0025104111690772445,-0.0015791679800708249
2026-02-26,-0.007478610812400483,-0.005569959857260949,-0.012137927053256963,-0.0046786052410885525,0.0022009281501930377,0.008539325114314078,0.003385308042882381
2026-02-27,-0.023580345399758597,-0.004813509630285336,-0.003205885921664653,-0.032657957379533524,0.02084979075986463,0.01304594710817348,-0.0010274385937266125
2026-02-28,0.016768637200983844,,,,,,
2026-03-01,-0.018952127255243773,,,,,,
2026-03-02,0.04517399874225875,0.0005684172026597193,0.0013164916975326058,0.002041924719824955,-0.022316506489164646,0.012837146760680682,-0.0036992518169130916
2026-03-03,-0.007035921401254354,-0.008853414553509194,-0.01076331700950698,-0.0036708976244395467,-0.0234518592800165,-0.04563796333219482,-0.005301246967732852
2026-03-04,0.06267011054362281,0.007030536114047319,0.01512817415472587,-0.004674468498819032,-0.008930256704390705,0.007787713327779242,-0.007295832625916149
2026-03-05,-0.026047184090688055,-0.005591148225550186,-0.0030173773994566925,-0.008530831338801404,-0.0276042879988696,-0.012090565447196364,0.0020109002290502544
2026-03-06,-0.03892676222985379,-0.013193791611277716,-0.01515752803457713,-0.01093213459894777,-0.0023405877684824425,0.015708476698148666,-0.002370782230656385
2026-03-07,-0.012760002816373808,,,,,,
2026-03-08,-0.019556151272463178,,,,,,
2026-03-09,0.036210883133673905,0.008721878607696682,0.013267209227262903,0.009355669414157603,0.010296305619671561,-0.0020718179527898957,-0.0073325559743644625
2026-03-10,0.022043063053682945,-0.001608419719141641,1.6490562873494887e-05,0.003648874557014285,0.005076593341018257,0.011216537509720141,0.008122175820436147
2026-03-11,0.003967140831024369,-0.0012559513052689201,-0.00013163042399331792,-7.670972662595488e-05,-0.01739274024386698,-0.003395863568684636,-0.0005110465032665204
2026-03-12,0.004102088510358853,-0.015301420789775961,-0.017312361562994344,-0.0195526595655038,-0.01856422830598984,-0.01984963254664512,-0.005881166978062398
2026-03-13,0.006712861238543366,-0.005676188622551868,-0.005944771534227172,-0.02229865363447962,0.0009961885409838268,-0.013021372569552835,-0.0018682859083653618
2026-03-14,0.0034653905327112298,,,,,,
2026-03-15,0.021879197879022205,,,,,,
2026-03-16,0.028056806108927662,0.010125430484197413,0.011154958148102998,0.010737011185857437,0.009710426204742386,-0.0008900836759419468,-0.0075411874205572795
2026-03-17,-0.012617278563279094,0.002627101016221855,0.0048684067726689805,0.005561553592463054,-0.004216123846185828,-0.002522571056499545,0.005618921196097603
2026-03-18,-0.03688417423341743,-0.014051912692600945,-0.014037742391865471,-0.017018440434935896,-0.031995715931422024,-0.03214842869758357,0.0034673611974542703
2026-03-19,-0.01888416104762736,-0.0024673819700690397,-0.0031652882952852507,-0.003928637969992818,-0.012828228579210916,-0.042088486470760696,-0.006521516092985272
2026-03-20,0.008684431647448684,-0.01443952585884218,-0.018654642096117186,-0.0039038546496206693,-0.0038737361970275505,-0.031034054726858728,0.009815664723191437
2026-03-21,-0.026016105631017767,,,,,,
2026-03-22,-0.012688120086084904,,,,,,
2026-03-23,0.04425119303469704,0.010445276906504148,0.011413586288488877,0.014014812591042392,-0.0020119607643887256,-0.022853374485926194,-0.0015039167260879642
2026-03-24,-0.005613991531695598,-0.0033624966130463346,-0.006860245677236822,0.0005962460475602484,-0.005781036644415902,0.00022271635118200717,0.004054317443303889
2026-03-25,0.011168924480813245,0.005557288574735996,0.006554088823184412,0.0038868788463975487,0.005294691775956061,0.029645532839315883,0.0006502102683339267
2026-03-26,-0.03595291880741613,-0.018020135919566853,-0.02415735361822153,0.0010682625170895263,-0.01047711882146588,-0.038318848265911816,-0.004588832859259411
2026-03-27,-0.03631346968520713,-0.01719894102480063,-0.019730060860553386,-0.016305280196262602,0.0020342253668429707,0.034492091653875186,-0.0022865769599887727
2026-03-28,-0.0002816215791388498,,,,,,
2026-03-29,-0.005515409833700628,,,,,,
2026-03-30,0.011105181731209317,-0.003349064243429706,-0.007672695448329736,-0.008760109701824332,0.013986149210019639,-0.0002894695055479165,-0.0037419809916972168
2026-03-31,0.022856210162579323,0.028653466042465783,0.0332934824576082,0.02861786495948073,-0.0019366515028983893,0.037193492650150234,-0.002788683495005311
2026-04-01,-0.002270644254019965,0.00750622148232205,0.012277496156567945,0.007223978636376895,-0.002426073959350344,0.017348463901669588,0.00991608744961027
2026-04-02,-0.017634149228875802,0.0009000692442135715,0.0011459654937042319,0.0011338123573076417,-0.006754685093786949,-0.019395701723403234,0.0014130283252829924
2026-04-03,0.0006356502125007872,,,,,,-0.004221539738742763
2026-04-04,0.005355544495529739,,,,,,
2026-04-05,0.024824828794848448,,,,,,
2026-04-06,-0.0017711667933321205,0.004715661120724013,0.00599930147498133,0.01142239161475063,-0.00244847713139953,-0.004107092256447038,-0.002754691613357004
2026-04-07,0.043769250088650125,0.0004399773016391101,0.00015296511497040052,-0.020923456036972127,-0.01034966343847158,0.009680581273932702,0.002708418724149226
2026-04-08,-0.011426386592901714,0.025150609779818547,0.029298642387632357,0.02107802518992581,0.02515852584678858,0.006279313363379332,0.012519593943219736
2026-04-09,0.00902047398791368,0.005752513692051993,0.006741853876922751,0.006122567123347408,0.012073205942700688,0.007748433781414136,-0.002334659504696524
2026-04-10,0.01673607145352826,-0.0006619995879319516,0.0014411428001932915,-3.8345556912621514e-05,-0.010280368214586845,-0.0017827733092611521,0.0027319920379856345
2026-04-11,0.0010302658186926742,,,,,,
2026-04-12,-0.03200195641601119,,,,,,
2026-04-13,0.05139225778223328,0.009724956729963633,0.010289407828256481,-0.0049260673756055485,-0.010944317990256096,-0.004057403475821635,-0.0013785918865958813
2026-04-14,-0.004076670658997154,0.012111242670247968,0.017994146816371247,-0.0014286068821369137,0.005556452537581822,0.02210325929203807,0.007994343068552718
2026-04-15,0.00836950468372944,0.0078600237887659,0.013902354761134352,0.028940120889102108,-0.00695034958672593,-0.010456884729500534,0.0025924501900808916
2026-04-16,0.004628724487070657,0.002454297369362188,0.004804795803754312,-0.011437796552710188,-0.0018848322137304861,-0.0008631178955779131,0.000826284997365757
2026-04-17,0.025937296578403095,0.012013236382059651,0.012999291467006022,0.025599724502604514,0.026342666034671888,0.013205474549607812,-0.00224109749069271
2026-04-18,-0.018327445076503752,,,,,,
2026-04-19,-0.025002336494923415,,,,,,
2026-04-20,0.02693259727225901,-0.0020016695574076216,-0.0031798946747412455,0.010381401662850636,-0.016745904716687823,-0.0086484996289279,-0.0035286546942598735
2026-04-21,0.006309747501944813,-0.006568474427903533,-0.0038105891373010924,-0.02551957602598669,-0.01513222929862058,-0.02872874757171026,0.003669983273172088
2026-04-22,0.02394495237334366,0.01007576539985774,0.016592094361584077,0.025959122658055597,0.003717032688265181,0.01315885071808192,-0.0034116213946593916
2026-04-23,0.0008417038623198857,-0.0038882734971482065,-0.005648568869053129,0.0009512419139857489,0.019823201724729563,-0.009742663076259298,-0.003259636998088752
2026-04-24,-0.010449855400701123,0.007719426373887486,0.018946848370419652,-0.00870548556450589,0.024311158971556456,0.005114015549751456,-0.0018946143927692446
2026-04-25,0.0020210985800430967,,,,,,
2026-04-26,0.01338122502813899,,,,,,
2026-04-27,-0.016547994707933746,0.0017213241598695744,0.0005270280291516697,-0.012809554739298108,0.0014835880438077266,-0.007785532512716458,0.0019297471030215495
2026-04-28,-0.013218654490737211,-0.004877826001792575,-0.01010765741307362,0.011517520751980868,0.005175293286418564,-0.01873736625464264,0.0014527001495131038
2026-04-29,-0.0075534590417408835,-0.0001545530367001282,0.006095020909685223,-0.0019966978339397375,-0.018334183417002384,-0.010723068864617815,-0.00048057391518446503
2026-04-30,0.006946186875134918,0.009900455774975739,0.00928305245525351,0.0043581493936293405,0.00429221996030171,0.01486229443655377,-0.002831679949436621
2026-05-01,0.02427150989403538,0.002765286895853703,0.009553812706170681,0.03187991038650981,0.001155075203898528,-0.0011336522597227192,0.0037930034813586453
2026-05-02,0.006098736514783506,,,,,,
2026-05-03,-0.0015143369624661424,,,,,,
2026-05-04,0.01628767686490818,-0.003670106278149628,-0.0018856593838988082,-0.011885962197690256,-0.026422318950736018,-0.02021814296632195,-0.00021111912782637615
2026-05-05,0.013675043806522565,0.007990179213504577,0.012890610367278649,0.026204338554427865,0.01026643151702652,0.008547670573807937,-0.0029623965157234036
2026-05-06,0.006165248057273942,0.013803728106156042,0.02056154874381172,0.011649801728447845,0.020492521244524418,0.029888127796577613,0.002036381673895108
2026-05-07,-0.017561908350902416,-0.0030708152880456166,-0.0011936596059309423,-0.00024353676707370125,-0.012518848972026975,0.0016692975079796522,0.00269835650450373
2026-05-08,0.0022069548930199264,0.008222178062143842,0.02317032366011302,0.020250074126795237,0.0024617122361285876,0.004829858327988968,-0.0013500463548999234
2026-05-09,0.005938447031188693,,,,,,
2026-05-10,0.018115146956791082,,,,,,
2026-05-11,-0.005011785219488408,0.0022749958288905154,0.002892200958319374,-0.0012634684139431265,-0.021120238228905807,0.0020266811021026647,0.0031725334606293554
2026-05-12,-0.015422747705667463,-0.0015160886733100647,-0.00851798203255052,0.007217281916175962,0.003829176145206598,-0.003965060284398247,0.0009418770087463499
2026-05-13,-0.015028018231235505,0.005579255007885031,0.01050683975440062,0.013711560991706276,-0.011672319244725376,-0.00562871133052066,-0.003785844789707131
2026-05-14,0.022132143698821827,0.007863259651000725,0.007082575517746344,-0.002210772244144634,0.003298835773249699,-0.007671648257758531,-0.0016533716024024717
2026-05-15,-0.02480277513696735,-0.012102290069018232,-0.015202691553876083,0.006750976522238501,-0.008020300015751729,-0.023494231397838114,-0.00461711155495012
2026-05-16,-0.011886390842574117,,,,,,
2026-05-17,-0.009026576797854137,,,,,,
2026-05-18,-0.006155853649121142,-0.0007036831481133525,-0.004311522427708327,-0.007992466908238653,0.005775421364351297,0.0027281501848720967,-0.004096754388778186
2026-05-19,-0.002644879999712329,-0.00668314190839915,-0.006181552400381681,0.003786820722815226,-0.007684456218224117,-0.016700574279936407,0.0035020685475766573
2026-05-20,0.009167734783614812,0.010196863400443316,0.016428105311558864,0.010911251503184886,0.008035564261267805,0.01423595990327424,-0.004128979988276858
2026-05-21,0.0010503232153248991,0.0019811333287531405,0.0019051955372743183,0.009024467670268961,0.006717010053179637,-0.00098276274381623,0.001568182992025284
2026-05-22,-0.026806340702622146,0.003923846005811892,0.004231657845741974,0.012479649444335736,0.007226327709171553,-0.007631102906282901,-0.0003602971829184201
2026-05-23,0.015577503022418468,,,,,,
2026-05-24,0.004005847400396048,,,,,,
2026-05-25,0.003874018128693613,,,,,,0.0018145243857003743
2026-05-26,-0.018996541405031864,0.006616670069624135,0.017599397776060184,-0.0015880121843198519,-0.010299295497391964,0.0004348594550147071,-0.0004190825165361714
2026-05-27,-0.019725310724108713,-0.00017321858553491748,-0.0011372201101535365,0.008139905925081868,0.031195496301297244,-0.013398563535697896,-4.650727306984463e-05
2026-05-28,-0.010929802661887332,0.005501394045972513,0.008395617288374011,0.005325999563197865,-0.010770395741382279,0.010423100202116821,-0.0016278874035308558
2026-05-29,-0.0022330998228095003,0.002488294342467694,0.0036773277553498957,-0.0014410307239461104,-0.016236969101110228,0.010483427987444453,0.003001910258830061
2026-05-30,0.005197039654902875,,,,,,
2026-05-31,-0.002377562514476544,,,,,,
2026-06-01,-0.031195386303294676,0.00271943457453536,0.0059822503274697385,-0.0185978161231111,-0.023112632703159955,-0.0141482968401824,-0.0003378538109447853
2026-06-02,-0.06691384852525814,0.0013569892364500282,0.004593980803372134,0.02860974364520492,0.00384211453212385,0.0016763707549161957,-0.0011525491439395871
2026-06-03,-0.041152222290191665,-0.0070418865298849664,-0.0026167358319381397,-0.0157967095998125,-0.004483868306771171,-0.009953528184733784,-0.001151212190449012
2026-06-04,-0.003329681149437111,0.003771565399054162,-0.004849131420141619,0.0031215368741391546,0.004199716713561631,0.008301422193564091,-0.0010919540194247353
2026-06-05,-0.046172542625212365,-0.026148306223911042,-0.04919124906374738,-0.012577609274253502,0.040100003406894,-0.037229842768492165,0.0002787463332490249
2026-06-06,-0.0009073630482773938,,,,,,
2026-06-07,0.0382314561194156,,,,,,
2026-06-08,-0.0023577871851843952,0.0022616706310962516,0.015495035662196564,-0.01905190902330898,-0.009875180961538568,0.0025960589903300645,-0.0077849650540366905
2026-06-09,-0.023199274916972237,-0.002939820675094705,-0.011573961761784742,-0.03712706918079524,0.024305870354681455,-0.016471383961975034,0.0005071209329366034
2026-06-10,-0.00316008608540611,-0.015891143541041916,-0.020178797658188988,0.0035387281174611347,0.0025527682897815325,-0.04233937620833833,0.0005996697912695685
2026-06-11,0.03378866852406486,0.016854009305021588,0.03321800545020786,0.013794324313997033,-0.004774928977662198,0.030860698069962694,2.3045118985449166e-05
2026-06-12,-0.0002809578486747506,0.005393677475677045,0.005867446826061541,-0.015338769356976291,0.008525000684614934,0.0005693171392699535,0.0034897975011414554
2026-06-13,0.01372472245570358,,,,,,
2026-06-14,0.019812484755317328,,,,,,
2026-06-15,0.0087743291428838,0.017480321802260602,0.030930404203387888,0.018007493246393634,0.005665400448589254,0.025566728082746976,0.002341085559131887
2026-06-16,-0.010446052081715382,-0.005979448438013994,-0.019188319975068292,0.009468481540986734,0.013401743395682808,0.0027198311858468048,-0.000765495513783384
2026-06-17,-0.01818545153086442,-0.012566460148428235,-0.010121440620521185,-0.011055331985774613,-0.0127373965284647,-0.02297138428233101,0.0013575097887165686
2026-06-18,-0.0258419848817895,0.007770380179555653,0.02475639241548112,0.0069365133751416366,-0.0011962032018588632,-0.003815842777874201,-0.008876927683615553
2026-06-19,,,,,,,-0.0037787831999502603
