Date,BTC-USD,SPY,QQQ,AAPL,PG,GLD,EURUSD=X
2018-01-01,,,,,,,
2018-01-02,0.0970110560814097,,,,,,0.0005525059930118204
2018-01-03,0.014610795304552893,0.006325154792491183,0.009716749455228824,-0.0001739332920351888,-0.0012133237407399022,-0.002636850395774437,0.004318758861985739
2018-01-04,0.026195657872015055,0.004215007156090023,0.0017495890598373531,0.004644713085687924,0.007069076281368547,0.00512737855482448,-0.004395843731925475
2018-01-05,0.11733292616101543,0.006664068024594405,0.010043269680735545,0.011385693893824822,0.0006577558311293696,-0.0010361649479244672,0.0048636858782689085
2018-01-06,0.005593964256002781,,,,,,
2018-01-07,-0.05987336056512804,,,,,,
2018-01-08,-0.07935014996092593,0.00182854408098021,0.0038905260009844955,-0.0037143975895581605,0.005260894916334857,-0.00015961279955856167,-0.0026000394900196344
2018-01-09,-0.03788368129071751,0.0022635498600889203,6.150247881731019e-05,-0.00011493989289435014,-0.0073049673652898495,-0.0046284750854691525,-0.0055662873149811
2018-01-10,0.025891678470515656,-0.0015297892773049604,-0.002337445625397727,-0.00022925094103809496,-0.006370259427969205,0.002405158456580736,-0.0034356260046385367
2018-01-11,-0.10468634305373903,0.0072959412575634985,0.006844135676857599,0.0056801540949542595,-0.003537326269539065,0.003279242310744168,0.002247715809897244
2018-01-12,0.042876949757709726,0.006518993640167059,0.007349217267545116,0.010326387161964101,-0.0059896719473030435,0.012117319941670202,0.007189162495073287
2018-01-13,0.02715195317395036,,,,,,
2018-01-14,-0.04096044534981502,,,,,,
2018-01-15,0.0034707961579654167,,,,,,0.012472721027119826
2018-01-16,-0.16854801354629112,-0.0034185976226885906,-0.0028575021788246335,-0.005082407468585459,0.006807481032344409,0.0016540570729914883,0.006244646858903913
2018-01-17,-0.02627391241677912,0.009532163548689576,0.010791121884075272,0.016516505112630808,0.010861658330186152,-0.008099385028916384,0.00023310480835259106
2018-01-18,0.02558861620270214,-0.0016812349723659414,0.00018109586399384092,0.0008933097984531457,-0.0036455088594038454,-0.002219746160232239,-0.007115374172313782
2018-01-19,0.01154694119247024,0.004549947632221274,0.003135643523407783,-0.004462835648063823,0.009869105154028723,0.004449368789751107,0.004319485371886866
2018-01-20,0.11129105236439107,,,,,,
2018-01-21,-0.10071171594108497,,,,,,
2018-01-22,-0.05764598936801968,0.008131122770562715,0.01070130043079276,-0.008181097190238518,0.009003870628963462,0.0018193589642852004,0.0015442078323903985
2018-01-23,-0.005763214020962026,0.0021221266598816513,0.008267909254948691,0.00022597711592164949,-0.030906348825466945,0.004974316982453653,6.128010640571446e-05
2018-01-24,0.04517684133384825,-0.0003882897918399131,-0.006489297535844818,-0.015928570862340674,-0.008310026287873362,0.012177899643490031,0.004407034097177132
2018-01-25,-0.008803281560753051,0.0004238257538029533,-0.000356174581752966,-0.0178513654801975,0.00034000807976197756,-0.006675468432262743,0.00656731096708385
2018-01-26,-0.007815691506385392,0.01157803100407273,0.015325171485629951,0.0023382261202089527,-0.006905128173982811,0.0007814808358339587,9.918784301454764e-05
2018-01-27,0.024106181433931617,,,,,,
2018-01-28,0.03020790716258781,,,,,,
2018-01-29,-0.041565158037780714,-0.006630282575392554,-0.0048560431837484375,-0.02069893516689536,-0.009916976441390113,-0.005621994291566623,0.0028832806660605836
2018-01-30,-0.10535219581320587,-0.010257008300009751,-0.008229970117747842,-0.00589393558702378,0.0010360680011320955,-0.004318770545372663,-0.0037762496543305435
2018-01-31,0.011359232053877344,0.000497027128033567,0.004149084580003848,0.002754893363821953,-0.007015298321640495,0.006703457836465088,0.002295770848100842
2018-02-01,-0.1027834196380305,-0.0011356206296501137,-0.008500608876578553,0.002090586764906366,-0.005675336690597499,0.003290292152912322,0.000732764144278919
2018-02-02,-0.037052347802326024,-0.021769526209614143,-0.01994534950847815,-0.04339035494523624,-0.01863756014176743,-0.013117887393550687,0.007355873169887062
2018-02-03,0.03897292486481896,,,,,,
2018-02-04,-0.09786476110758924,,,,,,
2018-02-05,-0.15968807377551097,-0.0418225954863406,-0.03942645143844348,-0.024984186805252717,-0.037863106492452614,0.002531843471552664,-0.005041091441751022
2018-02-06,0.11483809805022926,0.0197024399712169,0.026498845700584583,0.0417917959150389,0.016284231039344288,-0.010496423649786535,-0.006357090824531175
2018-02-07,-0.01711377293171268,-0.005424788335664732,-0.012938386942750624,-0.021407128222052485,-0.00655504557651132,-0.004705665583148222,0.0010896513674667485
2018-02-08,0.08453807822469184,-0.03750919776451822,-0.04219448586074592,-0.02751680694445635,-0.0197943130046232,0.0015225774502147793,-0.009139738824166632
2018-02-09,0.057030488314931294,0.015021578647921974,0.017269403214704493,0.012231439347204942,-0.0037401280966646855,-0.0016803225174144565,-0.0006008013016098879
2018-02-10,-0.013171607575021227,,,,,,
2018-02-11,-0.05705588715872301,,,,,,
2018-02-12,0.09798315081177211,0.014684446492827075,0.0177448618815641,0.04027883146738054,0.017643026704433407,0.004808897328354433,-0.0006494849380261902
2018-02-13,-0.03677344497335466,0.002487408600588825,0.005161644657376563,0.010017462410667699,0.002089849640344754,0.0056632293923437604,0.004158724034000194
2018-02-14,0.10424378247495736,0.013496478456952454,0.01872393139249584,0.018437512516682686,-0.010061368135408366,0.017052616317100977,0.004064377397143604
2018-02-15,0.07075267978887334,0.012760051964413988,0.018563951537966084,0.03357867052193764,0.0214430391099536,0.001169844500285011,0.009188381801677359
2018-02-16,0.006639518158486624,0.00029265221963270527,-0.004465830219755995,-0.0032373998318445674,0.0023053621361293075,-0.003271582663696204,0.0029133778536047927
2018-02-17,0.0858714440383399,,,,,,
2018-02-18,-0.050473816513253555,,,,,,
2018-02-19,0.06382797366007709,,,,,,-0.0073354603053779055
2018-02-20,0.01589270609507487,-0.006260887140133287,0.0020004182745987364,-0.003363473958479135,-0.015254291846727108,-0.013441710167313103,-0.0010662864839592334
2018-02-21,-0.06254985596523333,-0.004974434441137987,-0.002843478188881199,-0.004538952493406967,-0.013523343639068042,-0.004594377467322608,-0.0051067549655630096
2018-02-22,-0.06411363144322124,0.0012959349293912847,-0.00012082249154143909,0.00835924478167116,0.007477328545293149,0.005093103382117992,-0.004335586347391951
2018-02-23,0.02959516335582202,0.01593943025479061,0.020448820412149127,0.017391119187139426,0.002597870629425625,-0.0012668539845070992,0.0036487320821019242
2018-02-24,-0.04737642731178393,,,,,,
2018-02-25,-0.015116557715992629,,,,,,
2018-02-26,0.07263210586495439,0.01161235243962011,0.013260157514807247,0.019772072278980923,0.007156094695381698,0.0024575674654647717,-0.0032069517189410313
2018-02-27,0.03462041028492213,-0.01248641607787404,-0.012382691176713756,-0.003240746038154829,-0.013352921557954867,-0.01043890649807222,0.0023152774549177746
2018-02-28,-0.030552997565149287,-0.010129993241238422,-0.006417340757685297,-0.0015133961663181816,-0.02508066051722946,-0.0010388975966705294,-0.006922334724479118
2018-03-01,0.05319339372337972,-0.01454076261815418,-0.016326771109991256,-0.01751616083596086,0.0022921671038012015,-0.0022399902343750444,-0.003194101254276882
2018-03-02,0.012364203326180156,0.005154899216863296,0.009180641520314836,0.006914018882368866,0.010165405249134674,0.005372018620811936,0.006528162810397475
2018-03-03,0.036377885560451295,,,,,,
2018-03-04,0.0019930384320943073,,,,,,
2018-03-05,0.005272501204946822,0.011557918027196523,0.011084837793541746,0.003461864654954905,0.009936855699425706,-0.0016747674096407872,0.003632962028863096
2018-03-06,-0.06855429544313296,0.0025349964020515703,0.004230352892312661,-0.000848394090176896,-0.0033627802799837125,0.010784458146907872,0.0017148512838880414
2018-03-07,-0.0755415215926486,-0.00036638169959302136,0.00231392220846649,-0.00928294628555193,-0.010747293180912831,-0.006401624645603676,0.0064938961550604635
2018-03-08,-0.0572531755818666,0.004838938881886579,0.005505332749096592,0.010912839632802429,0.010232350248458255,-0.0023862794212923255,-0.00016138874583759844
2018-03-09,-0.006116008644050375,0.017402359540989343,0.019427778670775053,0.01718077107210192,0.004001540341888932,0.0009568071147663115,-0.008700747242001095
2018-03-10,-0.050500379066334866,,,,,,
2018-03-11,0.08037783474086391,,,,,,
2018-03-12,-0.03899407015352063,-0.0012551961552491608,0.005313112349237148,0.00966767797199286,-0.005355162251516998,0.0,0.00017222754338819257
2018-03-13,-0.001115738597840088,-0.006462633749666491,-0.01361435216113982,-0.00963020302990869,-0.001753404042627249,0.0019117242474055995,0.0025049078334542507
2018-03-14,-0.10060415105858134,-0.0051312142140347294,-0.0001751334666085791,-0.008501253161803168,-0.009031729035979041,-0.0006360457292980959,0.004275448803297444
2018-03-15,0.0037547153880626016,-0.001090049691404471,-0.0008734764446892695,0.0011766950798588471,-0.004177245407638419,-0.006364323323672649,-0.0013490517486015596
2018-03-16,0.0045163099033997955,0.0010844938125287307,-0.0029735424827179724,-0.0035263001895746715,0.003813880829094396,-0.0024019459414951205,-0.005366700104590616
2018-03-17,-0.05054594090041897,,,,,,
2018-03-18,0.038752615832098325,,,,,,
2018-03-19,0.04948766471821564,-0.013530435292961163,-0.021336055655100994,-0.01527935227772892,-0.003925710082215983,0.0021669685053569143,-0.002308799625633573
2018-03-20,0.03276917997335538,0.0017007935057431478,0.0032912600684107396,-0.00034220745596891256,-0.004449357525280084,-0.004484705499084418,0.004564607286908551
2018-03-21,0.0017737814072429359,-0.0019192331428544707,-0.004354010087774252,-0.02265472867969731,-0.016218125579701703,0.01745640608927701,-0.006885565378181413
2018-03-22,-0.022488995834565095,-0.024997369356631438,-0.024682179684842986,-0.014129859117051558,-0.008177355396980612,-0.003953194075975608,0.007816095488087926
2018-03-23,0.017316940467241304,-0.021314506089363028,-0.026351619044271746,-0.02315641989727979,-0.006543686935014392,0.012938539529958382,-0.0018364604103372484
2018-03-24,-0.023818586517076135,,,,,,
2018-03-25,-0.019882032253830673,,,,,,
2018-03-26,-0.033708485106174635,0.02735898648581725,0.03715843614618475,0.04747169659610262,0.0065867888189528045,0.005250357853935794,0.0023843820845586006
2018-03-27,-0.04584504758621555,-0.017011795057337187,-0.03236012458354676,-0.025641124536920246,0.018060337330854992,-0.0061584106879087885,0.008346521319475997
2018-03-28,0.015503551724572073,-0.0029545578781197124,-0.011503249563178608,-0.011048871367058344,0.013498031905770702,-0.01380496145836152,-0.003982928774167616
2018-03-29,-0.09916170347942321,0.012777315100449993,0.01831449041745925,0.007808806230956256,0.005581023088198522,0.0004771936450476133,-0.00786628053268501
2018-03-30,-0.03840241264367461,,,,,,-0.0006028120966424799
2018-03-31,0.012046952245941878,,,,,,
2018-04-01,-0.01854151465198095,,,,,,
2018-04-02,0.03500318149775872,-0.021584384151315916,-0.02885164340586055,-0.006556321965567546,-0.0237135752825256,0.011686153191860393,0.0009235128642599566
2018-04-03,0.052557958843978625,0.012816973875944493,0.01125365871808448,0.010258998990198887,0.013694926017365994,-0.007543604183229413,-0.0017455142626162656
2018-04-04,-0.08077536819799569,0.010699026269288536,0.015769993167699115,0.01912236582584459,0.007519887162358074,0.0011876001018218396,-0.0011542031731180957
2018-04-05,-0.006181881962836755,0.007891730052346446,0.005696315566263488,0.006934300209417321,-0.0031624851765076345,-0.005140323544257752,0.000675729861065566
2018-04-06,-0.025714036045156208,-0.02228558899912425,-0.025023113319344814,-0.025578454696439046,-0.004695360705012086,0.004689954877408642,-0.0028668079178540973
2018-04-07,0.041403974915207975,,,,,,
2018-04-08,0.016268081926749334,,,,,,
2018-04-09,-0.03599192973886778,0.004928426456415558,0.007023146255004331,0.00991806725872757,-0.0034427715358162914,0.0034021703240154633,0.0016198671529901176
2018-04-10,0.009456851084145068,0.015900362027124304,0.022062745888455026,0.018817748726803085,0.002686705304001391,0.0023655815524343815,0.004152599457122541
2018-04-11,0.019541295257440083,-0.005242194422778734,-0.0057688992691344865,-0.00467526263818141,-0.0012759582470063258,0.007787899955785216,0.0033009309184357516
2018-04-12,0.13215957347142848,0.008227080542196008,0.01204145482987884,0.00985863654507102,-0.006132557757932755,-0.011630613197024187,0.0006928037696238842
2018-04-13,0.0008505194964667506,-0.0029331296057205636,-0.005178659030014798,0.00338784396896763,0.007455869705997431,0.006555000660688037,-0.003390605609685071
2018-04-14,0.011433729892771805,,,,,,
2018-04-15,0.04293260747550409,,,,,,
2018-04-16,-0.03246930563679795,0.008221853616972918,0.007622322291893857,0.006238429331147266,0.003062578478914224,0.0014123209845888773,0.00023436369242313404
2018-04-17,-0.01943001508226172,0.010698399099446698,0.021525219082017877,0.013763916696578615,-0.002289664101462474,0.0009402393572395251,0.004260379303768547
2018-04-18,0.03307100821331388,0.0007403658653566403,0.002047141935948238,-0.0022443300643298913,-0.0029327425189488165,0.0007827669207129961,-0.0009651184794344791
2018-04-19,0.016033678248838168,-0.005547582279462393,-0.009192835851335568,-0.028339992911803114,-0.03269075348888717,-0.001955416527053,0.00048278455409289656
2018-04-20,0.06649384172813311,-0.008478984879835005,-0.01582662686432168,-0.040972404715786226,-0.015343527745987795,-0.007601890535287481,-0.0027160017803659064
2018-04-21,0.0056241188854653235,,,,,,
2018-04-22,-0.010468133204319163,,,,,,
2018-04-23,0.014589094689994253,-0.00015064430231315207,-0.00252595073470141,-0.0028961162228210435,-0.010840582433654045,-0.007975949843974872,-0.005842116657322816
2018-04-24,0.08583925965266448,-0.013467142384006703,-0.02118675324322039,-0.013919407362177005,-0.006849070092076026,0.004855919415812648,-0.00524987383052844
2018-04-25,-0.0878329224671307,0.0024717479115223817,0.0011983888946929255,0.004357546212522712,-0.00275867707567512,-0.006496075996334616,0.0026564143873653023
2018-04-26,0.049263206888732425,0.010165539694826142,0.021052722222981934,0.0034832471335686233,0.006224096359201292,-0.0035085115107064135,-0.00569636407493701
2018-04-27,-0.031725437819185576,0.0009387301259815573,0.0006173418897328364,-0.011569729039404342,0.000825004877409663,0.004241008034887361,-0.005098069250610404
2018-04-28,0.040216831097785066,,,,,,
2018-04-29,0.0075519876851644074,,,,,,
2018-04-30,-0.01895410931393615,-0.0076904585416714966,-0.007094853343349583,0.018112240198077112,-0.006455487978898167,-0.007251025196090666,0.0010909323947758676
2018-05-01,-0.013152901248456694,0.0017767803054040687,0.011432820036021862,0.023236066861950233,-0.0052529108737608965,-0.007063145351023148,-0.0034309910205799765
2018-05-02,0.012820488107240013,-0.006717347613420577,-0.005897502785883635,0.04417484863589216,-0.014174413240810257,-0.0004849855228984401,-0.007422782869638822
2018-05-03,0.05499619247287524,-0.0022035899576287044,-0.00012365768097455376,0.0018123169066550648,0.005920656439519556,0.005095004008440096,-0.003382061959303573
2018-05-04,-0.004423358338729533,0.01294612198551337,0.018973917618104297,0.03923350211504695,0.014994308341347073,0.002092067418605348,0.003201024774800665
2018-05-05,0.016224566817716557,,,,,,
2018-05-06,-0.020627661161558675,,,,,,
2018-05-07,-0.02918652325920712,0.0033834504963792256,0.008309611732638666,0.007235103647099006,-0.0062131185798407484,0.0002408766587147504,-0.0028572229693840656
2018-05-08,-0.014743338221176572,0.0,-0.0010226122313782282,0.004806661773398391,-0.007501923959877033,0.00016052535213439967,-0.001778117783750477
2018-05-09,0.009784638135047707,0.009665750912196458,0.010899060463533505,0.007040885338545966,0.01301764845487452,-0.0020868008225221057,-0.005518567539894659
2018-05-10,-0.030159124782280555,0.009350700307822368,0.010364420563520493,0.014303929750836275,0.010778259697775017,0.0068366320405601755,-0.0017415490223751107
2018-05-11,-0.06661368459868511,0.00305103877190116,-0.0009431070416542342,-0.003802946691439768,0.003007425471954095,-0.0014379318160805399,0.005934897250166937
2018-05-12,0.007510452811321011,,,,,,
2018-05-13,0.025755864015265972,,,,,,
2018-05-14,-0.0008196285477451992,0.00047672037644508336,0.0017112974846402729,-0.002333214403327899,-0.0012268575231392242,-0.004080017089843735,0.0029044280524377353
2018-05-15,-0.023679606291423294,-0.006887234175386836,-0.011075031446749262,-0.00908853097762441,-0.0045032329792321635,-0.01614583132241265,-0.0017539073934901284
2018-05-16,-0.016632607079429262,0.004205252017357219,0.006612452673819158,0.009332716542062247,0.007950775740725113,-0.0015512935679184991,-0.009243950202825535
2018-05-17,-0.03280150885412081,-0.0008447716411447148,-0.0038468269669761357,-0.006323850454212132,0.005847874270639153,0.0005724073456552237,-0.00033087668404485626
2018-05-18,0.019353065575076878,-0.002500274232225985,-0.0051684516109565815,-0.003636267606853316,-0.006895588834422983,0.0004086552101045804,-0.0018400451940925322
2018-05-19,-0.0004593446816679725,,,,,,
2018-05-20,0.03226197592169289,,,,,,
2018-05-21,-0.011072124702669384,0.007518541958808411,0.005613192634321029,0.007085041967909156,0.008305158532851076,0.0005718461950008358,-0.002423958215423405
2018-05-22,-0.04480471395234409,-0.002779906225616746,-0.0013061309414164057,-0.0025050448640410172,-0.0004052058695458438,-0.0005715193738216051,0.0021934890121912964
2018-05-23,-0.060180703011888936,0.002751361841135891,0.008442992882621736,0.006411601124326927,0.002026215163524414,0.001061982268841355,-0.00033015821412107904
2018-05-24,0.0039058908809461723,-0.0020486056191625357,-0.00029482084776677464,-0.0011149121019320418,-0.005526974330042234,0.00856859323093273,-0.006651355991797336
2018-05-25,-0.014128760440268784,-0.002382962174906189,0.001002743372395365,0.0022854920304651305,0.0073196360097853574,-0.003074660285441455,0.0010667618428481518
2018-05-26,-0.016612022186092146,,,,,,
2018-05-27,0.0016776146739541087,,,,,,
2018-05-28,-0.03151778498705937,,,,,,-0.002875428438939065
2018-05-29,0.047169292322396306,-0.011500918459383946,-0.004418806781065765,-0.0036062086130382864,-0.003498725923112178,-0.000162297242228715,-0.005301880425141681
2018-05-30,-0.008841623265862797,0.013344751458095994,0.0071607690190893525,-0.002128611785636836,0.011343805479945512,0.001461160009810003,-0.007535216942765155
2018-05-31,0.011834154516914053,-0.0061257990179517385,-0.0006463763916595422,-0.0033599050581375467,-0.022967085582159985,-0.00218857312515075,0.011083886334456894
2018-06-01,0.006308940673935393,0.009817218099044123,0.015699792107179533,0.01803402526288389,0.003826744817926997,-0.004955325896935703,0.002221677519788967
2018-06-02,0.013525250098900043,,,,,,
2018-06-03,0.010047792910929054,,,,,,
2018-06-04,-0.026654549419546036,0.004751864734870326,0.009030531637937544,0.008357630039468988,0.009938802712902373,-0.000979631964080463,-0.00210032824127937
2018-06-05,0.015874645500039364,0.0007275551771741551,0.0030980407200047466,0.007715202653517217,-0.0028309016654552988,0.003922495029546447,0.002737951201332356
2018-06-06,0.002648788469189478,0.00836058190970701,0.005834241036172028,0.0034657924169489984,0.005137411348363541,0.0005697980927446,0.0021927346739083475
2018-06-07,0.0031696259943396754,-0.0001084329594864819,-0.008131765027588611,-0.0026805285839446302,0.01896412619356269,-0.00048810250152531154,0.005055982908024781
2018-06-08,-0.006944340222814094,0.0029564570176681126,5.749729744275456e-05,-0.009097502967377546,0.018743508978373402,0.0012209142530825723,0.0008256799721879649
2018-06-09,-0.012188972783781837,,,,,,
2018-06-10,-0.09903902597615177,,,,,,
2018-06-11,0.017816025003725366,0.0013302733074813666,0.0026945701716012405,-0.0024518605627716905,0.004534915048440169,0.0017884823744616085,-0.0009544638670138106
2018-06-12,-0.04699056341537011,0.0012920576576080922,0.0052597033067516286,0.00549081329719292,-0.0037409090255414723,-0.0033271415316106223,-0.0008360043524021643
2018-06-13,-0.03531559589050193,-0.003190627075627117,-5.713088512104836e-05,-0.008217093335850412,-0.009968835284538846,0.003012561044629436,-0.002196853815365496
2018-06-14,0.05125280718084646,0.002517558381369689,0.010124171246311597,0.0005245091725853968,-0.0062770018678681705,0.0015422908372948463,0.0050654713259681294
2018-06-15,-0.03277281585696323,-0.0012757206260416432,-0.0034909764480584027,-0.010272801196862802,0.018291742974093417,-0.01653429211330959,-0.020426599495713016
2018-06-16,0.014493753193281167,,,,,,
2018-06-17,-0.007769296552266991,,,,,,
2018-06-18,0.036242501693211526,-0.002056984716706567,-0.0005779495360329623,-0.0005291610431159555,-0.019901599712943474,-0.0018954650937899054,0.002539486751588216
2018-06-19,0.005214707758210091,-0.0038324283180265484,-0.0028324454624080175,-0.01616005182553415,0.006461208494918935,-0.0025596363391253707,0.0030007027580272183
2018-06-20,0.0009763547887364776,0.0017060759840556994,0.0071022754455223325,0.004361948235737989,-0.0062887596833530734,-0.004470206141435118,-0.0036270917556433524
2018-06-21,-0.006907581536569007,-0.006269084205427156,-0.008688400909684368,-0.005576334845733832,0.007778651541207715,-0.001746208886931222,-0.0008221216561060674
2018-06-22,-0.09599929127557916,0.001823483122924463,-0.0022197528889921214,-0.002911572084805081,0.012951334210828724,0.0024156041546103957,0.002309538249867682
2018-06-23,0.012951028047344604,,,,,,
2018-06-24,0.0017444275736506754,,,,,,
2018-06-25,0.012303153382069887,-0.013613095470862868,-0.0225300407404172,-0.014871260034033718,0.004649443503687012,-0.0037393797734436296,0.004792807450570757
2018-06-26,-0.02488490482462502,0.0022142648181560087,0.00408483947770355,0.01240568820525545,0.0026994069239218987,-0.0052547940330739396,0.0035458973772095614
2018-06-27,0.010414079159373646,-0.008284577935640303,-0.013599046376904234,-0.001463828726332994,-0.003974458568454242,-0.005701830395735019,-0.004485290687215593
2018-06-28,-0.041202629509963784,0.005717444258316995,0.008601734161615582,0.007276509195639269,0.004633944933406742,-0.00303593021413906,-0.0074354242825039885
2018-06-29,0.053334982045442514,0.0014399075149262863,0.0026866476227005442,-0.0021025615378915674,0.0001280231531439746,0.003637288959023266,-5.7833382129168776e-05
2018-06-30,0.029863499854496434,,,,,,
2018-07-01,-0.00283887816696593,,,,,,
2018-07-02,0.03576053785551925,0.002137841002368468,0.006699977033562288,0.011182361655096562,0.0008967102924248849,-0.010029518972628937,0.009996784442930728
2018-07-03,-0.012789239147277698,-0.0035311234593817797,-0.011573950967122548,-0.01741624907070749,-0.00294338451104037,0.01013112932642235,-0.003120034991428211
2018-07-04,0.010407998444580624,,,,,,0.0014690584867949052
2018-07-05,0.006303905732049309,0.008157692933698835,0.012412038784628043,0.008047104797575866,0.01681606394736268,0.003371272825408722,0.0002681876303234354
2018-07-06,0.005175348399594437,0.008458380062077886,0.015556546735445709,0.01386168668015686,0.0012623146053374334,-0.0015959885471287238,0.0028772098465015272
2018-07-07,0.02748635285551071,,,,,,
2018-07-08,-0.012111876720297454,,,,,,
2018-07-09,-0.004743202325453666,0.00900451804963609,0.008996948716332831,0.013885345490658452,-0.018282502830309855,0.0024398528860691826,0.004818454594461397
2018-07-10,-0.06108203429191239,0.0035981923305243857,0.0007336168114380204,-0.0012067569212670382,0.025173287760913432,-0.001846422307055895,0.00039975606866438085
2018-07-11,0.010230691178732654,-0.007314315693414342,-0.0050754754815596215,-0.012975998837800096,-0.008268409219125972,-0.010846724226159843,-0.0025447016071965534
2018-07-12,-0.025943303661489003,0.00906609104499223,0.01723173980490178,0.01676571627017376,-0.0034106513351579437,0.004165231777556899,-0.0042855011041584845
2018-07-13,0.0014833886419449716,0.0007872277860274668,0.0008357804846508277,0.0015705552295395275,0.005323415849956437,-0.004401901762097649,-0.0009332123761051081
2018-07-14,0.006102918971790272,,,,,,
2018-07-15,0.013307587804530119,,,,,,
2018-07-16,0.06008356684760452,-0.0008940186701790198,-0.002394254503547799,-0.0021951263473295457,0.002774136703582064,-0.0005101399394812356,0.001132836238333823
2018-07-17,0.08592576690955611,0.004045422154284717,0.00608346879005528,0.0028286232863015126,0.006287005305895654,-0.01080394929383155,0.002599533353754291
2018-07-18,0.006794081964906162,0.0021035845946903997,-0.0018859355100446784,-0.005484502437049232,-0.0038734677394229866,0.00025798744076199753,-0.004801065622979439
2018-07-19,0.013035266406750123,-0.0037719841022916256,-0.005001940038936281,0.007772891765734702,-0.0034555005459780963,-0.004298856594405098,-0.0006522460547092601
2018-07-20,-0.015097374603627811,-0.0011422707207393579,-0.00022360119580056015,-0.0022926188658459745,-0.0006351563730593313,0.006476124823511453,0.0008158396966100323
2018-07-21,0.008860348850009636,,,,,,
2018-07-22,-0.00010780070374505346,,,,,,
2018-07-23,0.03944463356578143,0.0018591884623000432,0.0031847895676031523,0.0008877450337401172,-0.002160524953879528,-0.004804371742649027,0.007444375325635244
2018-07-24,0.09248469813206439,0.005032131100312531,0.004121017762231505,0.007254007194690715,0.006113423331792545,0.0003448354786839136,-0.004069511859595587
2018-07-25,-0.028830914494162863,0.008522320097646974,0.013976710019893313,0.009430244294624579,0.006076984740902791,0.005515334234738045,-0.0007362066255334199
2018-07-26,-0.02808936559110453,-0.002359112525315621,-0.01515145002110263,-0.003130946356895592,0.0078017569499393424,-0.0077991400388178755,0.004448548149435849
2018-07-27,0.026841166837664243,-0.0067761683401369455,-0.013496397620272882,-0.0166315866345077,0.006118089571783836,0.0005183138095208317,-0.008056971819692449
2018-07-28,0.0033240162325662848,,,,,,
2018-07-29,0.0032115585112559852,,,,,,
2018-07-30,-0.004621301393359478,-0.005223617074912479,-0.014131072539908973,-0.005602697541735813,-0.00471603959131206,-0.0015540041641225466,0.0015042796510340573
2018-07-31,-0.04890178082675012,0.004929783209889793,0.007652096500238459,0.0020007952370348914,0.008478776492834017,0.002939873181190933,0.004027299309011356
2018-08-01,-0.01998984457531061,-0.0016710873175965757,0.0037968115036517425,0.05891023843931564,-0.002843384766886614,-0.007328204929526905,-0.0015196184947060543
2018-08-02,-0.007575204523413981,0.005448249615849443,0.013606751762440528,0.029230589372469806,0.016738992578188006,-0.005384772884042377,-0.0020298875316873133
2018-08-03,-0.017544223034868245,0.004284237942849822,0.0030635427160661255,0.0028934797560247194,0.004024202525070519,0.003492853105171001,-0.0068473952277203765
2018-08-04,-0.05401116052267385,,,,,,
2018-08-05,0.005066208196926381,,,,,,
2018-08-06,-0.01650710988835713,0.003667284336035248,0.005886609033187495,0.00519236520548616,0.0023082379325454205,-0.0051339744804317355,-0.0020464967350711794
2018-08-07,-0.02857960428694062,0.0033026458488918387,0.0036432562572314975,-0.009374861092374953,0.0014536624610455018,0.0022740706959851753,-0.00036982591684764365
2018-08-08,-0.06623905761153515,-0.0004202674868323264,0.0012101868123337578,0.0006758807204203521,-0.0035091123979950067,0.002792628802213759,0.0038869294031265156
2018-08-09,0.04161727043509522,-0.0013663532765711972,-0.0006040976784357222,0.007865106394547183,-0.011536235323529986,-0.0014794690881722028,0.0006734641857293333
2018-08-10,-0.058390163053316124,-0.006700552842794805,-0.007641217805697598,-0.0029787953733217964,0.0003689602377474621,-0.0004357279352805721,-0.007478994461084021
2018-08-11,0.01795072367701156,,,,,,
2018-08-12,0.004282261313801161,,,,,,
2018-08-13,-0.0039730110791915685,-0.003743222466522589,-0.0011077120229489035,0.006456845177128079,0.0011048693834614376,-0.01508416880379293,-0.011212409102833498
2018-08-14,-0.015539305797755087,0.00638098937174103,0.006266384954770388,0.004213454071434919,-0.0025761746111775397,0.0009738014451408095,0.0006842021899073902
2018-08-15,0.017550830487124358,-0.007467653860813717,-0.012234811867007367,0.0023361826166845567,0.012175748843071155,-0.016626844065553037,-0.00498080630055997
2018-08-16,0.0041546925200131035,0.00809142759256365,0.0032919324300175745,0.014649758561615878,0.016889781759642952,-0.0008094609704913935,-0.00012482300979799188
2018-08-17,0.03881774015655104,0.0035204664214070203,0.00022244050051067887,0.01997001959617206,0.0,0.009270916232611892,0.002388010955532316
2018-08-18,-0.023838161388960444,,,,,,
2018-08-19,0.012813377460690445,,,,,,
2018-08-20,-0.030362422230262642,0.0021399056646895787,-0.0008893857861099752,-0.009743576548532196,-0.0005975129290299863,0.0049942495470025605,0.005833203078767113
2018-08-21,0.028569252521058797,0.002344982627752401,0.0036723614881046807,-0.0019494390364496184,0.003108300562697952,0.002928336094692563,0.004688443233400008
2018-08-22,-0.017268292976586608,-0.000593248778472999,0.003881143773407869,4.6516593631862335e-05,-0.006078756780491634,0.002211997942183075,0.0074323314978568256
2018-08-23,0.024804314896540447,-0.0013281835859551006,-0.0014357843267518433,0.0020459597078503755,-0.0017985410405038094,-0.009446452957847074,0.0006950676455279581
2018-08-24,0.028321879123101024,0.006018849309043617,0.009292216305182066,0.0031092800881191707,0.0014415373112175445,0.01746886601762876,-0.0035783983078884196
2018-08-25,0.0064330711373343785,,,,,,
2018-08-26,-0.008269792252739938,,,,,,
2018-08-27,0.026446026737003914,0.007895427718975112,0.01019252946274607,0.008234663733690972,0.0009599397951531863,0.00376657902932398,0.009144337754020793
2018-08-28,0.03074084399978072,0.0004828694642486919,0.0014647881834155552,0.008075686659893,0.00047917435398070474,-0.007941321771505638,0.0029793875380470514
2018-08-29,-0.006921884479385465,0.00538026946764969,0.011538099332027096,0.014929486611775289,0.0001196245197427892,0.004574213948543848,0.0006546323554694755
2018-08-30,-0.009781269937524706,-0.004047783614956946,-0.0017672583379217954,0.009193446214613266,-0.0009581101809955639,-0.004903656511020316,0.0015808572704292256
2018-08-31,0.008505036065358018,3.41074541130304e-05,0.001287202261883058,0.011553885834837407,-0.0055149479526367395,-0.0011439392301669793,-0.003849395505841957
2018-09-01,0.022119808250405715,,,,,,
2018-09-02,0.011047887233691212,,,,,,
2018-09-03,-0.0017407731737240084,,,,,,-0.005452411025046566
2018-09-04,0.01399438804035591,-0.0017220124132687475,-0.004285931679951394,0.003207118670832898,-0.0030138805769492905,-0.005109698001402485,0.0012428484833599818
2018-09-05,-0.07726926617796492,-0.002691452514808179,-0.01291357135731519,-0.006524717971905791,0.007134449385299613,0.0034534613352918964,-0.002491129718552476
2018-09-06,-0.03881447838641905,-0.0030100651115189114,-0.008939772809333446,-0.016617404443221906,-0.007684068245013442,0.0019414156485668688,0.004200319378601769
2018-09-07,-0.009511178051622271,-0.0019432915132339135,-0.0038504539405469496,-0.008068250913064845,-0.008953069602106178,-0.0027302937827557994,-0.0013014936799229382
2018-09-08,-0.03727961044229555,,,,,,
2018-09-09,0.012027003467310005,,,,,,
2018-09-10,0.0045772057555697465,0.0017385368903397591,0.003368278022322313,-0.013420543585818678,0.005737401388947294,-0.000706542689065337,-0.005075289652726522
2018-09-11,-0.0013428756082783933,0.0032972903888837113,0.007704369807632672,0.025282765585277422,-0.004491320922146325,0.0006186451072049959,0.003014905215417807
2018-09-12,0.004840791057003857,0.00024240140578535296,-0.002949093196757624,-0.012419134827157285,0.013412982915194327,0.008390716640166218,1.1616684766790897e-05
2018-09-13,0.026057221416850407,0.005914326280266113,0.010680182623533208,0.024155459142085833,0.004091175341743636,-0.003591101333891067,0.002860858097059049
2018-09-14,-0.000705827652036306,0.00017199970163073175,-0.002926299136798649,-0.01135120409556889,0.0019170267213881598,-0.006504970809317334,0.005378188128950967
2018-09-15,0.004681650888474609,,,,,,
2018-09-16,-0.0039766503781880624,,,,,,
2018-09-17,-0.036208908470212964,-0.005294434124923808,-0.014402819388789512,-0.02662602859532115,0.007654661772548366,0.005220350246058381,-0.005372562806159498
2018-09-18,0.014344330155602991,0.005426464449700852,0.008271776506109996,0.0016521767977271118,-0.0029672651258196847,-0.0014963310274801467,0.0034540896185308867
2018-09-19,0.004275459515334479,0.0010652773703838658,-0.0007658578449948328,0.0005957010169350685,0.0,0.0038786565809445506,0.0009226873411831704
2018-09-20,0.018930862676956428,0.008103854953451117,0.011056609732980283,0.0076017855367034315,0.016190645971897233,0.0034246522572403126,-0.0004553048991460251
2018-09-21,0.033020118505568075,-0.0009134232821055299,-0.005467848994083702,-0.010771258381441995,0.005388851991995347,-0.006825928084458366,0.008678831564500333
2018-09-22,-0.0019258070910126435,,,,,,
2018-09-23,-0.001688505126350992,,,,,,
2018-09-24,-0.01716973347876105,-0.0033220398980016164,0.0027812569923191255,0.014380062042976816,-0.01806100474219119,-0.00017619740455376842,-0.002115127565657682
2018-09-25,-0.022582362260686772,-0.0009280076131670256,0.0013593477707662949,0.00634097022631841,-0.013646553231228209,0.0015863250483771907,0.0001645452636427347
2018-09-26,0.00752811748738158,-0.002992017206747466,0.0007059638732551665,-0.007965873322689276,0.0016841279160944023,-0.005279352979018381,0.0008704655560571872
2018-09-27,0.027983063895304028,0.0027944991731851943,0.008465676958330226,0.02055146360237159,-0.004804567911977253,-0.008845643281780058,-0.0012453796102303016
2018-09-28,-0.004885628065675718,0.00010325515101339278,-0.00021511831162535078,0.003511843623588584,0.0044656416006405575,0.006336448595585464,-0.009461223483405279
2018-09-29,-0.006346944237813346,,,,,,
2018-09-30,0.003574710812529469,,,,,,
2018-10-01,-0.005424438249508223,0.003473818044829491,0.0020453131299780214,0.006733237162609207,0.005286795580785153,-0.001685016298391906,-0.0027504212446839427
2018-10-02,-0.005086790882500303,-0.0005829485724153649,-0.002255863779640266,0.008888758578201816,0.008246379964232053,0.011548397044346626,-0.0023966412508881207
2018-10-03,-0.008161903129785819,0.0005488946452134602,0.0010766578306948826,0.012168500044436703,-0.01576587280972741,-0.003951915050342092,-0.0022294163309379833
2018-10-04,0.011395474639611658,-0.007815697916904951,-0.019198688875067704,-0.01758090339839813,-0.013368258513714593,0.0005290529796950771,-0.0065300304727187175
2018-10-05,0.0069624749639192185,-0.005597022205399815,-0.012227365175951355,-0.016228790614612576,0.002807400062988741,0.002819877382429281,0.0036397522018474238
2018-10-06,-0.005159686699812593,,,,,,
2018-10-07,0.002222138391870798,,,,,,
2018-10-08,0.007463298025666587,0.0,-0.006105871662767659,-0.0023183862995526106,0.003043457633013169,-0.011072074713894375,0.00039173804285597136
2018-10-09,-0.0014415983479458827,-0.0014595115166922135,0.0032393403937940324,0.013853382785083523,-0.0024271295348701205,0.0005331220730910857,-0.002471276723194915
2018-10-10,-0.008597538085317824,-0.031662937134387836,-0.043979231920441286,-0.04632614135450286,-0.00924562308389576,0.00248666770063255,0.0011161622934408033
2018-10-11,-0.05000198336714945,-0.02202624779207485,-0.01240328462185869,-0.008827854634834376,-0.031557210754191045,0.025691013434101517,0.002295205842824277
2018-10-12,0.002931448132255543,0.013888266260365656,0.02783008306377277,0.035719283346805186,0.0024092628050680354,-0.004750349180877911,0.004949103265734278
2018-10-13,0.001818473285531752,,,,,,
2018-10-14,0.0007858652689651802,,,,,,
2018-10-15,0.04857943972383971,-0.0056171884316466025,-0.01210420352856667,-0.02138574216543887,0.013533816496624551,0.006682258271583086,-0.003373011342656995
2018-10-16,-6.521233536105342e-05,0.021865779213627645,0.029092437762252343,0.022037167014934855,0.010981952436053488,-0.0017241116227775244,0.0027799876800456147
2018-10-17,-0.007834873671174969,0.00017844804153277494,0.0003950402529124819,-0.004321362303256637,0.010492498255086913,-8.63742311474347e-05,-0.0007060887366547863
2018-10-18,-0.010347763368972918,-0.01444091232430067,-0.02318240591519105,-0.023373555509732635,-0.011128599273379391,0.001122698440194414,-0.006428907457512012
2018-10-19,-0.001744682833668909,-0.0005429056092755014,-0.0009238813815437563,0.015230047886670262,0.08798649461024977,0.0007764317521294917,-0.0035526885741700154
2018-10-20,0.003678001021058641,,,,,,
2018-10-21,-0.0010540366073054086,,,,,,
2018-10-22,0.0007420238835125215,-0.0044885744532841,0.005143969712637864,0.006110095451114184,-0.008018479197139938,-0.002586010225269386,0.004316082180734426
2018-10-23,-0.0017603884596555375,-0.005090988286172049,-0.0036801971461856153,0.009426674486522124,0.00646669997974314,0.005876763551604158,-0.0036122815085490867
2018-10-24,0.0031038319400622516,-0.030298267539286883,-0.045766678767409474,-0.03430173762545885,0.026387961763615797,0.0023198236435848507,0.00045883747589914314
2018-10-25,-0.003009588468581126,0.017940601362301578,0.034595141431876364,0.02189799692101735,-0.005141680590953879,-0.002228717024418514,-0.006440624007078677
2018-10-26,-0.00023779649354971344,-0.01758772303041245,-0.02572171162494341,-0.01592367604687539,-0.012809257184586698,0.0031786521678458524,-0.001877250156367749
2018-10-27,0.000869513542993916,,,,,,
2018-10-28,0.0009274539479067201,,,,,,
2018-10-29,-0.02370505792364075,-0.00553999219352419,-0.020580597100232523,-0.018770127567051542,0.0043249440170485265,-0.003939360261170033,0.0018350998067984126
2018-10-30,0.0002589977227631657,0.014818623924050867,0.016479372390739933,0.004994287356243188,0.010766479399258344,-0.0043847864976440665,-0.0019794069309048146
2018-10-31,-0.002630161991615365,0.010680632367670917,0.02350548827084742,0.026066563646636842,-0.0057181815270819225,-0.005613139108367582,-0.0026210758262471545
2018-11-01,0.009524159164166601,0.010641933035367535,0.013190536646187745,0.015352129900970457,0.010261246238955302,0.01285276342099273,-0.002614095481043077
2018-11-02,0.0016714525444749828,-0.005922945091489162,-0.01557597673419775,-0.06633026964761446,0.0024556402713449277,0.00017151910256396619,0.007651635381950683
2018-11-03,-0.004254587353178851,,,,,,
2018-11-04,0.0023376057157507013,,,,,,
2018-11-05,0.006827068180471185,0.005516782055670744,-0.0024796678577767572,-0.028388493653848657,0.015477516821553294,-0.0024003324100665413,-0.0005014754689950385
2018-11-06,0.006441090083988854,0.006327646540622345,0.007575841560929941,0.010813992211076373,0.003399175445834679,-0.002835798085983776,0.001346619983840558
2018-11-07,0.01069962337180641,0.02140911216169661,0.03136725327294698,0.030328479483403115,-0.0024043186228692726,-8.619558903444346e-05,0.002242044736443516
2018-11-08,-0.011702646539741735,-0.0018150737840342268,-0.006378588309246425,-0.0034892550141615297,0.00076672077483253,-0.0021546152083956605,-0.00038883559320357364
2018-11-09,-0.01055206847976109,-0.009768255807178883,-0.01685196994024518,-0.019281618996510375,0.011493113297699864,-0.011228151978489587,-0.005741074675465474
2018-11-10,0.003695819234960096,,,,,,
2018-11-11,0.0003198212292272462,,,,,,
2018-11-12,-0.006239013468180898,-0.01868508589005735,-0.030258960497283938,-0.050373933106661495,0.0031380309548376673,-0.007162820324765118,-0.003816487317488404
2018-11-13,-0.0018488912132336166,-0.0018712767989175205,0.0008415200182723126,-0.009991545093401055,0.008306643390424195,0.0003518677181439944,-0.00808810665799875
2018-11-14,-0.09767137204823373,-0.006836493031103341,-0.007628764614441841,-0.028247098632081746,0.00021388320533310967,0.008267391966898296,0.006922533588078261
2018-11-15,-0.015739770310788437,0.010436572221567353,0.017493640341313732,0.02467859540180828,0.0036366210358136364,0.0011339606953078007,5.6594723917280376e-05
2018-11-16,-0.012832790057027754,0.002600903308711766,-0.0035097975458942,0.011075616307368641,-0.00010677757875732219,0.00740616997802257,0.001155015031003126
2018-11-17,-0.0038058536477711957,,,,,,
2018-11-18,0.01246054158899823,,,,,,
2018-11-19,-0.1337324531280254,-0.016914715865944396,-0.032477731427563716,-0.0396322201481889,-0.005648979495333384,0.0004324115306661991,0.00786430419997286
2018-11-20,-0.08613793664749825,-0.0185061276079328,-0.017894334312013815,-0.04777762207032099,-0.012755810214040375,0.0,0.0035968657063256693
2018-11-21,0.033761048892067214,0.0034074601036517826,0.007602041185828634,-0.0011301052778459608,-0.007492197258601174,0.0016426250921932617,-0.007210096528688648
2018-11-22,-0.051330130021037146,,,,,,0.001400751225303587
2018-11-23,-0.004312949417012546,-0.006678585509540258,-0.007233023757321044,-0.02539874914782425,0.0014228356836107903,-0.0007768338236752159,0.001299977264267449
2018-11-24,-0.10727813839138145,,,,,,
2018-11-25,0.03329501453641903,,,,,,
2018-11-26,-0.05756653779882259,0.016144537947757165,0.023113802055628296,0.013523744379376312,0.004369164901166567,-0.0011228924348919422,-0.005770744798348049
2018-11-27,0.01100520203864308,0.003364212301633973,0.003376723498072165,-0.0021761273808384995,0.008483979920892226,-0.00596681464067883,-0.00035140248707166144
2018-11-28,0.11429781677810569,0.02302537285265438,0.0321832286823418,0.03845248150802205,0.00312753941247923,0.0037407596049732206,-0.0030505557939733974
2018-11-29,0.005032803483256965,-0.0021852067925572927,-0.003260428493394918,-0.007682070763907367,-0.0020424867857942175,0.0031201301691909933,0.0061730609388910285
2018-11-30,-0.061132857655723294,0.006095290370266904,0.007255492722942458,-0.005402200207885732,0.01820691292324783,-0.0017279847238081958,0.0021305226680250478
2018-12-01,0.04913869153262418,,,,,,
2018-12-02,-0.017746089738599147,,,,,,
2018-12-03,-0.059360946019741734,0.013241684471839044,0.01747657078775866,0.03494220309413354,-0.012591346254931857,0.007529883500850154,-0.004434890019770932
2018-12-04,0.016117316474361765,-0.0324025211981831,-0.038356558379526895,-0.0439886817896844,-0.00010666786044877252,0.00609912432039339,0.001112715552509469
2018-12-05,-0.05127732410744523,,,,,,-0.001054786760268711
2018-12-06,-0.06203872788383058,-0.0015171672284279847,0.007059990063209565,-0.011149533653382004,0.002571890862284265,0.0001707363609755319,0.0005447130829194791
2018-12-07,-0.02873093603554966,-0.023235690101169215,-0.033015646200033166,-0.035657299321926295,-0.011758359556001241,0.00810992789134457,0.0022635879349817145
2018-12-08,0.016426468099122626,,,,,,
2018-12-09,0.03973390954986766,,,,,,
2018-12-10,-0.030871924054627797,0.0018965429367880926,0.010472067410424613,0.0065883194451323845,0.006273646266844013,-0.003471894702593792,0.002303016380289069
2018-12-11,-0.02228819243544189,0.0002273280157931712,0.0033116360239868747,-0.0057192271009326445,0.009459246930247911,-0.001189661703648759,-0.003895309912609113
2018-12-12,0.018210090700773618,0.0050355187323525286,0.008801489368405857,0.002786773898047379,0.0012777788713265181,0.0021269354947484054,-0.0029439813237839285
2018-12-13,-0.04969183369802088,-0.0003392709072714828,0.00030272808344711244,0.01094031861145317,0.026161776042914253,-0.002207336227265433,0.004447013736577077
2018-12-14,-0.021484404643338006,-0.018464587325778492,-0.024348999481513256,-0.03199750055676942,0.0015547319081257172,-0.0039989894119348834,-0.0008636638486140269
2018-12-15,-0.00176504895861207,,,,,,
2018-12-16,0.004967122690864523,,,,,,
2018-12-17,0.09008303968836118,-0.019618389659180502,-0.022659320849499176,-0.009306540869479685,-0.040045723147907886,0.0069195729103175285,-0.005076417971386138
2018-12-18,0.04235760433416402,-0.0010965348012590415,0.006288331548637727,0.012992953250435146,-0.0030181555596470178,0.0023754880187698557,0.003881647191652293
2018-12-19,0.013498594166162725,-0.014975546923742589,-0.024555131263903518,-0.03119192459777309,-0.007892505237853453,-0.006093958623821227,0.0022524055418104982
2018-12-20,0.10370951341077017,-0.016278285591655006,-0.014495574860012406,-0.025234696921321964,-0.008500720488816338,0.015413416962360094,0.0012414097661410661
2018-12-21,-0.05754047081632285,-0.020489604545488205,-0.03099338820473385,-0.03889556954563678,-0.00010971610247356711,-0.004360924625816387,0.005911731388308583
2018-12-22,0.03019058043163869,,,,,,
2018-12-23,-0.003787170148421448,,,,,,
2018-12-24,0.019909800002112288,-0.026422556204760084,-0.024798108946475828,-0.02587411662482897,-0.039683385543947236,0.010950096100037499,-0.007335466024604886
2018-12-25,-0.06450950206818629,,,,,,0.002736942996828473
2018-12-26,0.010957144913857908,0.05052479699563417,0.06243914182195698,0.07042152196500662,0.031249831383518556,-0.002999441684935489,0.001016065012271694
2018-12-27,-0.05248858966405945,0.007677390378355353,0.0038697811015673267,-0.006489678413065358,0.02142286874695687,0.007604847107346435,-0.004749041800903631
2018-12-28,0.0736244771111243,-0.0012900249795746443,-0.0005226668546918223,0.0005120345098699186,-0.009127963544794504,0.004064011487183938,0.006138464056676618
2018-12-29,-0.02637924423222937,,,,,,
2018-12-30,0.011921223353655419,,,,,,
2018-12-31,-0.03188145558095512,0.008758848102528916,0.008433101748024807,0.009665532561870416,0.008115168120763627,0.0015694898830167503,0.0007778653659904489
2019-01-01,0.02693765683605087,,,,,,0.004643244708864236
2019-01-02,0.025989042281366226,0.001040378078690063,0.00401928270514218,0.0011412547646136861,-0.006962292092496436,0.0006598089159148834,-0.002727909868198375
2019-01-03,-0.02704974336321264,-0.023862752705092527,-0.03267056318043915,-0.09960713997740656,-0.007011712987161078,0.009066170423806419,-0.012529146529702495
2019-01-04,0.005467222626216461,0.0334955619354016,0.042784705354353525,0.04268905062147543,0.02041073957065298,-0.00808623590052937,0.0064473312242818714
2019-01-05,-0.003246206888826486,,,,,,
2019-01-06,0.06018888861446059,,,,,,
2019-01-07,-0.01260458883210791,0.007884512289254797,0.011905598814375473,-0.002225995050259777,-0.00400021505028203,0.003458482876331992,0.0017001675155818852
2019-01-08,0.0013911214837352137,0.009395465489566712,0.009045765224520386,0.019063104997550706,0.0036905037578263133,-0.00270804061547536,0.00607275035194621
2019-01-09,0.0011036105648376537,0.004673452959788493,0.008148974828344091,0.0169818456318791,-0.016331332909824026,0.006418158373500793,-0.0020620147536288824
2019-01-10,-0.08831366819666353,0.0035277284893537875,0.00286030570677398,0.003196130204369041,0.0024191234836272724,-0.005886691481276518,0.008631489238603907
2019-01-11,0.0022943982214995717,0.00038629104473786313,-0.0036580538702055687,-0.00981834652910274,0.006581005593388367,0.001727170986037363,-0.003878884068224897
2019-01-12,-0.007068584135981104,,,,,,
2019-01-13,-0.029592732102399433,,,,,,
2019-01-14,0.04309066731460187,-0.006101015451981717,-0.008836815897069306,-0.015036821637499753,-0.006755824467608362,0.002380897199235621,-0.004343374419858104
2019-01-15,-0.020338880328643172,0.011460911627552806,0.01952680188092515,0.02046675156384703,0.009435019305954917,-0.0017200351443329431,0.0011128148567545182
2019-01-16,0.006701657682214313,0.002419735854161109,-0.00018502089694039103,0.012216582327328807,-0.006955779444584365,0.003199863787636481,-0.004886350046035215
2019-01-17,0.006445166852939055,0.007586731603039576,0.00788421408892992,0.005937443446990098,-0.00014364057648019735,-0.001308546962521917,-0.0016414103181224826
2019-01-18,-0.005633885824214646,0.013310154895224358,0.009900270474776596,0.006159768810097166,0.008605711281836292,-0.008926410300850951,-0.0004783813266034942
2019-01-19,0.019336279435154813,,,,,,
2019-01-20,-0.034210097604695955,,,,,,
2019-01-21,-0.006937269182559769,,,,,,-0.002375367747233459
2019-01-22,0.007982219951364833,-0.013510751629177364,-0.020030231066628046,-0.022446077772511508,-0.01072007340842418,0.0035531343340227117,0.0003296575934785828
2019-01-23,-0.005397055122244532,0.002092497177588193,0.0012969898833408156,0.0040444796272081085,0.04865098344191754,-0.0013997379433262624,-0.00046596104255325344
2019-01-24,0.00439104360848841,0.0005314940757690234,0.006475367994711156,-0.007926433869366534,-0.0056933714857453355,-0.0015666428373899421,0.002129587067182692
2019-01-25,-0.0003053736335224544,0.008461301202156157,0.011948425481366431,0.03313682160601372,-0.007423546177637075,0.01461726258147622,-0.006561824992528664
2019-01-26,0.0007485431486600191,,,,,,
2019-01-27,-0.005133888120898322,,,,,,
2019-01-28,-0.03167312037855241,-0.007600016182232383,-0.012352326008843173,-0.009254539217522728,-0.0008544986335565774,0.0034999210730881636,0.008799478296548369
2019-01-29,-0.006435330653293936,-0.0013271330365887124,-0.009441695905574199,-0.010364380632130743,0.00021366027506375396,0.005596580714432919,0.0014859055187195214
2019-01-30,0.01103927096757329,0.015831018340453085,0.02543829565997857,0.06833439232280614,0.010476822371049854,0.005726722578225818,0.0004688060911626213
2019-01-31,-0.008143269325041613,0.008782113440994,0.014968480158388253,0.007201233596533463,0.020630644807335008,0.00048117377030232333,0.0045721316074203155
2019-02-01,0.008720183739189036,0.0004817218907271492,-0.004222465521531271,0.0004806682215614533,0.010365839516082165,-0.002004008016032066,-0.0033203826269594394
2019-02-02,0.009494265405179059,,,,,,
2019-02-03,-0.01620175471744556,,,,,,
2019-02-04,-0.0014028164443861124,0.0070355615887567335,0.01242176159697772,0.028404889299080027,0.005745503275792929,-0.004337356751223598,0.0005040323105429678
2019-02-05,0.0020824077305636735,0.004191782412417799,0.008847792562340029,0.0171096323525477,-0.006018473652445233,0.002581475453272253,-0.0016581708047050947
2019-02-06,-0.015171430181290635,-0.0013179394319741133,-0.002981797464025382,0.0003445739388936442,0.004925976713718638,-0.006758902044908588,-0.0023048017136692023
2019-02-07,-0.004187789950119369,-0.009533112825479084,-0.013429477595661932,-0.018939594563346485,-0.007965626596702635,0.002430293392984062,-0.0038531703871318435
2019-02-08,0.07863239318839477,0.001221411698496544,0.0019614213937839686,0.0011752095955039898,0.005867728127778582,0.0037982966608789415,-0.002392479741115894
2019-02-09,0.0012063280354683847,,,,,,
2019-02-10,0.005171224791767015,,,,,,
2019-02-11,-0.011315836951756086,0.0005546699650804676,-0.000949147765316738,-0.005751156849723715,0.005731202761428467,-0.004911042708701019,-0.001279588983948976
2019-02-12,0.0013972858086190865,0.012859474330087606,0.014786626579165851,0.008617250639726848,0.010074443683307344,0.002103577179937588,-0.003992851395924202
2019-02-13,-0.005873228423961097,0.0032468898790958267,0.0007017342607460453,-0.00415480754259967,-0.00020158189125751846,-0.003956062177902009,0.004930589046378886
2019-02-14,-0.004182104127314679,-0.0022181566637409222,0.0012283873511669263,0.0036433690166506327,-0.007859767553796582,0.005592889654295163,-0.006150587103886607
2019-02-15,0.0010865526937218206,0.010896931267008192,0.004205088061454587,-0.0022248568539828817,0.00020321979506099375,0.005964900110646543,0.0026995517431898097
2019-02-16,0.00247922555437019,,,,,,
2019-02-17,0.01213530621263259,,,,,,
2019-02-18,0.06583804009467542,,,,,,0.00023725025268528377
2019-02-19,0.008013895832135631,0.0017309369527376273,0.0019772196370144712,0.0029924105217118413,0.015332993460948519,0.015224309695700766,0.0012330288394324374
2019-02-20,0.013358199164869689,0.0020153042620809636,-0.00017392551651340682,0.006435537526555679,-0.0071005194336641875,-0.0017363346220005127,0.0027449212844001813
2019-02-21,-0.011426110729454764,-0.0035558804877061645,-0.0036577977644134396,-0.005638465220747957,0.005036130104769221,-0.011306137470128319,0.0002950014334945905
2019-02-22,0.013001242029855531,0.0062000758972693415,0.007400495840662824,0.01116549349092888,0.004710465154643018,0.0035985360836492397,-0.0002949144333140863
2019-02-23,0.03420280463327119,,,,,,
2019-02-24,-0.08016830712779921,,,,,,
2019-02-25,0.018966060635805304,0.00136115809546844,0.0036436107174842025,0.007284617551793993,-0.006783265000943062,-0.0010358346885893654,-6.799641163912629e-05
2019-02-26,-0.007298633937987575,-0.0007152906461688202,0.0010373837175283729,0.0005738173000633395,0.0026113931153712855,0.001675034536747555,0.0022280586566212346
2019-02-27,-0.0008589100836423613,-0.0004296521370869,-0.0006332180490488115,0.003097479223104882,-0.009215596795456804,-0.0070871108191714605,0.0022558243915535847
2019-02-28,0.0009706546704713048,-0.0018627277673548548,-0.002304203829341045,-0.009835552304583883,-0.0036397373018050017,-0.005613959130088775,-0.0011379817523223812
2019-03-01,0.0012447748305945971,0.006243898924989777,0.006928668514704972,0.010511017499038822,-0.0011162227379857281,-0.017017506627186707,-0.0005914274446008339
2019-03-02,0.0012517668104363722,,,,,,
2019-03-03,-0.0044610264783262465,,,,,,
2019-03-04,-0.022254936403225956,-0.0036373537721960947,0.000172187294005699,0.005029608456176282,0.004368156648513866,-0.0026255308667169075,0.00021612558930117487
2019-03-05,0.035840973956695166,-0.0013600741513206671,0.000745375814385385,-0.0018198453268029047,0.0022249418119608677,0.0013162525939691694,-0.0033898816606553472
2019-03-06,0.0019422224383240927,-0.0060569631112800115,-0.005671666525214114,-0.005753954139100292,-0.0016146818332746227,-0.0009037184460104486,-0.0026684297776490284
2019-03-07,0.0019318286070102442,-0.00836539585823215,-0.012272629148887715,-0.011574782658071214,-0.003840886077967509,-0.0008222882461903502,0.0006109592703660294
2019-03-08,-0.0026467658337827604,-0.0019999260111510653,-0.0015165665291364538,0.0023771274566852796,-0.0014204018085488546,0.010945553273622899,-0.010224132032449207
2019-03-09,0.01593951074016675,,,,,,
2019-03-10,-0.0029555740506511663,,,,,,
2019-03-11,-0.01173513521428382,0.014501121044961485,0.02079777513430936,0.034642050721409356,0.011888896571221608,-0.004884390198699684,0.0030440151064905496
2019-03-12,0.0010060759032475275,0.0037711244744200734,0.005494430196004707,0.011235470425592364,0.0047194648780646276,0.006053709964792153,0.0023869618457559305
2019-03-13,-0.0006239108103570645,0.0066191561015771505,0.007513274848492957,0.004422008116085285,0.011294499663261126,0.006992949727453013,0.0025057890853388276
2019-03-14,0.004518334494236109,-0.0006394276378839381,-0.0016946729766352808,0.011116521546685298,0.0013838436413475819,-0.011547098821608426,0.003863930829871798
2019-03-15,0.009311558336655423,0.0049402490244214725,0.009280739734571108,0.013008214664339546,0.011053911519834703,0.004574769560006908,-0.002001644997434049
2019-03-16,0.02217032756381765,,,,,,
2019-03-17,-0.0058035113164038865,,,,,,
2019-03-18,0.0018081754616785517,0.003625660407714948,0.0023814431817785753,0.01020835953188226,-0.009078462273182764,0.0005692420438265788,0.0010074681462122204
2019-03-19,0.009592756619634768,0.00024814093781322377,0.0033624962194687136,-0.007924718705820233,0.0038421832186243954,0.002763299214570525,0.0014510758697108272
2019-03-20,0.004000337019458566,-0.0030103017121495546,0.003965032106587829,0.008738821571786293,-0.00176651416271012,0.006484057947534483,0.0016463550313727815
2019-03-21,-0.014226238767748978,0.011294680901305254,0.015632257757978163,0.03683038904854019,0.0075698773512189454,-0.004026413261163153,0.006434020762722037
2019-03-22,-0.0013299101079167208,-0.01924610613175759,-0.02196444562369404,-0.020708544711861898,-0.008098333843326477,0.002344768069306058,-0.004629667781540836
2019-03-23,0.002946880672416219,,,,,,
2019-03-24,-0.0033842394882989124,,,,,,
2019-03-25,-0.014692984758966188,-0.0007520268269405328,-0.0019039374962351863,-0.01209100383998074,0.0029508101490622884,0.007663119616744263,-0.006958252476328197
2019-03-26,0.00555383851780511,0.007454177308871879,0.004657294675883161,-0.010331629829321898,0.010396246148759891,-0.004963137418149799,0.0017652605545475097
2019-03-27,0.025591790081793686,-0.005229230668560847,-0.006422830496991105,0.008993886173203736,-0.001164991679584615,-0.005229296137734152,-0.0036192180213564518
2019-03-28,-0.00439410170099408,0.0037905532901907346,0.0023044865562211747,0.0013267074127261136,0.006317167301157944,-0.014152850613865509,-0.0020477843846290478
2019-03-29,0.007192568960710188,0.006305579162540376,0.007570931177439455,0.006517523665055425,0.004828548236864849,0.0009023839948698598,-0.0019316303301136761
2019-03-30,0.0020216904305738748,,,,,,
2019-03-31,-0.0003058103975535076,,,,,,
2019-04-01,0.01285593446519373,0.011858865540559815,0.013247470721317711,0.006791202241444916,-0.003940339158237438,-0.003934131206699276,-0.0005498689178314864
2019-04-02,0.1735601357404375,0.0004903234890552,0.0037903144907991404,0.014536761633791695,0.0010611368985162795,0.0037028271386223555,-0.0016136592061790633
2019-04-03,0.01908737151027773,0.0015730758222782804,0.005745931146319938,0.0068550219663687795,-0.000578132162019851,-0.0014756542074283452,-0.0001680841407932787
2019-04-04,-0.010099119772122078,0.0026539075352498553,-0.00038046319746887214,0.001740460880400585,-0.002507455020264948,0.00254513588527594,0.003846475502299551
2019-04-05,0.023133653881632465,0.0048399572450192885,0.005170908433589805,0.006694097958294787,0.0021270261318073747,-0.0010645913747292512,-0.0018746903030062434
2019-04-06,0.004593546775932822,,,,,,
2019-04-07,0.027487076967675605,,,,,,
2019-04-08,0.017479481496835758,0.000762252925217588,0.0025454464183010117,0.01573611321042967,0.012734980495206605,0.004344964459018774,-0.0005610103836299896
2019-04-09,-0.016033302776742198,-0.0051247773665656915,-0.003511437175047205,-0.0029985066270524774,-0.0029530716347877517,0.0052240582686200465,0.0032868820627189876
2019-04-10,0.02297679449480783,0.0034109281761911525,0.005366650891460489,0.00561390168293463,-9.567818484812474e-05,0.003085645543724258,0.0009351247909736848
2019-04-11,-0.04884241466188555,-0.00027767645792475815,-0.0023721215151679687,-0.00832424837424317,0.0009555590138525805,-0.012790430232882732,0.0008457988323447019
2019-04-12,0.004946456691243162,0.006766232451891785,0.004323461731899458,-0.00040225679014527227,0.0029592737435890637,-0.0009839698252590567,-0.0013963867106355776
2019-04-13,0.0013846761356397508,,,,,,
2019-04-14,0.013957526910101548,,,,,,
2019-04-15,-0.019469655345422332,-0.0006545162026618812,0.00016155084697144773,0.0018105217467885293,0.006377392373157154,-0.0018879040751599296,0.003934172506313338
2019-04-16,0.03324404347200138,0.0006549448746941966,0.0034434608067133166,0.00010028222858293745,0.006526051909020891,-0.008963785785923273,-1.1282911303256427e-05
2019-04-17,0.003128303240330199,-0.0024469052043144535,0.003484873689882928,0.01947320953308762,0.0016655483448908548,-0.0019085831288392363,-0.0017604703698442803
2019-04-18,0.008843926567657423,0.001969301324052486,0.001282695538910028,0.0035938079634527664,0.0018895410355148634,0.0007482870651696061,0.0010732508493576098
2019-04-19,0.0010242285247921146,,,,,,-0.00541579444208895
2019-04-20,0.00642438443454596,,,,,,
2019-04-21,-0.004375323763073036,,,,,,
2019-04-22,0.015962646635110156,0.000862285163146792,0.002828264240833489,0.003286610720780958,-0.00037710961791803665,0.0,0.0007646358213686533
2019-04-23,0.032040260809014454,0.008991224103109596,0.012718090025856554,0.01442312320898731,-0.02688417860402892,-0.002076929420084306,0.0012835261166872503
2019-04-24,-0.019290850018550354,-0.002219216126041701,-0.0031525292116147963,-0.0015423358815427335,0.005137565637379327,0.0029137401441747812,-0.0030754762768938626
2019-04-25,-0.04654296037177108,-0.000615797739192292,0.004058726678133784,-0.009074959527359039,-0.003954315792893959,0.0008300695036758121,-0.006312881219592614
2019-04-26,0.013210308630683842,0.004656476002439236,0.0008924374459322593,-0.0047740776559487275,0.024980700522540644,0.006635175033447016,-0.0014923747591043535
2019-04-27,-0.00209441177273062,,,,,,
2019-04-28,0.0031980284462800324,,,,,,
2019-04-29,-0.007149598137096702,0.001567825572910353,0.001940666375972011,0.0015173676852087148,-0.010202041801835149,-0.004449212353194509,0.0012043116734206105
2019-04-30,0.019700224573813152,0.0005106852531506778,-0.007747963615269193,-0.019256020176296906,0.01622463317791789,0.0030621129817147708,0.003131870076250376
2019-05-01,0.009712831055362026,-0.007516722166218903,-0.0032183008588805295,0.049085236749957906,-0.014557147238009938,-0.0066006224629272525,0.0027590878682304254
2019-05-02,0.018988001869725712,-0.0021589746977267454,-0.004339980457984893,-0.0065075535910250615,0.006004349901622685,-0.0038205903541769226,-0.0013553414770735017
2019-05-03,0.047773352676729886,0.009787656246836862,0.015947923295186905,0.012431218334102878,0.004926216307373554,0.005919618726200282,-0.002435731065745683
2019-05-04,0.010900619522295596,,,,,,
2019-05-05,-0.006080940822531411,,,,,,
2019-05-06,-0.008437513242851802,-0.004114943749761624,-0.006121994304493339,-0.015442654292725067,-0.0037709731464410368,0.001326117121353887,0.001096226728920291
2019-05-07,0.014389613933892154,-0.016700167267764687,-0.01947979222293228,-0.026957053453756097,-0.009272998342990446,0.003310996887363693,0.0014338184202291604
2019-05-08,0.026238273651690402,-0.0013890594916555754,-0.0025235944746671013,0.00019713337453830526,0.003533588572706803,-0.0024750055657883907,-0.0009624563281716014
2019-05-09,0.03210575059420551,-0.003025754435656336,-0.005383335796549704,-0.010743860600363475,-0.00789939661262784,0.002398422606480155,0.0006494636731757542
2019-05-10,0.03309083475578345,0.0050236421636133954,0.0012450585096432931,-0.01385361709363564,0.01698008317124855,0.001897717514232511,0.0021209636993082537
2019-05-11,0.12947827227172803,,,,,,
2019-05-12,-0.03225638770747363,,,,,,
2019-05-13,0.1208402976115901,-0.02513052811648886,-0.03470286848886239,-0.0581195457195689,0.0009432156033164496,0.010211626950944463,0.00128099622605915
2019-05-14,0.02296902470023965,0.009043878169930242,0.010975570581905236,0.015830285844021352,-0.004806287098592876,-0.001711902564663248,-0.0003481922963568529
2019-05-15,0.026362395040874453,0.005857408580980161,0.014124116514561358,0.011979030272681213,0.010416862477755195,-0.0005716127335255727,-0.0024985821238935335
2019-05-16,-0.03903135076359554,0.009261446825502562,0.010049687515475414,-0.00439945210871151,0.013214435698920335,-0.007190107507202059,0.00024651556053667534
2019-05-17,-0.06861381146516154,-0.006465240881621148,-0.010219827185088404,-0.005681913045243792,-0.00610492362654802,-0.007077611679961793,-0.003005642400352837
2019-05-18,-0.009897676229553398,,,,,,
2019-05-19,0.12741781617539316,,,,,,
2019-05-20,-0.026761244415049346,-0.006612140796211197,-0.016881703412085836,-0.03127000303594718,-0.0011168426378129759,-8.290208125960596e-05,-0.0007370057657791751
2019-05-21,-0.0018777719888342093,0.009015670808917964,0.010447486025802366,0.01917098513292048,-0.008944391603972868,-0.002320944800343727,0.0002904073849743227
2019-05-22,-0.03557071156568237,-0.0030714068996928745,-0.004454760471508945,-0.020471706627357755,0.003290895451770748,-0.0009970317877491253,
2019-05-23,0.02627324592835456,-0.012218690972041868,-0.015301969893590783,-0.017069535591786478,0.0003744006219759122,0.007734533613593886,-0.001171325515886501
2019-05-24,0.013388347506898546,0.0022685723867426066,-0.0005049938880452576,-0.003840699215323151,-0.0006557234989365002,0.0010729131367257505,0.0026060336834154985
2019-05-25,0.008159425489589589,,,,,,
2019-05-26,0.077077738316635,,,,,,
2019-05-27,0.015284123299404317,,,,,,0.0022418843339460093
2019-05-28,-0.00974546520800379,-0.009300538056863927,-0.0037608809883168393,-0.0041348593423379265,-0.020901672014274286,-0.0038747008151563955,-0.001410352939174686
2019-05-29,-0.006935191916087824,-0.006710763789168239,-0.008225737293528379,-0.004768975193777059,-0.0025846710552581698,0.00033105118696652447,-0.002066653901392268
2019-05-30,-0.039264986075266295,0.002730964979307915,0.004204055181550981,0.00518660597150622,0.010941675191385558,0.0067841455794739325,-0.002984744284602603
2019-05-31,0.030654502684543283,-0.013474979002161325,-0.015953096414578205,-0.018115399865317627,-0.02297575291690135,0.013476862164072179,-0.0005565852978207664
2019-06-01,-0.001222852548150466,,,,,,
2019-06-02,0.020894565549692157,,,,,,
2019-06-03,-0.061073482241120636,-0.0025432663253533994,-0.022017930601980318,-0.01011036779548613,0.008648300839824818,0.014432812396575123,0.0038550003250341636
2019-06-04,-0.06105791439007158,0.02170702965326332,0.02815691251007868,0.03658392266388133,0.008478091180732505,0.0003197259638094696,0.006466649149158066
2019-06-05,0.015109484866347334,0.00866198095181736,0.007432309382746194,0.016143333662985482,0.019583461312329797,0.00255692921232642,0.0006865524129822109
2019-06-06,-0.00028220123956368415,0.0065026684598070705,0.007945108136901524,0.014681842878281337,0.0060900120883951026,0.003267681746441209,-0.0022233824627768684
2019-06-07,0.02837216433167966,0.010006916949619304,0.01931175988753031,0.026617017522968967,0.01294487761373908,0.0056402851919619135,0.0042287443571003
2019-06-08,-0.011166557363197271,,,,,,
2019-06-09,-0.033448139582594405,,,,,,
2019-06-10,0.04061515452790565,0.0045894411643747635,0.011654853674661014,0.012779368901768784,-0.0004595153498553328,-0.00995334973762696,0.0038714871766898362
2019-06-11,-0.009076530355347279,-0.00024302516031393662,0.001365086634714352,0.011579594943975202,0.006070334233551078,-0.0011968524989021123,-0.00018112820970772603
2019-06-12,0.027516514423324256,-0.001764911159923388,-0.005779764239279173,-0.003182640227563982,0.0027427154581312063,0.00519253494403471,0.0010082874848489354
2019-06-13,0.010442903901259237,0.00412634677171253,0.005923038686547866,-0.000205966017578052,0.011214823851201539,0.006119340633088832,-0.0029933009529046206
2019-06-14,0.05624024585256682,-0.0011050558821822376,-0.004252644121945148,-0.007262290646378622,0.0026144041980218358,-0.00031596300165459557,-0.0013423121942293115
2019-06-15,0.01662580728863916,,,,,,
2019-06-16,0.017663120341691707,,,,,,
2019-06-17,0.03622932707487103,0.0003801587578575738,0.006022891752321069,0.005966732156502008,-0.0018887072014157624,-0.0006320654488249922,-0.005619736054805369
2019-06-18,-0.025598800340442818,0.01047134884234957,0.014531338363859003,0.023518176325333595,-0.012523430977721572,0.005060083591572395,0.0006733588790275302
2019-06-19,0.021114710381221036,0.0022571527481374254,0.003755141425367148,-0.0029224781862843274,0.007481840000584938,0.006057242183997058,-0.0023515592807045183
2019-06-20,0.027350847496536934,0.00955436027794243,0.009299293408696174,0.008035527475102944,0.01195433301793325,0.025177896911959374,0.0035963319394261006
2019-06-21,0.06480383180815696,-0.0014537356862110995,-0.0014822615056256927,-0.0034091495115823323,-0.004832715784337194,0.006635612181659978,0.005082990533778808
2019-06-22,0.0549195775982847,,,,,,
2019-06-23,0.014360317604584338,,,,,,
2019-06-24,0.014346026862422256,-0.0012244477658013286,3.168857516167023e-05,-0.001006290942996424,0.01016200628608277,0.014850786310930397,0.007889659172591434
2019-06-25,0.07082074209722089,-0.009808050252193223,-0.017166551478825176,-0.01515743239884415,-0.005430540923769156,0.0019411266395166216,0.0013679296106814398
2019-06-26,0.10392020009443503,-0.00099761611027116,0.004650705317854165,0.021629084890839367,-0.01781246057188579,-0.009165393111099984,-0.002660493599308089
2019-06-27,-0.14085680731712602,0.0035464433662382167,0.003821490236565195,-0.0003004339050995952,0.0004556612024941842,-0.000977700846950591,0.00042085088626131473
2019-06-28,0.1095007210601795,0.00514565873499051,0.0012869689196495226,-0.009111775358644936,-0.001184212720005684,0.0027100317696175935,-0.0001591937147512601
2019-06-29,-0.03610453370408184,,,,,,
2019-06-30,-0.09550801721584046,,,,,,
2019-07-01,-0.021634200665230252,0.00907846780417998,0.01349461297645127,0.01834060544246685,0.007660876241941228,-0.019369383559800002,-0.0007045888946014545
2019-07-02,0.020650116774459715,0.0026045892173289786,0.003962707702967805,0.005854753313702998,0.00895988449067242,0.021359735486276676,-0.006817681434481249
2019-07-03,0.1073529339969792,0.007994884874999775,0.007525785005615182,0.008286874289662682,0.023322841456675958,0.001649060899963084,0.0004969057714576675
2019-07-04,-0.06235391898004139,,,,,,-0.00045158493327723814
2019-07-05,-0.02112958491922401,-0.0011379837446366947,-0.002036944218241854,-0.0008807409364782748,-0.008152395584347882,-0.011150231525253074,-0.00019178324944402192
2019-07-06,0.02095838770931313,,,,,,
2019-07-07,0.021617058544519452,,,,,,
2019-07-08,0.07293009429655473,-0.005494547698068786,-0.007013863696907596,-0.020613793430872662,0.007954318478222477,-0.006432617734537516,-0.005175866546490382
2019-07-09,0.023429552014133215,0.0012463206961585982,0.005007635072051375,0.006099419558119212,-0.009995730156084015,0.0035037454291328984,-0.0010094279101561243
2019-07-10,-0.03318800918078746,0.00477783595952852,0.009965283829503013,0.009888466786413419,0.0074393635859011376,0.015787490178783115,-0.0006948888470127423
2019-07-11,-0.06563153479411477,0.0023442529336468176,-0.0007269407083411172,-0.0072821520222310365,0.005538781396047243,-0.008443584154164463,0.004514813137107554
2019-07-12,0.04026215537942113,0.004476936125350051,0.0057686086649355595,0.007682662834083143,0.005332971799311359,0.006254723814186791,-0.0005738722932974172
2019-07-13,-0.03585036493032401,,,,,,
2019-07-14,-0.09974390088768914,,,,,,
2019-07-15,0.06230768322534974,0.00033281314459410183,0.0032034076791414012,0.009394875154671078,0.004261151045297007,0.0,0.0017471838155604935
2019-07-16,-0.13009972955850602,-0.0032254647380837165,-0.005150671155504494,-0.003459959682245106,0.003550519161314769,-0.008462554430785363,-0.0009122557209516602
2019-07-17,0.022807481217359316,-0.00680479584656557,-0.0049181211766250454,-0.005623219933654888,0.0004315981380542677,0.01646531748539748,-0.004395125846612946
2019-07-18,0.10034036323545137,0.003660604270889989,0.0011445693880300922,0.01135991655654589,0.0021353045447869423,0.014117951186161548,0.0015496194528008544
2019-07-19,-0.012726782329064878,-0.005554871760621749,-0.0073279087110015295,-0.014927727213441822,-0.003724745485782721,-0.014727392803034478,0.00283797110649453
2019-07-20,0.02244926725812757,,,,,,
2019-07-21,-0.015606204170657723,,,,,,
2019-07-22,-0.024152889523769483,0.0024563532728820725,0.007957936798151266,0.022854027403799382,0.0025214220181428715,-0.00014876383044060137,-0.003836731081830025
2019-07-23,-0.04276653919461193,0.0071505809245790974,0.006544228064345514,0.007817639462452064,-0.012576029925165155,-0.005652618252780628,-0.0010869658775174429
2019-07-24,-0.00897322315406024,0.004699236925995054,0.007017990646672079,-0.0008139498744635931,-0.01097913541513773,0.005086339018351538,-0.004895445604800708
2019-07-25,0.01018311979244002,-0.004777130435881571,-0.009479932543186909,-0.007907301496659191,0.0015096551158377824,-0.007070008058076338,-0.000791075725082413
2019-07-26,-0.004190753523789725,0.00670023959849142,0.01029481958197076,0.003478009135772897,0.01738055327221444,0.001648937368628589,0.0003343336238736949
2019-07-27,-0.039778510171619375,,,,,,
2019-07-28,0.007932599028432463,,,,,,
2019-07-29,-0.0035292930608459283,-0.0018214474685932514,-0.00343058884868519,0.009338401799541929,0.011069430385052259,0.006659678193005059,-0.0012578507383255166
2019-07-30,0.00927376519668166,-0.002454500101376156,-0.0043162121053929026,-0.004292264295480019,0.03801720146851095,0.003344956160896251,0.0009805837562772979
2019-07-31,0.04977443590680308,-0.010940476984572345,-0.013830185872532264,0.020404400152555402,-0.01968271280618339,-0.013112972808538625,0.001338864668436468
2019-08-01,0.031137477786643997,-0.008707828680747598,-0.004971128698893601,-0.021639052834528716,-0.011097876238552962,0.02402219643390402,-0.007728002186327854
2019-08-02,0.01139515690337567,-0.0075297447328261935,-0.01472525541092895,-0.021158186347605912,-0.002484424391304363,-0.0038120684590625675,0.0006425735328396964
2019-08-03,0.028859736926716506,,,,,,
2019-08-04,0.013718514042569074,,,,,,
2019-08-05,0.07615813067183441,-0.0300728248459341,-0.03533486707978639,-0.05234804343132682,-0.028856136555939105,0.013981852270352535,0.002632558396775675
2019-08-06,-0.027739623222421628,0.014022938917215955,0.01399896401719225,0.018930479033840486,0.01061185818767707,0.008128386897085838,0.012222036561796434
2019-08-07,0.040407124768529146,0.0005905049936387741,0.00540199598997404,0.010355487037609024,0.010850662454788829,0.015189695160357397,-0.0032724860429519387
2019-08-08,0.002046436150864972,0.019620215968480625,0.021763881628259485,0.02205556030503919,0.016620642449000078,0.005034686098196239,-0.0002352914396145378
2019-08-09,-0.008646764326666112,-0.006811610543741575,-0.009401902710525545,-0.008240252828397798,-0.005619965328961585,-0.0033161732510501585,-0.001532626973702711
2019-08-10,-0.042899336801604404,,,,,,
2019-08-11,0.014933443976921312,,,,,,
2019-08-12,-0.01223256154903185,-0.0121730820875533,-0.01147506517462571,-0.002537339199092492,-0.006422263060227196,0.009698502260031328,0.00190537791611467
2019-08-13,-0.0427657511938907,0.015551616304287252,0.021914822197521167,0.04234845884141847,0.010514453279696578,-0.005959518154781018,0.0008750984193242051
2019-08-14,-0.07747238810719048,-0.029567777289166597,-0.029885070664362412,-0.029765213264067336,-0.012452139725881328,0.0068415942238304606,-0.0036772366987478655
2019-08-15,0.025850521886593203,0.0026417048555664735,-0.00114888150652237,-0.004981495990895923,0.013818278306889864,0.0066549698650941735,-0.003019839816450376
2019-08-16,0.006089578552864294,0.014755209530655122,0.01605058314923924,0.023594736159044283,0.015248237116942454,-0.006402214255277094,-0.002667292846995184
2019-08-17,-0.013744945908168327,,,,,,
2019-08-18,0.011148285637548438,,,,,,
2019-08-19,0.05511826854733437,0.012047751224161463,0.01590426870623518,0.018644134561144998,0.008894278962258806,-0.011696303286335752,-0.0017750133088455522
2019-08-20,-0.013999682770833077,-0.007662669110023668,-0.00774786096782365,4.7506828068089035e-05,-0.011144624977229678,0.007795380191040424,-0.000964196016010388
2019-08-21,-0.0580850243386819,0.008135567061947402,0.008878307138370234,0.010838519123157697,0.002523162533136558,-0.003164420123660472,0.0013206089644373087
2019-08-22,-0.0006898901425563819,-0.00030779197873354036,-0.0032338566568550497,-0.0008464368289453628,0.001845788783442437,-0.0025395077899371676,-0.000632149682732841
2019-08-23,0.027332707357414776,-0.025687325444360143,-0.03164554660624119,-0.046220474024813996,-0.01758537835207974,0.019589847185487175,-0.000609655232012396
2019-08-24,-0.0238282805498643,,,,,,
2019-08-25,-0.0021105749822180053,,,,,,
2019-08-26,0.022912889639430167,0.011058247829780044,0.015104010797760914,0.01899927761129727,0.01704772681809752,0.00013875475282665306,0.0053264446441778635
2019-08-27,-0.017869397686568034,-0.003923587093671799,-0.0021103346004287538,-0.011284011066964972,0.010308551390580734,0.00957073902105865,-0.0035310081699094775
2019-08-28,-0.0423226300562074,0.00704122315030542,0.0035788019199129995,0.006710592573299534,0.007050933842906337,-0.002816539407023644,-0.0012309884431378482
2019-08-29,-0.02503712008044423,0.01277323496427285,0.015289826096181569,0.01693183499430395,-0.0018121157330561743,-0.007164566813753437,-0.0003769751693002421
2019-08-30,0.009250450148868827,-0.0004441988835686139,-0.0023946635291720586,-0.0012920479986938682,-0.00783970558119218,-0.0025672712303844714,-0.0021569993116828945
2019-08-31,0.0033850433381186207,,,,,,
2019-09-01,0.013218884990569668,,,,,,
2019-09-02,0.06033939401703048,,,,,,-0.006342304929373932
2019-09-03,0.02675033314982045,-0.005847010094885197,-0.009708000088882174,-0.014563363944817165,0.009398652113144612,0.013913043478260834,-0.0021168948030498846
2019-09-04,-0.002734199230500889,0.011350226328503688,0.01443575038530609,0.01696657752214059,0.015243831754639281,0.006243592878966586,0.0005487410040276863
2019-09-05,-0.0017896052830365106,0.012855295772584041,0.01831889037268586,0.019551553486472972,-0.0036522763302916372,-0.024001119491110168,0.0055064510953648504
2019-09-06,-0.021013642005712985,0.0007721325903684573,-0.0009907997638528565,-9.400632926293007e-05,0.0008960938664772655,-0.008523132778435305,0.00012142419781158154
2019-09-07,0.015835734030373416,,,,,,
2019-09-08,-0.007224177456150227,,,,,,
2019-09-09,-0.010180916017754393,0.0005033483410317174,-0.002087962992930681,0.00426703704570075,-0.005696982192098576,-0.0037344897557421985,-0.0014217004063976635
2019-09-10,-0.02119008819226731,-0.00023458929237241133,-0.0028766234489843168,0.011813308028904235,-0.018744299238748208,-0.008557937047107611,0.0025190469937259596
2019-09-11,0.006168113381149309,0.0071106846175428284,0.009389362425586523,0.031795112792290636,0.011594828958952919,0.006063676329913781,0.00017673613036772728
2019-09-12,0.022769346729666573,0.003464161224300044,0.0041573672056800515,-0.002236460567203391,0.012368958983005385,0.002056360685188219,-0.003337111955823313
2019-09-13,-0.004762677568511009,-0.0006641002297887999,-0.0035706739181092795,-0.01945399627491673,-0.005294253587105002,-0.008279177519783909,0.004069486396331534
2019-09-14,-0.00024111148814232042,,,,,,
2019-09-15,-0.0009978652998753335,,,,,,
2019-09-16,-0.006853586494147135,-0.0030885786301575457,-0.004466805447137623,0.005257054525744875,-0.019407321875815176,0.008348294532203537,0.0022721208923117686
2019-09-17,-0.003456475294145833,0.0025319583506722143,0.004799811806566634,0.003638166933753517,0.011774762979376963,0.0019813102518067005,-0.006988703977614419
2019-09-18,-0.004201080893668663,0.0005980330560586555,-0.00041548527574009064,0.009379435212531817,0.00206346410327396,-0.006285306153149484,0.0062460093225473745
2019-09-19,0.0066841865263698175,-6.639596222979272e-05,0.001661971209842239,-0.00812518132267348,0.004035715613721624,0.004050828215713009,-0.0039051159828811244
2019-09-20,-0.008257355384274523,-0.004724615938798804,-0.010578517602596205,-0.014618026862605271,0.002789035193024203,0.011820485442912032,0.0015468169869337078
2019-09-21,-0.015903604843314323,,,,,,
2019-09-22,0.005057606145695059,,,,,,
2019-09-23,-0.033868427345709606,-0.00023491083232574095,0.00044132104989746956,0.004547044906045183,0.00801699955311852,0.005596383832365381,-0.0026665498509088614
2019-09-24,-0.1139604136496184,-0.007846942588954242,-0.013281018988591131,-0.004755052302088725,0.003165112977602025,0.005286918308423871,-0.002297737141640499
2019-09-25,-0.015494717619790932,0.005915051731608223,0.011224965881415194,0.015389760215940074,-0.004773091515433481,-0.018545379403875573,0.0021041610122873866
2019-09-26,-0.043363460239767226,-0.002083142824894968,-0.003682479800747207,-0.005157829229404887,0.010486239917267826,-0.0002820880237280887,-0.005804942170237082
2019-09-27,0.01636635757099958,-0.005387818044422232,-0.012408752947098756,-0.004865944486558638,0.0020913789061700605,-0.005148429100112373,-0.002752623786713926
2019-09-28,-0.0007187075808087195,,,,,,
2019-09-29,-0.017187842891431715,,,,,,
2019-09-30,0.023405512631758718,0.004638147685492866,0.009517140320680184,0.023535184213904214,-0.001525170432348788,-0.015525325955691782,0.0018274149347297097
2019-10-01,0.005957196587605074,-0.011894525684459034,-0.00815640011086527,0.0027681515594188966,-0.004261070720855686,0.005472814807717441,-0.003934782765000033
2019-10-02,0.005964758065035269,-0.017664666924001482,-0.017194444227909833,-0.02506784202446455,-0.022365817803767785,0.011673634369571584,0.003236798112715489
2019-10-03,-0.015852393543526522,0.008192865460723509,0.010975470763430861,0.008494685805824354,0.005450939304641578,0.004530648552570016,0.002631231814618884
2019-10-04,-0.006543920762636879,0.013531834441284918,0.01472552122365478,0.028032002656839472,0.018564152344032525,0.0,0.0010646919993484438
2019-10-05,-0.006634092921928403,,,,,,
2019-10-06,-0.02003860844973604,,,,,,
2019-10-07,0.03223112979219778,-0.004314720841118613,-0.0030188781995847958,0.0002201717647698498,-0.009354841557510318,-0.008527071931805796,0.0010217427997381012
2019-10-08,-0.0020422766908295698,-0.015524666397435771,-0.0149810337851507,-0.011714883651611885,-0.01554854440365383,0.00874259511120079,-0.0013166996248463736
2019-10-09,0.0445943248463081,0.009496465198159276,0.009761604083427633,0.01172008107013034,0.0086825988918664,0.0009160434363713055,-0.0010959258329721333
2019-10-10,-0.0010780457889411066,0.006763571442232275,0.007744535255848062,0.013478420238008049,-0.0003279022407790544,-0.008729359144837523,0.002527190822104286
2019-10-11,-0.030829512579344187,0.01036690126250095,0.012878977990615992,0.02659833691346436,-0.0069706347764874055,-0.005539370732339566,0.0021140823313881008
2019-10-12,0.0017783297946283305,,,,,,
2019-10-13,-0.0018652553061611066,,,,,,
2019-10-14,0.006451222961466829,-0.0011138445646560191,-0.00010469881819863414,-0.001439541735679839,-0.008588567623688204,0.003999125640758994,0.0017229052205089967
2019-10-15,-0.020217757684260373,0.009900277195515228,0.01271688252160419,-0.002331589692751601,-0.02374027005990953,-0.006970593591764218,-9.046068807616603e-05
2019-10-16,-0.019236463643636514,-0.0016060438628273666,-0.00248065813941456,-0.0040370898899109164,0.0028155828003200156,0.0057302703836425994,0.0005187098166075099
2019-10-17,0.007006410585064904,0.002948925293180249,0.0026419352831479337,0.0038826310270192455,-0.0013185476992655376,0.0014243781997433924,0.003643562431130176
2019-10-18,-0.016128460830725944,-0.004377079648250404,-0.009609976976259094,0.004802764624896261,0.0072023517770094525,-0.0010667370445437419,0.00471791789460152
2019-10-19,0.0019255772919670733,,,,,,
2019-10-20,0.029231496307097427,,,,,,
2019-10-21,0.002632251578733369,0.006779071945242077,0.008868582357052235,0.01734288327290856,0.013705544909666356,-0.004770136663166058,0.0025658447178631416
2019-10-22,-0.020078018662405217,-0.0032665386346694136,-0.00796315254294866,-0.0022870038571639606,0.026032876417801498,0.002932997222985456,-0.0003568028922085187
2019-10-23,-0.06975948008239763,0.002909464412314433,0.001928505758306276,0.013418929417327696,0.006711549638295011,0.0023537934253772264,-0.002014480528594542
2019-10-24,-0.002818899590176671,0.0016342599249901113,0.009728393329219598,0.0016449069394126603,0.014552706401118165,0.007115918371069618,0.00027827990030759864
2019-10-25,0.15576341830619223,0.004094848269291962,0.007986183639057787,0.012316346807903278,-0.012340559800250395,0.0023316740895991117,-0.0025538302527958745
2019-10-26,0.0674624969992299,,,,,,
2019-10-27,0.03317935043243514,,,,,,
2019-10-28,-0.030943805493041765,0.005636105881883013,0.009864828115129232,0.010017041166636709,0.0018660728065986731,-0.008600036764796815,-0.001773545888299033
2019-10-29,0.018532445072405368,-0.0002960810748761089,-0.007743998766382987,-0.02312810528011966,0.0009717771115476115,-0.0027730332148816483,0.0013430624340124986
2019-10-30,-0.02354351875791383,0.0030671618012241275,0.004845983348291227,-0.00012289759084804786,0.01084136397331359,0.005490226541611021,0.0014116106506523174
2019-10-31,-0.000667150118005666,-0.002663767879915735,0.0004568799785478195,0.02260953581778513,-0.0034415579836791776,0.009998499224238566,0.0035693662573050844
2019-11-01,0.006687207250242189,0.009264229513129774,0.009082461783767037,0.028380742183915064,-0.005140201592247373,0.000912763389017579,0.0002342615162191919
2019-11-02,0.006868865512063227,,,,,,
2019-11-03,-0.009583483749455834,,,,,,
2019-11-04,0.01919339562438549,0.004017889881053893,0.006185053072986335,0.006566969230951791,-0.038750371760242874,-0.002876007780098777,0.0008486785701768973
2019-11-05,-0.007445856545328811,-0.0011061916709619313,0.0005497740161559683,-0.0014368216773992248,-0.001427848897165629,-0.016180006273117664,-0.0034052868952607618
2019-11-06,0.001964408386214478,0.00022810685193852542,-0.002247897356455919,0.0004278112400915024,0.011943124651118353,0.004290245395359271,-0.0048837204070870666
2019-11-07,-0.009968973060571096,0.003516546487125183,0.0033540637908380244,0.01154108492584327,-0.005818001577836629,-0.015521486102876958,-0.0003431754059061154
2019-11-08,-0.049924746967407674,0.0024661650925916767,0.003991550917706865,0.0027368804996257268,0.0006688571110784469,-0.006364394703267995,-0.004579755477885028
2019-11-09,0.0009882214210468199,,,,,,
2019-11-10,0.02745130584586919,,,,,,
2019-11-11,-0.032879179981060824,-0.0019098129867065605,-0.0013416812215882867,0.007918797451941462,-0.0030909082716118474,-0.002401934875323586,0.0002491347893853746
2019-11-12,0.006608292284490114,0.002107839589576388,0.0028861015560013303,-0.0009154021716410998,-0.0005030125002034591,0.0026995120660886496,0.001180689130078516
2019-11-13,-0.0008393486468396549,0.0003237429331239827,0.0002480044108568169,0.009581498669718247,0.011570286056436174,0.004002059820052306,-0.002092314619131508
2019-11-14,-0.011372046022572246,0.0014557745906373931,-0.0007937321918933815,-0.006919336337841364,-0.0012429909452855714,0.004203521155341949,7.707426939385087e-05
2019-11-15,-0.024816282533459022,0.007236528075315718,0.007347776229507552,0.011879628672496922,0.0003319115869298006,-0.0025259154943226836,0.0006612505960077453
2019-11-16,0.006920467352055093,,,,,,
2019-11-17,0.0031827394743637605,,,,,,
2019-11-18,-0.031323177646423006,0.0007373751017778485,0.0007884902784536241,0.005042038042843311,0.011199361962725307,0.0029664162029099383,0.0031396489910286984
2019-11-19,-0.012412693864603863,-0.00028845173477587416,0.001477283773194893,-0.0030329604953692746,-0.003855727823480426,0.0005050304911609071,0.0015611910211783542
2019-11-20,-0.021797985575073398,-0.003718572335026704,-0.005999039691752639,-0.011641196536579357,0.007165063365739854,0.0005046655432805469,0.000690340731384298
2019-11-21,-0.04790148568918984,-0.001608955033378212,-0.0022260108651371846,-0.004483241063173216,-0.01594570723174582,-0.005477043362080103,-0.00010307083300920006
2019-11-22,-0.045294215208040334,0.0022238280017594647,0.0006444572779971125,-0.00087840270719719,-0.0004154972247519817,-0.0018840181654777854,-0.0011730626846091496
2019-11-23,0.013872152579023078,,,,,,
2019-11-24,-0.047295145936607,,,,,,
2019-11-25,0.013935577984796277,0.00775031754750799,0.011841587312493962,0.01753400434613761,0.0018290373922831282,-0.004791662812458131,-0.003912969895997098
2019-11-26,0.010108585540066883,0.002265224567572055,0.0019096703693561867,-0.007808396921144767,0.014521588242486283,0.004814733391401704,-0.0007379091269722471
2019-11-27,0.04340210227484875,0.0044577051702585635,0.006988907675010481,0.013432579003985978,-0.004089574159432563,-0.005299919828770094,0.0007384540389474559
2019-11-28,-0.009102586236349741,,,,,,-0.001606680051341125
2019-11-29,0.039948206152910615,-0.003708426988940916,-0.004562270123880774,-0.0022030277023695755,0.0024637614068940827,0.006203971517371398,0.000627739250439241
2019-11-30,-0.02468853937775628,,,,,,
2019-12-01,-0.019200067188720915,,,,,,
2019-12-02,-0.013779656376399996,-0.008494838545324512,-0.010238870619574514,-0.011562389833598474,0.005407248252115693,-0.0005078146228696401,0.0006611214165124224
2019-12-03,-0.00025167664392733435,-0.00670654924722669,-0.007832243461216803,-0.01783029576867612,0.0018741320766451075,0.00957984896245434,0.00545089156182299
2019-12-04,-0.00930457458407874,0.0061701071938906615,0.005064287985468763,0.00882668448865842,0.012850611730034656,-0.0013658431498282386,0.0005542388512289609
2019-12-05,0.02706453543109233,0.0017980379320494677,0.0019757823607455816,0.014670478255654595,0.0007228320578795966,0.0005758841931267078,-0.00019948428741312085
2019-12-06,0.013249850827323328,0.009134089832603332,0.010698457381876914,0.01931690805893238,-0.0034503230665242635,-0.009928092682104261,0.002021162890928796
2019-12-07,0.0012244885547587625,,,,,,
2019-12-08,0.0010729442478032425,,,,,,
2019-12-09,-0.021607395767781146,-0.003144036072644907,-0.004536265080859914,-0.014000525667727914,0.005475423174255756,-0.00029060665275248976,-0.004191322504694672
2019-12-10,-0.01658984648851669,-0.0011152161194969423,-0.0008333830320321756,0.005844273989420223,-0.004805158369366347,0.0028347098739491816,0.0005521259976966064
2019-12-11,-0.008339019679128423,0.0028388362387619104,0.005296995396539161,0.00852986899589081,0.0031381985043479332,0.00688553265084435,0.002508082857232141
2019-12-12,0.0035617998454939848,0.008619088705019262,0.007464130788682244,0.002547847456744634,-0.0007218619683091454,-0.003527249493396556,0.0038863998572851166
2019-12-13,0.0036655806660659263,0.0005992470840803232,0.0032928390834758847,0.013593430825936226,0.007224988953162592,0.004478873140076667,0.004507980252282495
2019-12-14,-0.01994732244362929,,,,,,
2019-12-15,0.003877781685729609,,,,,,
2019-12-16,-0.030734342104957735,0.006869817694962643,0.010039165350688384,0.01711789132061181,0.0007172016553960159,-7.198680622300113e-05,-0.005506554292647348
2019-12-17,-0.04211556503438585,0.00021899385714352348,0.0005735279688905415,0.0019654407084506165,-0.0019908308371577865,-0.00021575647831872935,0.0011248544504565139
2019-12-18,0.0958190117115909,6.258597696073842e-05,0.0007639372512051601,-0.0023894217418625185,-0.010374535115899919,7.200752478642158e-05,0.0012935688381461308
2019-12-19,-0.010163597776861044,0.004099019939736381,0.006251386186978625,0.001000977989129348,0.00733808137001879,0.002589559770448613,-0.0031792335118151493
2019-12-20,0.0022174806840695727,0.004384403170164308,0.004031154778463719,-0.0020714537272195077,0.0035224930626720496,0.0010044438566789715,0.0009012606925509203
2019-12-21,-0.0038313365082680573,,,,,,
2019-12-22,0.0445589076158448,,,,,,
2019-12-23,-0.020762644491902904,0.0015279361388289558,0.002641520209720749,0.01631830246665511,-0.003669614769331697,0.003081942822633188,-0.004143951861756867
2019-12-24,-0.004499437644974069,3.066804142659585e-05,0.0005191529307921883,0.0009509377473204683,0.0025623279065722926,0.009431992518777577,0.0012647340712366173
2019-12-25,-0.006469956481979233,,,,,,-0.00033268147392939706
2019-12-26,-0.004974321654276248,0.005323288939499404,0.008824083608315547,0.01984039423359807,0.0,0.007857298625196796,0.00047715262316239127
2019-12-27,0.007061999794407026,-0.0002477603334465339,-0.0008418371201068808,-0.00037961425553156847,0.006947555411589645,-0.0003511943393945671,0.000510553699354821
2019-12-28,0.003827368615925586,,,,,,
2019-12-29,0.014302095835631912,,,,,,
2019-12-30,-0.017467840376992116,-0.00551320612645112,-0.006553879942140295,0.005935009714229,-0.01284793444170429,0.0021077991140190377,0.007313235600164614
2019-12-31,-0.013628967865274233,0.002429241086030931,0.0018848265197821679,0.007306828552346101,0.0034545531365681725,0.0018929327941459295,0.0017878774213926363
2020-01-01,0.0009140341575637478,,,,,,0.0016540089524843538
2020-01-02,-0.029819292162590716,0.009351862476907113,0.016697240641946998,0.022815909417740254,-0.01192943579266914,0.0073478173310379535,0.0
2020-01-03,0.05145166344511276,-0.007572136511235672,-0.00915992244236663,-0.009721922205215061,-0.006725513850543319,0.013268521727000326,-0.004401494957191443
2020-01-04,0.008954866877941559,,,,,,
2020-01-05,8.914790612779555e-05,,,,,,
2020-01-06,0.04829126010697582,0.003815007408259019,0.00644307100226249,0.007968348572992223,0.0013869631623111278,0.010489502076611812,-0.0008483365294456036
2020-01-07,0.050773846435889336,-0.002811920180758598,-0.00013904393303498797,-0.004703292114277224,-0.006191677472661361,0.003935150508558971,0.003228338291148658
2020-01-08,-0.010268587535248286,0.005329589813940938,0.0075163219359488664,0.01608640085001989,0.004262665187119152,-0.007501524641443713,-0.0038628596467005227
2020-01-09,-0.024850855645838776,0.0067807736490044235,0.008473531379365129,0.021240899074905784,0.01093796940039593,-0.005651653463197515,-0.0037228795184237606
2020-01-10,0.03648690303834745,-0.0028776084076708175,-0.002557291795453054,0.0022607191554715467,0.0009689465303235334,0.006026192495848015,-0.0001888991043865751
2020-01-11,-0.015798168776598898,,,,,,
2020-01-12,0.019279106453440997,,,,,,
2020-01-13,-0.005895616628883604,0.006877367975224757,0.011537027420491786,0.021364484624657676,0.007340447726267518,-0.007419483430124996,0.0005001783132467796
2020-01-14,0.08393344808628167,-0.0015243366920671964,-0.003937705005199299,-0.013503593058973085,-0.0015215896634700465,-0.0008915435213457945,0.0017148976262308935
2020-01-15,-0.002350980919464507,0.0022597072415571073,0.00040906830915576897,-0.004285139971445195,0.01018539239650651,0.005834242779070742,-0.00043409236158020725
2020-01-16,-0.009449813541879348,0.008318296987144702,0.009583285540716968,0.012526326939300336,0.0008732807908915508,-0.0015695082440052577,0.0020757662165888924
2020-01-17,0.02352785247141642,0.003112536081159245,0.004948989324321085,0.011071184230519115,0.0026969217826366965,0.0018454259925253513,-0.0012933037942931547
2020-01-18,0.0015422162701026476,,,,,,
2020-01-19,-0.026452928527155417,,,,,,
2020-01-20,-0.005582491465413786,,,,,,-0.004038394119527999
2020-01-21,0.010193531591149663,-0.0019583624400026922,-0.0004479631286652408,-0.0067772658298957955,-0.0025315065788804603,0.0010915790702048511,0.00021081316828008845
2020-01-22,-0.007434180055016837,0.0001205525945469077,0.002642465060235466,0.0035696165796885726,0.0017446896796589062,0.0003406555206315609,-0.0010198972346647794
2020-01-23,-0.03160514587505292,0.0011471272886989237,0.00321622479498207,0.0048159163657695014,-0.004571451427821449,0.002248122121045526,0.0009765264799332929
2020-01-24,0.004629616722148233,-0.008892885218681479,-0.00841546218421041,-0.002881833512984877,0.0012002519621083785,0.005845572586286041,-0.0037146146349177345
2020-01-25,-0.00918684685986848,,,,,,
2020-01-26,0.027364554337216074,,,,,,
2020-01-27,0.036407519395889265,-0.016029503045183024,-0.020655579753709685,-0.029405412764764827,0.004395052866107418,0.006825312844883635,-0.002701160722729301
2020-01-28,0.05036808165148732,0.010479274794586324,0.015360123657478297,0.0282892977493987,0.002704954672954285,-0.008926785569624784,-0.0005068798012616282
2020-01-29,-0.004483577295090302,-0.0008261377859303254,0.0016254353244546937,0.02093225126280074,-0.007696308589795975,0.005417872354848807,0.0002534602516883755
2020-01-30,0.02064730312029206,0.003245427768605147,0.003561745862933341,-0.0014489823426337978,0.007116444418909795,6.732120695107646e-05,-0.000517823376805393
2020-01-31,-0.016664631518128026,-0.018158119475204293,-0.015857912895604898,-0.04433834781728363,-0.010559716411392195,0.005792420039608892,0.001113983627091697
2020-02-01,0.00452869583961979,,,,,,
2020-02-02,-0.0051645279666768795,,,,,,
2020-02-03,-0.005441113304621492,0.007428691474572036,0.015109253039749415,-0.0027468509268638863,0.0039319231571843805,-0.006495688802043542,0.0055005980931706056
2020-02-04,-0.012111511652417528,0.015241233413692878,0.022888551374054877,0.03301379620373468,0.004396178192898947,-0.01300895070524588,-0.002422820498873768
2020-02-05,0.047104093835473426,0.011548011833685479,0.0032971575702198663,0.008154260907337285,0.009151562757245824,0.0012293105482077404,-0.0014140775226543223
2020-02-06,0.012105773319493585,0.0033646688899151567,0.00863210218186694,0.011697158784168105,0.00260241677752604,0.005388399719282511,-0.0040708387449320815
2020-02-07,0.006797836503646293,-0.005329541801587512,-0.004300814483895743,-0.013592858148287257,-0.00833707333651279,0.002645857569860688,-0.0017573176694883896
2020-02-08,0.007061676319697785,,,,,,
2020-02-09,0.02549940694219166,,,,,,
2020-02-10,-0.025706324471686526,0.007465369941675348,0.012085481216274063,0.00474968509733964,0.0007135564021079066,0.0025712490701368385,-0.0030657140611913825
2020-02-11,0.03567402510806805,0.0017329531905077022,0.00017234518453901337,-0.006033079027713217,-0.015930986454999574,-0.0034419552752806837,-0.0032740540687078434
2020-02-12,0.011541499979814906,0.00644280838434641,0.009741318626348638,0.023747488222667812,-0.005718345620503107,-0.0008127480224853212,0.0005459388777842022
2020-02-13,-0.010814856987217514,-0.0010667789362672764,-0.0012808782423582299,-0.007121018091929554,0.012231586617746926,0.00569345014846645,-0.003980624613736272
2020-02-14,0.009568503349817403,0.0016019267902911416,0.002863746490695762,0.00024622323137113433,0.009443123741451398,0.004178427664004669,-0.002754891895100142
2020-02-15,-0.0409897830477971,,,,,,
2020-02-16,0.004551203932625647,,,,,,
2020-02-17,-0.024590331529186438,,,,,,-0.00039029385027244956
2020-02-18,0.0466302236506857,-0.002577144446008428,0.00038354963445375034,-0.018310472434795333,-0.010068073381950926,0.012818816524224008,-0.00015173635873644287
2020-02-19,-0.05014884351152826,0.004781632722885787,0.009585604136970405,0.014482705599493384,0.004564724119459296,0.005831221275388376,-0.004123896362855373
2020-02-20,-0.0025859164113087862,-0.004108450215317139,-0.009283598810630345,-0.010259149208700413,0.009087892947195808,0.004084659090851872,0.0013611103197250785
2020-02-21,0.008114275736580634,-0.010298433872554247,-0.019209207039563414,-0.02263464081327815,0.0009481684393344292,0.015025216397275942,-0.002044404117788723
2020-02-22,-0.002401270461409255,,,,,,
2020-02-23,0.02704430011708836,,,,,,
2020-02-24,-0.027642741538078885,-0.0331652624375367,-0.03856364088175401,-0.04750046742690672,-0.02683511572496855,0.008985128746405113,0.004732348696283584
2020-02-25,-0.031965195740564556,-0.030302126396870466,-0.027191833974999136,-0.03387231040534466,-0.015166277781244686,-0.017874260693127697,0.0009362707871527487
2020-02-26,-0.05579095174048332,-0.0036781858171154314,0.005153794873318018,0.01586370821159533,-0.010458591308484477,0.004370503298157802,0.00302297513846872
2020-02-27,-0.0040846016176541156,-0.04491159414836465,-0.05007369533080541,-0.06536830295311702,-0.05542608890444434,0.00019483522153040944,0.0003582195502427332
2020-02-28,-0.012754184897438958,-0.004201761318540886,0.0007781103529254096,-0.0005848972865133417,-0.0023790371981736724,-0.03649347478693177,0.010227393434993237
2020-02-29,-0.008411261679117432,,,,,,
2020-03-01,-0.0043089307085921735,,,,,,
2020-03-02,0.03587941221856461,0.04330675777898829,0.05160339902020161,0.09310049692182698,0.0559040389016805,0.005526297603759334,0.00491786361275226
2020-03-03,-0.009231886844013548,-0.028632575729338194,-0.032067448007754296,-0.03175896221959895,-0.011625935765282813,0.031434333360162325,0.008391445909352147
2020-03-04,-0.0037028710724991143,0.04203296877466034,0.041722623654613544,0.0463843520825129,0.05356708416637779,0.0017545277375516921,0.003287119964528351
2020-03-05,0.03695117168590434,-0.03324156048426352,-0.030382356289434753,-0.03243697612335561,-0.023052448765935707,0.021600945458936538,-0.0037204257922510697
2020-03-06,0.004822595830994203,-0.01653154437760007,-0.01687209309721549,-0.013280030797276576,0.0002466523029844847,0.00038096105467699815,0.007609796086103238
2020-03-07,-0.02330399860322019,,,,,,
2020-03-08,-0.08999349283790192,,,,,,
2020-03-09,-0.022751484424786028,-0.07809393284557864,-0.06946473304698242,-0.07909205066489033,-0.04602996898177403,0.0016502348575044845,0.014448797785124423
2020-03-10,-0.0017561412564156553,0.05174496114704508,0.05445071555466097,0.07202168143957155,0.03868699215945215,-0.02110133630677158,0.0010486546000192387
2020-03-11,0.00021501160000858555,-0.04874876069782774,-0.04355507743591169,-0.03473063615237637,-0.07432605240766044,-0.0035603512879937016,-0.007146411649794127
2020-03-12,-0.37169538560117077,-0.09567699276936681,-0.09169138869022775,-0.0987547026964134,-0.087373390178483,-0.0398882588306293,-0.004859278542138523
2020-03-13,0.11928067241286833,0.08548599677717084,0.08470574179704693,0.11980843626520743,0.12009020887127031,-0.03051623730778741,-0.006800472200027885
2020-03-14,-0.06530552710121185,,,,,,
2020-03-15,0.036910617960911996,,,,,,
2020-03-16,-0.07006915676163483,-0.10942352787716525,-0.11978785083934074,-0.1286472107827381,-0.048829563338236626,-0.011446115323986206,-0.0026438297866444582
2020-03-17,0.04210793838741411,0.05399211258710723,0.07584154836088652,0.04397015119345116,0.08976963304815966,0.0135554799295321,0.0007032639633588467
2020-03-18,0.0024512036855608432,-0.05063292142501197,-0.03041616697028038,-0.02447997879213004,-0.006681396813342344,-0.019921988429849713,-0.013229605475047146
2020-03-19,0.18187755736638023,0.002124963049338735,0.006002283535903485,-0.007661938381620659,-0.05636447818397017,-0.018905499074657994,-0.0048998489149221225
2020-03-20,0.001225199953657663,-0.043094209626045155,-0.03917588764269053,-0.0634857226006027,-0.07579167897676331,0.014995707221804766,-0.027751725571960706
2020-03-21,-0.00221203491300348,,,,,,
2020-03-22,-0.05736583896317804,,,,,,
2020-03-23,0.10052048673231173,-0.025568474283343412,0.0007220955295748066,-0.021244066778273507,-0.04617793286304628,0.044179590424960224,0.0034757157946578854
2020-03-24,0.04963733427047878,0.09060337950297304,0.07743768669059814,0.1003254596251808,0.05701141174037483,0.048530353360380474,0.006566417369906263
2020-03-25,-0.007979552925792555,0.014970320892359057,-0.007405129308027281,-0.005508738010362668,-0.022756122882457763,-0.01368964099270864,0.003532443485666059
2020-03-26,0.005295181540467819,0.05838989025100494,0.05266046673273661,0.05262315429859399,0.06401116956906971,0.012822223412266576,0.008047422242644764
2020-03-27,-0.03672214358569481,-0.029785871903935446,-0.034392820560868786,-0.041402219676305196,0.02598277103118396,-0.006460489804721581,0.014572570730083445
2020-03-28,-0.035179534234601295,,,,,,
2020-03-29,-0.051288198783903005,,,,,,
2020-03-30,0.08574723804008189,0.03247565334718283,0.03637334879467602,0.028537777294427302,0.04384138929163406,0.004400644787818209,0.008220695167680647
2020-03-31,0.0013690436954885143,-0.014905138306069099,-0.008539940869295104,-0.002040991108904211,-0.043478325064736256,-0.03184668568859872,-0.00975092410858569
2020-04-01,0.026112924097839496,-0.045005003947773514,-0.04248961929777084,-0.05261700494242583,-0.006090972925136717,0.009456223354449733,-0.0003528575408736634
2020-04-02,0.028281287899985408,0.02307545920085574,0.020295043056866913,0.016686760185708804,0.046373281843612,0.0163934225377782,-0.006616062836650616
2020-04-03,-0.008866740365705117,-0.014454260331058455,-0.014192597724186573,-0.01437123994566114,0.005944040976081588,0.0049374590529023266,-0.009697489183293495
2020-04-04,0.01992164308903499,,,,,,
2020-04-05,-0.011124520572645125,,,,,,
2020-04-06,0.0707764242948763,0.06716644558976825,0.07149471937748153,0.08723746933712562,0.023722491839331505,0.027710521817620126,-0.003728463827186168
2020-04-07,-0.013114627068677276,0.0010194238920095966,-0.0004069706243762239,-0.011582350948725617,-0.042780754342193084,-0.005354484768834378,-0.0002916541788892113
2020-04-08,0.02197254365887824,0.03356822486277378,0.021231905521849725,0.025594470833155247,0.020661587642020862,-0.008907968786563414,0.008454590683961927
2020-04-09,-0.004364445986660415,0.015217372868522316,0.001446041774750162,0.0072161252741489434,-0.0038226484896368707,0.026123560972308058,-0.0028896516334027122
2020-04-10,-0.05979058460566089,,,,,,0.00586792639167788
2020-04-11,-0.0009336774645052337,,,,,,
2020-04-12,0.016329994685138294,,,,,,
2020-04-13,-0.018082418492216368,-0.009130345645475102,0.010803577531711461,0.01962749136597708,0.011250539542355886,0.017140343933811808,0.00048109572004806367
2020-04-14,-0.0003812781513637953,0.029493287465885754,0.04349108744605301,0.05050308427038863,0.043208356962714856,0.007868093580683189,-0.0008847468401703695
2020-04-15,-0.029275847531044064,-0.021248467520799563,-0.011469708968439907,-0.009127327317077771,0.0021494937673989245,-0.005101958505246418,0.005712292577293665
2020-04-16,0.07146740203164859,0.00482429965901332,0.01823999261284026,0.007945584943523265,0.002309653213631524,-0.0008649946516461338,-0.007308567616241546
2020-04-17,-0.002897315751431484,0.027015453613110862,0.009566123729848774,-0.013568181489971076,0.02625542790983304,-0.019417471147623044,-0.004275971806308454
2020-04-18,0.02275595669052466,,,,,,
2020-04-19,-0.009402505352301915,,,,,,
2020-04-20,-0.04276646838190479,-0.01761761873060308,-0.011844570305367674,-0.020756932471910683,-0.03280154958221604,0.007126124562213176,0.0007823250313490071
2020-04-21,-0.00023761461322069355,-0.030363516880272612,-0.036899486295138506,-0.030909999957774215,-0.00762830960663563,-0.006825274631933054,-0.00019559291749593477
2020-04-22,0.034429236680519004,0.02219442698122709,0.02967424401497798,0.028803184714800922,-0.0023396714961733123,0.019670860003665247,-0.0007706749407427882
2020-04-23,0.043910071328696176,-7.160728376920389e-05,-0.002132645502673225,-0.0038751646178033505,0.0066690278172176765,0.00995486708021609,-0.004313134912290573
2020-04-24,0.016309658285092787,0.013938606512875262,0.01577036512353036,0.028869524128761093,-0.005192634162194398,-0.004285520778353313,-0.0030176057328222816
2020-04-25,0.002520911948821203,,,,,,
2020-04-26,0.014522071498782596,,,,,,
2020-04-27,0.015069777105927384,0.014418544789563281,0.008043265263359745,0.0007069843576639201,-0.011197250579055407,-0.006640444141094992,0.004329554527432444
2020-04-28,0.001469741643032707,-0.004598311858969861,-0.018834434047487414,-0.016209754357549677,-0.004767893242728194,-0.004456556273727319,0.00010826512245132314
2020-04-29,0.1273180520232342,0.02617851841739105,0.03546078575431011,0.0328451100813818,0.0016252651878374547,0.005533445721913166,0.0010836352792000792
2020-04-30,-0.01618949646720247,-0.009311043893303728,-0.0004110772105878624,0.02109624508959218,0.006747781890288795,-0.018116569301821484,0.003752645927246556
2020-05-01,0.023816089558295506,-0.02647298494242689,-0.028184948227934936,-0.016098952313285175,-0.00890839560985801,0.00617125761149806,0.006271686807133081
2020-05-02,0.013968791699848548,,,,,,
2020-05-03,-0.010138170944239966,,,,,,
2020-05-04,0.0017067266322232655,0.0027583557776493794,0.011657617232321282,0.014148525736956685,-0.008988012487694874,0.003504803873276119,0.0012933299570614398
2020-05-05,0.010144678859214995,0.009239237455590965,0.0113371123952688,0.015008927391340965,0.002073090094340646,0.004241037483481591,-0.005048729550992004
2020-05-06,0.029511199738283755,-0.006778931973107971,0.006156283109321148,0.010317075595464686,-0.02508403381279123,-0.012855591040204617,-0.006026226213444508
2020-05-07,0.07366214135771076,0.01206702472549348,0.012876643722671277,0.010344811273397925,-0.008222583128292715,0.015350754880484763,-0.0036931120457727173
2020-05-08,-0.010938284289408906,0.016546008828430825,0.013704921526410896,0.023801888476894684,0.03369857701378676,-0.006010293229887331,0.0035762058614008385
2020-05-09,-0.025274608612654736,,,,,,
2020-05-10,-0.0872915214038874,,,,,,
2020-05-11,-0.017659566044374797,0.00020513598290605728,0.008938774764545299,0.015735414775260637,-0.005519709337468703,-0.006233636774804485,0.0002168107414928233
2020-05-12,0.023562712138033515,-0.019931450736942025,-0.02093715573166499,-0.011428326717388249,-0.006590679370342856,0.0038890673962401756,-0.0027780072010433754
2020-05-13,0.05287193516704303,-0.01768583403107593,-0.012515457603753943,-0.012074103516057755,-0.005499905684460349,0.00962264814750724,0.003460125949687365
2020-05-14,0.05002535168149658,0.011966957441714055,0.01135214312237598,0.006143362752436321,-0.0009655932121236388,0.008850059782004704,-0.0021322207671115034
2020-05-15,-0.04166180495059313,0.004597042328670975,0.006491616289523883,-0.005912180566397085,0.007029255152149361,0.0056438144895878395,-0.0015454488283191958
2020-05-16,0.005233209039209763,,,,,,
2020-05-17,0.03132400103227817,,,,,,
2020-05-18,0.005773698991511145,0.03045954884706914,0.018632114976236958,0.023561358151655165,0.013960379236623632,-0.007564144999551381,0.0013310858459365527
2020-05-19,0.00025321252090737545,-0.01027099112076435,-0.002506407738123162,-0.00577831701575815,-0.03244127814076836,0.00965020617044443,0.00866660982343559
2020-05-20,-0.02117954918100662,0.01698820178170024,0.019968275516055733,0.019448088422289622,0.007470899415757959,0.0023742810342795018,0.0011583319408448034
2020-05-21,-0.04633209978369557,-0.006904152240855832,-0.010890629191818824,-0.007455734630230082,-0.01465420147085883,-0.0145763375976391,0.00505210281016133
2020-05-22,0.01110086707949609,0.0018990604559387947,0.0034517832096241374,0.006438492324024825,0.008779775657294264,0.005916836449104457,-0.002738140153006774
2020-05-23,0.0029087652089092586,,,,,,
2020-05-24,-0.045488748514099786,,,,,,
2020-05-25,0.013260696716498988,,,,,,-0.004117779777254138
2020-05-26,-0.008070322664891605,0.01232038322739637,-0.0026997392928159725,-0.006773388546529979,-0.005062112922638362,-0.014214859559966153,-0.0004404310453832716
2020-05-27,0.039158209254817056,0.014879346807275873,0.005457553682396643,0.004357012074704292,0.01660247168953566,0.0018024320171106112,0.007224939774856942
2020-05-28,0.037548495632866885,-0.0018450501326666702,-0.0013026456804435815,0.00044002353397654126,0.019053570526607277,0.003350344766475555,0.0031947931525848627
2020-05-29,-0.009093976247976698,0.004455854127100034,0.014652462564748392,-0.0009741427301330763,-0.0012063255794030336,0.0073584122707384125,0.005650423605935151
2020-05-30,0.02768159825145977,,,,,,
2020-05-31,-0.024674768232348376,,,,,,
2020-06-01,0.07464386293982206,0.004041613521034382,0.002999994719034449,0.012298102742998251,0.011473513101044386,0.004603768848692402,0.0035579530369997947
2020-06-02,-0.06269774820259899,0.008280271247904647,0.00670769179259878,0.004629478653111807,0.006908202249411355,-0.0064768271714218395,0.0006675319779554378
2020-06-03,0.013317594606312655,0.01330823534279979,0.004498479452391013,0.005504956146926476,0.003981239313944895,-0.01845018380928054,0.005706559007063072
2020-06-04,0.014903505382374727,-0.002626499033540286,-0.007013446215638042,-0.0086121759794211,-0.020922990273985143,0.010526269495827023,0.0041573002584596175
2020-06-05,-0.013785177382049874,0.025629261387566382,0.019827264924445975,0.028481025036445562,0.01964672295803549,-0.02027532426346157,0.00907027625983492
2020-06-06,-0.0012263695520872142,,,,,,
2020-06-07,0.010894586827723485,,,,,,
2020-06-08,0.0012948980117710729,0.01208755987979293,0.007760235818147221,0.005912641496786497,0.0060847197349056525,0.010822142733466267,-0.0016186702973106648
2020-06-09,0.0024777121338637187,-0.007456549513350064,0.007244773341567923,0.03157779023145468,-0.005963805990516602,0.00964183116931494,-0.001232268175929252
2020-06-10,0.007594610876882513,-0.005580093104007089,0.012001756978723854,0.025727493974793125,0.007520693835655123,0.014324773012967418,0.002357072805333038
2020-06-11,-0.05555301055894357,-0.057649100207174175,-0.04954928391523117,-0.04801029361162201,-0.024909920746339353,-0.007214084989501601,0.0029323119315063373
2020-06-12,0.01706353064227928,0.011975748333799663,0.007947782727883768,0.00863352232847614,-0.005504838228372444,0.0014163170663434865,-0.006806778164859195
2020-06-13,-0.0005871213994007585,,,,,,
2020-06-14,-0.009338962291258746,,,,,,
2020-06-15,0.006808938469139436,0.009335806381135514,0.012167500305602541,0.01236692804736994,0.009254359482138597,-0.0017832572551969017,-0.003195541723474027
2020-06-16,0.009239764861221245,0.019247542591423805,0.017172848182603895,0.026502468984346272,0.012340244662560895,-0.0004928345355281749,0.007619025622873643
2020-06-17,-0.006056760681470541,-0.004153757226537214,0.003170581500547609,-0.001391713192135824,-0.001692974097376121,0.0019106166939522051,-0.006353943827565933
2020-06-18,-0.007216479234543938,0.0003850771166191702,0.0027090520159778197,0.00039821211545576496,0.011447632049786494,-0.001968455156468263,-0.0020237334999584355
2020-06-19,-0.013156009327927487,-0.005715049335318856,-0.00016370022795142436,-0.005714694854095259,-0.003018389356299944,0.011032995719469696,-0.002837487793214688
2020-06-20,0.004771982890003024,,,,,,
2020-06-21,-0.0030764990320015784,,,,,,
2020-06-22,0.03709174751916078,0.006415302827588842,0.011992568306548268,0.026163691699602643,-0.009838270334865173,0.006462217682632332,-0.0029832625318877426
2020-06-23,-0.0019753474772544743,0.004603314237276335,0.00851096960466613,0.02134477867180329,-0.00016993419309685454,0.008419646377624934,0.009136542940248127
2020-06-24,-0.03282025643027875,-0.02550833151763976,-0.020615392143291444,-0.0176520357933716,-0.011127227692610209,-0.0034839130582626776,0.002895980281716115
2020-06-25,-0.005239308190707503,0.010720523668597659,0.009519258392102214,0.013275518436245637,0.012626678169773697,-0.0006027175913517757,-0.005434121121245528
2020-06-26,-0.010998117562784016,-0.023751630076034758,-0.02361499400924283,-0.03072567492780709,-0.02256319143934149,0.004463149702982783,-0.00255872164999138
2020-06-27,-0.012826410118569775,,,,,,
2020-06-28,0.010855408054862181,,,,,,
2020-06-29,0.005170015512075743,0.014697633388221831,0.0109066193393208,0.023046760837147184,0.021087984500573365,0.0005404803669293301,0.000336847087887282
2020-06-30,-0.005751513982724221,0.012809609161011482,0.019601573680304796,0.00834759520605921,0.016233512202560307,0.004440918278166173,0.0019007239932979925
2020-07-01,0.00988532488788163,0.007004779186901455,0.011671887416533133,-0.001891572045583989,0.003428843461190434,-0.004481089931769877,-0.0010000172763980908
2020-07-02,-0.011368806022981404,0.00550702210249332,0.006786759214489901,0.0,0.00750106029112807,0.0021606086958432247,0.0013726735475050322
2020-07-03,-0.00395756024273064,,,,,,-0.0012024360215885377
2020-07-04,0.004972274697731871,,,,,,
2020-07-05,-0.00641072801130238,,,,,,
2020-07-06,0.0332305643833104,0.015436964809559584,0.024584803378047138,0.026750252205707037,0.006204589214847234,0.005988741319838731,0.0008322910247819948
2020-07-07,-0.01314037643510968,-0.010313268958891064,-0.006889098947950756,-0.003102747898824587,0.004850880069577235,0.006310260659329048,0.005837408743786465
2020-07-08,0.019028359994139876,0.007648541063624226,0.013171801651055803,0.023290010391315397,0.0054817580645289965,0.006211565862881185,-0.0033261636145835993
2020-07-09,-0.015948231171979632,-0.005692994369938198,0.008423432591397662,0.004300359885401894,-0.00333613837107416,-0.0027044004055614135,0.0056695953320384795
2020-07-10,9.052022711308894e-05,0.010210239699289358,0.006827593210077421,0.0017492999755261973,0.011512115626491903,-0.0025938951172596036,-0.004515257193776434
2020-07-11,-0.004145030168397623,,,,,,
2020-07-12,0.003912550206798482,,,,,,
2020-07-13,-0.003545059255915528,-0.008658631306391107,-0.020570689791875596,-0.004613251896105952,0.0012913096743465413,0.0012411575864292868,0.001956696060406715
2020-07-14,-4.331537576462985e-05,0.012958923602118144,0.0070782436673242355,0.016548156454937235,0.008383582779551757,0.004663568910189042,0.003134739407461451
2020-07-15,-0.005450155524782674,0.009187259449160434,0.0020353484292379154,0.006877627446664869,-0.004716350115455015,0.0008813320073604025,0.005747538270340025
2020-07-16,-0.006593108913667822,-0.003293715024432209,-0.006822340696283291,-0.012305069414773051,0.0020884446951836555,-0.009451688651900159,0.0005686381091167814
2020-07-17,0.002098616025556055,0.002899355308424889,0.0011577714886186197,-0.0020201748080626025,0.006973230562046018,0.008238009985450212,-0.0021964124845104127
2020-07-18,0.0008356608977502233,,,,,,
2020-07-19,0.002923597193133398,,,,,,
2020-07-20,-0.0023499201650132306,0.008081348757885243,0.028370931731079407,0.02107407394985672,-0.003104383956584411,0.004820170160796611,0.004462768406512829
2020-07-21,0.02298678850016933,0.0021277898960860853,-0.010420675767184417,-0.013801849064352112,-0.0013574887075595843,0.012050997596656066,0.001375032190692238
2020-07-22,0.016050921443329758,0.0056920938271036725,0.0035228020871793664,0.002809171769956098,0.008555194276303135,0.015202340363078104,0.006574425313873089
2020-07-23,0.00584848921034431,-0.011931753428361724,-0.026120019198271005,-0.04551636482790267,0.00647010316736929,0.008825301770064575,0.0030078212447555153
2020-07-24,-0.004611142289210002,-0.006440338494398956,-0.009495739824663452,-0.002477184198267035,-0.0015853457885162126,0.008578870839228259,0.00236559286041671
2020-07-25,0.014702976045533722,,,,,,
2020-07-26,0.023566295475673238,,,,,,
2020-07-27,0.1096100707382146,0.007292139966812883,0.017843012104599598,0.023700509080451848,0.0028579714866796557,0.019753770786684832,0.004870829620063688
2020-07-28,-0.007101328925793737,-0.006342100583314081,-0.012724727308865202,-0.016427875077604792,0.012349575211207275,0.00834113103275036,0.010015670777406838
2020-07-29,0.017194865809297744,0.012298336863487691,0.01152598283950712,0.01916827890916406,0.00336259414784168,0.0075102306547618625,-0.004289165041998277
2020-07-30,0.0009680757576464583,-0.003567819113380555,0.005235641511803113,0.012100442954130708,0.02423811568410339,-0.007400261112960993,0.005467304712160281
2020-07-31,0.0191025870102548,0.007902426313111555,0.017845403776903357,0.10468876628224177,-0.0022827732214127927,0.00908793109962347,0.007586362212601561
2020-08-01,0.03851523428168302,,,,,,
2020-08-02,-0.060034265575901635,,,,,,
2020-08-03,0.017436321777176023,0.006951983171738618,0.013506982842740989,0.02519717539270072,0.0012966231283333407,0.0011325390830079218,-0.0075760337032135805
2020-08-04,-0.00359726129861071,0.003862557221580687,0.003712053764590495,0.006678413027538355,0.01904156399571688,0.021277725496816835,-0.0016115393013034218
2020-08-05,0.04828976175167332,0.006211070651103823,0.002477761339479745,0.003624620257348443,-0.002615739724204591,0.009283241730161151,0.004430779333569168
2020-08-06,0.002788023660583505,0.006684886352552821,0.013245103247704337,0.034889046314854344,-0.005470503785085068,0.013274069532868138,0.0048559695029375405
2020-08-07,-0.01513618086086388,0.0007177524501458254,-0.01154253100213909,-0.022735594742529064,0.006329326809304092,-0.01588530528005727,0.0003087460372570572
2020-08-08,0.013151196120374076,,,,,,
2020-08-09,-0.006662100973708895,,,,,,
2020-08-10,0.017332698670629254,0.002988589005833431,-0.004273181004743054,0.014534799350041538,0.004118523155157705,-0.003458957447482258,-0.007894332439634666
2020-08-11,-0.03936534391564839,-0.008254485950589752,-0.01894103388100632,-0.0297399476282304,-0.0064878506900980515,-0.05369440853432972,-0.0038148260412615986
2020-08-12,0.015284938573538076,0.01394243260444128,0.025151910641191044,0.03323444949031473,0.016738061471794685,-0.004668202325739945,-0.00010562276706871376
2020-08-13,0.017195015111304723,-0.0018078171636253249,0.0022805947206234745,0.01769749390368003,0.00236226302883491,0.023618065792215592,0.00487906845504904
2020-08-14,-0.0012955213149429268,2.973345576062769e-05,-0.00117457459295367,-0.0008911940372410276,-0.005007905680707192,-0.0043092158240957135,0.001929577399301552
2020-08-15,0.008227394765919493,,,,,,
2020-08-16,0.0022843551383793237,,,,,,
2020-08-17,0.03040482644811049,0.0031764788078396666,0.011610738449502334,-0.0026108697251850943,0.0029604192398193785,0.02169391289315903,0.003046169826061096
2020-08-18,-0.021475461465219614,0.0021606705913941315,0.00962528747826985,0.008332702504731504,0.007453845844345386,0.009008003623491856,0.002018980265106496
2020-08-19,-0.019426708460436926,-0.004163956481916031,-0.006727257108183893,0.0012549518632236634,-0.005420502538061589,-0.03156545548841261,0.006009806361055858
2020-08-20,0.01021312934149976,0.0031134089470739035,0.013871821295634135,0.022189456811347652,0.007954668687155664,0.006913929262821528,-0.008734567738023058
2020-08-21,-0.024067507803910648,0.003547445050070319,0.006929979129379316,0.051532361121751524,0.004311161174563649,-0.008010905834894388,0.002546942903547178
2020-08-22,0.007706363621583279,,,,,,
2020-08-23,-0.0014533293195752028,,,,,,
2020-08-24,0.00940844236539995,0.010133375342746387,0.006244282061999673,0.011960257149797648,0.007785098445175498,-0.005658401286623649,-0.006370959580544899
2020-08-25,-0.034690018052305094,0.003499443988799422,0.007862210187141283,-0.008203515940750417,0.003970912541777061,0.0012154763574758753,-0.0002949409890677934
2020-08-26,0.010753745063331488,0.010025456491280504,0.021339114131966985,0.013598910282491827,-0.004818225556217026,0.011808847672626355,0.0034321894453757107
2020-08-27,-0.01435938403704018,0.002186492229117931,-0.0031167198454896683,-0.011954409197834082,-0.0013004769903032232,-0.011561927956646234,0.000651394338439415
2020-08-28,0.01934954061432026,0.006459005177698929,0.005084907231900582,-0.0016198001185278033,0.004051849374350436,0.0173802350530341,-0.0019502937318516267
2020-08-29,-0.0030872658111327222,,,,,,
2020-08-30,0.017784220187846422,,,,,,
2020-08-31,-0.0026201196706430174,-0.0036221072427720102,0.008033312507265133,0.03391223926781506,-0.003170675888724994,0.002386259791001155,0.008342792041089897
2020-09-01,0.024797762089964426,0.009418425140150344,0.017091649968143274,0.03983254580121032,-0.001084338763168935,0.0011902895553947967,0.0017430930674866563
2020-09-02,-0.04648471948812871,0.014464104090404106,0.009469381642037478,-0.020718312038810804,0.01686166220225971,-0.013131628719242117,-0.0013234919979406845
2020-09-03,-0.10239476124641311,-0.0344145065195286,-0.050700144958173876,-0.08006106649798994,-0.01601273610380549,-0.00810423703378893,-0.006361980408355672
2020-09-04,0.02601355576262887,-0.008164492977473792,-0.01332594472548665,0.0006618842945307346,-0.0021697117177001957,0.0027602959130217375,-0.0006393457221240961
2020-09-05,-0.03255823502891142,,,,,,
2020-09-06,0.010893696409813414,,,,,,
2020-09-07,0.00867790498409815,,,,,,-0.00044976148142794603
2020-09-08,-0.022956306264775628,-0.02732299383232728,-0.04806423470231669,-0.06729502783023766,-0.014641926660367677,-0.0019269219593246456,-0.0010758034478896006
2020-09-09,0.010939236349907233,0.01974740651243634,0.029376076647611216,0.03988677539957752,0.016256873553864626,0.00970825655471863,-0.0043549400692805
2020-09-10,0.011793293850096198,-0.01736365445685617,-0.019936636762733162,-0.032645726369288974,-0.010495834737377807,-0.0032231430104036063,0.0030697019536041203
2020-09-11,0.0036452631180188266,0.0005090285750941614,-0.0069399923531169305,-0.013129170027731507,0.010533919911335676,-5.486005292487661e-05,0.001525357772983682
2020-09-12,0.003966560559340859,,,,,,
2020-09-13,-0.011340078630605377,,,,,,
2020-09-14,0.0345883839286778,0.013171314655888944,0.01741553729758083,0.02999998454977404,0.0035472931765296867,0.007892586821005798,0.0015513640318849387
2020-09-15,0.010871177190313608,0.005052219977724315,0.01417325109386347,0.0015605001127743101,0.0,-0.0023927480714920346,0.0023028061782486287
2020-09-16,0.01648188444401355,-0.00396848338968836,-0.01594621399780749,-0.029513581244193454,-0.006708632501807754,0.0028345831622316187,-0.0021557096226498818
2020-09-17,-0.0023612995663134795,-0.008795066349798653,-0.015621999038773482,-0.015963603315533814,-0.0013070575598628231,-0.005489995652194879,-0.003458398421950948
2020-09-18,-0.00040225598714782596,-0.011512912979176115,-0.012762519741419176,-0.03172039523161507,-0.0010907898437226837,0.0013117087099276947,0.0037913635082373887
2020-09-19,0.013683545731443925,,,,,,
2020-09-20,-0.014067993350005525,,,,,,
2020-09-21,-0.04351800185522625,-0.011129660212913395,0.002398176775734173,0.030325807912378044,-0.004804549278498826,-0.020087296599797022,-0.00022507314877340256
2020-09-22,0.0072833400259153525,0.010184426215065434,0.018578578111155597,0.015715776840756313,0.00914370855820379,-0.004846314367596194,-0.006545397017979959
2020-09-23,-0.027733979972724532,-0.023190914046383626,-0.03053436661012976,-0.04194604940641711,-0.011960290010911478,-0.021606497297661065,-0.005067306447492315
2020-09-24,0.050153282066164984,0.0026657328183699036,0.004656229809794077,0.01026900290912991,0.00447508734079749,0.003718800733685912,-0.004255377205412025
2020-09-25,-0.006259218747560857,0.01616670221704064,0.023248665766420817,0.03751596898573495,0.005112208613934577,-0.0028499771605223767,0.001260749603063216
2020-09-26,0.005424892199001441,,,,,,
2020-09-27,0.0022831856976197606,,,,,,
2020-09-28,-0.006089609852421796,0.01660942748500216,0.020768966461738092,0.023868935567338267,0.0028341604896502393,0.01006056066236427,-0.0032462486057818207
2020-09-29,0.012604356977915954,-0.0054459877079852115,-0.004509168604897917,-0.007567942139623751,-0.005434266027633083,0.008432402483858015,0.003737229825137023
2020-09-30,-0.00554646448346463,0.007582117818591083,0.006848973699895344,0.015075986274514674,0.012603771188706592,-0.006004867330144381,0.005413030530529328
2020-10-01,-0.015303370300178809,0.006419718910212868,0.01587249505872035,0.008462227305497727,0.0017985651465277641,0.008920516455577454,-0.001360210502676873
2020-10-02,-0.00409414143543152,-0.009494504240791346,-0.028131445408871136,-0.03228007860853732,-0.008043437795281383,-0.0008953758525005462,0.0016089994172752142
2020-10-03,-0.0025194375739971964,,,,,,
2020-10-04,0.011399199427022166,,,,,,
2020-10-05,0.01159903211277169,0.01773342760867047,0.021326163473179394,0.030790822187024336,0.009194774460728361,0.004872915921881216,-0.0020861974904528013
2020-10-06,-0.017504646058134066,-0.014216106917449234,-0.01784656507329574,-0.028669492105028116,0.0015781600271735918,-0.011760774579356315,0.006143927966141716
2020-10-07,0.0060882710901424275,0.017406683421762992,0.017298902748956957,0.016966996168837012,0.0078075954710132844,-0.0004512229536247636,-0.004648194991886068
2020-10-08,0.023124708925124526,0.008862483829611634,0.005322925859142291,-0.000955856712123615,0.006751947984770412,0.0035549310375408982,0.0025417808980194856
2020-10-09,0.013629236597062944,0.0089299984687492,0.015280042380357406,0.017395722709151906,0.008965823523561234,0.018161347296547614,-4.001510240880801e-05
2020-10-10,0.02095930231275278,,,,,,
2020-10-11,0.0077742124166433335,,,,,,
2020-10-12,0.01503679807902314,0.01608778690801005,0.030870680852149057,0.06352075227588472,0.010985118906900126,-0.002871682500567352,0.004235185563026933
2020-10-13,-0.011203790312466544,-0.006526086879354742,-3.3843709321912385e-05,-0.026527327225251085,-0.0019378716161886356,-0.015728823528417535,-5.911618479070846e-05
2020-10-14,0.0003157232305546209,-0.006283680793265689,-0.008352717366973073,0.0007432995224281314,-0.001178989192792801,0.003094772946095059,-0.006258514217526323
2020-10-15,0.005760771167350187,-0.001235842595608161,-0.006710851968438458,-0.003960886987381618,-0.0014576383649437252,0.003646120384284801,0.00015268939423940253
2020-10-16,-0.01506927308750361,-0.0006041436275920908,-0.005480829275946619,-0.014000400869715213,0.003893404929752986,-0.0034652086045857677,-0.003137572239784059
2020-10-17,0.0031777181254826203,,,,,,
2020-10-18,0.011028058853915557,,,,,,
2020-10-19,0.02252631185070797,-0.01520343992734896,-0.01632558497543679,-0.025542016788118627,-0.01717566544690896,0.0005047466985432791,0.0007147180392022001
2020-10-20,0.014843919324981414,0.0040056107235204585,0.0021495231846511142,0.013192088558255044,0.004016451974119484,0.0048209014703402,0.0045544851656165175
2020-10-21,0.07614375520341321,-0.0018928522703729467,-0.0007733841395582974,-0.005446258376451962,0.005404327065156034,0.007531414803434444,0.005181497776384436
2020-10-22,0.011089019970212055,0.005485205966102802,-3.540807248558764e-05,-0.009583447297803693,-0.007082729203524152,-0.009800687777642758,0.002038879280469974
2020-10-23,-0.0026494544392426933,0.0033952217746635593,0.0019707121581418185,-0.006133920429800543,0.0065748649106776025,-0.001062475196895396,-0.003284551955978321
2020-10-24,0.0136506131750318,,,,,,
2020-10-25,-0.0058657541398662305,,,,,,
2020-10-26,0.003382214014740148,-0.018479715499821414,-0.014996100448891547,8.696978005251488e-05,-0.007585326450196717,-0.0005037860400700644,0.0028316561500716375
2020-10-27,0.04427990207523247,-0.003447537980051818,0.0078080688851986935,0.013472443710765392,0.007501556085029781,0.0026323226696718383,-0.0032947233516975594
2020-10-28,-0.02804507535445777,-0.034178723917864806,-0.03898651662547026,-0.04631227627652912,-0.033014653527533744,-0.01614344386479838,-0.0021447579912096115
2020-10-29,0.012553242153156674,0.010163349296512303,0.01748648969719291,0.03705043711201772,-0.0006539963529921256,-0.004144728133141373,-0.003007617828291731
2020-10-30,0.00808458072996765,-0.010424748906618486,-0.025362663710255196,-0.05601809762785448,-0.0034162455773585343,0.004561020978312902,-0.005956166003128649
2020-10-31,0.01730869726353168,,,,,,
2020-11-01,-0.003184511845067406,,,,,,
2020-11-02,-0.013585108198026608,0.011208241180638012,0.002227232258754208,-0.0008268023557977955,0.010211432019953115,0.009704919089013941,-0.0031317368936795154
2020-11-03,0.02950532012761009,0.01765602902109631,0.01729758503765777,0.015353516011426649,0.019638860287585436,0.005676996717700833,5.826265274877507e-05
2020-11-04,0.013147117963686394,0.02234929363417426,0.04463837686648375,0.040836433908779,-0.004106851443091641,-0.0005588578456844351,0.010256598756917423
2020-11-05,0.10231863433740651,0.0195026350353813,0.02607099731283835,0.03549401258655549,0.012371985469307845,0.022983923404670703,-0.0025108289252275817
2020-11-06,-0.0008965281862933772,-0.00022822408108080783,0.000747058777517351,-0.001136321209644242,0.005969722899344054,0.0014213621387162423,0.007232409142491791
2020-11-07,-0.0470340843373509,,,,,,
2020-11-08,0.04353675277640923,,,,,,
2020-11-09,-0.009512665921690977,0.012565437839446858,-0.020433379648808314,-0.019967915794872004,-0.03658451953627906,-0.04427097823171633,0.006386490672249501
2020-11-10,-0.0027010327388199418,-0.0014665890675928939,-0.017914832350537813,-0.00300877202989569,0.016450492503256697,0.0033127817282887495,-0.005523335652097172
2020-11-11,0.02684194109497806,0.007428706446931388,0.022369695422308267,0.03035252848025105,0.012905019941420681,-0.004326595410341194,-0.0007209612763262596
2020-11-12,0.03662132734990031,-0.009701142202377722,-0.0046938640875034965,-0.0023432527902477185,0.000562866368731374,0.006060679556170845,-0.003257206770447163
2020-11-13,0.002547552717421464,0.013844595148794658,0.008772677232832038,0.00041937611167264244,0.014984065925520484,0.006819714153532219,0.0019605283529799955
2020-11-14,-0.015300456580341737,,,,,,
2020-11-15,-0.007004593596581565,,,,,,
2020-11-16,0.04766502135260464,0.012482559048715425,0.007802417262835926,0.00872064371575143,-0.012822362720108615,-5.650127239831271e-05,0.0035464667435043395
2020-11-17,0.05559276937282975,-0.005378366586626271,-0.003171641309315465,-0.007564570636077628,-0.003861181988829676,-0.0036691725592956637,0.0011978037781641415
2020-11-18,0.008988152900985202,-0.012034732273126347,-0.007390512997183518,-0.011391187109503487,-0.01536515753941059,-0.005722348480656891,0.000355935881684033
2020-11-19,0.0007348899162549216,0.00421016779130623,0.007824796921054755,0.005168177829969256,-0.0012171756024805802,-0.0018804594035273237,-0.001350688437114167
2020-11-20,0.045137820846602006,-0.006847632943759896,-0.006840632309405237,-0.010957687238028813,-0.001648415076914711,0.0030257979459697992,0.0015900757859319548
2020-11-21,0.0011233347035009,,,,,,
2020-11-22,-0.014602889964538845,,,,,,
2020-11-23,-0.000320133845930215,0.005994193238217926,3.4544659563984226e-05,-0.02974259964872672,-0.0038763329558964,-0.0196938167555728,0.0
2020-11-24,0.040478046632625775,0.016113776637561195,0.014050066083389101,0.011594234483961019,-0.0032429215832832092,-0.015328336846880064,-0.0020013415276960433
2020-11-25,-0.01964382784787766,-0.0015415656698546387,0.00614645637154676,0.007467296192045003,0.0026749870443396606,-0.0004717367343725076,0.004879207110725758
2020-11-26,-0.08442706722639481,,,,,,0.0016378050687413381
2020-11-27,-0.0024617591448197196,0.002784966608813999,0.009214466884421624,0.004826256328633205,-0.0005047609733163094,-0.010146901518740647,-0.00033602610922867093
2020-11-28,0.03559722915754793,,,,,,
2020-11-29,0.02596712538731971,,,,,,
2020-11-30,0.07967832801396635,-0.004427512150786517,0.002040181199401525,0.021099777531630837,0.0018757552057175886,-0.006674981596057172,0.004654525577231228
2020-12-01,-0.04192625951044282,0.01093783146132088,0.012816475702905228,0.03082747773485317,0.0036005748638634483,0.0210595460814611,-0.0027816090374511715
2020-12-02,0.021171823185194727,0.0021036172718957857,0.0012848052548120048,0.0029331827083047823,-0.007246949273306491,0.00752153069206285,0.011410306402095838
2020-12-03,0.012723580680175761,-0.0002728566838219315,0.0014154172932350217,-0.0011371653647691549,-0.007372072056020307,0.007873502810363364,0.0033314170009388633
2020-12-04,-0.038344949058079725,0.008617711436354147,0.004075106190265521,-0.00561259174422668,0.0009464224961357459,-0.002835427586930339,0.002562763801620571
2020-12-05,0.024303237423597412,,,,,,
2020-12-06,0.009965977245154134,,,,,,
2020-12-07,-0.007934312410408761,-0.0020547737305491864,0.005662624653629544,0.012269899639924642,0.001527803145436435,0.014914066598165077,-0.001999998037004458
2020-12-08,-0.0453576006387062,0.0029259913463655085,0.00338429591830125,0.005091028885795934,0.0026876098623773714,0.003487910186290799,-0.0006783939588516086
2020-12-09,0.012705073309037251,-0.00896892373359881,-0.022640581988769948,-0.020903685664626415,-0.01188007429741178,-0.017094017094017144,-0.0001815724171323474
2020-12-10,-0.015572121156616547,-0.0003268360973508466,0.0040156093373360235,0.011988678079585702,-0.006597514202923871,-0.001913054093070632,-0.0026573445846650445
2020-12-11,-0.011283218109780502,-0.0011725779425000304,-0.0022146261464149886,-0.006734746408483594,0.007379313630993645,0.0018586706605219216,0.00542606272772872
2020-12-12,0.041240151721379625,,,,,,
2020-12-13,0.018013866983980886,,,,,,
2020-12-14,0.005446642655266398,-0.004477150757974502,0.00725523307172371,-0.005146566791638718,-0.0048348555353058265,-0.005507636250083436,-0.0008966983830569486
2020-12-15,0.008855135259981495,0.013519392677282971,0.010689401556400968,0.050090000356558306,0.005888832497045637,0.013990959829817351,0.0012768419520983176
2020-12-16,0.09751836309514528,0.0015691540793330017,0.005499844018646227,-0.0005471487355467319,0.0045374670705249365,0.005519095329445722,0.00044489219312326966
2020-12-17,0.07013245133867341,0.005592292525991693,0.006537332955186104,0.006963485489057675,0.0071389188578061535,0.010520363984510617,0.0037257618774535484
2020-12-18,0.014593135822884129,-0.003993038957446182,-0.0030223670170683725,-0.015850955335359962,0.005714197598396087,-0.0016974258370123785,0.005174836135400485
2020-12-19,0.03163075154837203,,,,,,
2020-12-20,-0.01644490454985592,,,,,,
2020-12-21,-0.028717656479103182,-0.0035755455310875206,-0.0018709250915777131,0.0123954830475419,-0.010932254536150543,-0.003173869592184575,-0.003799173146871393
2020-12-22,0.042974334095805755,-0.0016852454183754473,0.0027192005032732336,0.028464451216368314,-0.0070533461816091325,-0.007903112071065643,0.001700880915794123
2020-12-23,-0.022776055438033516,0.0008984521450376981,-0.005036060441263923,-0.00697626067283752,-0.0015380966099425297,0.00664787877129025,-0.004106843593038589
2020-12-24,0.021281190940612982,0.0038904221253377447,0.004412906397529115,0.00771274256448562,0.010121904010822691,0.003985267471422693,0.00039010441651421424
2020-12-25,0.03913227940938091,,,,,,-0.000548358191325371
2020-12-26,0.07185327832809496,,,,,,
2020-12-27,-0.0062314920850786715,,,,,,
2020-12-28,0.03092663485588698,0.008590665820798593,0.010078625402680785,0.035765513942288774,0.0069708003297732635,-0.003629142996869339,0.0016721969568598283
2020-12-29,0.010250355112868093,-0.00190769194994167,0.0008952319783710472,-0.013314831767179847,-0.0018747451365119794,0.003642361648136694,0.001503461095783143
2020-12-30,0.054034499850387885,0.0014269289530759455,3.209488979938335e-05,-0.008527014983522818,-0.004695951228326667,0.007655178894261816,0.002413844119172115
2020-12-31,0.005574281038085438,0.005080768031928029,0.0024603615680154345,-0.007702405707009863,0.00994418213987669,0.003714145601823482,0.003831388176507966
2021-01-01,0.012841708408869223,,,,,,-0.00972591227614994
2021-01-02,0.09372577639540935,,,,,,
2021-01-03,0.020380066800975483,,,,,,
2021-01-04,-0.024712000360334718,-0.013614024049309004,-0.014119959843641894,-0.024719282374071727,-0.009486557179748,0.022258360658879317,0.005782208063576988
2021-01-05,0.06319658000613337,0.006887450631700043,0.008244125049283069,0.012363855457507178,0.006384878920090209,0.0029616260665272787,7.356497217481106e-05
2021-01-06,0.08331071417326141,0.005978354716949186,-0.013852406580385335,-0.03366162467504252,0.010526343753540113,-0.01624105266038789,0.003972994689505738
2021-01-07,0.0691574669750421,0.014857460889051932,0.024192125744012305,0.034123176893470886,-0.009346350711327611,-0.00233462025122122,0.003319759284015955
2021-01-08,0.0362338992996023,0.005697925138258508,0.012857785922092857,0.008631407214756415,-0.00043236616125386096,-0.03420993723985433,-0.00564483535912963
2021-01-09,-0.013311135341493308,,,,,,
2021-01-10,-0.047152573214749416,,,,,,
2021-01-11,-0.07273315912449108,-0.006741197415917277,-0.014449783385502735,-0.023249058738588957,-0.006772684231751924,-0.0019614419353504164,-0.006946159299648702
2021-01-12,-0.046214502171538774,0.00021156736793237485,-0.0015905826451541039,-0.001395259162738527,-0.005803266060268042,0.006473960214956609,-0.0020928282920177343
2021-01-13,0.10003249550509552,0.0026930187150779883,0.006753317981585516,0.01622631134239083,0.0015321645737433887,-0.004307374345463466,0.0039629900042505994
2021-01-14,0.050138030111625875,-0.003502069322207646,-0.005347363953414841,-0.015126949455916305,-0.010636903287660315,-0.0005190998467168306,-0.0038007870478363737
2021-01-15,-0.06027358971670127,-0.0072926807360121915,-0.0079210306925791,-0.013730470676068807,-0.007511109744402833,-0.012407628760563338,-0.000923486741711943
2021-01-16,-0.017575563040677422,,,,,,
2021-01-17,-0.010693288117263444,,,,,,
2021-01-18,0.023435790428599335,,,,,,-0.006842590880306143
2021-01-19,-0.015295342507474663,0.007851896965884286,0.01458965884060559,0.005427060065681832,-0.008754966009756782,0.00847307255811236,0.0007608065497719529
2021-01-20,-0.014473454791977813,0.01383869213338329,0.02326128027648955,0.03285619435962772,-0.012499904783393356,0.016282289539807593,0.005098325770698242
2021-01-21,-0.1328368400602007,0.0009115747708210442,0.007999343356355437,0.03665846792624916,-0.0009837690737422022,-0.0006271772092728556,-0.0019143025297213567
2021-01-22,0.07072224005462169,-0.003539575668966455,-0.002880022939072524,0.016073379303824575,-0.007709297724972086,-0.007873145210082533,0.004181602719109279
2021-01-23,-0.02842289017956734,,,,,,
2021-01-24,0.006914643868341619,,,,,,
2021-01-25,0.0023851084933719235,0.003943939955260767,0.00826618527320333,0.027683927151839205,0.017230892782671647,0.0008626173693986328,0.00025916567074868446
2021-01-26,0.006286058316783416,-0.0015608376603468699,0.0014627998005456444,0.0016789658976534838,0.006427646231573103,-0.0024705999829396363,-0.001906945525246062
2021-01-27,-0.06562212475675022,-0.024440414153274803,-0.027876501664339526,-0.007683093245810735,-0.035389513785685556,-0.006335623059913753,0.0013792318288194938
2021-01-28,0.09968113394222766,0.008600233353103448,0.005916452837084973,-0.03498587233365169,0.015422810176622948,0.0009273614616172043,-0.004762003705163664
2021-01-29,0.02540747568580648,-0.0200196292492133,-0.021038176023750466,-0.037420063588287866,-0.016492682231445288,-0.0004053281700162614,0.001236204229644322
2021-01-30,-0.0013656239986477026,,,,,,
2021-01-31,-0.03370820328466961,,,,,,
2021-02-01,0.012768370405776608,0.01664551467114639,0.024987657771319727,0.016519827065144987,0.0059276818730467085,0.009385291185094458,0.0003152348219104262
2021-02-02,0.05883361479570781,0.01414021999266879,0.016313725735300766,0.00633687624593926,-0.0013957335261927106,-0.012167796413785958,-0.004549946712114394
2021-02-03,0.055245981743407446,0.0007863995239503208,-0.003967321653819744,-0.007778497502755943,0.0012422882588152273,-0.0015106298641213156,-0.002455957182741275
2021-02-04,-0.014571470120209207,0.011365631391772713,0.011826849923621596,0.02575772835614165,0.0006206101401760034,-0.021530474690833024,0.0002769556190749256
2021-02-05,0.032991388091470286,0.003935855913057562,0.00339137608977369,-0.0030978313237588484,0.004185117865771026,0.009872160109213546,-0.006282587967714526
2021-02-06,0.029406828078771152,,,,,,
2021-02-07,-0.009233693380855112,,,,,,
2021-02-08,0.18746473766529936,0.007221930235751461,0.006699676784900133,0.0010965879077906582,-0.0030871247735756446,0.010070118005137685,0.006855858420775629
2021-02-09,0.006161523959955284,-0.0006656063750467567,-0.0002099272362371396,-0.006573694707108335,-0.0038710414383512637,0.0032649110578624185,0.0004002080092257998
2021-02-10,-0.03362488605290981,-0.0004356329618412369,-0.002278434237106941,-0.004558342413394367,-0.0034972660707719427,0.0036611162023989507,0.005508496493374926
2021-02-11,0.0665910372634968,0.0016148807021167944,0.005499446904225103,-0.0019204957385309251,0.0008577635902344838,-0.008685078696598514,0.0001006197804718223
2021-02-12,-0.008442623839676311,0.0049397799916381935,0.005589264050588794,0.0017760068380614502,-0.0055323592800308186,-0.0030372306060941767,0.0008492320522894836
2021-02-13,-0.008406213773231364,,,,,,
2021-02-14,0.03421623595697554,,,,,,
2021-02-15,-0.01585126109458379,,,,,,-0.0007758942166107285
2021-02-16,0.026171883752032166,-0.0008659626420443045,-0.0027049315798212126,-0.016103761494330127,0.0023505334977842463,-0.014353488272303538,0.0008334358533188535
2021-02-17,0.05994196027730325,0.00022946340159024636,-0.004798339400894913,-0.01764401374205038,0.004221502167605973,-0.011352850687983307,-0.0032733877135847633
2021-02-18,-0.008997504596578998,-0.004256212887838728,-0.00437226350466402,-0.008636560945975758,0.008329444675176711,-6.0088418961767864e-05,-0.0036781674916279705
2021-02-19,0.08143096900475189,-0.001765690481883686,-0.0043607791081886615,0.0012334988475577457,-0.018605623131510263,0.004148551901348441,0.003643164233586349
2021-02-20,0.0037823185014820293,,,,,,
2021-02-21,0.025676258785917394,,,,,,
2021-02-22,-0.05791845963531039,-0.007691754907732995,-0.025920188325751492,-0.029798900690836905,-0.004248136852487705,0.014969164015496528,0.0028497294649860727
2021-02-23,-0.09930198541853996,0.001214267987657447,-0.002977241116590368,-0.001111207766731237,0.007426170255802056,-0.0023007456922117253,0.0033349308049044346
2021-02-24,0.018042326886684945,0.011019297962730601,0.008243203999269255,-0.004052216216539506,0.0010979902251788687,-0.0007095264939214196,-0.0012042622122976354
2021-02-25,-0.052539242009451814,-0.024095713111024986,-0.03486274127705313,-0.034782692454678577,-0.008460129856015408,-0.018816524708764826,0.0015822117375803302
2021-02-26,-0.016012490351298148,-0.005152570763606645,0.00418765737685467,0.002231950767610069,-0.024095422701912672,-0.024182906697045592,-0.0008997964463965946
2021-02-27,-0.003265200081699504,,,,,,
2021-02-28,-0.022747754528746222,,,,,,
2021-03-01,0.09955017057586457,0.024240137442425702,0.030082128916880224,0.05385111502573192,0.006152467509877413,-0.0017304170540851649,-0.005827132900038223
2021-03-02,-0.025231161886280384,-0.00780313084500639,-0.01603882347125718,-0.02089378014466925,-0.0031377938577064057,0.005447934683729505,-0.0031815938102786046
2021-03-03,0.04463205996986197,-0.013245819411749737,-0.029020039167143907,-0.0244563434580779,-0.00597270531385663,-0.011021541189334294,0.0028521567302313144
2021-03-04,-0.039120359814156846,-0.012374736327150582,-0.01636710751385506,-0.01581196781582228,-0.008200532644835112,-0.009836893780889033,-0.0028800481356082708
2021-03-05,0.007539701660092213,0.018396465113445837,0.015060841945546466,0.010738341060948065,0.031354601782357605,0.0006288110395962221,-0.006881411661313397
2021-03-06,-0.0003049805235605385,,,,,,
2021-03-07,0.046906498146797926,,,,,,
2021-03-08,0.020306565464276005,-0.00497856368668359,-0.02831399759408748,-0.04167359737166998,0.010557310038713297,-0.010368190918767173,-0.0035180865848333243
2021-03-09,0.049335220420617,0.014277445378901854,0.03944119204134222,0.0406499961997826,-0.008875882517698663,0.02127113294736649,-0.006198454709617107
2021-03-10,0.021604243798385436,0.006224513805906495,-0.0028546223117037473,-0.00916672693602727,0.009193112094334044,0.005098279923459348,0.0038977317898647446
2021-03-11,0.032076714848716215,0.01013919803272878,0.023031391987619054,0.0165026059962059,-0.003376696180686034,-0.000866011298261804,0.002366169783703187
2021-03-12,-0.008183206626845796,0.0013467370054289773,-0.00811227911491319,-0.00762559081935954,0.009691866306982266,-0.00018572795011984056,0.00503413381222062
2021-03-13,0.06821652767950437,,,,,,
2021-03-14,-0.031689610370558396,,,,,,
2021-03-15,-0.05725100456855314,0.005963444174559074,0.010682849778039571,0.024456924500884103,0.0032776246483470217,0.004396503999798185,-0.0030114376748069382
2021-03-16,0.01605702194966918,-0.0012612029863658947,0.005488902844572818,0.012742788471418631,0.0029558401176474902,0.0009248406787658592,-0.0020273558871979347
2021-03-17,0.036369962842253134,0.003409904239171313,0.004117457899702526,-0.006450630012384551,-0.004032959473055264,0.00714498527693741,-0.002023177780549945
2021-03-18,-0.017189693893861602,-0.014549500699517437,-0.03063041984004422,-0.033905243390758066,0.002180522786296768,-0.005810023730399405,0.006818129005479179
2021-03-19,0.008429650137686817,-0.0018503541857762817,0.003525003173542096,-0.004480027476530424,-0.0053613549873576805,0.004183119739068708,-0.005387043935496716
2021-03-20,-0.0005657190459794625,,,,,,
2021-03-21,-0.013551247955811196,,,,,,
2021-03-22,-0.05205318540083803,0.007984938851626877,0.018753252264078535,0.02833572743985857,0.01695179549447645,-0.0014702614866924923,-0.002947064563058932
2021-03-23,0.0038474981233158623,-0.007870915324115324,-0.004362633119531445,-0.006888718669988192,0.018589759950204066,-0.007300628474884996,0.00420042332273729
2021-03-24,-0.035891807492523076,-0.005083405960009779,-0.016865272913573648,-0.019993549374064723,-0.00030186205482829465,0.0034608341081703298,-0.007778902857818792
2021-03-25,-0.020277031922222966,0.005625569879950554,-0.001731441355604324,0.004163673805095858,0.006940187149147903,-0.003633653726877295,-0.002291819283459895
2021-03-26,0.06639992475218648,0.016115139569937043,0.015000303030302975,0.005141222709359905,0.014758995981388079,0.0028434090575977233,-0.0030854165403151335
2021-03-27,0.015165759461888806,,,,,,
2021-03-28,-0.0004067213991215679,,,,,,
2021-03-29,0.03216137854506651,-0.0005052450009171983,-0.00028511709654666095,0.0014852017027586761,0.015651438621548053,-0.011896005111092234,0.0009666010928697233
2021-03-30,0.020216245195582738,-0.002652989618377344,-0.005032930710822003,-0.012274512888936107,-0.015410246100562075,-0.017091823816998808,-0.00144197878443586
2021-03-31,1.9359634988669328e-05,0.004053270466776837,0.015302630424431918,0.018765665082257854,-0.0001476909162618778,0.015167857324082767,-0.004027045738019597
2021-04-01,0.0030037350775407035,0.010798971539082824,0.017046756858227763,0.006958520320192507,-0.008491485977206614,0.012628087827510459,0.0004457788887903824
2021-04-02,0.004881969011259368,,,,,,0.0043584335414605935
2021-04-03,-0.029981350293480258,,,,,,
2021-04-04,0.0200448971410081,,,,,,
2021-04-05,0.005094138552963257,0.014353413316577246,0.019964788367352382,0.023577333251488142,0.016160192021571262,-0.0003704010382533651,-0.0010002289071011639
2021-04-06,-0.014655445594718208,-0.0005905979223014279,-0.0006949696772456937,0.0024622547475576795,0.0003663935619033776,0.00802867506459215,0.004313981953136592
2021-04-07,-0.036833390122360865,0.0011571939763801442,0.0024184007204726132,0.013390331531096145,0.0017584027232881994,-0.002818323186048577,0.004678428163524373
2021-04-08,0.04058980823677527,0.004746782418928008,0.010433179901799816,0.019233762335227222,0.0038028449080844684,0.01075202788807239,-4.7486026508836154e-05
2021-04-09,-0.0013536328475677317,0.007270136404638583,0.006058531107232534,0.02025176070103263,-0.006483991482589935,-0.00753747660190629,0.003538931154240421
2021-04-10,0.026581343719059625,,,,,,
2021-04-11,0.006885903949730876,,,,,,
2021-04-12,-0.005174186540237491,0.00036463110084139494,-0.0013052509109796606,-0.01323325723324209,0.004032884642463763,-0.006063609158189043,-0.0012733601511304427
2021-04-13,0.06027376479221824,0.0029635322415004772,0.01167350066590167,0.024306744551990223,-0.013219409408468441,0.007086479573175097,0.0011914405802817551
2021-04-14,-0.00620063437737306,-0.0034149878156558566,-0.012008298586618116,-0.01785312901295888,0.0036269529709529458,-0.004344315528953313,0.0033112327681075193
2021-04-15,0.003237480473297971,0.010742335392020852,0.015155268799679655,0.018708063893950966,0.012094363599414626,0.016162763416190717,0.002672952619411806
2021-04-16,-0.027501379378466195,0.003342343150687155,0.001170960941916599,-0.002528250453251224,7.281875887477085e-05,0.006047777218550321,-0.0011971556290383267
2021-04-17,-0.014437688523377457,,,,,,
2021-04-18,-0.0736215468265391,,,,,,
2021-04-19,-0.008750468945115109,-0.004912946124779549,-0.009151592929231511,0.005068616130812886,-0.004663047469354309,-0.0027652942409929215,-0.00019148372403277047
2021-04-20,0.013436976092944253,-0.007321561241604213,-0.007288653816458379,-0.012829984534523331,0.00834460122391567,0.0035565515706876827,0.006335809454036445
2021-04-21,-0.045454287638402646,0.009462389731830223,0.008560861904360895,0.0029298515483766607,-0.006533035202181847,0.009911155680072392,-0.0010708288987623105
2021-04-22,-0.0397694659817468,-0.009133149825859999,-0.012054572480135306,-0.011685522752336586,-0.009928195295948461,-0.006483147356353358,0.0004453360191536415
2021-04-23,-0.012917150838772984,0.010842228968448664,0.012589497950238115,0.01803877012815236,-0.005124996942817206,-0.003831414124593202,-0.0019103788602828908
2021-04-24,-0.02040928977310741,,,,,,
2021-04-25,-0.02091099195802515,,,,,,
2021-04-26,0.10238907033660749,0.002087543539493808,0.006511022876829697,0.002977938807320779,-0.020009119167123002,0.002644245538133694,0.006250504777101318
2021-04-27,0.018721407731506323,-0.00021547862622595115,-0.004332025284645602,-0.0024493973753829668,-0.0006096409752671672,-0.002517371003141977,-0.0006766122021124588
2021-04-28,-0.003787066282106566,-0.00028736675636187314,-0.003380961718582487,-0.006027683237895043,0.0016771225359624164,0.002944390689552989,0.000714564737621437
2021-04-29,-0.02315733013830157,0.0063728900809931766,0.003598834458160338,-0.0007482277133731285,0.008447605792903934,-0.004133978948338446,0.0037730907940705105
2021-04-30,0.07833176806484676,-0.006570635557366367,-0.006554592549881777,-0.015133411485777959,0.006867410586013367,-0.0033690142851713345,-0.0007276763569032951
2021-05-01,0.0013484807439372304,,,,,,
2021-05-02,-0.020698824187899145,,,,,,
2021-05-03,0.010051280367532334,0.0021567001110218698,-0.005325480783813452,0.008215204898229356,0.011842282837684737,0.012978352341882271,-0.008190845873297992
2021-05-04,-0.06760024652955021,-0.006169198666729936,-0.017995467949422528,-0.03538520201304374,-0.0034071507611098673,-0.007329692780131181,0.002786131525111424
2021-05-05,0.07669599321369813,0.00031281574421537783,-0.0033625943785873247,0.001955323689931676,-0.008027605435944052,0.004142168530566259,-0.0038327774773150303
2021-05-06,-0.01789307689659958,0.00798566354553909,0.0075373395166113966,0.01280246688710096,0.012588109429369387,0.01667957921247054,-0.0005884542128350434
2021-05-07,0.017020319573156195,0.007278058398495046,0.00811424717348852,0.005327407720036703,7.38649136402536e-05,0.00899681760120985,0.005044664866080906
2021-05-08,0.02523475916996243,,,,,,
2021-05-09,-0.009718099130935132,,,,,,
2021-05-10,-0.04074231762821234,-0.009902483040133303,-0.025254056955317572,-0.025804551339927095,0.018645794530937954,0.0030305045955998366,0.008495398926473774
2021-05-11,0.01512317249631967,-0.008924980720746989,-0.001381425874772746,-0.007410332124450303,-0.004939132724723572,0.000174300035968189,-0.0024767285752498314
2021-05-12,-0.1332174549686006,-0.021244963138547734,-0.025882996189685148,-0.024938459645820754,-0.010584812118810016,-0.009933813872024522,0.00029387645131562223
2021-05-13,0.011508648851976444,0.012012436051654252,0.0077313203670528186,0.017919757859271135,0.01608380101057416,0.004107329913244362,-0.0054340864261213095
2021-05-14,0.00330563837155351,0.01535529074578701,0.02207664994109626,0.019844733690276506,0.0021057917988567265,0.009115862292308208,-0.0001002745212409506
2021-05-15,-0.06255641898138342,,,,,,
2021-05-16,-0.0065040138312105755,,,,,,
2021-05-17,-0.06282381595309616,-0.002544447832858343,-0.00606625388661397,-0.00925859623269265,-0.002028975115796805,0.011639321781340195,0.006050930549080791
2021-05-18,-0.014426855146374762,-0.008615865768417552,-0.006751110806081262,-0.011245619349598668,-0.010237284992070106,0.001946172546249958,0.000534904584481577
2021-05-19,-0.13766122609163733,-0.0026218099785038085,0.001148611087254281,-0.0012815986185842343,0.0020541924926533728,0.000685616890880425,0.00552151594775574
2021-05-20,0.10216344466291027,0.010758161887289397,0.019343429267355328,0.021012158326213504,0.010248575076724498,0.004567270124640199,-0.004183833562572015
2021-05-21,-0.08528232829817228,-0.0008188335331962282,-0.005534748155761382,-0.014767112756915446,0.0,0.0004545724551812125,0.004315598457791392
2021-05-22,0.006217486259949112,,,,,,
2021-05-23,-0.0736893688644572,,,,,,
2021-05-24,0.11318183957815453,0.010194236836269743,0.01681917264126387,0.013314093724700049,-0.0002898387470577912,0.001761036294059215,-0.003447842784843669
2021-05-25,-0.007847826326095597,-0.0022185595709085515,0.00138336341638845,-0.0015734080128404493,0.0034067182569259558,0.009072814229376336,0.0025772895778577443
2021-05-26,0.023227211885217036,0.0019845887538825213,0.003483806208687268,-0.00039412607815692,-0.002239210361773325,-0.0017420486873281904,0.0028209965686414318
2021-05-27,-0.021815700174415475,0.0005248903437642394,-0.003740981545538924,-0.012376736134249722,-0.022733888466888397,0.00039409662496781017,-0.004612427257485008
2021-05-28,-0.07126897282320166,0.0017887718679192588,0.0031539107501357133,-0.005348145177060504,-0.0009631154947070675,0.003770176937892389,4.869039459753921e-05
2021-05-29,-0.03029724398312339,,,,,,
2021-05-30,0.03068120125307594,,,,,,
2021-05-31,0.04637929771620186,,,,,,-0.00025595431068903274
2021-06-01,-0.017355481635803582,-0.000881120528295809,-0.00332367862750238,-0.0026482196829535898,-0.01460883576540839,-0.0026909461441234628,0.0035108358588156197
2021-06-02,0.02426756732611457,0.0015728873523179754,0.00195297090348312,0.0062760945000190915,0.004364920300769182,0.004890446350902078,-0.0012340095487372027
2021-06-03,0.043475133082156336,-0.0037112593289680973,-0.010405947473564825,-0.012154086869445524,0.017907884832212506,-0.019578228541437537,-0.0006471845860595016
2021-06-04,-0.05902658087058821,0.009145736053659537,0.016970012541826396,0.019022032841010006,0.0007361282777991196,0.010783359066451448,-0.006294536179352939
2021-06-05,-0.03638625350557034,,,,,,
2021-06-06,0.008731498936251025,,,,,,
2021-06-07,-0.06418068028941804,-0.0009702657502916878,0.002979544620782093,7.958198567248331e-05,0.003457213304554063,0.0040076283608136976,0.002917987829321289
2021-06-08,-0.0026243254847995168,0.00021321844457955486,0.00047544920092956744,0.006671983314974872,-0.011582051221954215,-0.0030920774052216604,0.0020728666661506967
2021-06-09,0.11569117681725527,-0.0014919014380936346,0.00023737817209656953,0.003077138179357064,-0.0003705961901143695,-0.0019175027218333307,-0.0017042140583581888
2021-06-10,-0.01720501684509279,0.004648225288939933,0.01042059460603495,-0.008023287098575471,0.007419107340132847,0.004294325821970535,0.0007517140274577727
2021-06-11,0.01721406171757467,0.0016526697025518455,0.002614755317704054,0.009832764735585808,-0.006848996883043079,-0.011252390785353672,-0.0007754178831091973
2021-06-12,-0.047727642256857994,,,,,,
2021-06-13,0.09972131894675185,,,,,,
2021-06-14,0.028661855288592664,0.0022388891832252344,0.009582430699018873,0.02457761337196418,0.0003707981695639795,-0.005860923791407013,-0.005122571731379644
2021-06-15,0.004669320789865594,-0.0018340407490508026,-0.006530663511725043,-0.006437670537323137,-0.0019273587182730978,-0.0037777095572453234,0.000993919050279235
2021-06-16,-0.05096256237308472,-0.005583357478053497,-0.003652210745671569,0.003933913061958227,-0.013887975445262435,-0.016891711518855712,0.0004002410493513242
2021-06-17,-0.007655308506355651,-0.0003316155482795402,0.012697583023509429,0.012600919756728057,0.009113219192734112,-0.030740427140865334,-0.010843962346389069
2021-06-18,-0.0595545108824469,-0.013490559682336367,-0.007847389688426465,-0.01009191082800276,-0.014628098671165213,-0.005547261946798776,-0.006850199257112499
2021-06-19,-0.004788717174578294,,,,,,
2021-06-20,0.002314299179515533,,,,,,
2021-06-21,-0.11265533282181261,0.014315856531075255,0.006215059507255871,0.01410386277444653,0.007877011952978297,0.012247646651096789,-0.0033365033317003245
2021-06-22,0.02616961270137308,0.005346198175671502,0.009321788466230885,0.012698812364528411,0.00037578596960652355,-0.0041928539145718036,0.003275888241700775
2021-06-23,0.0374509295196066,-0.0012051689022241074,0.0004887385881167106,-0.0020898901636358103,-0.0014275934706931004,-0.0006616578066259704,0.0020292243125450415
2021-06-24,0.027856637741157764,0.005915589713624936,0.006182937408790279,-0.0021692001907051006,0.0006773359077008045,-0.0006019387497473438,-0.000298304478092537
2021-06-25,-0.0872604012088013,0.0035523073756020818,-0.0012289169021814095,-0.0022485426362428562,0.014283475305405746,0.0033124733437563947,-0.0002385549563488354
2021-06-26,0.017336806155961115,,,,,,
2021-06-27,0.07653470332064805,,,,,,
2021-06-28,-0.006213875976586625,0.0020158775357832504,0.012161463492329494,0.012545914818882009,0.0029646809153145437,-5.999463986816611e-05,0.0009912185233162951
2021-06-29,0.04162825758718758,0.0005380400895484971,0.0036190503085558046,0.01150021364873366,-0.006798700041730665,-0.010505462725200698,-0.0011094247801214374
2021-06-30,-0.02305527321430456,0.0008417299461684902,-0.0015774978095715042,0.004621341533639578,0.0039434878069144474,0.004853503869870712,-0.002261387132008741
2021-07-01,-0.04191448950075438,0.005536411369485794,0.0003949975601789113,0.002263523823348157,0.0022976147717275186,0.0034413575356286863,-0.00379414749168705
2021-07-02,0.00967855812266083,0.007643591625492663,0.0114787548731754,0.01959609049795219,0.004880257213498718,0.006558341503640763,-0.0008884818090965085
2021-07-03,0.022760094790705843,,,,,,
2021-07-04,0.017861561294527206,,,,,,
2021-07-05,-0.043691535402215154,,,,,,0.0008417743052644422
2021-07-06,0.014496276584600176,-0.0018214625765544668,0.0043215570567798345,0.014718540735358943,0.0005884435276568567,0.004961455343207799,0.0006406783710120045
2021-07-07,-0.011095808977648836,0.003534098950708442,0.0021100575164214597,0.017955281651174326,0.007501317309010158,0.003806801143447114,-0.0033109661497897624
2021-07-08,-0.028886355129662422,-0.008148025321059738,-0.006039500549203769,-0.009199783526862015,-0.00014623013093351123,-0.0006518168637834609,-0.0026321867575267444
2021-07-09,0.02800225791699673,0.010674725710088317,0.0062435096593078665,0.013055110491245081,0.0003653757629733523,0.003320562334123478,0.0046301331645948185
2021-07-10,-0.008210311003178261,,,,,,
2021-07-11,0.021469475378479208,,,,,,
2021-07-12,-0.031668630428790756,0.0035818048084634846,0.003905650115247461,-0.004203748464641555,0.0008024454541022408,-0.001241101031467462,0.0021062849877842016
2021-07-13,-0.013687548281983153,-0.0034088184287811574,0.0,0.00788897755288942,-0.0012395392159235685,0.001301782371024407,-0.0006526261676987888
2021-07-14,0.003679352094793975,0.0014922909144088337,0.0017934680252984503,0.024100796287402915,0.007373713966728257,0.010755182911599048,-0.007571489140241527
2021-07-15,-0.031734999531688124,-0.0034156054444531847,-0.007023383478070189,-0.004491859802924103,0.008552110304902882,0.00017547964957964624,0.0049226055054825135
2021-07-16,-0.011302175908234458,-0.00784369043069022,-0.00809915545145612,-0.014076492993645662,0.009701262847859438,-0.00970365108457183,-0.001818965027435615
2021-07-17,0.003549453661488622,,,,,,
2021-07-18,0.008363987433579023,,,,,,
2021-07-19,-0.030788575922789052,-0.01476785268404579,-0.008193659205228854,-0.026914255302335266,-0.0004982802854973656,0.0011805498135817327,0.00018549789937249983
2021-07-20,-0.03278895069501786,0.01433036914464414,0.01161660166355305,0.025973923218463257,-0.005340365220392607,-0.001297100524211059,-0.0017066072430054202
2021-07-21,0.07727442675168827,0.008096319302634658,0.007720080333239343,-0.005131500250207366,-0.003508127031726871,-0.0037192566567244567,-0.000824893946899663
2021-07-22,0.006303573302191001,0.0020941625163646282,0.006610253746937023,0.009628623909076595,-0.0038310362615698867,0.001955450591350383,0.0007310905803727952
2021-07-23,0.03925482537500802,0.010287907645541994,0.011677623203865783,0.011989083558253233,0.014440944623080654,-0.0031344183025339145,-0.0016952306802585637
2021-07-24,0.021169199000986128,,,,,,
2021-07-25,0.030844758309330533,,,,,,
2021-07-26,0.05621887171744144,0.0024550826258487035,0.0007875792473892584,0.002894245144365648,0.0035053293251541273,-0.0023730060647713103,5.8932597006622345e-05
2021-07-27,0.055424286615063156,-0.004557408735700541,-0.011018029060387291,-0.014899956176290474,0.004063705186727162,0.0016650735799190741,0.0029164853819827474
2021-07-28,0.014945713184850051,-0.0004102449058228652,0.0038415883092977055,-0.01219610007224936,-0.014838805994603299,0.005046252863966982,0.0013005454274701567
2021-07-29,0.00031292265067750513,0.004147326343047819,0.0017769222830261722,0.004552062043399641,0.005188983552973703,0.011105233370970247,0.001930942027677629
2021-07-30,0.055666404612466414,-0.004856429421648989,-0.005211945210335522,0.0015106931926691658,0.01971571801259686,-0.007886842666167015,0.003971074884161485
2021-07-31,-0.014427457617713135,,,,,,
2021-08-01,-0.039669750474507826,,,,,,
2021-08-02,-0.019335866368471732,-0.0020981258945350634,8.23681497872375e-05,-0.0023310396061014815,-0.0024604207658543986,-0.0012366429443513294,-0.002182413613337375
2021-08-03,-0.02675797936526192,0.008135591252462548,0.00606148637798154,0.012644670923904977,0.014589673032361805,-0.0007074766626713469,0.000641198473579907
2021-08-04,0.041792893187100555,-0.004919139685051643,0.0014447142264317758,-0.002782476675126766,-0.010559390981245032,0.0002359625041987723,-0.0004391046481545535
2021-08-05,0.02822946527400849,0.00633304413900726,0.006343005963515003,0.0007485595262481937,0.0004913326668571916,-0.0039520921003340925,-0.0026989581497277593
2021-08-06,0.04763803587748594,0.0016524394972998735,-0.004382352921183386,-0.004767206811724822,-0.007648807122909718,-0.024991124040327772,-0.00014199493007605035
2021-08-07,0.04062220829002827,,,,,,
2021-08-08,-0.017005273846830926,,,,,,
2021-08-09,0.058616336068955555,-0.0008134484251470786,0.001847793720983315,-0.0003418326228754598,0.005445103955139974,-0.017735654639032372,-0.007284770079574732
2021-08-10,-0.016830892309838696,0.0012437801783353741,-0.005125792367713822,-0.003354015429883339,0.0006331874912675062,0.00030919522248562537,-0.0009390033374948592
2021-08-11,0.00018877838873909702,0.0024851323548724658,-0.0017174861202410296,0.001785495553920713,0.002460151679999134,0.01378497662510525,-0.0012895376634771694
2021-08-12,-0.02555943636254754,0.0029969439787163044,0.003604537373530503,0.020773400925212515,0.002313618609994572,0.0002438615008097944,0.0015839553267043005
2021-08-13,0.07574073458615982,0.0018196317552339192,0.0035099720417552938,0.0014106280964110152,0.004826963772743165,0.014325811995228088,-0.00048011034517492224
2021-08-14,-0.01457055076832292,,,,,,
2021-08-15,-0.0010603958689597848,,,,,,
2021-08-16,-0.02215910567498447,0.002354819484776449,0.0004339223548961435,0.01354746382239358,0.006961827565460821,0.004988291568599701,0.004977404980553768
2021-08-17,-0.028456465011732934,-0.00655544578969558,-0.008807995554884762,-0.006153983002024188,0.001659067864377084,-0.0014950364679763295,-0.0012487248704858844
2021-08-18,0.002367765389513554,-0.010944981419510391,-0.009624798200450924,-0.02550071227028139,-0.010905156130796678,0.0007786122169375354,-0.0059601863558819135
2021-08-19,0.04277544261522093,0.001548390771116459,0.004831460401328647,0.002322803965063791,0.011793336886641193,-0.002932408589264246,-0.0005500445339591264
2021-08-20,0.056115872471717454,0.007957145674969857,0.010358238264939645,0.010156697085792477,0.0006893917293897545,0.0005401616803368814,-0.002281654337924044
2021-08-21,-0.008789842693618932,,,,,,
2021-08-22,0.00850947690403503,,,,,,
2021-08-23,0.004551674225862445,0.008796534216938712,0.014956654249626,0.010257302211489794,-0.005100346357548302,0.012177557387281546,0.0017944800214149126
2021-08-24,-0.037137725293038826,0.0015873367243701697,0.0030545033684201695,-0.0006012734384666096,-0.0081053103965526,-0.00047414113127741686,0.004016666301490446
2021-08-25,0.02630002081428562,0.002098384826023425,0.0011483902818678615,-0.00842122110108745,-0.00356192084280893,-0.006937433805443538,0.0007286823861358815
2021-08-26,-0.04122830434622349,-0.005903119968705073,-0.006349841423674563,-0.005527076680985288,-0.0017522905829273627,0.0011344784228162208,0.001813127383051505
2021-08-27,0.04508626296557394,0.008940940907920858,0.009720114348928277,0.007184526190053608,-0.000772208895928661,0.015029547921398434,-0.001528285068751023
2021-08-28,-0.003185280633781984,,,,,,
2021-08-29,-0.0014839825657210204,,,,,,
2021-08-30,-0.0363476092875793,0.004397581084470081,0.01122215458986342,0.030416984722084983,0.004356561835283879,-0.0049356385559711224,0.003623508401804143
2021-08-31,0.0023738850726162664,-0.00148167149886691,-0.0008151374359054442,-0.008424725389986842,-0.003777925070941879,0.0020076547129428413,-0.00017812175809306385
2021-09-01,0.03562556399047523,0.0005314785077203954,0.0016581424076225204,0.0044787558931336235,0.010183547072961874,5.8898619200498104e-05,0.0011337958991552988
2021-09-02,0.009840830417728652,0.0030765983606084735,-0.00047308862744299685,0.0074748338140069315,0.0007645253989034817,-0.0026517204262498373,0.00259316954035671
2021-09-03,0.014143210068944922,-0.00024275709974685977,0.003075953534448228,0.004230385674653725,0.0006946715883686672,0.01069422486613747,0.003004669747078248
2021-09-04,-0.0016141808032423821,,,,,,
2021-09-05,0.03621581213694158,,,,,,
2021-09-06,0.017006125728580734,,,,,,0.0007963691029264641
2021-09-07,-0.1106216071695616,-0.0035755345511130354,0.0014149248059829311,0.015489292680115119,-0.0037487898910057993,-0.01958371853465668,-0.0009143836244995818
2021-09-08,-0.015375366885328479,-0.00121822036955066,-0.0034803610079220393,-0.010083531820788583,0.007595394545783618,-0.0025044029033459703,-0.00265300504922239
2021-09-09,0.006509485739778498,-0.0042802754497842654,-0.0034403817300930895,-0.006704805169154393,-0.004218549708808639,0.004423489287242344,-0.002065906493599612
2021-09-10,-0.032495484247323514,-0.00788444637105401,-0.00758965517640986,-0.033101939799806135,0.000972317913451981,-0.005058656845151166,0.0005771297849097579
2021-09-11,0.0070748487352050304,,,,,,
2021-09-12,0.019066033632592516,,,,,,
2021-09-13,-0.023884438158555232,0.002559079787049612,-0.0006905440835118792,0.0038934340440814896,0.010754111743253025,0.0033497597913456634,-0.001181213920582902
2021-09-14,0.0473592610325122,-0.005396296125861233,-0.002843044606803957,-0.009562313801923294,-0.0017159076400743434,0.006438546534438316,0.0
2021-09-15,0.023015462091804384,0.008352575870049561,0.007434821636936428,0.006144078930567565,-0.0021320221941568684,-0.005864266379652205,-0.0005902961926450567
2021-09-16,-0.008157286726135138,-0.0015852849258971569,0.0006875448773626669,-0.0016104670816018407,-0.006959600719676717,-0.02264197706190263,0.0012718707234040671
2021-09-17,-0.010795386730801604,-0.009741010047776832,-0.01184197449105362,-0.018347969450200674,0.0015959171671846573,-0.0015850424237688898,-0.004443422009814957
2021-09-18,0.021385589090024082,,,,,,
2021-09-19,-0.021089044077959085,,,,,,
2021-09-20,-0.09344895316951951,-0.016674151406304905,-0.020663158345818,-0.02136082561603958,-0.010045553955426834,0.0071441542310690664,-0.00319046996268868
2021-09-21,-0.050185206746199196,-0.0009447380945311057,0.0012302543912805497,0.003427599893842226,0.0015396991385698833,0.006669036185550814,2.3374508716145215e-05
2021-09-22,0.07079311406361999,0.009754879985434117,0.009340467050774182,0.016872510142511787,0.0034238883118293817,-0.0037340107339023376,-0.0006213408951150079
2021-09-23,0.0303064775724482,0.01214990758116219,0.009227116990976558,0.006719069464178329,0.0041086899881601635,-0.011546389089901132,-0.0030036928399174156
2021-09-24,-0.04578111561282838,0.0016472324926517512,0.0009381413075344458,0.0006128542914172197,-0.004438545811903172,-0.00128427290155253,0.0044965722892382765
2021-09-25,-0.002874812528084303,,,,,,
2021-09-26,0.011516492054097771,,,,,,
2021-09-27,-0.02251426719942695,-0.0028607850492059494,-0.007981939216305411,-0.01054959584582471,-0.013166254768817387,0.00208203509820426,-0.0014654093037853588
2021-09-28,-0.02844007873591181,-0.020151816487151142,-0.028297674743301027,-0.023801480073967096,-0.007553077238600103,-0.009716428402719801,-0.002239981224344767
2021-09-29,0.012911568502261384,0.0016830855960476843,-0.0016393911435735875,0.006482883987899868,0.010171218928097803,-0.004504756024632184,-0.0008940088868886198
2021-09-30,0.05356827518164842,-0.012222330821988647,-0.0036743608403294603,-0.009311936012901034,-0.01563137008191784,0.01797665363761114,-0.007250889529971327
2021-10-01,0.09878873042688929,0.011884114170710225,0.006202149689379821,0.008127474178843519,-0.0015739155147429518,0.0022530453929923144,-0.002338131769523355
2021-10-02,-0.008426411013467638,,,,,,
2021-10-03,0.010237887379882071,,,,,,
2021-10-04,0.018940873580984396,-0.012896080607643468,-0.0209894556179544,-0.02460562721454096,-0.005659864157091077,0.0046783175745395145,0.0028322114278427346
2021-10-05,0.048905889117254686,0.010405040964883261,0.013498852198041478,0.014158311023158454,0.003890927464485605,-0.004656532835140448,0.0009642726160647985
2021-10-06,0.0746704982911468,0.004156095468014875,0.006407645628329739,0.006307183077342682,0.013349342507707584,0.0026733243283083574,-0.0019249431217834845
2021-10-07,-0.02809653406297008,0.00864564952214919,0.009175070641719296,0.00908435264314611,0.00800373294079959,-0.005271739220885419,-0.003512824105595058
2021-10-08,0.0030082765538104184,-0.0018237656130744018,-0.004986557231994815,-0.0027216387515979212,-0.0041457024427516975,0.00042636491147840516,0.0003814994434316876
2021-10-09,0.01853649985027972,,,,,,
2021-10-10,-0.003577422040362044,,,,,,
2021-10-11,0.04953684064585273,-0.007239660990056684,-0.007669615596593626,-0.0006297088015176922,0.004162960839673824,-0.0018875818465466931,0.0005435686067938317
2021-10-12,-0.025114999851183484,-0.0024615632793908437,-0.0034877285150303194,-0.009103312798990904,-0.001475620795041932,0.004514430828637339,-0.0010629439476148583
2021-10-13,0.02426861834211813,0.003597390263687661,0.008007997542893941,-0.004239737353661233,0.002321982455917082,0.017794197805277356,-0.0017069772903097746
2021-10-14,-0.001386283921372633,0.016820794997073785,0.018416637709004036,0.020225497329064757,0.011303060816928445,0.0024464685904206362,0.005683771346053135
2021-10-15,0.07453440740995654,0.007615749957246454,0.006300410450944982,0.007512389451732826,0.0025686739656276547,-0.015892846243722114,-0.0006954468119872992
2021-10-16,-0.01139348166745524,,,,,,
2021-10-17,0.01086243756414218,,,,,,
2021-10-18,0.007675599893030238,0.0029604835155456755,0.01005589708887289,0.011806483486527908,-0.014402537682815408,-0.0024799108302698825,0.00047543786974224567
2021-10-19,0.036047967727284025,0.007714827465572727,0.007567600609456271,0.015079932055140022,-0.011802523115308605,0.003213671993580469,0.0014517452243154594
2021-10-20,0.026934175102288238,0.003927981883953047,-0.0013053729538523573,0.0033613789733877297,0.003910027315279008,0.008763958748792211,0.0015586486059819826
2021-10-21,-0.057319313661295834,0.00260826529046021,0.006107317216845987,0.0014737335504819704,-0.00719706280564647,-0.0008987052245035265,0.0019814300628668846
2021-10-22,-0.024399647264276236,-0.001036140230561755,-0.008402567418350992,-0.005284792710959607,0.010766090539994222,0.006116967151190034,-0.002545992695255239
2021-10-23,0.011555863919028075,,,,,,
2021-10-24,-0.007537937512081094,,,,,,
2021-10-25,0.0346128236844363,0.005362752972043028,0.010237833839217059,-0.0003364957910694244,0.0001416478020679346,0.006914158513320778,0.0012687600472558458
2021-10-26,-0.04244985266320056,0.0008999159874123475,0.003148833350933966,0.00457477053588673,0.01419989743988559,-0.00739951491266011,-0.0024384463829575376
2021-10-27,-0.03116779376295975,-0.004430102023851967,0.002321190456958444,-0.0031473711228621193,-0.007140516036357014,0.002624060476058121,-0.0011598870049537302
2021-10-28,0.03658793903693369,0.009648691952729438,0.011105211091570588,0.024991533642025,0.005992943167925979,-0.00023788536339730548,0.00016239596123290845
2021-10-29,0.02648913766352501,0.002029290232206993,0.004919167891531684,-0.018155658361727833,0.002172861975371365,-0.008507900517562339,0.0071971863610365006
2021-10-30,-0.005449845794435637,,,,,,
2021-10-31,-0.009208042570786446,,,,,,
2021-11-01,-0.005129747739996526,0.001719943734067142,0.0034186304756169683,-0.005607505695571335,-0.0024478852583934563,0.005220584505493342,-0.010863366820322296
2021-11-02,0.03642353446805324,0.004043124402112408,0.004181448563534085,0.00711603888385981,0.009955178866661862,-0.0021490007233168074,0.0037119176436002377
2021-11-03,-0.004054563588107407,0.006105488480545818,0.01061550355312546,0.009798874475571928,0.0068723892459297,-0.008315382622616663,-0.0017369213195504996
2021-11-04,-0.024103783966732184,0.004712366922630995,0.012818473796423646,-0.003498390663942086,0.0018613019697539812,0.011340951773961994,0.0031362426898386975
2021-11-05,-0.005313959884109654,0.0034696013389750036,0.0009543197426551409,0.0035821158857354263,0.0049547216785090775,0.0130629437586407,-0.0051999189655006495
2021-11-06,0.006573419146120196,,,,,,
2021-11-07,0.029247220896912562,,,,,,
2021-11-08,0.06695154718111462,0.0008537133342734204,-0.001354704765278325,-0.005552807174564078,-0.007464001111038843,0.003591619309376348,0.0011684323137661767
2021-11-09,-0.008806096371717143,-0.003305326030563993,-0.006883369270016981,0.002459654017521462,0.0030358248587649683,0.0049281100201232775,0.001959059651367445
2021-11-10,-0.029513867421399387,-0.00804476154529099,-0.014696962649942358,-0.01916323189679814,0.00983556805293917,0.010858781500706183,0.0003478111346459922
2021-11-11,-0.0006965054346836919,0.0003235066892710581,0.002772880594636762,-0.00033828207153563383,-0.002860647784767023,0.005602086369596027,-0.009452917379883963
2021-11-12,-0.01222509636324598,0.007546748223721256,0.010522236696865805,0.014337205085194427,0.0010929916194233336,0.0018952552280546708,-0.0030573628652154072
2021-11-13,0.0048878705639170406,,,,,,
2021-11-14,0.015469517787564335,,,,,,
2021-11-15,-0.02915932332393234,0.0003425867894060186,-0.00022782961842271465,6.659782116913426e-05,0.0057310943663371194,-0.0015477459282561279,-0.0008008833973945917
2021-11-16,-0.05344145330150951,0.003957671857719447,0.007121019726144651,0.006666726323241834,-0.0014247541689444976,-0.007233864736584827,-0.006569840434676122
2021-11-17,0.003436857419438999,-0.002429273926853881,0.000528490276023641,0.016490027789161976,-0.0006110648435732058,0.009137183945092442,-0.003985047341380721
2021-11-18,-0.05674983989800575,0.0033966859895180335,0.01036111286681729,0.02853580932605393,0.00013555201142323448,-0.0032091550635745536,0.0
2021-11-19,0.020677857806173483,-0.0017883488203539466,0.005575406139936678,0.016976219787329327,-0.0020388214878871436,-0.007646325240812324,0.0041721000208909675
2021-11-20,0.027144333086984274,,,,,,
2021-11-21,-0.01619370466132397,,,,,,
2021-11-22,-0.041565940596482776,-0.002815208147535442,-0.011608882435367618,0.0029275243773225768,0.0066747671140798825,-0.022420457120115533,-0.008152241730157717
2021-11-23,0.022735855747423095,0.001325934152792252,-0.004558160630372732,0.002421917021086628,0.011096206028591293,-0.008652404091134991,-0.0029791387340473152
2021-11-24,-0.02238438701660228,0.0026697826959278803,0.003220273665242246,0.003283628936972649,-0.005219555057927816,-0.0009565020521100642,0.00024738629959197844
2021-11-25,0.017666069374003168,,,,,,-0.003730654999168914
2021-11-26,-0.06468677053655503,-0.02230303211363327,-0.018958652284492228,-0.031678371250143944,-0.008004945178997303,-0.001615539860939763,0.0005940791916181354
2021-11-27,0.02324655494514305,,,,,,
2021-11-28,0.044392510044424904,,,,,,
2021-11-29,0.009748898117819094,0.012266575600901053,0.021702469708922756,0.021873647590636036,0.010510552160297948,-0.0013785494630753625,0.007453537686689327
2021-11-30,-0.013858989986877734,-0.019457431562294958,-0.014686368965542984,0.03157749863002968,-0.029794652670029786,-0.006721853018899604,2.2589547499674012e-05
2021-12-01,0.003936508510805847,-0.011107531385016967,-0.017013063983987275,-0.0032060721145752424,0.012588355667423556,0.003987937535404162,0.003263165872567031
2021-12-02,-0.013140205787574133,0.015316286924234035,0.0072071701138378685,-0.006129932633543667,0.00587426001813518,-0.005536820827328315,-0.0009509143844581569
2021-12-03,-0.05098586481791345,-0.008701219725121057,-0.01738855015722729,-0.011724549337873147,0.017791719366040848,0.008412002804647267,-0.001175820372980918
2021-12-04,-0.08204639683653359,,,,,,
2021-12-05,0.003417522933012007,,,,,,
2021-12-06,0.02458589579002135,0.011843506988604258,0.008012888889507686,0.02150280876256372,0.015145409151697375,-0.002460563224478851,-0.00012441570746202224
2021-12-07,0.002322159783127109,0.02068464095356526,0.0301138928808804,0.035446151824332084,-0.002629045513951378,0.003549490636251651,-0.0016026315298297567
2021-12-08,-0.00385184874717448,0.002647917144007028,0.0044744467236566,0.022783436226045728,0.004480854015043834,0.0005395140531609943,-0.0009020955422791577
2021-12-09,-0.05608726213196957,-0.006751556067522424,-0.01471443379768922,-0.0029699257906340426,0.005839053795267057,-0.006111378376110088,0.006126595156951575
2021-12-10,-0.00899511908452133,0.009413582674780985,0.01087048164975668,0.028012890042387717,0.01395774030444863,0.004219899491422874,-0.004607681451426537
2021-12-11,0.044857216044006165,,,,,,
2021-12-12,0.014906619570362878,,,,,,
2021-12-13,-0.0670851717099511,-0.008858286654481629,-0.014446823794141639,-0.020674085885402094,0.01421600895482067,0.00252130006200435,0.0016402570745917
2021-12-14,-0.00267125345649466,-0.006880174908308723,-0.010350498763659344,-0.00802345489744083,0.003678116450059221,-0.009341302746070368,-0.0023361654386201414
2021-12-15,0.04900151967252708,0.0156252452183816,0.02279749310017376,0.02850924078616246,0.0038547750984621043,0.004291534360497673,-0.0021395631044885954
2021-12-16,-0.025181582897818466,-0.008818632932880655,-0.025714543782265786,-0.03926364838189156,0.014163435175233108,0.012097561477355745,0.0026193465162343
2021-12-17,-0.030699007215741814,-0.010643034996230538,-0.0049890222854620525,-0.006501900510230696,-0.0226551797587069,-0.002140821851282393,0.003842314341898634
2021-12-18,0.013995731563123393,,,,,,
2021-12-19,-0.0030259427628138713,,,,,,
2021-12-20,0.003709543768351198,-0.010633365352925472,-0.009700381306501193,-0.008122014994419113,0.0025402778609622256,-0.0042312675861405635,-0.007994095774538912
2021-12-21,0.04386356169401262,0.017759047344589884,0.02238034980115744,0.019086691697418834,-0.0006336229342878141,-0.0004188884251822289,0.0030223412149650297
2021-12-22,-0.006295931447672265,0.009998697766026021,0.01217838519190284,0.015319021240594477,0.009888571575189964,0.009400024100517657,0.0008917295886046173
2021-12-23,0.04433669194360079,0.0062221138240174945,0.007539309094729996,0.0036438103210338912,0.004895872600957363,0.0022540179789249937,0.003659212882693552
2021-12-24,0.0007414904357732066,,,,,,-0.00013595204470506772
2021-12-25,-0.007719775485643066,,,,,,
2021-12-26,0.0075284019171428795,,,,,,
2021-12-27,-0.003328070621613999,0.014152120133606116,0.016527150258110135,0.022974792229909946,0.01168031818598747,0.002367247994286892,-0.0002717305796564595
2021-12-28,-0.06025942562091624,-0.0008172004148091494,-0.004634729623685718,-0.005767183494290173,0.005371179814533722,-0.004310065233419702,0.0005098175404814054
2021-12-29,-0.02404227880624954,0.0012793106674144905,-0.00014949880447767683,0.0005019505645724731,0.00829021055352186,-0.0002965076609273698,-0.0013464403555435434
2021-12-30,0.01579112126431248,-0.0027645718799190755,-0.002988316123312851,-0.0065781179127766265,-0.008648401170563425,0.0071772153754725565,0.004010104595437491
2021-12-31,-0.018476352917798256,-0.0025203812401890513,-0.006244546881730151,-0.003535496105883107,0.004976118354287795,0.00683158799329231,-0.0030917400915150273
2022-01-01,0.029809396471367267,,,,,,
2022-01-02,-0.007163274962024402,,,,,,
2022-01-03,-0.0187368774698079,0.005790130140171712,0.009626921258991006,0.025004164108505034,-0.004156907158116896,-0.015383743445999576,0.0042764713968936885
2022-01-04,-0.012065555013512697,-0.00033501014477355096,-0.012970503632592889,-0.012691553036640268,0.003499405365859909,0.007366515057776857,-0.0062614580888774585
2022-01-05,-0.050734060615097554,-0.019201965617944183,-0.030721385986281713,-0.026599921570023888,0.004526682918499114,-0.00300766493835114,-0.0016473983257058178
2022-01-06,-0.009366159015892994,-0.0009394048962189094,-0.0007024945692236662,-0.01669320020936549,-0.00840376074729654,-0.012244126909514819,0.002647328567832119
2022-01-07,-0.03714070469186992,-0.003953552071613742,-0.010832712829436542,0.0009881930441009157,-0.0005528967691277309,0.004551137683908024,-0.0014686344133981732
2022-01-08,0.004235994902819673,,,,,,
2022-01-09,0.004256970472081845,,,,,,
2022-01-10,-0.0021554853640055605,-0.0012443495681111472,0.0006579733233724738,0.00011612723556253535,-0.013641177627475853,0.0030402057039400354,0.005052597944538828
2022-01-11,0.021869109453241498,0.009108175981832334,0.015022034537703455,0.016784102296124592,-0.011587699014966701,0.0120646549718888,-0.002073518183627887
2022-01-12,0.028389418684672707,0.002703595745152665,0.0039654763794090275,0.002570013225819956,0.002205959294015347,0.002642622730480104,0.0031826550455393843
2022-01-13,-0.030888714484173407,-0.013778784498815977,-0.02501607867914557,-0.019028156952507258,-0.00452782185881484,-0.0033969884760131075,0.0066132886860921225
2022-01-14,0.011930269358978673,0.00040921209122846136,0.006222605897311828,0.005110727288136552,0.00960233228384011,-0.0028796749096049457,0.0013518511765533425
2022-01-15,0.001802778677309158,,,,,,
2022-01-16,-0.0014711291913973579,,,,,,
2022-01-17,-0.020024366790964976,,,,,,-0.004050806764177239
2022-01-18,0.0029604828561313745,-0.01770949166101532,-0.024894329594689735,-0.018893973559312993,-0.019272729726288018,-0.001650255097062403,-1.1387388185513103e-05
2022-01-19,-0.014897823244158781,-0.010383764807298412,-0.010983539236638973,-0.02102487885322757,0.033624953151250025,0.015880526897095182,-0.0070923341737112455
2022-01-20,-0.02548634039729203,-0.011068044804395272,-0.012988187861433742,-0.01034700396021715,0.005399345549240486,-0.0024988838330701757,0.0012138050969503489
2022-01-21,-0.10381165615712484,-0.019630624797153384,-0.02772873009973842,-0.012765191182807611,0.003826971458283257,-0.0032624385581478954,-0.002613516237083058
2022-01-22,-0.039143484680769114,,,,,,
2022-01-23,0.03558509252717301,,,,,,
2022-01-24,0.010406744495611076,0.004246744771710276,0.0045779637590714906,-0.004864267374024012,-0.008116987291049482,0.005494198734739664,0.0024497759060904123
2022-01-25,0.008175727030871549,-0.01220901582071332,-0.02318171170654182,-0.011384770076702577,-0.010911321463034196,0.0031971345443269072,-0.0015288134830733213
2022-01-26,-0.002757016878562668,-0.0025088411445778336,-0.0015644963388696809,-0.0005633391721854286,-0.008712566301123936,-0.016166464916677392,-0.0017295885653036969
2022-01-27,0.007763821260712289,-0.004937815061063722,-0.010070754560404738,-0.0029432907797121155,0.006196565441171309,-0.012898211138547944,-0.005396850069371961
2022-01-28,0.017397102127314046,0.0248352958103899,0.031369491790751436,0.06977793300867519,0.008609313819202491,-0.0029832934474428585,-0.00858323276003281
2022-01-29,0.00936493083845824,,,,,,
2022-01-30,-0.005783656346668664,,,,,,
2022-01-31,0.01491453610450133,0.018011139916683128,0.03197817972704886,0.026125718813948318,-0.00031162405453444286,0.005924537392067553,0.0004795308554150779
2022-02-01,0.00676006528835682,0.006756916598016138,0.006803341138691632,-0.0009729217003867641,-0.004424891902877537,0.0008328835308379912,0.006928700232702534
2022-02-02,-0.046209029430310355,0.009714063286754504,0.008125628190677192,0.007044305640646842,0.01790430829645251,0.0036259919505645666,0.0039458137962296025
2022-02-03,0.005456046132945147,-0.023505095718012403,-0.040543970852520705,-0.01671956706382427,0.009470980497387371,-0.0014214062993387344,0.002305314001488812
2022-02-04,0.116978066100073,0.00470218890754559,0.012615237429898896,-0.0016793081932691134,-0.01590099740215778,0.0015420788696549614,0.01201888537307716
2022-02-05,-0.001438787435204647,,,,,,
2022-02-06,0.023437312952531153,,,,,,
2022-02-07,0.033665872045371525,-0.0032092345666978606,-0.008044693656728108,-0.004234584267738595,-0.007490831301319223,0.007402581993851909,0.0016954011306149486
2022-02-08,0.0063448528050995545,0.008227934806084525,0.011235352256604658,0.01846682567613689,-0.002245510889565039,0.003056870675416823,-0.0010641802908315512
2022-02-09,0.004994545046617338,0.014636187958046776,0.02119078363081739,0.008293727411696317,-0.0022508838310872914,0.0033991784238243117,-0.001895917178453499
2022-02-10,-0.01744935921313273,-0.01796569299496853,-0.02263261030076813,-0.023599035258174528,-0.015225768437634013,-0.0037965605384254753,2.2753724643775897e-05
2022-02-11,-0.026561982607033352,-0.01971871406590231,-0.031721692525343625,-0.020218260526995047,-0.005598968417255934,0.019054878321533186,-0.0005249937193843035
2022-02-12,-0.0038546734323026133,,,,,,
2022-02-13,-0.001111462077505676,,,,,,
2022-02-14,0.009228086961576842,-0.0032693451063934287,0.001238876319946014,0.0014230118250941892,0.0028795117770137324,0.005350715998122091,-0.004421035549465824
2022-02-15,0.04668769779745485,0.016126961866225198,0.024864280896160995,0.023152579500199222,0.0005104723400561895,-0.009499848975192515,-0.005166933596931544
2022-02-16,-0.013759752216496501,0.0011206265704308827,-0.00025279806898526047,-0.00138901506229272,0.007588262043524585,0.010284254451501385,0.00446309909039444
2022-02-17,-0.07788223029977337,-0.021361297958864323,-0.029743540907534283,-0.02126919564826968,0.01145515382264195,0.013668073780773726,0.0016266791759769195
2022-02-18,-0.012507647384577658,-0.00647497595514368,-0.01140576660799153,-0.00935564138003353,0.0005003150269731194,-0.0007334549100845855,-0.0007728770560625486
2022-02-19,0.0022777282826873524,,,,,,
2022-02-20,-0.04214073972532317,,,,,,
2022-02-21,-0.03528620868790788,,,,,,-0.004334500659839646
2022-02-22,0.03265642371222732,-0.010731680569495472,-0.010043632701329575,-0.017812301336139202,-0.012320417954978624,0.0020890378623359407,-0.0006672941795093923
2022-02-23,-0.025843815613622922,-0.017738638896754533,-0.02561501336109051,-0.025864239376192977,-0.01247356516758169,0.0045072272703239324,0.0017219991211343544
2022-02-24,0.027778400368163814,0.0150488821863215,0.03360420302242062,0.01668020441299034,-0.026930118636562028,-0.006450131470019049,-0.0020689076079442037
2022-02-25,0.022998939789759643,0.02206417687717832,0.015507242655487197,0.012965674195805521,0.04269893573762218,-0.003330678220184624,-0.010172287699242832
2022-02-26,-0.002781397053842838,,,,,,
2022-02-27,-0.03568234201898368,,,,,,
2022-02-28,0.1454118392886461,-0.0025584756155916377,0.0029786498225425895,0.0016377525798385584,-0.014850563781364068,0.010365345791119474,-0.0008610449440320522
2022-03-01,0.026888524570001016,-0.01523034035656401,-0.01531138212755856,-0.011628100175326783,-0.016550310519665934,0.018163415997793697,0.0031181271875186933
2022-03-02,-0.009706302725009275,0.018396226166669916,0.0167795522852765,0.02058834260747333,0.0031309146732476645,-0.010406339832951472,-0.007414391565838674
2022-03-03,-0.03351981142193561,-0.004978640752025254,-0.014285049022306429,-0.0019813449786367787,0.003706384560948406,0.005953415398956663,-0.0018336334242975427
2022-03-04,-0.07806935036049167,-0.00812447892045054,-0.014491794267097347,-0.01840811065646597,0.005053183100604652,0.015929145881701023,-0.00409463455796899
2022-03-05,0.00671938064683042,,,,,,
2022-03-06,-0.024887994408395286,,,,,,
2022-03-07,-0.009316643885282638,-0.029479207626853188,-0.03688133825856221,-0.023717838059988616,-0.014825461998801082,0.014862865283030269,-0.017377526810348876
2022-03-08,0.017740259990833174,-0.007581759658704779,-0.004647864282054326,-0.011675711537445399,-0.039583580695441545,0.027358997610294145,-0.0008476009724390776
2022-03-09,0.08378639716414904,0.026810815381517417,0.03599775088557422,0.03499727378963824,0.013488262700630749,-0.029711176156992036,0.003029792687134769
2022-03-10,-0.060630954045771346,-0.004515485280697229,-0.011104584871778123,-0.027186196648286032,-0.025744288210979183,0.0031212277978962533,0.01611238118156666
2022-03-11,-0.016291319622939393,-0.012714972410342251,-0.02073846122993883,-0.02390872446157999,-0.011867148821095741,-0.007027884128157469,-0.005407776023448663
2022-03-12,0.002810649293818468,,,,,,
2022-03-13,-0.027101257933814904,,,,,,
2022-03-14,0.0480080837903738,-0.007308443500995465,-0.01920464889072726,-0.026562304967829187,0.012778006723189739,-0.015073711931138378,-0.00743389608975531
2022-03-15,-0.008268101563720931,0.021990552270385377,0.03136686330972949,0.02967715775378066,0.035987325584779795,-0.01870545038411886,0.0010177217492250978
2022-03-16,0.04588714481344902,0.02217414437014309,0.03708685995277072,0.0290155900777751,-0.0033937529433502034,0.006260803404375848,0.002391442268559585
2022-03-17,-0.00467993171076464,0.01251094172707412,0.012106049267822216,0.006453977900234165,0.0031381775721757155,0.004888644573449508,0.004794404206408531
2022-03-18,0.020750884742987363,0.010952814633227836,0.020468354987760007,0.02091875440297919,-0.0005324796133058252,-0.008789852082788041,0.007037183889137211
2022-03-19,0.009317830622209256,,,,,,
2022-03-20,-0.022346848712323064,,,,,,
2022-03-21,-0.004117262624553253,-0.00029237956555583366,-0.0027804001005283796,0.008537734898454774,0.003796122743947583,0.007640798069546317,-0.005079824821331402
2022-03-22,0.031180014163224357,0.011701360789925674,0.019652776834099495,0.020800575636888752,0.0076965875999346345,-0.007250775291250955,-0.002346698435271688
2022-03-23,0.012610091153007819,-0.012878442421058844,-0.014371299276454974,0.008233589399370134,-0.006979518198150236,0.013659661796972422,0.0011360200928076658
2022-03-24,0.024898646221148013,0.01507434674500141,0.022226381428535058,0.02267787737697957,0.001724043155484356,0.007260367097212672,-0.0021242026269255865
2022-03-25,0.008821397620525806,0.004883607602698348,-0.0008338469094667511,0.0037341450622090377,0.01158362762560139,-0.004095451209537915,0.00029731091215534633
2022-03-26,0.003429583093865096,,,,,,
2022-03-27,0.052126312256127294,,,,,,
2022-03-28,0.0065678873583499,0.007113025319759769,0.015472224757649977,0.00503673681905914,0.006869855043986739,-0.018203790082975457,-0.002514860044454559
2022-03-29,0.0071661546110000085,0.012370842608293797,0.017209657045346383,0.01913440456503679,0.010268104677029655,0.00044678784846130526,0.0010883301611175344
2022-03-30,-0.008491735032190584,-0.006174750253467365,-0.01104532717348794,-0.0066496223385222875,-0.006882851467662321,0.008038419372069505,0.008884330857017897
2022-03-31,-0.03238210822970233,-0.015391467706849515,-0.012394791048542797,-0.017775911037142933,-0.010298687292268904,0.000387595883929448,0.006339906610299595
2022-04-01,0.016315115388267687,0.0028342875096623033,-0.001903370618321798,-0.001717792155897846,0.014986992125531673,-0.006365867342034592,-0.008016361027705643
2022-04-02,-0.008917040798352427,,,,,,
2022-04-03,0.012745379989237415,,,,,,
2022-04-04,0.003640395949819908,0.008566413487063551,0.020588649697927064,0.023693507605649033,-0.006512564548272981,0.004846769455083555,-0.0022647094954257874
2022-04-05,-0.02287907280900814,-0.012631190570778217,-0.022204131291679752,-0.018942204249999706,0.0035048428858772684,-0.006264842571455875,-0.00646478327922817
2022-04-06,-0.05156849392240015,-0.009999276383680256,-0.021711700389594024,-0.01845089487890872,0.014293111453327345,0.002343216670796844,-0.006325795120395661
2022-04-07,0.006876459247305178,0.0050389047853849345,0.002378191550248099,0.0018043686950286464,0.012943793646117419,0.003784886240234764,-0.0007518871777932867
2022-04-08,-0.02795577079433975,-0.00267397568204919,-0.01397906362131629,-0.01190902656636661,0.007805874391455303,0.006265969312183373,-0.0030639568589273525
2022-04-09,0.011693070951357853,,,,,,
2022-04-10,-0.013427680050824398,,,,,,
2022-04-11,-0.06363225953812457,-0.017092344401141824,-0.023657401796656652,-0.02551591087778604,-0.003810290613078915,0.004959463770487282,0.0018505415077689769
2022-04-12,0.015315083892861292,-0.0037050563976441797,-0.0042244182243819095,0.011523338734340083,-0.0030095964241776407,0.007676751619003053,-0.000641882475600819
2022-04-13,0.025906300465151855,0.011453628836731733,0.020327032274494172,0.01634254029920612,0.0028301476730050457,0.004788537865617837,-0.00476345777917464
2022-04-14,-0.029908006531745968,-0.01245204400777078,-0.022867305955061812,-0.029988174551198732,-0.0055813335778814865,-0.003303550666205468,0.006505222026846003
2022-04-15,0.015473675726454417,,,,,,-0.006936226472684548
2022-04-16,-0.0031805042860567623,,,,,,
2022-04-17,-0.017502542356175654,,,,,,
2022-04-18,0.027929174608607443,0.000411277656175546,0.0007684974136963341,-0.0013311400094287995,-0.00952262654438052,0.0030971927027434454,-0.000529893075068677
2022-04-19,0.016571096753378534,0.01614265725326458,0.022350907013081844,0.014115293357298997,0.014962350247242684,-0.015112904376299419,-0.0030944085600286275
2022-04-20,-0.003093074404708074,-0.0007414720030911592,-0.014584635664761203,-0.0010155457841580784,0.026598144660203493,0.004894947496407287,0.0011765266514078832
2022-04-21,-0.020471984048854197,-0.014953574662175728,-0.02069080964416603,-0.004843613720058038,-0.0007802923188694466,-0.0035576001936850066,0.005132047716967181
2022-04-22,-0.019420038833716236,-0.027439227071491934,-0.026185960067104053,-0.027821176555218652,-0.008363903292290087,-0.0097220932450649,-0.00135438752007766
2022-04-23,-0.0063811726165236005,,,,,,
2022-04-24,-0.0004416040475622163,,,,,,
2022-04-25,0.025057850055308917,0.005797614219184677,0.012845647079417821,0.006737154066417617,0.008062173452527022,-0.017970993150090764,-0.002227037703191659
2022-04-26,-0.057858267871623625,-0.02896073860939352,-0.03774487939413562,-0.03732804955380786,-0.01697945337943063,0.001525017044941901,-0.00895714415828408
2022-04-27,0.029478882606909007,0.0028117639590889976,-0.001198255177825236,-0.0014668394863049938,-0.0026907568402517734,-0.00755702425744631,-0.006588426666132574
2022-04-28,0.013575224570606004,0.025259421514041147,0.035515923692745366,0.045155420190601925,0.02541423657859454,0.005398323510093839,-0.008317396565946322
2022-04-29,-0.02926557389929385,-0.03695576691037483,-0.04499865892254473,-0.036604764732100614,-0.01750224105471343,-0.00011297696546286318,-0.004821411811928078
2022-04-30,-0.023179313474195662,,,,,,
2022-05-01,0.019997911964443782,,,,,,
2022-05-02,0.001565786170879102,0.006019528006382391,0.016695847724037316,0.0019666645902485236,-0.013515994253403774,-0.018540493535693647,0.0030238676157681166
2022-05-03,-0.020215120218891713,0.004584115702566782,0.001067622547865854,0.009622478403230383,-0.013701393087907632,0.00264926246698316,-0.002553798236022531
2022-05-04,0.051599856624237495,0.03045294353152528,0.03381197821286386,0.04100833459665454,0.0073620117247295,0.009822544372671826,0.0018530708557986664
2022-05-05,-0.07867402068901796,-0.035542861369273426,-0.050363781681044495,-0.055716131901115906,-0.018428932558099964,-0.003811138551277793,0.008922921299691522
2022-05-06,-0.014606061408683924,-0.005969038157187523,-0.011980954702673907,0.004727099751638653,0.009970043181089183,0.0016558743678838361,-0.007788880434709378
2022-05-07,-0.014954355270636377,,,,,,
2022-05-08,-0.040636848764922684,,,,,,
2022-05-09,-0.11046369999353145,-0.03201717526264791,-0.039126826617224775,-0.03318924468406104,-0.0024999183405586267,-0.014479496708730832,-0.0007161781962646829
2022-05-10,0.02396125848050934,0.002310417020350064,0.012148687446935647,0.016112015475429065,-0.0052695455558186,-0.008445202872691127,0.0031908163887828245
2022-05-11,-0.06725839173272163,-0.015886099317636404,-0.02965835676711337,-0.05184131759449473,-0.014083581283836466,0.008167128516088473,-0.003107217974838483
2022-05-12,0.003849706798608521,-0.0010438329361479592,-0.002364366877415258,-0.026894046726957277,-0.0040626295431838155,-0.015333925720196762,-0.0019448387415861301
2022-05-13,0.008102229834508146,0.023907642952412322,0.03705987800462829,0.0319163083470011,0.01072438912493534,-0.00810956630229509,-0.012642271766999169
2022-05-14,0.027939733537411415,,,,,,
2022-05-15,0.03999325713567892,,,,,,
2022-05-16,-0.046069001557128786,-0.004057535405693313,-0.011591616935666571,-0.01067221202136348,0.009764050147925252,0.009538483763206873,0.0020281326891944396
2022-05-17,0.018850785235190015,0.020570478876472897,0.025901534611340704,0.025422633964207852,-0.002836261940123652,-0.006279296383541522,0.0036849476364928524
2022-05-18,-0.05605711989808215,-0.04031164725703329,-0.04909062658445229,-0.056419298048001054,-0.06232220890415452,0.0005314848929158789,0.010431853616484466
2022-05-19,0.05550304428240649,-0.006124308634736897,-0.0053581211068884915,-0.024641420820776472,-0.0230281656111887,0.014697234801531733,-0.007121462112616772
2022-05-20,-0.036734890846488066,0.0004364790129860463,-0.0031079218177603174,0.0017475745759119032,0.000634797638913609,0.0006980112537449124,0.010145163935909807
2022-05-21,0.007927413013061102,,,,,,
2022-05-22,0.030289794482822652,,,,,,
2022-05-23,-0.04039123144227663,0.018709918417925353,0.016627656775258792,0.0401192309515388,0.02299217468157133,0.004650369455528214,-0.000866660100889094
2022-05-24,0.019130468401079792,-0.007633965511749885,-0.021262228463432953,-0.019216272358575592,0.01778678153695612,0.007521859850632806,0.010617928594331527
2022-05-25,-0.003143576713387941,0.00883511178289731,0.013995088104670872,0.0011399915121643733,-0.016392194411556482,-0.006029994959596108,0.005099795195760315
2022-05-26,-0.009983529917456657,0.019981416146753528,0.027707230144152772,0.02319954904196342,0.008745909754149128,-0.0018488983177334939,-0.004648668454274474
2022-05-27,-0.02185551924250806,0.02454906243801047,0.03263975752432735,0.04075678112321146,0.015292374303457867,0.00052102106703944,0.004336175406728371
2022-05-28,0.006543557286537771,,,,,,
2022-05-29,0.02190035821988534,,,,,,
2022-05-30,0.07744470968730455,,,,,,-0.00013950201778112348
2022-05-31,0.0020777630413166825,-0.005610906284033268,-0.002652949349434608,-0.005346055022052654,-0.0056483361250030395,-0.009893009276743081,0.003921486730240842
2022-06-01,-0.06269536357891181,-0.00808853471974147,-0.0073955502637214066,-0.0008733143130474907,-0.015147484203436035,0.006369033199590923,-0.0036603042876901526
2022-06-02,0.02243049790035867,0.019043474433521945,0.02738543648438374,0.01681094896615276,0.010780037577047485,0.012309182073779512,-0.0074472314707665355
2022-06-03,-0.02504629358369581,-0.0164114039167933,-0.026019618747139095,-0.0385556545122826,-0.00896667450947386,-0.010152017266979896,0.0090954131655403
2022-06-04,0.004326748833952898,,,,,,
2022-06-05,0.00247203631266113,,,,,,
2022-06-06,0.048952630028413324,0.0030446620612074593,0.003331214804326965,0.00522776561520355,-0.0039072195489082695,-0.0044037229040009285,-0.0023275099568660362
2022-06-07,-0.006859698773187373,0.009592297591791255,0.008625515466464284,0.01758608731364797,0.011147895656460793,0.006518420844169315,-0.0032288394982695756
2022-06-08,-0.03020730515832104,-0.010872265100350997,-0.007196505163533651,-0.005043609158860152,-0.012454036138824787,-0.0009251975242893229,0.00067401764019559
2022-06-09,-0.003387708269364409,-0.023782943059013184,-0.026784401731639762,-0.03595562495818383,-0.01805544845392759,-0.0031832564859568535,0.001779121710889564
2022-06-10,-0.03414563715680452,-0.028995595875172864,-0.03527056425146369,-0.03862869586453388,-0.0037898674464174054,0.013412283666592417,-0.009185684635764857
2022-06-11,-0.024858994495164377,,,,,,
2022-06-12,-0.056351073137826724,,,,,,
2022-06-13,-0.15974726027617203,-0.03796811079132956,-0.04649640767498242,-0.038284709010581786,-0.026769886452233216,-0.026412288230091452,-0.012168340155825574
2022-06-14,-0.012477914053041661,-0.0030132926125741033,0.0018152821437558142,0.006672642649039995,-0.031197951641284805,-0.008003209616781914,-0.007134383580962855
2022-06-15,0.01648355417709846,0.014256208220741584,0.02497201586077935,0.020111518580392174,-0.009937221128514473,0.013050939388113303,0.002443097685335127
2022-06-16,-0.09707194434960298,-0.03309589869674745,-0.04034626942843478,-0.03965185586421782,0.0061131758351529175,0.011243181594596585,0.0014952837362545157
2022-06-17,0.004407495444594733,0.00215561751796578,0.012159204436801963,0.011533444799843195,-0.007200931511789244,-0.008222816311715064,0.008669524471857093
2022-06-18,-0.07101780974085614,,,,,,
2022-06-19,0.0807475952890373,,,,,,
2022-06-20,0.002251010260589048,,,,,,-0.005256267333593856
2022-06-21,0.0053914098304885805,0.025173593816143036,0.025229564506221935,0.03276064524868838,0.030296112121514396,-0.0037367862070599722,0.0027985968155990193
2022-06-22,-0.034937106663198714,-0.001812893935216997,-0.0014581870071214142,-0.0038271785120789215,0.01561938468394719,0.003985188163408093,0.0011269656037542486
2022-06-23,0.05497803800296652,0.00980243236045486,0.01489286802205303,0.02157378706672164,0.027436705950082185,-0.006129257292171064,0.0029896728110676563
2022-06-24,0.006913598955313738,0.031793888085378086,0.03426319453369797,0.02451713533809019,0.014406078069415518,-0.0009984622015154487,-0.00416595669291786
2022-06-25,0.012748964915301864,,,,,,
2022-06-26,-0.02209261947079333,,,,,,
2022-06-27,-0.013877981325425726,-0.0038197505163960477,-0.007331444373533946,0.0,-0.007620452022429669,-0.0011170700540719114,0.004374321239690504
2022-06-28,-0.02193553187871977,-0.020432763521721853,-0.030466619412553575,-0.02978970088556021,-0.01626529509830066,-0.0016480211262837052,0.0013967370732717033
2022-06-29,-0.008708372798288844,-0.0008142406745949016,0.0009169414938885456,0.013023991360374243,0.009083398774216267,-0.0007663579045243951,-0.005419735136569348
2022-06-30,-0.01588223750298734,-0.008124388895722867,-0.012403417499904812,-0.018027920358760774,0.011181535062238623,-0.006077047294322124,-0.007312588994527469
2022-07-01,-0.02604834458398897,0.010576425533675327,0.00660079910393363,0.016164728657018346,0.01613427324542349,-0.0008310541616338707,0.0029757272313561955
2022-07-02,-0.0014069651515379311,,,,,,
2022-07-03,0.002848954556089245,,,,,,
2022-07-04,0.04841073013105235,,,,,,-0.004173591269306276
2022-07-05,-0.0020338071321012174,0.0018885037366616064,0.01711966727252756,0.01893019302262977,-0.009650225944358382,-0.02120964335120412,-7.300662772213862e-05
2022-07-06,0.017737930428710857,0.003377447070703088,0.006411871814379522,0.00960712643079109,0.009329874739049338,-0.015842188833696924,-0.01682257214386984
2022-07-07,0.053013857820514154,0.01497709627273891,0.021399091581570273,0.023999570467740483,-0.0003427474318863366,0.000555053276362516,-0.0069472013164806334
2022-07-08,0.004322538045727464,-0.0008224566747027096,0.001254349718419867,0.004714517401693374,-0.006712013271204076,0.0004315313201161963,-0.0016271539983530037
2022-07-09,-0.006392223420980114,,,,,,
2022-07-10,-0.03388990349346599,,,,,,
2022-07-11,-0.04265931997884009,-0.011423902271569641,-0.021364602905239893,-0.014757628926273747,0.007033560964221142,-0.005360507452973451,-0.00036595613894940815
2022-07-12,-0.03237979740682695,-0.008848709950705635,-0.009687254369752929,0.006833621939962953,-0.008833103254492158,-0.0037167247224720867,-0.011665164743481893
2022-07-13,0.04596171114078618,-0.0052517818063586574,-0.0020610373043823405,-0.0025364514181355213,0.006562851146920012,0.004787690503602615,-0.001434779126710306
2022-07-14,0.017704551212910147,-0.0024283501916962935,0.0035706861235451637,0.020482290038393414,-0.002951200162478629,-0.014047055610919013,-4.0159774116754754e-05
2022-07-15,0.012951348577769028,0.01910523048414503,0.018139255776844054,0.011450049163146625,-0.0013767196176602825,-0.0020084561635671516,-0.0007017548862624512
2022-07-16,0.01698899533192111,,,,,,
2022-07-17,-0.01939436147960416,,,,,,
2022-07-18,0.08211740099467768,-0.008257219219902745,-0.008462496009291498,-0.02064311209928582,-0.012132161512273698,0.0009433945063559435,0.007047208975643482
2022-07-19,0.0401919693193753,0.027019442308998665,0.03075327575373943,0.026722074612341107,0.0050938587356097464,0.0023874693093759447,0.004839300418470804
2022-07-20,-0.006742410894342465,0.006372947810280083,0.015856455410970804,0.013509780342502165,-0.017286724858701974,-0.009402031234323593,0.008491970757633638
2022-07-21,-0.0028884421706671937,0.010183341799725909,0.014355041103128796,0.015094197617942173,0.0009454018190941937,0.014110421925231709,-0.00474514783408686
2022-07-22,-0.01941107679491816,-0.009278119407715502,-0.01753508780755153,-0.008110882391103247,0.01598388611696211,0.00249575020790771,0.0037613253014305847
2022-07-23,-0.010983941711781742,,,,,,
2022-07-24,0.006395837363315726,,,,,,
2022-07-25,-0.05517510011323534,0.0012150031307727183,-0.005695857648347791,-0.007398396296943166,0.006782148613375671,-0.0027385476219622396,-0.002039989199988601
2022-07-26,-0.005708686992848544,-0.011831194416972446,-0.019648921241714024,-0.008826261228471521,0.0019443105990917253,-0.0011858106875901608,0.0024232829634851516
2022-07-27,0.0796052030234431,0.025966499127527465,0.042259698298274584,0.03423500011293945,0.009496334604874201,0.010184984698782484,-0.009329266323505392
2022-07-28,0.0398306162434614,0.01254227332227087,0.009777993985044198,0.0035715632997723734,0.016616169927733848,0.012185323455280006,0.007871334021945176
2022-07-29,-0.0016462880701044735,0.01457897938287478,0.018237348693860067,0.03279323884276408,-0.06179904835409067,0.0028110896821249565,-0.0016614562011467715
2022-07-30,-0.006235163651508224,,,,,,
2022-07-31,-0.013497960448739299,,,,,,
2022-08-01,-0.0009725914343493569,-0.002961426859810379,-0.0006025489255369054,-0.0061536286611518776,0.028723504470237193,0.0056672312077465925,0.0015618813922195773
2022-08-02,-0.014415336683737068,-0.006597264267916847,-0.0029814677568297254,-0.009287402660320021,-0.006648251091181057,-0.005938288400823777,0.005202551026187496
2022-08-03,-0.0057275961266136655,0.015659554925380403,0.027232554166725986,0.038247767447846304,0.020641299305593774,0.002438243761313297,-0.010297809557554993
2022-08-04,-0.009434736504108754,-0.0006757022701302517,0.00467648077190419,-0.0019261255251451503,-0.0015876869052632303,0.016539989487255546,0.0001928583032602127
2022-08-05,0.029091011085651708,-0.001690048985679815,-0.008168834192685215,-0.0013891337411555682,0.0004840634070737426,-0.011246066300201418,0.008874700426048987
2022-08-06,-0.014085221654344782,,,,,,
2022-08-07,0.009346662498644243,,,,,,
2022-08-08,0.02733856978257987,-0.0011609924252409254,-0.0032324850426572738,-0.0029030209391266437,0.0038005521905619677,0.008470017618367853,-0.00750610337660651
2022-08-09,-0.02709709734425869,-0.00397104323236952,-0.011318586165349975,0.0003032902228170542,-0.002340749546976939,0.0030595386607856767,0.0026309358534308824
2022-08-10,0.033815983988709775,0.02100400685962378,0.027910894936114206,0.026194652532619767,0.009452973043232005,-0.0025119508170524663,0.0010310493136156396
2022-08-11,0.00041284726535173455,0.0,-0.005676189150845001,-0.004431882367528006,-0.007108700705685145,-0.0026382206776995876,0.00907498261166495
2022-08-12,0.018586602023192844,0.016929001351316808,0.019470612774600493,0.021425853294704478,0.009706843642030227,0.00919802099904432,0.0015475198656440536
2022-08-13,0.0008708010561344626,,,,,,
2022-08-14,-0.004288162539464846,,,,,,
2022-08-15,-0.007498615226969818,0.004120744242138041,0.008081337927829058,0.006333278210038484,0.012886267801027307,-0.012867030834262327,-0.00584623010886498
2022-08-16,-0.010510085263709001,0.001958620528541566,-0.0023419208140017522,-0.0009235997828809239,0.00922165019885468,-0.001750096754401964,-0.00920673663656335
2022-08-17,-0.02291530796119967,-0.007097796984428362,-0.011406083808755296,0.008784510142444635,-0.00460218071838403,-0.006468335614034371,0.0008543621622787434
2022-08-18,-0.005281958173694035,0.0029062588882531326,0.002404837099364565,-0.002291765548181335,0.0035514438109003343,-0.0026164156896926194,0.0009366167938638092
2022-08-19,-0.10059931398792521,-0.013438011885979817,-0.01949677730515509,-0.015101614293566046,-0.00026727989809227637,-0.007320625681104476,-0.008869099630645416
2022-08-20,0.013819043648011897,,,,,,
2022-08-21,0.01738918520335342,,,,,,
2022-08-22,-0.006279006699941081,-0.020822531607978312,-0.0263273004653114,-0.023029524229406184,-0.0026712669073053474,-0.006637179344595956,-0.005418936765523519
2022-08-23,0.006036741981122917,-0.0024193008343332822,-0.0008271435852301723,-0.002029180272761333,-0.019286213010213715,0.0069908740848763085,-0.009541994707629509
2022-08-24,-0.006181150878381003,0.0032012654296664778,0.0028972996626133174,0.0017942468104343856,-0.004301875255609433,0.0029489200401788818,0.002760910212849188
2022-08-25,0.009623023027591993,0.014117687241699484,0.017681740374548394,0.014922710197755817,-0.0008229834655874013,0.003062787136294043,0.0002192958849878135
2022-08-26,-0.06207539958496022,-0.03384920317804119,-0.04098827332115518,-0.03769951023747653,-0.0234044491102553,-0.012152705301765265,0.00021942717310774462
2022-08-27,-0.010773990107132536,,,,,,
2022-08-28,-0.021201944769558057,,,,,,
2022-08-29,0.03472427641744291,-0.006612218077146181,-0.00985539754143916,-0.013690295073015668,-0.004216294027789558,0.0006182375550920494,-0.003269883377028826
2022-08-30,-0.024691382971281484,-0.010977807673307693,-0.011136353631254314,-0.015305415311136494,-0.010657480357022076,-0.008340578885610683,0.00758057217874053
2022-08-31,0.012777568511970205,-0.007609004975714151,-0.005813523316615998,-0.01063474849907975,-0.0159793505192366,-0.007725314789180926,0.0011028088293274507
2022-09-01,0.0038592451457939436,0.0031379416120376202,0.00043463398213550164,0.004706947299985886,0.012324335331320047,-0.008790162100319021,0.0013954237236539768
2022-09-02,-0.007818752974256604,-0.010544433366717731,-0.014128335975929773,-0.01361129003785111,-0.017759831631113387,0.008804709144487166,-0.008638561886686547
2022-09-03,-0.006894600364241943,,,,,,
2022-09-04,0.007796708085036963,,,,,,
2022-09-05,-0.008722884940063236,,,,,,-0.004310653313479351
2022-09-06,-0.04919669232863699,-0.003773090613773955,-0.0071822829049242864,-0.008215183334759901,-0.011154780006867093,-0.0058394619355668365,0.0043193306859965475
2022-09-07,0.024029314602578067,0.01796474797252512,0.02020112868532764,0.009253883512919003,0.01511433455669664,0.010168638866495439,-0.005453890685378271
2022-09-08,0.0020481649337233954,0.006536216274514173,0.005184481119847817,-0.009617619375843933,0.0013075828628033026,-0.006002292729855863,0.009875823850971521
2022-09-09,0.10612188190716765,0.015535422362227713,0.02186218977804777,0.018839679425065592,0.015232812675000318,0.005283756568463582,0.0016320209803157848
2022-09-10,0.014002365912589188,,,,,,
2022-09-11,0.004092001431295067,,,,,,
2022-09-12,0.027616624254801714,0.010747654952637742,0.011885890245529884,0.03850793018035681,0.008145208560349504,0.005068186218703863,0.00593199865645655
2022-09-13,-0.09270006906083372,-0.04348260251305669,-0.054836894370376754,-0.05867956382314887,-0.020694474261749085,-0.01301133993119441,0.005773918897869379
2022-09-14,-0.0027402074343571003,0.003815809895684419,0.007933172838383573,0.00955555818251308,0.0023879415403476045,-0.003847613448870524,-0.014563821472942773
2022-09-15,-0.026672422800232853,-0.011353134969758538,-0.016653909133865885,-0.01893012739447608,-0.0077250784511397885,-0.018679143196684067,0.00019961698379278303
2022-09-16,0.003622774615297697,-0.007629003448871963,-0.006114543849405907,-0.010960126012885874,0.006111770555160545,0.005549107201315628,0.00042948189641878187
2022-09-17,0.017953757980268437,,,,,,
2022-09-18,-0.035179114785287124,,,,,,
2022-09-19,0.006417415961943007,0.007754920781114061,0.007787238710474265,0.025083011298076663,-0.002097212909621393,0.0007700871329356929,0.0034075863686757746
2022-09-20,-0.033428956945789956,-0.01147838002072643,-0.007971118288875645,0.015665253584122185,-0.003550948724641678,-0.005706587274526553,0.0007222246803870735
2022-09-21,-0.018177571658806957,-0.01744393040212644,-0.017905605707330796,-0.020267586107966862,-0.012872578918223132,0.004642973675810236,-0.005862889656867543
2022-09-22,0.04669928789927913,-0.00839989268475061,-0.01230796129700562,-0.006375143331520006,0.0035364039376788448,-0.0005776772692025478,-0.014048072829345282
2022-09-23,-0.005970680514919002,-0.016754772693458486,-0.016281889119091453,-0.015123829047081538,-0.004625219991683416,-0.01727683040546535,0.0011022116201444554
2022-09-24,-0.01868762076318642,,,,,,
2022-09-25,-0.007124358610731463,,,,,,
2022-09-26,0.022368473265013344,-0.00989269277826732,-0.00413787249453923,0.0022601786568210436,0.000958830576535119,-0.011633219026207842,-0.015406887200598907
2022-09-27,-0.005832956039052206,-0.0025529019178980317,0.00040094832005732606,0.006566479756945132,-0.02748509962707235,0.002049841746687875,-0.0068329364477182075
2022-09-28,0.016544467837213528,0.019676642617133755,0.019892153139497326,-0.012651834924214178,0.0,0.02078665233491006,-0.0028596715824626973
2022-09-29,0.007532412719634118,-0.02088909092933433,-0.02882731136715333,-0.0491187948759948,-0.024852220465248154,-0.00019392836526865853,0.011669258220226908
2022-09-30,-0.0072171538473359,-0.015463479044337425,-0.016956827220108495,-0.030039284222055707,-0.019036599561437217,6.462244018679009e-05,0.012503246332641771
2022-10-01,-0.0061596674907298254,,,,,,
2022-10-02,-0.013876706359042923,,,,,,
2022-10-03,0.030427924155919772,0.026401154216140865,0.023460527912338103,0.030752181882842455,0.017900991433889235,0.024309785681440932,-0.0037506538312601645
2022-10-04,0.036347275524413414,0.030986610647331547,0.031440562877990796,0.025623057947883554,0.012372724564676085,0.014328122056449066,0.004021387262654885
2022-10-05,-0.008660486125090072,-0.0023283930179176515,-0.0005316088428765076,0.002053317746559369,-0.006917925546699788,-0.005538266375543777,0.015485641697837949
2022-10-06,-0.01018185214187517,-0.01031568702580754,-0.00787299092046656,-0.006625421155863842,-0.021052485637807372,-0.00112629171222689,-0.0073440755512070854
2022-10-07,-0.02047530303595302,-0.027893799734458158,-0.03810388298081624,-0.036718713844622,-0.017473148307726394,-0.010962851258976669,-0.012304863326973892
2022-10-08,-0.006665076603316944,,,,,,
2022-10-09,0.0015377290838616275,,,,,,
2022-10-10,-0.01568110303046133,-0.007635523063609595,-0.009996487886452687,0.00235576932145265,-0.004104052431173177,-0.015201476317757034,-0.005519721288538171
2022-10-11,-0.00470529894576166,-0.006332614233556466,-0.013738052823899283,-0.010255259049729792,0.003797784117422154,-0.002058091550185215,-0.0025634555979036078
2022-10-12,0.005565325579645286,-0.003298676667467637,-0.00034249160147936664,-0.004604672245911767,0.001609791213193601,0.00534932850905423,-0.0010184906511189196
2022-10-13,0.011768739552548313,0.02639118647059524,0.023452448704223583,0.03361279955991914,0.015108866102068186,-0.006923532232980256,0.000805816280401439
2022-10-14,-0.010176392755898878,-0.02278870814818701,-0.030057641948546987,-0.03223980935156112,-0.009737852252858281,-0.012458897998479546,0.0044659963486877174
2022-10-15,-0.0061515479500473536,,,,,,
2022-10-16,0.010513049302600663,,,,,,
2022-10-17,0.014670058500208416,0.025696905551207738,0.03302150479061838,0.029122330208757763,0.018068369266708073,0.0028762090057179446,-0.0012270756894514623
2022-10-18,-0.011065647631146036,0.011749634641121887,0.007908177529277971,0.009409601043437466,0.00808854471972742,0.0021509701146735782,0.010988583263886964
2022-10-19,-0.010079479991405349,-0.007086600603188331,-0.0036468327709348047,0.0007651188832118461,0.009270272550795378,-0.013398358104674823,0.001775476176293811
2022-10-20,-0.004482602172654282,-0.008385230621830164,-0.005101843197488631,-0.0032669887303636846,-0.012880269356737584,-0.0015822103586343728,-0.009873983931927066
2022-10-21,0.006231244583192241,0.024301559783230342,0.023447673823766557,0.027059075400470922,0.012520699548911995,0.017827646105301076,0.0012713727108562
2022-10-22,0.0018631248583989013,,,,,,
2022-10-23,0.018680488353712166,,,,,,
2022-10-24,-0.011316781236911488,0.012236355129422893,0.011001475746972966,0.014802900820997333,0.006143903716521848,-0.003243594030472474,0.00830219127795706
2022-10-25,0.03878330120960949,0.015968482886503876,0.020685579791867692,0.01933707403574636,0.011517338618998618,0.002277944142005106,0.0026792235915789053
2022-10-26,0.03356831063305088,-0.0075340204880226525,-0.022096147645273678,-0.019626717002308447,0.007030483252397746,0.006363608620383543,0.0078114524802854746
2022-10-27,-0.0233314959115013,-0.005339992676753669,-0.01820602916245151,-0.03046526643656522,0.0007588837109564484,-0.001548523944967184,0.012867329366482494
2022-10-28,0.015257721000682789,0.023790805600496068,0.030600608956540487,0.07555236861286052,0.025326140295889754,-0.010210687443231947,-0.012300296335898242
2022-10-29,0.01083375534148523,,,,,,
2022-10-30,-0.008784170461560437,,,,,,
2022-10-31,-0.006776156462742766,-0.007223285570223781,-0.01162779351893184,-0.015410564472504995,-0.004067553274628599,-0.008161399648159207,-0.0012842637772675358
2022-11-01,-0.0005123007449325812,-0.00437600432309182,-0.010217689054452084,-0.01754275529000293,0.0015596049422461622,0.010203429757038585,-0.006900545530541979
2022-11-02,-0.015902620594443806,-0.02509602913247555,-0.034277383342138146,-0.03730483301484533,-0.014383327019480086,-0.006972548399621914,-0.0008494874618303339
2022-11-03,0.0025042468919260763,-0.010297008654192918,-0.01953471225926151,-0.04240495102932984,-0.006845230860398233,-0.003806036048150885,-0.006428526689766123
2022-11-04,0.0463751969796804,0.014393280308573786,0.016085042339280875,-0.0019474148739071495,0.01825354264144874,0.030696289684813083,-0.0066003896793398464
2022-11-05,0.006405611254872046,,,,,,
2022-11-06,-0.01673684363155281,,,,,,
2022-11-07,-0.015466997985227438,0.009565332143915972,0.010994562212003345,0.0039023172580903154,0.015322721902752967,-0.003962389674382338,0.018378184728221614
2022-11-08,-0.10006131594948431,0.0053955148115520934,0.007287130854198631,0.004175006682624494,0.002270971246721709,0.023099074133724695,0.009046823766432288
2022-11-09,-0.14349022466876316,-0.0206020194230222,-0.02307640694844193,-0.033189995168913966,-0.002412131963559272,-0.0050172660211307285,0.006209722711393306
2022-11-10,0.10742489862358795,0.05495414575570434,0.07378869884077255,0.08897465508439506,0.034437346796938995,0.030444387121793204,-0.006081764073436191
2022-11-11,-0.03141443647663533,0.009678402645469042,0.018426116770273948,0.0192687791407109,-0.0014873345882953082,0.006606324071935177,0.017234983280186356
2022-11-12,-0.013802006476365758,,,,,,
2022-11-13,-0.026538209918333333,,,,,,
2022-11-14,0.016194463988263186,-0.008506595777566073,-0.008751078508487775,-0.009485738014756717,7.096480382684511e-05,0.002187655661719301,0.013375543780961063
2022-11-15,0.016031463998783302,0.008529073539524257,0.013838298653289893,0.011869603893045921,-0.0034757255399369136,0.0035168677995043307,-0.0008978306983770112
2022-11-16,-0.0127437818409466,-0.007628808726434566,-0.01364941398610775,-0.008331333799431628,0.008897222952324535,-0.0022961020109516506,0.003739182328805546
2022-11-17,0.0010845070736082985,-0.0030598915318308384,-0.002206974752462232,0.012971346001116935,-0.006138042987863579,-0.007267423593311895,0.0035863385602117326
2022-11-18,0.0006148167681003791,0.004540368411326989,3.4815140907751285e-05,0.003781837440499425,0.012068315910700678,-0.006893636502166456,-0.003201732300133653
2022-11-19,0.0008246325823211276,,,,,,
2022-11-20,-0.025115259939095247,,,,,,
2022-11-21,-0.030969374751391165,-0.0036360168435591866,-0.010287187543620013,-0.021680048076454628,0.012695323482113663,-0.005589952950737276,-0.0029753632285509646
2022-11-22,0.025494274188105903,0.013456898075540069,0.01440293689076344,0.014661092951197219,0.008588218160752836,0.00117372396636517,-0.008247803589722214
2022-11-23,0.02600021570334854,0.006301591939873674,0.010036512667335185,0.0059261572270383756,0.005699931232443944,0.006231840940288613,0.00638264774293118
2022-11-24,-0.0003757930043709612,,,,,,0.010197505863299927
2022-11-25,-0.004975953615638518,-0.00022362765217109892,-0.006578313804526559,-0.01959345038783622,0.001843783167541524,0.000858470616118101,-0.000780633960381194
2022-11-26,-0.0034839061881034583,,,,,,
2022-11-27,-0.0011937537130568554,,,,,,
2022-11-28,-0.013822428939733733,-0.015956866296472416,-0.014673279412416806,-0.026264318910506623,-0.0008182040148683178,-0.007903495498554403,-0.003898316208238106
2022-11-29,0.014038085481754337,-0.0017177098021172732,-0.00756920505865144,-0.021148359697499397,-0.007639862213167703,0.004940425418036076,-0.002120752501491019
2022-11-30,0.044000289316970864,0.031500597438656186,0.04558545869022357,0.04859389830955618,0.025295823769106107,0.012781920270785507,-0.002033884087158655
2022-12-01,-0.011732697360023692,-0.000735807812647371,0.0012270204703237475,0.0018917354140814968,0.0006031669005472917,0.01838479961277617,0.009768476834405293
2022-12-02,0.007162515027905547,-0.001153666746372406,-0.0039833540346295715,-0.0033714066587949842,0.009112322611110724,-0.0034556830535615868,0.009886202162251445
2022-12-03,-0.010558102652595158,,,,,,
2022-12-04,0.013144481522908036,,,,,,
2022-12-05,-0.00908673304822849,-0.01798941166873025,-0.016783203217845544,-0.007983338535316742,-0.010092245376004616,-0.017158885635801036,0.001497302952485846
2022-12-06,0.006755753090715411,-0.014414653502494268,-0.020720640149858305,-0.025369953128158373,0.0012744481601378865,0.0027373742314797944,-0.0044822536852026085
2022-12-07,-0.01412428087141393,-0.001701121917066728,-0.004082437812812256,-0.013784761188106343,0.006430808811173527,0.009039101712364994,-0.0026591461795627547
2022-12-08,0.022871839541696026,0.007833826058770033,0.011834791757950214,0.012132899605229674,0.007188418582372069,0.0008416965556858891,0.004226465299703053
2022-12-09,-0.005821360340788395,-0.007470194322549029,-0.006376681172971854,-0.003435119984439794,-0.002643334685352161,0.003544160110315664,0.004413799046621314
2022-12-10,-0.00025843080632004245,,,,,,
2022-12-11,-0.0014321702613265819,,,,,,
2022-12-12,0.005977723618808328,0.014417347232178912,0.012551408936531505,0.01638981896743119,0.010270262793149021,-0.008260534556326027,-0.003545912740065993
2022-12-13,0.033410801008343594,0.007569831137125949,0.010749947945379201,0.0067825385235065205,-0.001508316608033633,0.017081132038632596,0.0018552850472817184
2022-12-14,0.0019307922256450727,-0.006393649058009987,-0.00741354963712193,-0.015535792785834057,0.003941040498318671,-0.0024330212847030186,0.00805502444178785
2022-12-15,-0.02530276169357326,-0.02446163755194175,-0.033576623588068344,-0.04685419889827236,-0.01131908101130108,-0.01635930934057528,0.00467631552644221
2022-12-16,-0.04131220425223303,-0.011806229794878886,-0.009534504555089085,-0.014578966712522679,-0.004433711013686947,0.008708721678036602,-0.0033518427765883985
2022-12-17,0.008866650272798315,,,,,,
2022-12-18,-0.0022098857704312413,,,,,,
2022-12-19,-0.01899375344110854,-0.008479654129250669,-0.014053655069098281,-0.015909430974089145,-0.00026587964810631526,-0.0028178306902848504,-0.005218380116402188
2022-12-20,0.028384068842582266,0.0013683712319529917,-0.0007782800253607336,-0.0005287082730770498,0.0003990921043279805,0.016594482836064905,0.0027916391825502096
2022-12-21,-0.005250676176186131,0.014952544716633875,0.014506164326411053,0.023809266883688673,0.009171460558368372,-0.0016560135809358112,0.0011690042821561608
2022-12-22,0.0007615052090579333,-0.014266243762891873,-0.024465135157517692,-0.023772369440827723,0.0023051895913397402,-0.012085358459954287,-0.0015915521649506603
2022-12-23,-0.001983838015767403,0.005752312024736028,0.0022490638520971107,-0.0027983138061609125,0.002825422946512113,0.002998321039039853,-0.0006361526137086404
2022-12-24,0.003024520816182319,,,,,,
2022-12-25,-0.000342451024228807,,,,,,
2022-12-26,0.004620497716771643,,,,,,0.006080575010922296
2022-12-27,-0.011975957353969946,-0.003943438883556083,-0.01413834206627107,-0.013878431390086154,0.008714578592559974,0.008430011409881644,-0.0025855972022179596
2022-12-28,-0.009846255365429935,-0.012427863313451915,-0.013202648118132432,-0.030685030052170603,-0.012926119998672214,-0.004505807286929064,-0.0002871494728964308
2022-12-29,0.0054232979508825885,0.01800016294788276,0.024375087267874962,0.028324410373656184,0.004145469388490808,0.005598251568726287,-0.0007441358397561881
2022-12-30,-0.002388838052975517,-0.002633959934518759,-0.0006003307072659503,0.0024687619894940838,-0.006750127619035928,0.0046786689817972515,0.002963731578736084
2022-12-31,-0.0033181483870876605,,,,,,
2023-01-01,0.0046885633896178724,,,,,,
2023-01-02,0.0038129515588565255,,,,,,0.004594488939143604
2023-01-03,-0.000516121662866742,-0.004209766278184701,-0.006760055358927097,-0.03740470318558453,6.611646746335076e-05,0.008370656531798915,-0.0029897675594858786
2023-01-04,0.010994150293785143,0.007720174479253439,0.004764257074875378,0.010314157474591079,0.00435436304025294,0.0094119059589024,-0.012255395598315344
2023-01-05,-0.0015715814888571655,-0.01141365223516111,-0.01565416023384436,-0.010604481153610013,-0.012415561009073706,-0.012451461859522062,0.005642484981084106
2023-01-06,0.006844106816741524,0.022932180513524525,0.027600987365155705,0.03679386548177921,0.023812896134070227,0.01870749684189077,-0.007933674891517195
2023-01-07,0.00018342264818071996,,,,,,
2023-01-08,0.008025112314249405,,,,,,
2023-01-09,0.006167530562816603,-0.0005668237640740204,0.006473563399294946,0.0040889468959470765,-0.012214138031868882,0.0022451175785793698,0.012745001629152375
2023-01-10,0.014522576515372032,0.007012820601210112,0.008464561225348666,0.004456513684635732,-0.0009865287906360987,0.0036760446135073455,0.007212636696105612
2023-01-11,0.02800615102017323,0.012647939718667844,0.01730009950173872,0.021112134444389197,-0.008098052306761194,-0.000686793935011365,0.0005368935499137084
2023-01-12,0.052115795988246116,0.0036406434666091947,0.005404130150569841,-0.0005992514413711847,-0.005642053043523831,0.011568000967502767,0.0025192926532231485
2023-01-13,0.05511441660269112,0.0038796489245718213,0.0068808814698329,0.01011928939087925,0.007142721772642746,0.012001783992939385,0.008753345079312025
2023-01-14,0.05357847423830919,,,,,,
2023-01-15,-0.004552757413617381,,,,,,
2023-01-16,0.013832516023570829,,,,,,-0.0032798297386377184
2023-01-17,-0.00038325091993141047,-0.001831992697272744,0.002028479982959075,0.00875631978012592,-0.0029162577105772414,-0.00654507834469964,0.0005090112725842921
2023-01-18,-0.022339524368838015,-0.01578807103247426,-0.012999656048741426,-0.005370145534094539,-0.026788234908832198,-0.0028717524486322477,-0.003399900781191234
2023-01-19,0.019238045679950355,-0.007279886835559024,-0.009824757403550488,0.0004436925873727571,-0.021147931833013556,0.015868520044824974,0.00042113596705495304
2023-01-20,0.07539125404137925,0.01862933084454066,0.027367025125264455,0.019220599130032268,0.0038617260160278555,-0.003335405556458948,0.0033367572336886475
2023-01-21,0.004457126566322689,,,,,,
2023-01-22,-0.002511630794474806,,,,,,
2023-01-23,0.009419529327844067,0.011998540982048445,0.022215939984257194,0.02350074634307653,-0.01342945285587005,0.0018964337632443318,0.0028793633886876613
2023-01-24,-0.012991945703908492,-0.0010734230419088275,-0.002041933925007622,0.010063067372669376,0.005459023202672553,0.003618515163479552,0.0008481189095626007
2023-01-25,0.021266153759075257,0.0003748171255153476,-0.002219354031411158,-0.0047007291704546095,-0.0007050920165561081,0.004603959599926544,0.0012739505666399253
2023-01-26,-0.003680359408276712,0.010990463237791737,0.019497516187297448,0.014803459544320718,-0.004022153051677635,-0.009055266877154966,0.00311277903582563
2023-01-27,0.0019950339114214177,0.0022977107678117115,0.009954467835067815,0.013684215518795062,-0.0041088284547659,-0.0013929904624704337,-0.0025275947466020243
2023-01-28,-0.0020641809553220147,,,,,,
2023-01-29,0.03228143207915801,,,,,,
2023-01-30,-0.03930367092328346,-0.012546839168310897,-0.020218905936512654,-0.020078238531392123,0.0031297559409044773,-0.002566715270248765,-0.0021090037851332344
2023-01-31,0.013097316769725253,0.01470328796358733,0.014986049706660731,0.009020921310285201,0.00971589813678575,0.0036362115419990015,-0.0019097249254850235
2023-02-01,0.025259482888651652,0.01062783181861815,0.02138359666715406,0.007900735343541188,0.005688723477122348,0.012596814339808304,0.0009449341051008808
2023-02-02,-0.01061797692681965,0.014557002929688867,0.03588973540976448,0.0370628432690745,-0.007123361407810003,-0.02075193653580043,0.013986332519027034
2023-02-03,-0.0009606745041729203,-0.010629231306481746,-0.017772156193555433,0.02439967709229962,0.0030950011971648816,-0.024957770292002968,-0.009781939220090408
2023-02-04,-0.005009723012217249,,,,,,
2023-02-05,-0.01612309690031044,,,,,,
2023-02-06,-0.008518883333286542,-0.006111340956869826,-0.008459070669576296,-0.01792879324723129,-0.008484526713329443,0.0020754098721176284,-0.010477944512183313
2023-02-07,0.022151986720186922,0.013078638524091746,0.020718791632315714,0.019244666452440384,-0.009759757380530365,0.000920425708082595,-0.005569247387685716
2023-02-08,-0.013965290320121615,-0.010934690880718967,-0.017781109186416177,-0.01765252387693872,-0.010355562103798843,0.002471594120761589,-9.653820013244552e-05
2023-02-09,-0.04883996317743455,-0.008669173695883603,-0.008837848701549134,-0.006911491560021243,-0.01096924195045157,-0.007912418174625069,-0.0012966698660300535
2023-02-10,-0.007693073387383564,0.002333534043900798,-0.006563316328708546,0.002455873071774084,0.008828797298966462,0.0019071943211166342,0.002470776201964231
2023-02-11,0.010146854341645195,,,,,,
2023-02-12,-0.003779998514005456,,,,,,
2023-02-13,0.0009132665684197239,0.011739120021226901,0.016016097991238487,0.018806960806091677,0.013091495458637414,-0.005076170279846859,-0.00601157126484031
2023-02-14,0.018924303145655852,-0.00046027940633286413,0.007389056126485771,-0.004225051545467706,-0.005640352801093651,0.0007537389032514774,0.004935963763336382
2023-02-15,0.09392266116037784,0.003247432291993313,0.007660987365445182,0.01390343287521878,-0.0022973826913225137,-0.00996466725346834,0.000493927118309756
2023-02-16,-0.028154173176657027,-0.013768870149838519,-0.018764321311843024,-0.010429519819349475,-0.01309726901057684,-0.0008192368783922488,-0.004094928431470746
2023-02-17,0.03988096453648349,-0.002498269043638812,-0.007055736782198396,-0.007546460401117061,0.020927562347947903,0.002986790669610162,-0.0024318489142922672
2023-02-18,0.0030805588480080637,,,,,,
2023-02-19,-0.012728023845912761,,,,,,
2023-02-20,0.020614650916729094,,,,,,0.0017521907973379047
2023-02-21,-0.01581991113645098,-0.020060908734684024,-0.023674918996961947,-0.026680026163759085,-0.000714207223462271,-0.003737004613899475,-0.00017081787957773376
2023-02-22,-0.01012875204423358,-0.0013780456336031088,0.0007481840244936144,0.0028959625052580318,0.004216893624623408,-0.005626488586046308,-0.002865454534092482
2023-02-23,-0.00997780485063493,0.00531929891713756,0.008734163191071787,0.0032905864048682343,-0.003202664949884526,-0.0005304511136865475,-0.004337728174182431
2023-02-24,-0.03129201289670536,-0.010682260397001042,-0.016744444587672214,-0.01800521323898041,-0.005640802726792904,-0.00719467575637045,-0.0007312747413590337
2023-02-25,-0.0009807668166905703,,,,,,
2023-02-26,0.016648614774302573,,,,,,
2023-02-27,-0.0016273269569350157,0.003405863742802273,0.007161268269691545,0.008247541573813022,-0.0008617834495865395,0.003920334893926292,-0.004084682530496431
2023-02-28,-0.01596393470118429,-0.003695971025802658,-0.0012925790995652608,-0.0034475227705877964,-0.011355568575827646,0.00455596886271592,0.0053479946234307185
2023-03-01,0.02156606219747892,-0.003835970313547099,-0.008039430711369144,-0.014245829961965328,0.0007271085529694243,0.005772150633673867,-0.0031943562553166105
2023-03-02,-0.007235050302163204,0.007777370697250374,0.00827625223234274,0.004128952376565298,0.016489688443980244,-0.0005855636445488699,0.008663242754052058
2023-03-03,-0.047402129167592566,0.016037834292597086,0.020673570287829346,0.03508977415733083,0.00728943509902491,0.010723085619275707,-0.006487102779762277
2023-03-04,-0.0004172164631153219,,,,,,
2023-03-05,0.0036756935285233716,,,,,,
2023-03-06,-0.00025655126328649747,0.0006926152985125,0.0011345412270276078,0.018539686174285697,-0.004256547257106336,-0.005043830646819902,0.002497160273063681
2023-03-07,-0.00936203961743065,-0.015328598884412958,-0.012265909642314332,-0.01449695330305023,-0.019879168654802326,-0.017480480627863337,0.005846596508106927
2023-03-08,-0.022578517406286358,0.0016321048997676169,0.004994395620291137,0.008377550996421457,0.000145385515029961,-0.00047445044105887124,-0.012871932027811672
2023-03-09,-0.06239311158608585,-0.018450104406924184,-0.017326092794308634,-0.014914559939803396,-0.0073409615654767,0.009849316056938173,-0.00011603719969588422
2023-03-10,-0.008632183779056501,-0.014429204944953922,-0.014043529797911902,-0.013878639967569328,0.004539620999067795,0.021562856843419187,0.0033341684009291495
2023-03-11,0.022051846825845045,,,,,,
2023-03-12,0.07422977009964415,,,,,,
2023-03-13,0.09175187888693825,-0.0014252748632427314,0.007416409481102448,0.013265874335409933,0.006924859988467258,0.022948211912439564,0.009348143711590318
2023-03-14,0.022669294883089997,0.016529955153512965,0.022980044510092057,0.014089163959806195,0.012378508339854655,-0.005791064746217711,0.003871752264984485
2023-03-15,-0.014956444322371198,-0.006254248136346008,0.00524572596822126,0.0026211734234093953,0.014158076286515886,0.007804133170404848,0.00024675464840751005
2023-03-16,0.027766213062754286,0.017545090602354207,0.02636086162173612,0.01869430807442729,0.00747368290483541,0.002020092008242713,-0.01345147816798975
2023-03-17,0.0946457745317153,-0.0116926936496905,-0.004726220868574216,-0.005454004627254649,0.00028004102002765485,0.02912021467748982,0.002908325458965244
2023-03-18,-0.01670259464889101,,,,,,
2023-03-19,0.039783493752593824,,,,,,
2023-03-20,-0.00968089417783835,0.009615700502183744,0.003548840746319115,0.015483909920666283,0.015392138101577135,0.0003808677357699519,0.006097634252235196
2023-03-21,0.014714466837708162,0.013130589628117972,0.014282608091007898,0.011944045607401366,-0.00723490034043428,-0.018875115806276432,0.003773132904811183
2023-03-22,-0.030820008681536337,-0.01704658334159459,-0.013598100237150135,-0.009103565570477423,-0.0006246865336105856,0.01702060989813825,0.005139307461304199
2023-03-23,0.03759177902540278,0.00270333835799752,0.011858022717274208,0.00696964880709694,-0.0013889319528233024,0.012538176085624908,0.008924567538366901
2023-03-24,-0.02967065403073854,0.006562149458043454,0.0036806428886995146,0.008305476342119755,0.02037690445897078,-0.011252350246951037,-0.00325055660065543
2023-03-25,5.17171735541222e-05,,,,,,
2023-03-26,0.018171608313816145,,,,,,
2023-03-27,-0.03052194511765327,0.0018697628030430735,-0.006851358977742916,-0.01229318388860412,-0.005247946318078012,-0.009256722051406152,-0.005248921648501104
2023-03-28,0.004725228944394866,-0.002244598981192225,-0.0053115782910827525,-0.003980520577655633,0.0028091296315018166,0.008189093257242153,0.002680116800534149
2023-03-29,0.0396180637553154,0.014534815441520799,0.018233853914369602,0.019790886043852263,0.003074435308379142,-0.00496077000653139,0.0030025495197298913
2023-03-30,-0.0111074503792854,0.005855145497216885,0.009465157660261347,0.009889936628077134,0.004359547899406291,0.009039576549164652,0.00037952901230409175
2023-03-31,0.015871042968584437,0.014094714868811531,0.01663099634953591,0.015644121897647967,0.008409531297397965,-0.005212246135594234,0.005626793311566347
2023-04-01,-0.0023684272611504964,,,,,,
2023-04-02,-0.00745226498561502,,,,,,
2023-04-03,-0.014507018470504951,0.003810451901469003,-0.0024304774948564756,0.007701670507150649,0.005514617447622383,0.007204410308019105,-0.009290861759458813
2023-04-04,0.0135971982612757,-0.005547975756303614,-0.003373259273164564,-0.003249501175927816,0.004816102266326672,0.018640958960437715,0.010082984873371004
2023-04-05,0.000351267384649967,-0.0026181608124515865,-0.009872517099085543,-0.011290592507506858,0.006856165361958766,-0.0007979247786651378,0.004384046445045309
2023-04-06,-0.004749940528704033,0.0039007101027419555,0.0067419786557589845,0.005496264704786036,0.006346662143107196,-0.007134091065472581,-0.005179136878680546
2023-04-07,-0.004217681389550476,,,,,,0.0015397338358560386
2023-04-08,0.0007854922772632111,,,,,,
2023-04-09,0.013784839213681899,,,,,,
2023-04-10,0.04658621825410658,0.001026356586023125,-0.0005657105023134656,-0.015972683104191643,-0.00827771877322725,-0.007399886547073353,-0.0006001876104815285
2023-04-11,0.019629666758571807,0.00026857815237124605,-0.006417750598054939,-0.007591185790363553,-0.0019870952052120083,0.006320556237305208,-0.004054300117389831
2023-04-12,-0.003175315803583212,-0.004076043943965879,-0.008833833476992514,-0.004353093011482456,0.002721309506957592,0.004885138866613126,0.0044325122994950394
2023-04-13,0.00862713483952482,0.013282687910926017,0.019581966949620444,0.034103680445517925,0.004633654855829006,0.013515672558895409,0.0075459674748579175
2023-04-14,0.002849851088919886,-0.002442651344750635,-0.0018796683352664267,-0.0021140153254647354,-0.0050735442471125936,-0.017710313033589165,0.004974544770415257
2023-04-15,-0.005484641300179338,,,,,,
2023-04-16,-0.00010358775680330279,,,,,,
2023-04-17,-0.028708571396173888,0.0035883341848610417,0.0008474241649454317,0.00012107554851636948,0.0003311680460755806,-0.0044537552497120325,-0.006152516278222664
2023-04-18,0.032348662229154,0.0006522019765251574,6.273344219476229e-05,0.007504743739600084,0.0010593209863452024,0.003880780603893852,-0.0055719125780892
2023-04-19,-0.0518092051895368,-0.00016882039638266289,-0.00047056870824258024,0.006968019429479666,0.00019833704213723102,-0.004778520212877502,0.004576713719873782
2023-04-20,-0.020008250880993006,-0.005457227127348752,-0.0076244436713258645,-0.005845945692886545,0.003665928820668629,0.00393825919904689,-0.0021137596072823284
2023-04-21,-0.034308522518338824,0.0007769630868232902,0.0010432837040341703,-0.009781135665317686,0.03460399540037695,-0.00988766926809792,0.0017114824208963597
2023-04-22,0.01981858797984626,,,,,,
2023-04-23,-0.008128524647254443,,,,,,
2023-04-24,-0.002393679129772508,0.001043173487775384,-0.0020845889916435434,0.0018786909648662586,0.0017941434642640974,0.003039335460481629,0.0019455441063704892
2023-04-25,0.02841955147295372,-0.015873775890475117,-0.01886350459262842,-0.009435725190267363,0.0002556060590557241,0.005086318131183543,0.006115940312673818
2023-04-26,0.004066170397882152,-0.00423573648655351,0.006064495379338952,-6.130659104508496e-05,-0.011573791370337538,-0.0054373863086726315,-0.007333535186277218
2023-04-27,0.036980508331842854,0.0199082099465131,0.027191155517299892,0.02839539650103351,0.012227018602955386,5.410039265330013e-05,0.006274821933590191
2023-04-28,-0.00453030993708059,0.008535224950884102,0.006898496801908349,0.0075409681622375935,-0.0005751205950726979,0.0002706525128974846,-0.0013789595313846714
2023-04-29,-0.0031279011203009244,,,,,,
2023-04-30,0.000694680667924441,,,,,,
2023-05-01,-0.04022160164248023,-0.0010098771243731708,-0.0011469916168123095,-0.0005302586670627996,0.001214924192485256,-0.004491351825477108,-0.0019159632229287515
2023-05-02,0.020966033026897257,-0.011239247235504957,-0.008721535810853775,-0.006191338649148559,-0.0008942596201382269,0.019296640909943763,-0.0037843921728094587
2023-05-03,0.01135862564681589,-0.006864015639423737,-0.006543976666831375,-0.0064674606775246835,-0.0012784312567744038,0.008479075840785555,0.003798768201457303
2023-05-04,-0.005467695268338013,-0.007082992966750412,-0.003529940820803046,-0.009913360686363504,-0.004608666137747908,0.00703295344911492,0.005268809311456124
2023-05-05,0.023803407820215394,0.018512630235853145,0.021254377957051984,0.046926893028231165,0.003343797704428386,-0.015647950479605433,-0.0041556061589043125
2023-05-06,-0.021323001096775096,,,,,,
2023-05-07,-0.015556145829018653,,,,,,
2023-05-08,-0.026733637409259936,0.0002664587053948786,0.0024773822837012016,-0.0004034877048726404,-0.004678421670633481,0.0012269055761324754,-0.0003856510137344449
2023-05-09,-0.0012817829272578907,-0.004385216779829615,-0.006332873688243534,-0.009970972880039675,-0.010238461644666352,0.007086162362163639,-0.0020453015080595938
2023-05-10,-0.0013384371045779275,0.004672401337542764,0.010881718656649664,0.010420839478011867,0.00208179375273021,-0.001428442843921074,-0.0028618103774721293
2023-05-11,-0.022481076150133283,-0.0017440018251181355,0.003259971010167728,0.0010947466977715425,0.002337246197785303,-0.008582755587748347,0.0017684600274869844
2023-05-12,-0.007251596524522896,-0.0013102865109050343,-0.0035868175813189573,-0.005417631499933906,0.010169225353730216,-0.0017100802429794726,-0.006547357479011251
2023-05-13,-0.0007801573211611013,,,,,,
2023-05-14,0.005471927993601522,,,,,,
2023-05-15,0.009730726801279843,0.0034501402038416007,0.005415026191228467,-0.0028971985409015355,0.00032054451322660604,0.0021412620336231925,-0.005447918677449981
2023-05-16,-0.005738415341494774,-0.006682750047779407,0.0011322398770836628,0.0,-0.0017306605816204135,-0.0124993937971285,0.001935433839248324
2023-05-17,0.013394867282656264,0.012138973677967346,0.012104198637969077,0.0036029539042565784,-0.004237990876516551,-0.0034618889303412725,-0.0007388021428880176
2023-05-18,-0.02067950762275983,0.009633186472892463,0.018573149792679544,0.01366640793703544,-0.0164429851052319,-0.012972911279784505,-0.0025144866312231118
2023-05-19,0.0021585968530852817,-0.0014551215725480127,-0.0022532370252851264,0.0006281890627219955,0.004196013657265407,0.0098988291245512,-0.005808049922436109
2023-05-20,0.008905016115201336,,,,,,
2023-05-21,-0.013850552916312875,,,,,,
2023-05-22,0.0036425134576618667,0.00040620356631881904,0.003358045575572177,-0.005480814587238481,-0.026180113365140367,-0.002341497915543389,0.00439415257651854
2023-05-23,0.013945303754316907,-0.011222856294734629,-0.012676342537949026,-0.01515490382673268,-0.010793825048344141,0.001200731149241463,-0.0010810927507085566
2023-05-24,-0.03272302765106416,-0.007244914487416598,-0.005129526220389091,0.0016320475847932947,-0.008268601558928168,-0.008068450017086337,-0.00382326003791833
2023-05-25,0.005368887301425707,0.008659988343599156,0.024333076514836627,0.006692413691760324,-0.006423750439589204,-0.009618027091793824,-0.0011510590374074203
2023-05-26,0.009181223884829448,0.01295065358234937,0.025549989806115114,0.014104766458676421,6.863356471731308e-05,0.003995567330169925,-0.0030564423990097067
2023-05-27,0.005578834405180588,,,,,,
2023-05-28,0.0453058267244435,,,,,,
2023-05-29,-0.0120973437068298,,,,,,-0.00012871945594572498
2023-05-30,-0.0015690671469931194,0.0003809150175198006,0.004535456274425309,0.010659523744424693,-0.015268048424519676,0.006190554546333882,-0.001434884194828956
2023-05-31,-0.01742420455507676,-0.005545278833438583,-0.005686054735997592,-0.0002818772641812739,-0.004749256359163012,0.0015382006614657051,0.002372124382281404
2023-06-01,-0.014683709247646393,0.009501140596798852,0.011551741588286868,0.01602238823819646,0.010245714265872286,0.00789813034647624,-0.0035294963065128915
2023-06-02,0.01601855426947596,0.014461193830564323,0.007499982794561877,0.004775583899415903,0.017782872357854806,-0.014747450675273721,0.0061336817148627265
2023-06-03,-0.0064023326039167605,,,,,,
2023-06-04,0.001622799291266075,,,,,,
2023-06-05,-0.05011119223804861,-0.0019163251142121362,0.0007049883751357733,-0.007571235359611905,-0.003958600285947744,0.006020416015011243,-0.005777239184238336
2023-06-06,0.057402171630208665,0.0021775099001855036,-0.00016916552649859362,-0.002060356299561139,-0.009935719688703215,0.0010980396887689814,0.0012318024997735044
2023-06-07,-0.03277624957004588,-0.003457804669673714,-0.01696545524648474,-0.007756296400413976,0.0021455731914306053,-0.012010543410059138,-0.0012837051905092434
2023-06-08,0.0061572444403654725,0.006048400437371981,0.012413053642359895,0.015465047801626275,0.011325914019782557,0.013211240429905624,0.0008779639082063806
2023-06-09,-0.0010503081775867784,0.0017946026829176454,0.0038231083726776305,0.002160026350813471,0.0008193867698151891,-0.0026845203333208945,0.007030353420354185
2023-06-10,-0.02375852931180167,,,,,,
2023-06-11,0.0034399794195076883,,,,,,
2023-06-12,-0.001452109670044499,0.009071648874997562,0.016897003355324625,0.015638579014925158,-0.007846393362222703,-0.0008788640365902101,-0.002945761613426079
2023-06-13,0.0006265231396582749,0.006592979210019445,0.007683951745627304,-0.002611645267485252,-0.0024072882657089067,-0.007367558613950331,0.0011193590458071778
2023-06-14,-0.030636253390914137,0.0011909249168247094,0.007267539415499957,0.0034913398935825235,0.009375524805737223,0.0005539277015322863,0.0024492036405445727
2023-06-15,0.017979087727655774,0.012397566491468393,0.011915700769461024,0.01119889118023809,0.013864341475602338,0.007030581691497284,0.004976929014374631
2023-06-16,0.029365685552642073,-0.0034060990503663735,-0.00629281231283374,-0.005860095857389891,0.007342404946770964,-0.0015392159510752013,0.009490087025812999
2023-06-17,0.006959002900740696,,,,,,
2023-06-18,-0.006580854145875503,,,,,,
2023-06-19,0.019547852547670663,,,,,,-0.0003501367384702858
2023-06-20,0.05498705349618893,-0.005188261499940561,-0.0014314292462681566,0.0004868898690091328,-0.009228104827617822,-0.010350739592973501,-0.0016277528317081291
2023-06-21,0.06000562340273241,-0.005123679827647165,-0.01362775054536447,-0.005675498760703501,0.008639104963611421,-0.0014464228474878604,-0.0003603241433216553
2023-06-22,-0.0038303689299371557,0.003609732497254159,0.011798726418380978,0.016525329783257714,0.003412733476894525,-0.009916979914319946,0.006617638951915028
2023-06-23,0.02618280743799839,-0.007560042389973987,-0.009913341064622383,-0.0017112646007102494,-0.009936533427194916,0.0027572461643308177,-0.003068550813546622
2023-06-24,-0.0047815994828226405,,,,,,
2023-06-25,-0.002240147837737516,,,,,,
2023-06-26,-0.006861189753050945,-0.004085745220017256,-0.01340571337738683,-0.007553097081445581,0.001010214015833455,0.0017396047357047806,-0.004766237771259507
2023-06-27,0.013776598074988877,0.010963331188829972,0.017194274911034313,0.015059143202749148,0.009488071016750421,-0.004593535884055422,0.0003492116615053664
2023-06-28,-0.01961401038928634,0.0005042459961304147,0.0019517040625349757,0.006327634008885363,-0.0001998758746630802,-0.002307409851291853,0.004284243629030016
2023-06-29,0.011935868224670187,0.003941359703573788,-0.002002696126895631,0.0017966327790519543,-0.004067044600694514,-0.001071764681377263,-0.00377693292288539
2023-06-30,0.0010477918298796851,0.011800736872652928,0.015420365778322953,0.023102638831409505,0.015798774009748717,0.006663323502016594,-0.004379772168849438
2023-07-01,0.0037019798257575953,,,,,,
2023-07-02,0.0010033124506771962,,,,,,
2023-07-03,0.01749367929268808,0.0011506936058029993,0.0023548983236882925,-0.007784612169329463,0.005008408217063387,0.0011218766110339118,0.0036322098498984268
2023-07-04,-0.012159843310882601,,,,,,0.0005129030135702095
2023-07-05,-0.0085586975402272,-0.0014873333887229778,-2.713899462258862e-05,-0.00587160373930351,-0.0017047360773938536,-0.00353003237800964,-0.002579694886849393
2023-07-06,-0.019821224171432172,-0.007830630503188107,-0.007615710118185959,0.0025089673850413607,-0.0016422101084218044,-0.002980200124891419,-0.0026056420166346017
2023-07-07,0.014474667943441766,-0.002524716269450722,-0.0033199972415653978,-0.005891340174417836,-0.020988409657815454,0.007500997402107412,0.0031365420823148416
2023-07-08,-0.0016387902600796256,,,,,,
2023-07-09,-0.004004505286051452,,,,,,
2023-07-10,0.008061862007427312,0.0025311065954520817,0.00032740609178594227,-0.010855886131667103,0.000403251014556405,0.0007836956455820054,0.007261928113446503
2023-07-11,0.006788889103658935,0.006368491150018585,0.004940639182812623,-0.00281004208992508,-0.005239706895516338,0.0037476125602418087,0.0033018654170349215
2023-07-12,-0.007488490028050299,0.00804607534244517,0.012629957902948519,0.008985488909267314,0.005199696503373152,0.013541420874312982,0.0007378319201123418
2023-07-13,0.03568093437476372,0.00793679916342005,0.01697879636708821,0.004057457657562713,0.0006718223649808674,0.0007146999149643118,0.011846719009202866
2023-07-14,-0.036280934592069825,-0.0006229020191921286,-0.00021097500310240935,0.0007873589264504322,0.0073853060148803,-0.0031866482531699436,0.007081930556925409
2023-07-15,-0.001261344778969442,,,,,,
2023-07-16,-0.001540603578530031,,,,,,
2023-07-17,-0.0034131272874816654,0.0034721550716367844,0.009338534390454623,0.017305672062220667,-0.007064385518383398,0.0007165567329587841,0.00038184037288013783
2023-07-18,-0.009597533349379406,0.0074306864524897875,0.008180775388606287,-0.0013405316487741237,0.0018794010581193454,0.011456278139590825,0.0008764642952547863
2023-07-19,0.0019212301525000086,0.0022238452446352586,-0.0002333422799969398,0.007071857322353381,0.006833128291235058,0.00016335645500209495,-0.0007747078827242682
2023-07-20,-0.0040752996439197275,-0.006634520873051941,-0.023052070153494975,-0.010097308328193555,0.008108415098087463,-0.005063389149303599,-0.0021066989289000304
2023-07-21,0.0039181140710413676,0.0,-0.002999224508814402,-0.006161602072619732,0.01574130087866199,-0.0030645332195952113,-0.0060807699705690554
2023-07-22,-0.004578641136054662,,,,,,
2023-07-23,0.010504447141318263,,,,,,
2023-07-24,-0.03016908602087709,0.004467321175964711,0.0015974293162712705,0.004219886833385589,0.0032042237407075014,-0.00428147332668416,-0.0010570004201242433
2023-07-25,0.0017299501204297574,0.0027299378195515533,0.006777628524984314,0.004513695452188271,0.002346375590600136,0.005567859975791123,-0.005586867539592366
2023-07-26,0.004365152978824893,0.0001537323487894593,-0.003326491305832069,0.004544797444774096,0.0010404634997367435,0.0048791150253855164,-0.001149188725558914
2023-07-27,-0.004915119656712763,-0.006630075760502674,-0.002383983822069058,-0.006580872821420836,-0.011887732683114383,-0.01571197400361901,0.002525837950030141
2023-07-28,0.0037163327075591113,0.009790386259789008,0.018214758487991034,0.013507988118960368,0.028269048500571214,0.007981390400291666,-0.00899161957941541
2023-07-29,0.001284885528077373,,,,,,
2023-07-30,-0.002779902682116475,,,,,,
2023-07-31,-0.0015438698273756435,0.0019040895121220647,0.0005215224670795937,0.003165887895695496,-0.0007033561784369757,0.0026944104889450315,0.004145109563362226
2023-08-01,0.015245275282999904,-0.002861542044086951,-0.0023196784478630716,-0.0042757284459163936,-0.000319941913397348,-0.010364679607279714,-0.0024194883487713703
2023-08-02,-0.01764989082843693,-0.013910841815722774,-0.02194399505929323,-0.015490106478563193,0.0021762173825703446,-0.004765602229612864,0.000935672717465863
2023-08-03,0.0009166006009861949,-0.002865735983920925,-0.0016025541452294734,-0.00732145507070181,0.0026181202643849044,-0.0003341470787491252,-0.005789423526761706
2023-08-04,-0.0035843942133476636,-0.004522878899602456,-0.004681950716544092,-0.04802017465045583,-0.010955427258531159,0.003620414278603157,0.0006790391062911905
2023-08-05,-0.0010994270766331304,,,,,,
2023-08-06,-9.347950838400898e-06,,,,,,
2023-08-07,0.004776645775930843,0.008728550048778372,0.008466803940954115,-0.01725377896944935,0.010561466196405078,-0.0022753962847783527,0.0046651443464760245
2023-08-08,0.020044635853149417,-0.0043486980929984265,-0.008502361257227475,0.005311848779451456,0.0010834628865130647,-0.006341080194621318,4.398837146823986e-05
2023-08-09,-0.006853508270246889,-0.0066852426524818265,-0.010994713629427832,-0.008954461715126039,-0.0012731230903023638,-0.00475820704444585,-0.004021942081347207
2023-08-10,-0.004461964714047806,0.00035887503344733673,0.001848200855754989,-0.001234586232566115,-0.004971739230135719,-0.0010686044760203073,0.0017124995716848446
2023-08-11,-0.001083159880198692,-0.0005830778603445053,-0.006375355749024592,0.0003375009161297182,0.005829379412889635,0.0,0.00036237321552645696
2023-08-12,0.0006207965516027425,,,,,,
2023-08-13,-0.004523080645381872,,,,,,
2023-08-14,0.004286776125049352,0.005520244903706173,0.01122208515844303,0.009393213479525153,-0.007833583071460648,-0.003040588549344525,-0.003392720966774565
2023-08-15,-0.008096168172366025,-0.01164893411121215,-0.010611553509257132,-0.011200387251690813,-0.00641873441410612,-0.002654474343068869,-0.003152985991122126
2023-08-16,-0.016063173634291772,-0.007338206399477021,-0.010589000004994187,-0.004959130774989218,-0.010207561876196425,-0.005776029417432049,-0.0005233900728965901
2023-08-17,-0.07097917151940503,-0.007619840893680285,-0.01092305345525535,-0.014555113546565246,-0.0071795060517808595,-0.0015378724223797935,-0.0026861019315007617
2023-08-18,-0.02306411031148714,0.0004812229624389097,-0.0012548225728282736,0.002816142199551619,0.0028267970968705036,0.00017112823031739666,-2.170454328709326e-05
2023-08-19,0.0017907574452629138,,,,,,
2023-08-20,0.00357825614760654,,,,,,
2023-08-21,-0.002498831574187843,0.006506378149942371,0.016111389695050216,0.007736811675210786,-0.005047867654943694,0.002737670236275802,8.703930010756089e-05
2023-08-22,-0.0035401882238949023,-0.0027087183839022977,-0.0014290195115798099,0.00790509561836128,0.00039536819837904247,0.0016495566176504273,0.0020924881975554754
2023-08-23,0.015365306423789304,0.011137748256977664,0.015768682066898965,0.02194870475021693,0.009352629665357659,0.01016464068195777,-0.004740106320141768
2023-08-24,-0.01018731988472621,-0.013859047644585898,-0.021375579639705822,-0.026170358233214563,-0.004633037722589051,-0.00022482031744353037,0.0017603294476837839
2023-08-25,-0.004384352975912553,0.007049763020322342,0.0077512537227002465,0.012643033304762241,0.006555598320436173,-0.0012932863561120334,-0.006133924717840578
2023-08-26,-0.0015051281432193475,,,,,,
2023-08-27,0.0031232321991347956,,,,,,
2023-08-28,0.0006307866874213364,0.006341311240946057,0.007527188092281811,0.008846244816440585,0.0015632417432087653,0.0028713533365909427,-0.00016204929212715324
2023-08-29,0.062101924766441385,0.014454868400048282,0.02183973756694657,0.021810165625953726,0.000585140812697782,0.009768091768254772,0.002608996915706596
2023-08-30,-0.015512708305083889,0.004118767841815529,0.005576770430536948,0.01917212989145267,0.0011047261422134635,0.0025018747942815445,0.004032535580629437
2023-08-31,-0.0500340578984273,-0.001463383468117252,0.002998511237894741,0.001172495410148633,0.0019477096615549971,-0.0016637258183913595,0.005827092305068504
2023-09-01,-0.005042060225742162,0.001865287736787291,-0.00105803034694274,0.008463350880290932,0.0011014681321332986,0.0004999240959600026,-0.008089840838697682
2023-09-02,0.0026384615075991658,,,,,,
2023-09-03,0.0038953327054152,,,,,,
2023-09-04,-0.006051329012069284,,,,,,-0.006292945547030637
2023-09-05,-0.0012565113521479931,-0.004321942791645328,0.0012709975815479169,0.0012668289329929028,-0.01339709416515189,-0.008161685723844458,0.0017269857930499732
2023-09-06,-0.0010374752516241204,-0.006722540611715733,-0.008807752653437917,-0.035793363073301276,-0.0019679371292309344,-0.004534245193468567,-0.006328395394398223
2023-09-07,0.018908652030005024,-0.003070201836031683,-0.007151539470157897,-0.029249346162810497,0.009530720783719637,0.0010684498647577367,-0.00018237880644911275
2023-09-08,-0.012749181613965876,0.0015062335354476541,0.0013973446450279425,0.0034916314150230665,-0.004297300775624957,0.0003370270596214642,-0.0024603954040161025
2023-09-09,-0.0003851113886439439,,,,,,
2023-09-10,-0.0024502611024840304,,,,,,
2023-09-11,-0.02592003689674205,0.006576625254765878,0.011782936108117203,0.006622489563851142,0.01190086658834999,0.001853109993606994,0.0018970398979003544
2023-09-12,0.026654161568650414,-0.005485706346428421,-0.011088363976964777,-0.017060516577000473,-0.017576797339585948,-0.005156651253074851,0.0030101195583809304
2023-09-13,0.01528956036711282,0.0011658047697822305,0.003808923180475876,-0.011854706096928846,0.006972066239265162,-0.0023100098564432514,0.0002689045736952167
2023-09-14,0.011870739692642074,0.008622613019349634,0.008177091859253194,0.008782206182721408,0.010974324472476926,0.0005082241752882855,-0.001771189028006659
2023-09-15,0.0026006171627044328,-0.012048296737688702,-0.017122835783310864,-0.004153726387232215,-0.00839955779873236,0.006603816566220333,-0.009041573245960888
2023-09-16,-0.001518755875352329,,,,,,
2023-09-17,-0.0012832501161511578,,,,,,
2023-09-18,0.008294723552398242,0.0005864162616679991,0.0010425496428112524,0.016913322785480744,0.0037793786132538365,0.005887647601878543,0.002923086612704795
2023-09-19,0.017075246134672373,-0.0020738225764269647,-0.0021313912282739933,0.006180909195333095,-0.0029212140402126163,-0.0009476457412548323,0.0022882530643852927
2023-09-20,-0.00290724465500225,-0.009193393671542927,-0.014410502800893177,-0.019992384100217198,-0.0008464071871622236,0.0007253927124595272,-0.0009934598434746533
2023-09-21,-0.02080107760178318,-0.016528310467606944,-0.018324547279189196,-0.008889408969076307,-0.008666148908457183,-0.007248413758109917,-0.0027165130783666225
2023-09-22,0.0004492514240630463,-0.0022484164855265387,0.00013977256450625752,0.004944535771371328,-0.0036808769034482047,0.0032013033173832195,0.0007995380695380305
2023-09-23,-6.686879658768241e-06,,,,,,
2023-09-24,-0.01213588594546644,,,,,,
2023-09-25,0.0015864178176880905,0.004204936698823714,0.004749699293014054,0.007380267241965388,-0.006069441915405149,-0.005150588926742139,-0.0012245689773250357
2023-09-26,-0.0030887894396227633,-0.014691017204507384,-0.015016207061793518,-0.023398288748992302,-0.008894037326584225,-0.007990985893820302,-0.005338197611603257
2023-09-27,0.005167086436411061,0.00039899049564273703,0.002343521499112322,-0.008897476837743001,-0.013260342996188834,-0.012366647894697436,-0.0020927596526203462
2023-09-28,0.02537992888096885,0.0057974281030162,0.008365030487802239,0.0015256005233117431,-0.0067869618603690895,-0.004997187509914736,-0.006071963299337679
2023-09-29,-0.004064392478456136,-0.0024268053323004413,0.0007263397382322179,0.003046553223431392,-0.0032799715873931268,-0.01027534966921384,0.005439666364406293
2023-09-30,0.0020881352448591795,,,,,,
2023-10-01,0.037668241913332734,,,,,,
2023-10-02,-0.016186709920936293,-0.0003977917512676399,0.008345634081031506,0.01483551433381014,-0.004593362104633458,-0.010498705650611395,0.0002640956540915784
2023-10-03,-0.003661597010505724,-0.013386108441205136,-0.017549669867754192,-0.007769851120762894,0.00206609214509057,-0.0028882419805683623,-0.007996826272971713
2023-10-04,0.013467601347721292,0.007282094650352677,0.013608636491397874,0.007308433047289009,0.003299246972733094,-0.00011825651470720455,-0.0008064248286944187
2023-10-05,-0.01379463216164356,-0.00037707905047845713,-0.0029463191887398876,0.00719828380101406,-0.014866059493207628,-0.0018327868021307259,0.0033202797285585284
2023-10-06,0.01935684447622399,0.011873051313814553,0.01675530534732461,0.01475040394215732,0.0020166497558204988,0.005153083621109555,0.00376515917344844
2023-10-07,0.0007958817661306572,,,,,,
2023-10-08,-0.001206700034343422,,,,,,
2023-10-09,-0.012579594744121514,0.006402238705540464,0.005099897370223427,0.008451107632680088,-0.00506634224968161,0.01838544744893622,0.001976115262350975
2023-10-10,-0.006984500217130485,0.005204865847466822,0.005537883506649743,-0.003352286632938295,0.009905202194768759,-0.0016780958953311886,0.0010790061501657622
2023-10-11,-0.018900326735168282,0.004096164144500314,0.007135492172839264,0.007904267363701534,-0.012294451432558362,0.007303045938392039,0.0024497971874435365
2023-10-12,-0.0043359541366684295,-0.00609652302563668,-0.003475014287680933,0.005060863307361663,0.002237796735297115,-0.0030496507265770356,0.0018379162458757037
2023-10-13,0.003945769916393171,-0.004980782271191364,-0.01256995132113925,-0.010292563192996429,0.009558818399947766,0.03214825984540237,-0.008239741642275256
2023-10-14,-2.4866332556272575e-05,,,,,,
2023-10-15,0.011091823470242623,,,,,,
2023-10-16,0.05006744695824206,0.010521530030785486,0.011306368518867238,-0.0007268455249798134,0.0095379791093122,-0.004864928190345896,-0.0014413625107041472
2023-10-17,-0.0036367703063566736,-4.5922782573981635e-05,-0.0032753970288098566,-0.008784774958822017,0.001300611762171222,0.001854273768354009,0.003113486233303764
2023-10-18,-0.0030759792019486865,-0.013325150615231096,-0.013117977258729652,-0.007394815403936272,0.025775949507096385,0.014470816805260078,0.0017762268203020959
2023-10-19,0.013818840741083749,-0.00878641450632578,-0.009356831015945533,-0.0021611836685376806,-0.005627534805022427,0.012274016037125302,-0.003266877693623771
2023-10-20,0.033535830870205396,-0.012288077528052055,-0.014917987891363116,-0.014703995436132322,-0.0013490364590313941,0.0027308974274993236,0.004552195331632758
2023-10-21,0.007932597562652743,,,,,,
2023-10-22,0.002523007395046406,,,,,,
2023-10-23,0.10309890521346299,-0.0017331115807659447,0.0030177583167840805,0.0006941171560002068,0.0006753744015388641,-0.0033770637265356784,0.00032824384587826216
2023-10-24,0.02464145540134477,0.007539338086192338,0.00972807032668177,0.002543301096749939,0.011812339433363128,-0.0001093308866343401,0.007543641543408253
2023-10-25,0.017736456610143003,-0.014352176248657367,-0.024476061518039827,-0.013491850099344727,0.004669818270639503,0.004208823642007475,-0.006982386055249035
2023-10-26,-0.010033147199696724,-0.01197460937632544,-0.01906701576892067,-0.024605454256137915,-0.005312051241064819,0.0015784524505007003,-0.0026523324751750454
2023-10-27,-0.007226928505637331,-0.004532767550164851,0.004801099062626157,0.007969516663572707,-0.01762359200614705,0.011629799758343662,-0.0002640885189518771
2023-10-28,0.005301518539129857,,,,,,
2023-10-29,0.013168432293093613,,,,,,
2023-10-30,-0.0010457086417764438,0.011955894340777595,0.011265397190884263,0.012305163046648193,0.014270189169407477,-0.00564054701797434,-0.0001901352849225102
2023-10-31,0.004794395311462418,0.006280090395240467,0.004782314659807829,0.002818788000102268,0.005158847681301149,-0.005456562573315948,0.0049784288024075085
2023-11-01,0.022195613001625203,0.010664844949515473,0.01735692101410602,0.01873864603815556,-0.002799593283842161,-0.003150642851826202,-0.003385352882468773
2023-11-02,-0.014081557224217889,0.019164334340159517,0.01815325209614782,0.020693225083121325,0.01223182063131767,0.0033240729584831374,0.0007517134694974281
2023-11-03,-0.005893770145759425,0.009123326140965782,0.011748793232215116,-0.0051810694131033674,-0.009046445511494694,0.003638921283475316,0.0030264395151795576
2023-11-04,0.010073356782761111,,,,,,
2023-11-05,-0.0009360829177728069,,,,,,
2023-11-06,-0.0003419285416157436,0.002300518127209328,0.00407942037579212,0.014605115192958706,0.005797503807606796,-0.007792560392528847,0.010646343526523161
2023-11-07,0.011593090279608864,0.0028461036562730246,0.00945259997250214,0.014450741969362468,-0.002318928782233276,-0.0041451308444239165,-0.0009864732863567038
2023-11-08,0.005973294692089626,0.00073233113328941,0.0006440280689870015,0.0058848204843355845,-0.003851619992818245,-0.00996764391222027,-0.0023744990630868434
2023-11-09,0.029107827327892632,-0.007798663067815403,-0.00769579119083208,-0.0026244220027998866,0.002266639841070228,0.003982968433291267,0.0013388626477159882
2023-11-10,0.01691989303173269,0.015604821640675448,0.022482493730080932,0.02322011387144185,0.007050276866444882,-0.010909752197912126,-0.00400042116726107
2023-11-11,-0.0047145338500075296,,,,,,
2023-11-12,-0.002249209321512735,,,,,,
2023-11-13,-0.014901395821212304,-0.000953304105152819,-0.0031186780511266443,-0.008583693829598671,0.006934761435643866,0.005570720464602941,0.0021166411059054813
2023-11-14,-0.026428838121854925,0.019400772926736254,0.02152635949623849,0.014285668955061448,-0.0022301082887169477,0.008919177105678688,0.0010916021349414162
2023-11-15,0.06592844558740318,0.0021170485874333345,0.0007527270380276452,0.0030411039292059794,-0.004601667919924668,-0.002635601473798599,0.01649151831354989
2023-11-16,-0.04555929205565723,0.0012232399201208555,0.0008556884002739462,0.009041971877573829,0.009311927409777265,0.011286077178189302,-0.002181714495114284
2023-11-17,0.012222842746045792,0.0012437034236214561,0.00023327947121387638,-0.00010533869522200145,-0.011516053767730128,-0.00010890234740634774,-7.599816506165258e-05
2023-11-18,-0.000300039994658885,,,,,,
2023-11-19,0.021889527372586093,,,,,,
2023-11-20,0.0024182537251242753,0.007697541622613269,0.012174717424206838,0.009278103358803635,-0.005295524372490035,-0.0016333808174913145,0.00490807531990578
2023-11-21,-0.04437779006078835,-0.00217936890899173,-0.005809320705558507,-0.004230950185278859,-0.004392334160770894,0.01079790063288577,0.0035684002956233307
2023-11-22,0.045192824521265385,0.003860915358683048,0.004092861458361741,0.0035145057342831354,0.009424803087457967,-0.004262252597287075,-0.002532964312081498
2023-11-23,-0.003812712499291715,,,,,,-0.002504894436201721
2023-11-24,0.011549062275727495,0.0006153401184736396,-0.0014098609274940666,-0.007004233159317752,0.00238370461475812,0.005201596914642392,0.0014178090521081987
2023-11-25,0.0020283973558654633,,,,,,
2023-11-26,-0.008404730932136117,,,,,,
2023-11-27,-0.006002091789647501,-0.001800974105430564,-0.0008729052222760103,-0.0009475630854440809,-0.0009246603051529245,0.006737817869841178,0.003128907582130358
2023-11-28,0.01548599794884531,0.0009902307714315661,0.00262092397100111,0.003214118770835661,0.006942339938162512,0.013331852960406732,0.0016438017038615804
2023-11-29,0.0007244373065387055,-0.0007034936539889181,-0.0009740165159736192,-0.005409619455243431,-0.007616928770983522,0.0014794398574642376,0.0043364265486818265
2023-11-30,-0.0038497596002547985,0.003937351428214386,-0.0025138887586744207,0.0030629145481311237,0.015814309385566716,-0.004167950375202456,-0.002930098224145139
2023-12-01,0.025879947957747618,0.005915976821192048,0.0028546877207884513,0.0067910816856811,-0.00560207536612467,0.017271494075951965,-0.00743921803314862
2023-12-02,0.020356874575942596,,,,,,
2023-12-03,0.012717964611113297,,,,,,
2023-12-04,0.05006972516793251,-0.005249435630463761,-0.009283433557498388,-0.009464670081276827,-0.003930411058112648,-0.02161342646325959,-0.0003593113742242915
2023-12-05,0.05003682455553493,-0.00019703262523840248,0.0025107837512734488,0.021063284349980504,-0.03485453898105095,-0.0037794459254785195,-0.004627728334785308
2023-12-06,-0.007581629055975703,-0.004029828536801672,-0.005783898776093532,-0.005686968679188165,-0.0007494530590791415,0.0036868953454944897,-0.004069243241750842
2023-12-07,-0.010372985662227885,0.007630412037957557,0.013972295587943329,0.010139283964222257,-0.0010230104606734347,0.0016503277504122948,-0.0024977977499498483
2023-12-08,0.02018673414826888,0.004299124818565092,0.004456573672247721,0.007412319327943395,-0.009214966257002688,-0.01334039111485108,0.00236343746955181
2023-12-09,-0.009976252913108663,,,,,,
2023-12-10,0.0012284421841561866,,,,,,
2023-12-11,-0.05792335792051162,0.0038895933725100473,0.00854230246266141,-0.012927348978418407,0.004616055123802143,-0.011042895165362276,-0.002443802160275177
2023-12-12,0.005004157345118276,0.004567061763112834,0.007964172265924718,0.007920172167028117,0.0008227539381553406,-0.0005446421195114404,7.529635204672758e-05
2023-12-13,0.03475299863154757,0.013790178841880163,0.012717302504601458,0.01669156557182805,0.01808983591371871,0.022562533466176538,0.0029805145498138508
2023-12-14,0.0031062756659134827,0.0032094834004490203,-0.0008667637783720261,0.0007575439269071893,-0.026383218117683738,0.005862552982469849,0.008099171382361048
2023-12-15,-0.025432678020983368,-0.0016465667898450942,0.00483387216201292,-0.00272557669926754,-0.004838747086967521,-0.009166511771857233,0.009872373342467489
2023-12-16,0.007401888090740938,,,,,,
2023-12-17,-0.02072563201266564,,,,,,
2023-12-18,0.030433584522719714,0.005625198977892598,0.006298678579503392,-0.008503380372733793,0.015351305435143958,0.004545487184575592,-0.008945032271384545
2023-12-19,-0.008282083715112631,0.00608073398006348,0.005109514158036177,0.005360103865108989,0.0,0.00681394057869511,0.0026216654758792757
2023-12-20,0.032687613405284255,-0.013857250338460525,-0.014859752034280915,-0.010713984321980896,-0.01546129205835256,-0.005445982936102989,0.0052379143458374244
2023-12-21,0.0049688697318006625,0.00948195716692557,0.011635569134416324,-0.0007697142243869859,0.0024319819203963977,0.007070635455129759,-0.0032180185590533483
2023-12-22,0.002934864092908329,0.0020097399683320916,0.0014958007590053501,-0.005547749174107608,0.007070501790657824,0.004434417088942322,0.005525202446632571
2023-12-23,-0.005872083923035065,,,,,,
2023-12-24,-0.01653939964043194,,,,,,
2023-12-25,0.013879063861056418,,,,,,0.0018524459586828357
2023-12-26,-0.025055253200995553,0.004222475606067366,0.0061218598428489646,-0.0028408008507736504,0.004542863754223303,0.007620733251079592,-0.0005730958886397408
2023-12-27,0.021694364920222586,0.0018080037772609803,0.002035676241717299,0.000518060660978481,0.0008223007792773629,0.004537842226414179,0.002065020563667419
2023-12-28,-0.01876027694786908,0.0003777946008209909,-0.0004859631499841699,0.0022263236203381442,-0.0022595806923887407,-0.005815437657636813,0.0059431859276410925
2023-12-29,-0.012396896798793966,-0.002894980597400454,-0.004327798311288822,-0.005424304663451118,0.005558529751333641,-0.001566841018672216,-0.003641424869924248
2023-12-30,0.0013658151137276864,,,,,,
2023-12-31,0.002568622223877659,,,,,,
2024-01-01,0.0450049945064126,,,,,,-0.0011166791890978578
2024-01-02,0.017900939051301412,-0.005596385232177203,-0.016922265786220136,-0.03578662789486087,0.01501289754079771,-0.002353909884146743,-0.0015454528986756921
2024-01-03,-0.04692812036242189,-0.00816652779796656,-0.010581412926954803,-0.007487574118255513,-0.006050720225804773,-0.008336809604204354,-0.008786204622023064
2024-01-04,0.03108057856532498,-0.0032211593163484764,-0.005146491626335403,-0.012700153167676365,0.0054787548144297205,0.0010046128932528209,-0.0012785158887330672
2024-01-05,-0.0003900067727314882,0.001369571515167145,0.001185909936797902,-0.004012989919256693,-0.00827437569919165,0.00015845540955172766,0.0017953771819319009
2024-01-06,-0.003928567037593367,,,,,,
2024-01-07,-0.0010479313368322307,,,,,,
2024-01-08,0.06889378335779228,0.014276025907794754,0.02066818335038212,0.024174868187411658,0.008614871154235093,-0.007816271130823282,-0.00047052628163146704
2024-01-09,-0.017687130611972357,-0.001517127745895852,0.0019754463025571933,-0.0022634156045029385,0.004102500288364563,0.0003193567900841021,0.0008651256948868369
2024-01-10,0.010577584004972662,0.0056554243497164425,0.006777541762798878,0.005671417366741371,0.0042865781437861905,-0.00228804710551489,-0.0017601046005020216
2024-01-11,-0.005558733892443213,-0.0004405276778045586,0.0020807190108200757,-0.003222474390565666,0.003801402852893432,0.0019733072916665595,0.003907190486658552
2024-01-12,-0.07581464687080208,0.0006926475091679762,0.0005130432065698631,0.001778045035160103,0.0005981079358112762,0.009794068475553752,0.000592943161743742
2024-01-13,-0.0002516769882185965,,,,,,
2024-01-14,-0.0244177193838242,,,,,,
2024-01-15,0.01712351907901466,,,,,,-0.0032727697071506245
2024-01-16,0.015124600939588229,-0.003671214241216858,-9.768318123415387e-05,-0.01231698737624165,-0.005378455937239512,-0.009488181898979597,0.0
2024-01-17,-0.009553782672285682,-0.005558672684831678,-0.005640679823676331,-0.005173668535624509,0.0010013479977335482,-0.01101595063528893,-0.006113749991014994
2024-01-18,-0.034639725632667706,0.00889273268181845,0.014194136033041982,0.03257072599818467,-0.0057651622692272975,0.008232882099906247,0.0006421361876616238
2024-01-19,0.00863620644230223,0.012466363286378401,0.019830910301790627,0.015532951544668494,-0.003847700671897214,0.00298872590696031,-0.0006091998707791202
2024-01-20,0.0011336255217606617,,,,,,
2024-01-21,-0.0028752933279206916,,,,,,
2024-01-22,-0.049064374667218136,0.0021141533617221597,0.0013058492039403902,0.012163310753457557,0.0019652269553065427,-0.003777957126316789,0.0012090614520767762
2024-01-23,0.008560013431039293,0.002916443542260838,0.004149635959126208,0.0066531625364090186,0.041390562468802905,0.0038991332271092194,-0.0011097587522371777
2024-01-24,0.005810521700930993,0.0010931699224414615,0.005549207147736546,-0.0034838310281863905,-0.012079388569642857,-0.008246890539639895,-0.00205215722482599
2024-01-25,-0.0035747525934159974,0.005439014424125199,0.0012211444587342246,-0.0016966726887902572,0.02300800232544198,0.003969986681303217,0.002198116850315124
2024-01-26,0.04715459322091098,-0.0012704110208863195,-0.005957484672974522,-0.009012694894639406,0.0033415889339105664,-0.0006946931881827156,-0.003188993491867853
2024-01-27,0.007250269707417489,,,,,,
2024-01-28,-0.002005242826170095,,,,,,
2024-01-29,0.029799801358818767,0.00791928817440124,0.010240402565720785,-0.003586009534462753,0.00012801886096180937,0.0070584854445867595,-0.0003253046819037264
2024-01-30,-0.007753530092744043,-0.000773419443293788,-0.006656594670510385,-0.01924580611476756,0.008516880416979289,0.0013805262268788976,-0.0008343042513787591
2024-01-31,-0.00861423582021903,-0.01631736415062779,-0.019586122534664407,-0.019357502911667823,-0.0022223080926381256,-0.0007423479101065222,0.0008241081449942289
2024-02-01,0.011581441842771323,0.013088251815188245,0.01177550566792629,0.013340557020600663,0.012981830916282133,0.01040067256889099,-0.0036408998446917362
2024-02-02,0.0025556346111748063,0.010527358922269192,0.01690049175691688,-0.005405075072322352,-0.006847494590149883,-0.009453300862028224,0.006546518613900432
2024-02-03,-0.0044831659668692625,,,,,,
2024-02-04,-0.009505619472114146,,,,,,
2024-02-05,0.0017632602500394778,-0.0036411004772973765,-0.0013052752679069135,0.009846523530457008,0.0007589459486743166,-0.005513988032274764,-0.008699545159365218
2024-02-06,0.009986338686479135,0.0029031784080228995,-0.0020073403227434117,0.008631878289052652,0.004740710065067599,0.005224693124019186,-0.0035447479784265212
2024-02-07,0.028630850081180936,0.008340456747429448,0.010290330134304027,0.0005811475222075035,0.0010064913345524396,-0.0002651978305409086,0.001430711534839757
2024-02-08,0.022188248784866804,0.0004417485284333722,0.0018519383313688742,-0.005754817529202261,-0.003016641420336974,-0.0009018470501077624,0.0017241086979722375
2024-02-09,0.040741037427910465,0.005779398198547447,0.009843042546039626,0.004094119096968329,-0.007690475158075749,-0.003876152075832917,0.00014005430257113538
2024-02-10,0.013236801662479536,,,,,,
2024-02-11,0.010940478338881565,,,,,,
2024-02-12,0.034461993507690414,-0.00043907878792737165,-0.003912638567608928,-0.009002033285823385,-0.0019690323878118754,-0.0026119694947860372,0.0019436726497759071
2024-02-13,-0.004319233922406296,-0.013773025615334,-0.015596925918327509,-0.011274404282606842,-0.005346480757181471,-0.013788690196348319,-0.0024021357911608865
2024-02-14,0.041900916949929146,0.009087671157412824,0.010897114780111572,-0.004809704864509157,-0.004095681347208169,-0.0005961123453055439,-0.005879202295596797
2024-02-15,0.0021583350882306007,0.00689973723223436,0.0029777508379091877,-0.0015747447630488631,0.008867137905615774,0.0067238125229136525,0.0021679108452647977
2024-02-16,0.004267512618200353,-0.004980044716525245,-0.0090676291101226,-0.008430326543131028,0.0031845938764010207,0.0036625695484677756,0.0038892439644739873
2024-02-17,-0.009532306269177337,,,,,,
2024-02-18,0.008895163192163213,,,,,,
2024-02-19,-0.006588364620277343,,,,,,0.0010246971826746165
2024-02-20,0.009767068832988945,-0.00550529716218906,-0.0075482755782841915,-0.004114051524129025,0.006348866108029538,0.006064210073093879,-0.0008837131826242572
2024-02-21,-0.008524364120598982,0.0009058274054767335,-0.004001584439468409,0.0041860527892205734,0.011923282555146075,5.331256612173263e-05,0.003503573049315589
2024-02-22,-0.010305082651198116,0.020695474709609307,0.02927550494600628,0.011244001726816277,0.0009975566622477672,0.00042672195902415666,0.0006708392833341126
2024-02-23,-0.011168964874795462,0.0006896776717688624,-0.0029447129370331337,-0.01003412389560443,0.0029274906502958498,0.005651511902278639,0.0004871754532318473
2024-02-24,0.016540904827679226,,,,,,
2024-02-25,0.003143945229742817,,,,,,
2024-02-26,0.053914352844811164,-0.003662491153425429,-0.0005265155464253546,-0.007451252617509563,-0.005030183007759148,-0.0022266895335479875,-0.0005194228009101076
2024-02-27,0.04700762695380023,0.0018576843718893787,0.002405244151246988,0.008114357302083652,-0.005742141074512319,-0.0010626830578386315,0.002853848012403848
2024-02-28,0.09493531994124749,-0.001321646888562622,-0.005324686345243079,-0.006625413144226933,0.004708169968806963,0.00180849115899262,-0.0005639159695992602
2024-02-29,-0.020900898468654838,0.0035949593269126723,0.008569590304169372,-0.0036931675550719856,-0.006935365520187253,0.005150266749304189,-0.0005528021705811792
2024-03-01,0.020298739001094468,0.009388276199003842,0.015056760704273975,-0.006030273039896894,-0.0005660889789227408,0.018910791174389097,-0.0031226566602047257
2024-03-02,-0.006578811548619723,,,,,,
2024-03-03,0.01833832389535761,,,,,,
2024-03-04,0.08173591649219114,-0.001072394746922778,-0.0035679985368883838,-0.02538141434486807,0.004469633149156049,0.016174996770490724,0.003491335816306229
2024-03-05,-0.06628402455760396,-0.009994279399607509,-0.017949724851223703,-0.028440881187798084,-0.0015043132607091003,0.006020141664404566,0.0011506775155347704
2024-03-06,0.03613733749494208,0.0050673404160277435,0.006283775301099581,-0.005878279410602927,0.0015692606554444932,0.008215401882095241,7.599404215485883e-05
2024-03-07,0.012384196927533564,0.009926473867542196,0.015178166027225881,-0.0007094442568186254,0.006580121830590979,0.005683843351386164,0.004011016541833223
2024-03-08,0.020539401213709896,-0.0060021960724693235,-0.014434966051794507,0.010236655692035912,-0.0016809069985123104,0.008452547868211147,0.004642906047294559
2024-03-09,0.0029105240064184468,,,,,,
2024-03-10,0.007604594828588107,,,,,,
2024-03-11,0.04497430707429584,-0.0008598592433949337,-0.0037127550210084292,0.011831634386618939,0.007483500768335594,0.00183502012710135,-0.0006565677953876969
2024-03-12,-0.008909905479502545,0.010757367807676221,0.014335095825817046,0.0027785031429898854,0.002352105964893436,-0.01094062729637224,-0.0010603929401840073
2024-03-13,0.022414410239567806,-0.001567445672765011,-0.00768605890312446,-0.012122447421752391,0.0022852156651669286,0.00700740378557585,-0.0003278122880970846
2024-03-14,-0.0230819028918976,-0.0019767863884397885,-0.0025213049567115453,0.01092725013058593,-0.004929291212819598,-0.004175139558116325,0.0025197242768419947
2024-03-15,-0.027911980219644583,-0.006866660289026494,-0.011886910574579246,-0.0021964993914549424,-0.0007429211281938519,-0.00319440663913817,-0.006562695389562556
2024-03-16,-0.05891115205258901,,,,,,
2024-03-17,0.04708722796395115,,,,,,
2024-03-18,-0.0123120859035869,0.005943151203128272,0.009537323951834598,0.006372317324314203,-0.0010534797426797748,0.0016022835845583838,-7.623501546549782e-05
2024-03-19,-0.08343356981432348,0.00555707226589397,0.0024915341507460997,0.013585080214420842,0.003845882768947151,-0.0011498061737871268,-0.0007937371227215717
2024-03-20,0.09692504638897836,0.009249336754743487,0.011856816058253061,0.014709172357413314,0.0009888416021173185,0.011911859798154678,-0.0009777760139780822
2024-03-21,-0.03566706353999505,0.0033047685628966317,0.004732092141754185,-0.040857473696268576,-0.0008026213836201945,-0.0010386361790747367,0.006803066718666706
2024-03-22,-0.02615044343853401,-0.0018957906013706838,0.0011439600198013267,0.0053101929335923614,-0.0012357478514406495,-0.00802096899240623,-0.006843421167792574
2024-03-23,0.004444134671348854,,,,,,
2024-03-24,0.04951388799118828,,,,,,
2024-03-25,0.04052464020923141,-0.002762871152478863,-0.0036293674228919937,-0.008300281542572785,-0.009093153588122793,0.0031944066391380588,-0.005047075233675091
2024-03-26,0.00041486463910467286,-0.0018469770770959126,-0.003237470358451122,-0.006672601074977025,0.002247393995963076,0.003233961285236564,0.002839613982804634
2024-03-27,-0.007608353371227561,0.008403720335765641,0.0034059656316214326,0.02121251088164522,0.012830707726329216,0.007240660177973313,-0.0005415890093947162
2024-03-28,0.018567460837021654,-0.0001912053772210598,-0.001843271179342576,-0.01055903885437115,-0.002213848487243375,0.012900024807739996,-0.0017517638968261862
2024-03-29,-0.01204502883045766,,,,,,-0.0017487746285576034
2024-03-30,-0.0035414711944022903,,,,,,
2024-03-31,0.02424203264779501,,,,,,
2024-04-01,-0.022871394296192005,-0.0017395247673556158,0.0021170473488441033,-0.008455752694376373,-0.010292566743371978,0.010208079384865787,-0.00016178799477861716
2024-04-02,-0.061047985989492126,-0.006358201070618019,-0.008630305766912816,-0.0069988239213046866,-6.239077834058193e-05,0.014772360490971526,-0.005143150317636236
2024-04-03,0.008156830210526378,0.0010985442977609061,0.0022443440787625057,0.004797351689529217,-0.027526936303709393,0.008772374739768773,0.0029182757337018472
2024-04-04,0.038314642609167615,-0.012206081350283449,-0.015290563200968998,-0.004892272883319615,-0.004482861701192609,-0.005734705223284009,0.006481340849805228
2024-04-05,-0.009797320875087778,0.010446820903633913,0.011783839231277016,0.0045016785780862545,0.00418142425182344,0.017114197447370305,-0.00011922747634585118
2024-04-06,0.015602971156545964,,,,,,
2024-04-07,0.006770270726916605,,,,,,
2024-04-08,0.03270935878474601,0.0005592035166750442,0.00029530985470560545,-0.0066633191632453626,-0.0003844661172643926,0.00622848536623688,-0.0006065486129902542
2024-04-09,-0.03479403115822832,0.0011569537512590156,0.003699456597015205,0.007242513591378286,0.0039735147422397255,0.005497054993034878,0.0030636417249643166
2024-04-10,0.0209558550176423,-0.010013198277421975,-0.008728526033662032,-0.01113936358094647,0.0037021872700919722,-0.009463856185613961,-0.0004018391107306618
2024-04-11,-0.007469744331340511,0.007546927974082074,0.015968085506204543,0.04327083076706573,-0.008903469354585192,0.019433247203493043,-0.010827671256997462
2024-04-12,-0.04088948430588779,-0.013802984294966292,-0.015941700885908627,0.008626811996797157,-0.003272479145202567,-0.013239324939518515,-0.0013837832894822988
2024-04-13,-0.05021729270691988,,,,,,
2024-04-14,0.03004089104268326,,,,,,
2024-04-15,-0.03517737178558533,-0.012528099678469129,-0.01645106053941847,-0.02186360288620015,0.0007723270185977515,0.01871915519396472,-0.007199109613056143
2024-04-16,0.006080330797783695,-0.0018238726035645358,9.276004286706829e-05,-0.01916730350925777,0.003216344037925145,0.0012220152803359419,-0.002242108544694643
2024-04-17,-0.03972884891052719,-0.00591824014164688,-0.01220139457800562,-0.008147495111348269,0.006476722924537492,-0.007368252752093185,-0.00040354405243714364
2024-04-18,0.03649124077498622,-0.002057851539541633,-0.005706350828457274,-0.0057142170424557825,0.008572979163364858,0.0034154561341945833,0.00451316778317401
2024-04-19,0.005208661031110617,-0.008728185949642642,-0.020689062183482765,-0.012212669064126214,0.0054041497760359825,0.003131535140574959,-0.002363091527059935
2024-04-20,0.018026421268684478,,,,,,
2024-04-21,-0.0010431180502996629,,,,,,
2024-04-22,0.029433758205850147,0.009209080683481252,0.010056659205163854,0.005090859365418643,0.015176321688109562,-0.02470249054532203,0.0013216500410460075
2024-04-23,-0.006439574982440521,0.011866608948703172,0.014922860798788351,0.006391957142727112,0.005979817714528712,-0.002458663172418052,-0.00039414857141839565
2024-04-24,-0.03208044676017341,-0.000474669155042573,0.0033877256097583075,0.01270216499905108,0.0068110786748742935,-0.0018600907225296837,0.004720570617393394
2024-04-25,0.0031863484195515657,-0.0037989091774335293,-0.004829912835296768,0.005147311120353049,-0.00030738768926152904,0.005963468053189924,-0.0004172858578515015
2024-04-26,-0.011265004482557628,0.009473886091963868,0.015431600264296241,-0.003472994258274298,-0.007751559126710994,0.003241927353549112,0.002779056228315868
2024-04-27,-0.005272966802647994,,,,,,
2024-04-28,-0.004823625063903991,,,,,,
2024-04-29,0.011533090916022948,0.003541491468493474,0.0040603920502446655,0.02480806426402693,0.002293921462079629,-0.002031218037689575,-0.002120068399481645
2024-04-30,-0.050191249309274655,-0.01584115514615525,-0.01885613670709807,-0.01827071993746432,0.009526332454518727,-0.019937078844561418,0.0008251340439218158
2024-05-01,-0.03929695449375714,-0.003247275498803548,-0.0072305079841507025,-0.006047290911573411,0.0012252273060735508,0.00906215232545482,-0.004586615036051955
2024-05-02,0.014924669552331737,0.00935353217794499,0.012763276989079975,0.022032020407358743,0.0026929101233126307,-0.0030870874411647042,0.005157048926138108
2024-05-03,0.06370405294167747,0.012395420448729766,0.020098436780220164,0.05981635474228386,0.0037843106827297746,-0.0007976266365629092,0.0010733945474359352
2024-05-04,0.015926845790239064,,,,,,
2024-05-05,0.002185896653241981,,,,,,
2024-05-06,-0.013574390387488533,0.010326732249524628,0.010953471938733195,-0.009106836804835594,-0.00012174048409885341,0.010518361024399514,0.00233441227800002
2024-05-07,-0.01309542885757653,0.0011034322164082955,0.00015887143117443436,0.0037970247366390097,0.008027342036669882,-0.004600326433150892,0.0008721746157627219
2024-05-08,-0.018398626419713127,9.659653182181316e-05,-0.0005904706156610873,0.0018642926114731395,-0.004162498993452335,-0.002941061869504713,-0.0015803038824503401
2024-05-09,0.03043115176709965,0.005761928262545624,0.0021815520176340364,0.010014155212785258,0.005876115057520392,0.015778607960932778,-0.00033310542298736756
2024-05-10,-0.035799920573900024,0.0012881638445851884,0.0023582034755535997,-0.006890113482502902,0.004878390837082414,0.008112513438038427,0.003559004264149568
2024-05-11,1.5356984674586016e-05,,,,,,
2024-05-12,0.010768936188532141,,,,,,
2024-05-13,0.023646747788683697,0.00013420241601558303,0.002307429509846637,0.01764542172341832,-0.00587357076284134,-0.011202103844459854,-0.0013678194040684932
2024-05-14,-0.02144084393922019,0.004588074570764489,0.006432225439704453,0.006173407155114274,-0.0006631537615070515,0.008462045119477013,0.002148010508616016
2024-05-15,0.07659609250545496,0.012383028549011854,0.01563033175355444,0.012218095354699754,0.004524662115292566,0.012838750510223873,0.001946593428366894
2024-05-16,-0.01563225228621834,-0.0020574269229312048,-0.002031416378842965,0.0006323665223946229,0.008107668540183077,-0.0038933433506626036,0.006958517197712899
2024-05-17,0.02790508695432159,0.0014375154397507917,-0.0004867029411670387,0.00015793091689841887,-0.0013106796488554506,0.0164977725898805,-0.002021339610122852
2024-05-18,-0.0016564833198177142,,,,,,
2024-05-19,-0.009895869986810912,,,,,,
2024-05-20,0.07800174241430358,0.001152163929652561,0.0069725974380130396,0.0061621430143423694,-0.0019685517124942153,0.004023937591649318,0.0007068450993499287
2024-05-21,-0.018358253231772315,0.0024524160284589147,0.0019564505116769215,0.006857295330487734,0.006216037956557452,-0.001469548604570936,-0.001346704651206121
2024-05-22,-0.01446030042296964,-0.002879175127503797,-0.0001974493898021512,-0.007538493421531678,-0.003207698476343279,-0.01837396956557802,-0.0005210343327269884
2024-05-23,-0.017255976976508713,-0.007304272633687048,-0.0044983615640619146,-0.021058055398945008,-0.013825031851986358,-0.019944570339717638,-0.0027604945630765876
2024-05-24,0.008781729788116976,0.006616628977133221,0.0094564448451806,0.016588199192468345,-0.0009668904637488707,0.0009271136061119734,-0.0011568313063549107
2024-05-25,0.010796524727518797,,,,,,
2024-05-26,-0.010796814497022966,,,,,,
2024-05-27,0.012791671360530277,,,,,,0.0032325156678336686
2024-05-28,-0.015827408107827234,0.0006986090995133587,0.0037775816820939667,5.2658854954978906e-05,-0.013427592152378431,0.010513172896031486,0.0013143355434903636
2024-05-29,-0.01051485738366742,-0.007002336865753578,-0.007048314452521298,0.0015790343895252246,-0.008951144786041199,-0.009303812074716977,-0.0009224489840714556
2024-05-30,0.011644282841286824,-0.00663394111730331,-0.010713355568697347,0.005255203823760546,0.005753220076212262,0.0018967600627461945,-0.004612329057552267
2024-05-31,-0.012778150001159894,0.009108317092870521,-0.001860251429795845,0.00501853811321995,0.012055668543103026,-0.00586417430627717,0.0031097347455193436
2024-06-01,0.0031933460054698326,,,,,,
2024-06-02,0.0006596674454519835,,,,,,
2024-06-03,0.015544720172089965,0.0008151608537849686,0.005369160135620277,0.009258677363141787,0.0006683186001237296,0.008917780500373507,0.0016279400589764847
2024-06-04,0.025622992224831664,0.00111786028487737,0.002736526821755403,0.0016492759748274466,0.014333468281684247,-0.008977059834655465,0.005006481625289716
2024-06-05,0.007298724608017615,0.011885168215945763,0.02015990161237924,0.00782100324243773,-0.0057479664885869974,0.011845603201319,-0.0023396196060713192
2024-06-06,-0.004581363662391591,-1.8592348722257235e-05,-0.00034524870686492015,-0.0070966446167840536,0.014573663140653892,0.007391356612921562,-0.000674161906872528
2024-06-07,-0.01999201273457618,-0.0012156581825512047,-0.0008847598321166661,0.01239215123921511,-0.008369300378721856,-0.03568330143379639,0.0018301472109247818
2024-06-08,-0.0005308786729295578,,,,,,
2024-06-09,0.00493781012787653,,,,,,
2024-06-10,-0.0019485261992140401,0.0030896755196778702,0.004039191823092425,-0.01914783496575234,0.0017360796923631128,0.009168181127878317,-0.010606295366450635
2024-06-11,-0.03136496113771259,0.002408336387425436,0.006862631285747822,0.07264916156603096,0.0007765426277315246,0.0028566106093961263,-0.0013563397936425803
2024-06-12,0.013502581655740586,0.008212963245429306,0.01309781218604722,0.02857831075013184,-0.013732919908312158,0.0026617200115086614,-0.0022233252467021014
2024-06-13,-0.021757960505889518,0.0020135328811594633,0.005420295081384863,0.005491181128002509,0.007446470763650348,-0.008150148984962247,0.0067799586265469
2024-06-14,-0.011164543099157487,0.000608435925496309,0.005181190886276443,-0.008168333386853965,0.002283452080121595,0.012959545903254766,-0.00687287799533598
2024-06-15,0.0027253941690672523,,,,,,
2024-06-16,0.006768999939568809,,,,,,
2024-06-17,-0.0022321747830370553,0.007958879582898204,0.012249795963358068,0.019671376910190164,0.004256930347398047,-0.005191652247571676,-0.0034140414735827074
2024-06-18,-0.02029695827328193,0.0025405909456592823,0.0003092524753236514,-0.010984506955912021,0.006328421809787432,0.004007271832187298,0.0035981656628754077
2024-06-19,-0.0027701435671353414,,,,,,0.0001503895755938789
2024-06-20,-0.00202647819256907,-0.0027166454347408164,-0.007708065369827155,-0.0215129532934476,-0.005280002411840012,0.012484347826456466,0.0008601434112416317
2024-06-21,-0.011298352821403679,-0.0013403635268877112,-0.0026791329321308455,-0.01044432323297273,0.0035187043203612767,-0.015493238109986152,-0.004196899470109816
2024-06-22,0.0024397531859308152,,,,,,
2024-06-23,-0.01668075089399379,,,,,,
2024-06-24,-0.04595356431233677,-0.0032508556328936233,-0.011384695828661417,0.0031326392945953963,0.0011291251201379637,0.003957566385821121,-0.0017420859848481518
2024-06-25,0.025336630415439876,0.003851078908364558,0.011435534151985616,0.004468216697492089,-0.00949824063164273,-0.004962237629221655,0.004207219620098845
2024-06-26,-0.016072632592061153,0.001248037323762441,0.0020652370736657932,0.019993312692295095,0.003595947679534639,-0.009228168111804491,-0.0021526644623542923
2024-06-27,0.013048951973404943,0.0015764091777425993,0.002581291707765443,0.003985917536175165,-0.0049567836041702895,0.011336925587312363,-0.0027554909460054677
2024-06-28,-0.020853310881755127,-0.003934877088414557,-0.005190993511130171,-0.016254111835897977,-0.0102026969247907,9.297647872519299e-05,0.002655728098447163
2024-06-29,0.009403861104374522,,,,,,
2024-06-30,0.029413551620566913,,,,,,
2024-07-01,0.002771094932125795,0.00205777362635029,0.005865197100197728,0.029104580679812697,-0.013339767744914965,0.002604589701363791,0.002501303028703994
2024-07-02,-0.013093697885290578,0.006729854689488501,0.010499566086882295,0.01623979545174392,0.007251588258425867,-4.643394389247657e-05,0.00017178606538514885
2024-07-03,-0.02990687070088416,0.004462745187068684,0.008337222970490332,0.005811213809179039,-0.0004269098204761068,0.011273000380832565,0.0010534106278563549
2024-07-04,-0.05311634426354228,,,,,,0.004176934043238045
2024-07-05,-0.005534237213954074,0.005766243658120729,0.010426697856865674,0.02162022584809753,0.008423364443690184,0.013486798057397165,0.0016107649996139894
2024-07-06,0.02896391234041995,,,,,,
2024-07-07,-0.042097439142912196,,,,,,
2024-07-08,0.015326802715911692,0.0011539403636429135,0.0023782656063320307,0.006538883683540053,0.007929284719335739,-0.012402074526820739,0.0014182900309382962
2024-07-09,0.02299844211812685,0.0009724798854346961,0.0008647032660586973,0.0037748473401364446,-0.0051645763256933375,0.0016957473442755777,0.00045487934906107697
2024-07-10,-0.004598069730556098,0.009895194180880473,0.010426387540515059,0.018803593792569462,0.006881466907257883,0.0036603361122538036,-0.0014924617474129098
2024-07-11,-0.006885432015347748,-0.008622503352622157,-0.021930113594744838,-0.023220755359770306,-0.0075538604227848305,0.017733403441032136,0.00171162134456182
2024-07-12,0.009670444019596935,0.006307544740922433,0.005874840229643574,0.013050838952069821,0.0064634834653378714,-0.0006270969301161999,0.0036424246238953017
2024-07-13,0.023013827240820017,,,,,,
2024-07-14,0.026266900915231206,,,,,,
2024-07-15,0.06715755212726138,0.0027502318104990486,0.0026878755069841276,0.016743402309179256,-0.01218403137187074,0.0032271131671974818,0.0011756735673211782
2024-07-16,0.003499237870556282,0.005929969931749657,0.00038288193062396836,0.001791760619520577,0.014400438219827727,0.019925798233449088,0.0014717265118406875
2024-07-17,-0.01502916014346345,-0.014021065689695633,-0.029354879550374302,-0.025295928079181462,0.014914594785786939,-0.004643206403117217,8.715248765667205e-05
2024-07-18,-0.0022571629283560934,-0.007684925119563979,-0.004732555045196429,-0.020534916775608703,-0.005901856858331778,-0.006381186355259194,0.00345714833044819
2024-07-19,0.042768734230136385,-0.006640492151253841,-0.008863577800492628,0.0005800619744282809,0.003147650680565217,-0.017937829186174925,-0.00353208229081603
2024-07-20,0.0067979482134701286,,,,,,
2024-07-21,0.014753144342986024,,,,,,
2024-07-22,-0.00835268752223095,0.010309924342275956,0.014897673894941121,-0.0015603671545767472,0.0017264467080924106,0.00031573231212611574,-0.0002180452451537862
2024-07-23,-0.02452573786440093,-0.0015685213495305605,-0.003524628588143175,0.004688210949975735,-0.009687922495099865,0.003516676143213937,-0.0008603399994553396
2024-07-24,-0.008426492953570563,-0.022662590807124183,-0.03587016600788895,-0.0287543179152554,0.008282212297024527,-0.0035043524704835294,-0.00359155869312322
2024-07-25,0.00619673448871394,-0.005210392136385078,-0.011027814134755287,-0.004804483846877372,-0.006547518799424945,-0.01564473026582147,-0.001029748560296584
2024-07-26,0.032455548053117234,0.01119982758277449,0.010256050384107818,0.002160991113448585,0.01324158700975353,0.010534525866662925,0.0010851384423078425
2024-07-27,-0.0014537411892032726,,,,,,
2024-07-28,0.006525726007755361,,,,,,
2024-07-29,-0.021037797689324123,0.0005876650547276263,0.0020088289469377685,0.0012846754872153365,0.004848724429583617,-0.0014050562105476505,0.00022795394253760648
2024-07-30,-0.009262185475442442,-0.005066577985250231,-0.013731483539935696,0.002565983904084135,-0.048431634432906656,0.009985461488319247,-0.003159325678096292
2024-07-31,-0.023893373992326827,0.01625470242197591,0.029593652482150068,0.014990787577857878,-0.0058132453892632,0.018110725786084414,-0.00031368354387706354
2024-08-01,0.011424614182306447,-0.014160914265491042,-0.02422144401026216,-0.01675070665527678,0.030667068653425167,-0.003442943141866439,0.0007252143928826449
2024-08-02,-0.06032105869640059,-0.018618386879309612,-0.023734842798282307,0.006869406976909742,0.026495191664819062,-0.0019046282784819235,-0.0033549348611565666
2024-08-03,-0.011967302150066583,,,,,,
2024-08-04,-0.04223983565450573,,,,,,
2024-08-05,-0.07098647891315102,-0.029123700429442123,-0.02981626673931892,-0.04816695160420703,-0.011876780586615232,-0.012691935106198704,0.011423649815007764
2024-08-06,0.03783671505322772,0.009219525118752125,0.009555205705076952,-0.00974829845868963,0.0001783440653657653,-0.008000713832612472,0.0036794715598382766
2024-08-07,-0.017968550940289485,-0.0066840558181857634,-0.0108298530483526,0.012498375344148549,0.01148197843115839,-0.0006796279952806517,-0.002261616420014434
2024-08-08,0.12144256099404904,0.02311749614077585,0.0305910106425602,0.016633201720601676,0.0049994372882955496,0.015688013635013043,0.00017478447067253988
2024-08-09,-0.013450358103773374,0.004409517803309226,0.00522227980222123,0.013735920414608804,-0.001931300378672951,0.0024552612171107047,-0.0011351369276645373
2024-08-10,0.001079157301276501,,,,,,
2024-08-11,-0.036529632368097475,,,,,,
2024-08-12,0.010814659848586317,0.0005254581184506169,0.0021536175611542863,0.007129923557630757,-0.021871529218607244,0.017144665770273848,-0.00017473410383794796
2024-08-13,0.021144992390795814,0.01644542365219892,0.024812809642322575,0.01719303512501158,0.002877283499389982,-0.001532358906807807,0.002055996775592428
2024-08-14,-0.0308911115194338,0.0031549520537195175,0.00032416613954144857,0.0020335914287630263,0.009026379295599796,-0.008155751250824572,0.005553525057191644
2024-08-15,-0.020041310813293967,0.017140245330878434,0.02526331794220682,0.01353064043917418,-0.005213321845609298,0.0031388449312386157,0.0014757817963280129
2024-08-16,0.023175912946963972,0.0022419791525347676,0.0012857305273215047,0.0059186583143100435,-0.00017858796890168893,0.02238773852658915,-0.0036758995319072785
2024-08-17,0.00993082725079053,,,,,,
2024-08-18,-0.016728732324455264,,,,,,
2024-08-19,0.01726094125025579,0.00956137091474707,0.013135974245262805,-0.0007079615685000595,0.0031566967549740976,-0.0016380226467286318,0.004762838560523397
2024-08-20,-0.008079210921579816,-0.0016261140417987985,-0.002098601902810082,0.0027447672069089712,0.01181588102778064,0.0036699887797402297,0.005576511052951094
2024-08-21,0.03664287570061453,0.003436664536923706,0.004664052799358442,-0.0004856079183342965,-0.0014673000890398358,-0.0013336178629832496,0.0037390286396496997
2024-08-22,-0.012967304646127387,-0.007848688368854329,-0.015854911085937506,-0.00825975283144087,-5.8620424671196325e-05,-0.011975011209935604,0.0024652959222828397
2024-08-23,0.061482671821355916,0.010625534716399265,0.010845575809723895,0.010288105431222272,-0.005759606468541789,0.011553425520716143,-0.00342409723658188
2024-08-24,0.0013205019089592707,,,,,,
2024-08-25,0.0024081210374646833,,,,,,
2024-08-26,-0.022583597070127692,-0.002383890782924558,-0.009708258735789954,0.0014988234276755996,0.0069751703326068615,0.0031893380775307456,0.006365920264025826
2024-08-27,-0.05369739018896724,0.0013729875397630042,0.0029873191548539513,0.003741653803808198,-0.00645738183354394,0.002706671669018279,-0.0020766916139590696
2024-08-28,-0.00800797843742207,-0.005805028975760629,-0.011347438914670382,-0.006753597708566095,-0.001122326611494473,-0.007026862307456638,0.0011849710056877072
2024-08-29,0.006108236397788236,8.929895963372125e-05,-0.0014638899201833144,0.014570271639342103,0.005737454736901126,0.005177980359189593,-0.004739286454720659
2024-08-30,-0.004524521990973862,0.009546210931426602,0.011919462001425796,-0.0034379735751901563,0.008880732164710636,-0.0071260085162319076,-0.004000090438690873
2024-08-31,-0.002530098940268344,,,,,,
2024-09-01,-0.027885585694078285,,,,,,
2024-09-02,0.031172733823612075,,,,,,-0.003214000190856159
2024-09-03,-0.02844504270361159,-0.02057899391929241,-0.030360992762759498,-0.027205212861720174,0.017372149915143797,-0.0043235765879541255,0.0020474717717107183
2024-09-04,0.00941156177702851,-0.0020469895515936587,-0.002598520250208236,-0.008618762157690418,0.007907392036239802,0.000607926500195255,-0.0016794385642910914
2024-09-05,-0.031240343288065575,-0.0024321523711449133,0.0009335896112609987,0.006927777412329972,-0.002444602268209195,0.008332306942507639,0.0028587264145090163
2024-09-06,-0.03938239218868078,-0.016830046442845803,-0.02678727068629727,-0.007014986527561939,0.0006837974352584819,-0.007402630408956501,0.0027667685247454443
2024-09-07,0.003539165966313096,,,,,,
2024-09-08,0.012964221602682846,,,,,,
2024-09-09,0.039713831911113884,0.01119631535686616,0.012859678298995147,0.00040754709835377767,0.0026766041166774723,0.004205876079289794,-0.002150916950658943
2024-09-10,0.011034389872275785,0.004355670926153188,0.009241742252135143,-0.0036214047785367853,0.009826271341099702,0.004404097525005923,-0.0044813102943156435
2024-09-11,-0.005300015516934153,0.010258946385845125,0.021715431585278777,0.011585160540387607,-0.021767086999206153,-0.001590555949419148,-0.0014988742242775244
2024-09-12,0.013669279499548104,0.008423059591109228,0.009816032542016018,0.0004940045249570701,-0.002587598571025751,0.017567284525531468,-0.0009138923865484871
2024-09-13,0.04205082955798245,0.005222739151962363,0.004480028287241256,-0.001212077046253035,0.003516645458240708,0.009943683944142245,0.006081768854457881
2024-09-14,-0.00934732588201681,,,,,,
2024-09-15,-0.013703582981947293,,,,,,
2024-09-16,-0.016733367188517922,0.001477123874262798,-0.004417989573998193,-0.027775144570015398,0.018152648751177836,-8.374817448153493e-05,0.0009536418367903643
2024-09-17,0.0363626062794542,0.0004084582864327668,0.0005282804484421089,0.0021725833217434154,-0.007673393392277572,-0.0055309113549146804,0.003706113070797379
2024-09-18,0.02223798894564699,-0.002965730407402778,-0.004329534359392873,0.01798971169573771,-0.011143837769730935,-0.007710465405288858,-0.0005783979918021487
2024-09-19,0.020937291974474137,0.01706426713245346,0.0252842638738191,0.03706565680700247,-0.013684594041234677,0.01554075728197235,-0.0007446361121506984
2024-09-20,0.004012038411551844,-0.0017286360158116354,-0.0019033769949547974,-0.0029274653180026977,0.015623211970011708,0.012710660066880486,0.004241518250529985
2024-09-21,0.003194394254405042,,,,,,
2024-09-22,0.004004601863112578,,,,,,
2024-09-23,-0.005010473135318549,0.002498934268385433,0.002650731078846613,-0.007581089784182704,-0.002582959605047841,0.0019404068737312041,-0.00010049842305048795
2024-09-24,0.01535087678718594,0.002861223307927485,0.004823593003020044,0.003974067552903193,-0.00304978930760591,0.01396907347432852,-0.004400265316868879
2024-09-25,-0.018021597802944433,-0.0022054529497933517,0.0009271196144642335,-0.004398024347449847,-0.005657150945509781,-0.001381767735031958,0.007151230534546471
2024-09-26,0.032273891570151925,0.003964639116043278,0.007513039928117804,0.005080066876726574,0.005515062232481549,0.005086884066794806,-0.005376310297212861
2024-09-27,0.00935309904070647,-0.0014502546060429777,-0.005556971304839342,0.0011865695275621313,0.0019628895831464988,-0.007935830791900744,0.004146666853728442
2024-09-28,0.0014741358273548943,,,,,,
2024-09-29,-0.003829909793174213,,,,,,
2024-09-30,-0.035130555094979754,0.004007120145220977,0.0027117941844840843,0.02287207822603854,-0.0020167037784988295,-0.007999374253898295,-0.0006589094951865437
2024-10-01,-0.039357521968434894,-0.00895832532483809,-0.013932341036149043,-0.02914159893673063,-0.000923863836683747,0.010491249392624136,-0.0029734512140978664
2024-10-02,-0.0033568819965540397,0.00042208177110447664,0.0014129129867130885,0.0025197433242127865,-0.006472472775780336,0.00020358719772617384,-0.006527790072830886
2024-10-03,0.0020882627636797935,-0.0018281765263400418,-0.0007470737589975185,-0.004894631936951388,-0.010470061151911292,-0.0006920058878576718,-0.001392079970037985
2024-10-04,0.021528753876634443,0.00908737891272482,0.011898116081586751,0.005007402516726156,-0.0072888708141848335,-0.001996030315693287,-0.0011698119884905323
2024-10-05,0.0003620681473552878,,,,,,
2024-10-06,0.011741093613744757,,,,,,
2024-10-07,-0.009269383518558882,-0.009040457007435831,-0.010711654884969835,-0.022530916310902205,-0.01042170507356488,-0.0033877625757333663,-0.005531086014798681
2024-10-08,-0.001682150134457161,0.009457430892487073,0.014934594432908455,0.01840405115607391,0.006223205523320896,-0.007371925565205384,0.00010970973519652816
2024-10-09,-0.024944762232405493,0.006926570504826257,0.0078684899360566,0.016698452101093553,0.006600890657770586,-0.005446185963701722,0.0
2024-10-10,-0.005077433013489285,-0.0017500610912019043,-0.0011356109466508224,-0.0021783238526293935,-0.001890721384671723,0.007342892553628744,-0.002954669543280719
2024-10-11,0.036011743668549645,0.005988267395711899,0.0015631622262273215,-0.0065053414127963505,0.012666501341320968,0.010913408354139564,-0.0008638422329961815
2024-10-12,0.011977460447594401,,,,,,
2024-10-13,-0.005406426515387475,,,,,,
2024-10-14,0.050830232433260125,0.00817844958060987,0.008391502441746468,0.016479865670019356,0.008299781779422588,-0.001629502157067031,-0.0007756225559412133
2024-10-15,0.015064992457922477,-0.00776983882010307,-0.013366771955333312,0.011024685474710694,0.006144778555202013,0.003468359323146597,-0.001483708503107417
2024-10-16,0.008526251733136592,0.004346497308902908,0.0001221397658688339,-0.008851884000882437,-0.006856002218440738,0.005001609209081437,-0.002296510595518164
2024-10-17,-0.0031485616380424464,8.578339713571914e-05,0.0006926465300816087,0.0015963480057223922,-0.0005803238500119434,0.00598831083503093,-0.0019877858886587774
2024-10-18,0.015118035686984221,0.003846585926947199,0.006554673436637737,0.012276553423913317,4.0826264203763785e-05,0.010618185005034864,-0.0030323382838881585
2024-10-19,-0.0008192879217548965,,,,,,
2024-10-20,0.009346740674458287,,,,,,
2024-10-21,-0.023678423698328066,-0.0016423109811971592,0.001921204547910449,0.006297833056365443,-0.010158737169014609,-0.00019900127714245208,0.003608352223611222
2024-10-22,-9.567341618454961e-05,-0.0005310922072517821,0.001089987180931118,-0.002621656620710122,0.0009437281028223943,0.01078732362833379,-0.004673224704925039
2024-10-23,-0.01379441121005398,-0.009137531074060123,-0.01532377252252326,-0.02162314258763609,-0.0007071287398527915,-0.012050555849465017,-0.0019003483549562272
2024-10-24,0.02602442034118191,0.0021628346516617825,0.008108751601455744,-0.0008233535277790693,0.0002358763749146231,0.007693259346016168,-0.0015524310655355977
2024-10-25,-0.022280180844656217,-0.00034537534899536926,0.006093627732879137,0.003643169542166591,-0.008253726262983152,0.0020569789010425055,0.004048280359946421
2024-10-26,0.00558625096700216,,,,,,
2024-10-27,0.01364777618155344,,,,,,
2024-10-28,0.029125296867722028,0.003091318963473144,0.0001614661724642641,0.008599503947592568,0.006420055953246795,3.945407605776552e-05,-0.002548029968427179
2024-10-29,0.04023493905417541,0.0016186067466976706,0.009608418331548796,0.0011567423416700695,-0.012581074048569674,0.010894858433216914,0.0018712969894509879
2024-10-30,-0.005238593875544262,-0.003025337804825834,-0.007557478609192203,-0.01527797569634548,-0.006041622006246694,0.005505891218995584,0.0003570732687898648
2024-10-31,-0.029366396164960396,-0.019603165693758418,-0.02524288269652697,-0.018209361254296064,-0.005898059631345487,-0.015495166963743978,0.0035618565060204777
2024-11-01,-0.010435331387529279,0.004220669216986606,0.007399061245376037,-0.013279546623767957,-0.0004843190871941516,-0.0041023758773532926,0.0024819583506552334
2024-11-02,-0.0027804900426771084,,,,,,
2024-11-03,-0.00791112711687536,,,,,,
2024-11-04,-0.013523338185854272,-0.002154015245222962,-0.002913237056769158,-0.004037604028045316,-0.0001211865695633918,0.0014259144001700363,-0.0010655995851049926
2024-11-05,0.02282879023690776,0.012091817080668754,0.012756819966652788,0.0064861480448801245,0.004119206202038761,0.002254447895034817,-4.352012235619984e-05
2024-11-06,0.09053568676993895,0.02486536753574642,0.027163289272229107,-0.0032669283786925796,-0.028414539325648747,-0.030386729020158154,0.005554702899202235
2024-11-07,0.003513808689745934,0.0077323770676189785,0.015744292341902444,0.021372037763393914,0.01465390143942824,0.016076503855530166,-0.01841790161863377
2024-11-08,0.008439738809541852,0.004331637402957833,0.0011683904908852405,-0.0011881298656151174,0.026314169465165183,-0.006769426092267161,0.005786161482286278
2024-11-09,0.0030490452928257916,,,,,,
2024-11-10,0.048129393514959595,,,,,,
2024-11-11,0.10223522760015435,0.0009528259744473466,-0.0005834536447215655,-0.012028520619233651,-0.010017269684241992,-0.02347155656813127,-0.007436133497694897
2024-11-12,-0.008406532091926988,-0.0031064475544430037,-0.0018100495584576493,0.0,-0.0011444885987130782,-0.008631355179477884,-0.004713679148511618
2024-11-13,0.029882636380625716,0.0004857695137632234,-0.0012867123070209319,0.003969155680726866,0.0044620748552250955,-0.010081225320474285,-0.004469625327243376
2024-11-14,-0.03680261786927608,-0.006430017819199607,-0.006949632086425739,0.013770376041206012,0.0030016977565876513,-0.0026091417886487944,-0.0049545500735181935
2024-11-15,0.04373133907381366,-0.012808605553460195,-0.02382595296525214,-0.014109245028521067,0.014723405987635774,-0.0017720694429753658,-0.003222246420885977
2024-11-16,-0.005573223886622736,,,,,,
2024-11-17,-0.007869224693816235,,,,,,
2024-11-18,0.007755383808848215,0.004097487773616626,0.0069475585236795645,0.01342227508118854,0.007137107814561672,0.019020246289590537,0.00034766267324415345
2024-11-19,0.019892819836786257,0.0036551654273448975,0.00687969095004215,0.0011401709919756087,5.844868261517533e-05,0.008959325127211537,0.005806019818599184
2024-11-20,0.02161166598491282,0.0003387991312679972,-0.0005759736915600389,0.003154131893945644,0.000761277516738712,0.005632045702723465,0.001198629558994746
2024-11-21,0.044151545428309014,0.0053684473672470645,0.003597218180617645,-0.0020960313209054116,0.010884310976487566,0.008339500390982302,-0.005789868023150069
2024-11-22,0.005004201495724558,0.0030993837232957677,0.0016039977383703885,0.0059075165320887635,0.020433992823392977,0.012892210445830665,-0.007286603503216971
2024-11-23,-0.012327389984975179,,,,,,
2024-11-24,0.002419161787646784,,,,,,
2024-11-25,-0.05011051933125821,0.0033921526241242894,0.001581663576563086,0.013050798837767497,0.006296900177616527,-0.029458856541118794,0.0010059984149974888
2024-11-26,-0.011997304040733403,0.005221376941263234,0.005369236814219969,0.009404410213577297,0.010823495895555535,0.0019383092584315254,-0.0033944345196962322
2024-11-27,0.04323745271515378,-0.003029956675746681,-0.007873410831728878,-0.0005530115644419853,0.00027882395847589336,0.002222714763140843,0.004490308188931369
2024-11-28,-0.0032310787967048116,,,,,,0.006791653575785039
2024-11-29,0.018912786163713058,0.006212168654423644,0.00878687643986531,0.010215752012810997,-0.0005574038713120899,0.008624546377060671,5.281913081822687e-05
2024-11-30,-0.010388394458550332,,,,,,
2024-12-01,0.008613193542348574,,,,,,
2024-12-02,-0.01454037255458307,0.0017922584580638556,0.010888090651113513,0.009522536389068748,0.0024545299806026932,-0.008754403389975018,-0.0016977970845830637
2024-12-03,0.0014276215513644441,0.0004638854809093651,0.0030659659040235265,0.01277194600773246,-0.02381751039805191,0.002012776164397767,-0.004158447181446645
2024-12-04,0.02881567529768403,0.006209500212288388,0.012363139136823964,0.0014835436581230876,-0.0017672062079697737,0.003033679807253664,0.0009143989742383951
2024-12-05,-0.022020788503929523,-0.00164570260080521,-0.0027714236266568326,0.00012341390540426822,0.005253829357408479,-0.007397709454119217,0.0003154091131798431
2024-12-06,0.03444474217316973,0.0018958415710579324,0.00894974701136686,-0.0008229105786089486,-0.012554629257728211,0.0003705687954560499,0.006795994648919557
2024-12-07,2.627082989481444e-05,,,,,,
2024-12-08,0.013136868131795154,,,,,,
2024-12-09,-0.03756861480096407,-0.005149727983354002,-0.00778747688927206,0.016101202208764764,-0.017431902858082715,0.009919751769426055,-0.0019018358549437453
2024-12-10,-0.007772430783165474,-0.0031090161262166127,-0.0034075795621070215,0.004133841778114489,0.008724215903198163,0.01316431251835759,-0.0009710081955754957
2024-12-11,0.04652269534294651,0.0077306629842794905,0.017902333654016722,-0.005166172185906537,-0.009577388706418777,0.009533812345188464,-0.002106648858464677
2024-12-12,-0.011169293200355757,-0.005152592588956062,-0.006453609738705901,0.005963773287277263,0.001289383282871981,-0.014663722649505995,-0.002479601489141614
2024-12-13,0.014156490833941326,-0.00019882741174104268,0.007654439567938542,0.0006855702389934049,0.0012291224062299655,-0.012091578404740733,-0.0031212470011464655
2024-12-14,-0.0008504799301751742,,,,,,
2024-12-15,0.02886101293644905,,,,,,
2024-12-16,0.016596788984881483,0.004270189648533096,0.014400454940409091,0.011727658976129263,0.00046757823829746137,0.002415209844427002,0.003436723753809101
2024-12-17,0.001045771070669721,-0.004120052550405595,-0.0044037710354571935,0.009719587636433547,-0.0047329340578941,-0.0038386247250202787,0.0006941552918395821
2024-12-18,-0.057462106019896764,-0.02980357345545892,-0.036076878181905636,-0.021421730443265674,-0.007338749871944827,-0.01918507783771317,-0.0021200121370241742
2024-12-19,-0.025495268879325628,-0.000306999319557244,-0.004453361915405463,0.0070146708943221725,0.0006506957500629351,0.0014210967336203417,-0.013796860409498679
2024-12-20,0.002717960528709318,0.01201099558323726,0.008732629624223165,0.01881582123937009,-0.006678843662551781,0.010434056495473909,0.0014199956440721362
2024-12-21,-0.005433973434635808,,,,,,
2024-12-22,-0.021802983021374844,,,,,,
2024-12-23,-0.004402456102765462,0.005988113644693316,0.00974283693078215,0.003065040466438962,0.00029748849170596614,-0.004708795377563968,0.006572816929756531
2024-12-24,0.04213760595334648,0.011115170727943768,0.013559673252167226,0.011477955167395804,0.004937161720476979,0.001992014086009908,-0.002611890288039209
2024-12-25,0.0063146152104343045,,,,,,-0.0003120618074839987
2024-12-26,-0.03528406928650052,6.652365111459169e-05,-0.0006795182108099151,0.003175811542425633,0.00722143643822748,0.006751179863859091,-0.00029107357560742564
2024-12-27,-0.017022260795415023,-0.010526513060112985,-0.01329295899741012,-0.013242137125365372,-0.0037023200907041476,-0.0068705038771271765,0.0022721812206090153
2024-12-28,0.010609799867287384,,,,,,
2024-12-29,-0.017167251608511402,,,,,,
2024-12-30,-0.00948373223930199,-0.011411712672685148,-0.013299962751359251,-0.01326345192816536,-0.01439279589654674,-0.0031896811646235923,0.000594492107253819
2024-12-31,0.008484077565384274,-0.0036379457138790983,-0.008494627639557661,-0.007057920505507687,0.0033514802894383244,0.006233636577161361,-0.0022269349976842268
2025-01-01,0.010602195613021781,,,,,,
2025-01-02,0.026129247147606893,-0.0024571493834200098,-0.0019561510506885815,-0.02623585935582251,-0.009961231911053137,0.013587714119632333,-0.005217249054994322
2025-01-03,0.012597729955682757,0.012503473922702568,0.016365210291959142,-0.002009509115526331,-0.005120968703255069,-0.007864039973028869,-0.00808116751134591
2025-01-04,0.0013128146911018934,,,,,,
2025-01-05,0.0008014800420892421,,,,,,
2025-01-06,0.03827621924594227,0.00576066668960995,0.011492857427119807,0.00673900574156705,-0.02743294374615768,-0.0012320959587239777,0.003617188874099675
2025-01-07,-0.05050430525956884,-0.011304119376359778,-0.017844176456268013,-0.011387776916781611,0.004358793984866383,0.005633435188264313,0.007862458055476917
2025-01-08,-0.019388436629511285,0.0014610443232185855,0.00017466382578645856,0.0020229888322240708,0.004959493886890209,0.005315681488123669,-0.003931263264369433
2025-01-09,-0.026929603222076492,,,,,,-0.0029809405322528404
2025-01-10,0.023976181025154863,-0.015267481874933542,-0.0156811188357715,-0.024103726697463634,-0.021838374363392643,0.009558310004399662,-0.0016578833712275198
2025-01-11,-0.001424047578467369,,,,,,
2025-01-12,-0.0008264678561502592,,,,,,
2025-01-13,0.00029724205673309356,0.0015505471876331445,-0.0032137012642027285,-0.01034417252455,0.0017659895469857023,-0.009951255605703757,-0.005163311937805948
2025-01-14,0.021345722040169157,0.0013759292368293874,-0.0009494685891735521,-0.0047782003738834344,0.005666016576840294,0.005249423200524461,0.002032546814788372
2025-01-15,0.041129999632577796,0.018189978739041157,0.023006273177832437,0.019675956706457276,-0.0005634889596853876,0.007488993695735191,0.004050693063236022
2025-01-16,-0.0074383335632930425,-0.0019231741492636845,-0.007005941784208991,-0.04040017608687774,0.0053242102302042404,0.006910965874952435,-0.001122253065001133
2025-01-17,0.04716598568833419,0.01004005829515453,0.016878374094615012,0.007535313350886419,0.003925250042477346,-0.005307269747253374,0.0006490050075860232
2025-01-18,-0.000516635042589142,,,,,,
2025-01-19,-0.03178356737719257,,,,,,
2025-01-20,0.009170622908047932,,,,,,-0.0023843130829300785
2025-01-21,0.040479676535688514,0.00915347978956249,0.005864962128324658,-0.03191592361417239,0.003661656472002006,0.01548521901629396,0.01394279770201634
2025-01-22,-0.023488299826845638,0.005621467458882812,0.012786040339590965,0.005344970004767413,0.01867426055543242,0.005135652699768123,-0.0014152030165982543
2025-01-23,0.002962783076025932,0.005457919374235454,0.0021259831964470788,-0.000759478195257568,0.008558995134902103,-0.0014148699521492336,0.00040599688560072345
2025-01-24,0.008265785680243276,-0.0029192785511880093,-0.005651187959138881,-0.003934505603846894,-0.006194732248992141,0.006218705580030903,0.0005624851491667915
2025-01-25,-0.0010001569662844156,,,,,,
2025-01-26,-0.019406534499448846,,,,,,
2025-01-27,-0.005792734886665207,-0.014145267289494612,-0.02911473409040377,0.03178014674144025,0.03375579365493375,-0.0104048052682425,0.00495113811170067
2025-01-28,-0.007397669160641884,0.008592241279474333,0.01478000682891989,0.03654394871352906,-0.020452608733823707,0.008656417783572623,-0.0021516145137691067
2025-01-29,0.023395602825692086,-0.004482817641149883,-0.0018779391354205588,0.004616873847964831,0.0002405597181183161,-0.0038404097330004827,-0.0015331053400753358
2025-01-30,0.009952379879751394,0.005367078407106485,0.004262265038541546,-0.007394764006926291,0.007098558347642836,0.01514551884715587,-0.00036486163034166186
2025-01-31,-0.022249243050878498,-0.005321847370101107,-0.0014530857286525478,-0.006692090478919499,-0.008482118889872603,0.0019763991077348386,-0.00268257458552168
2025-02-01,-0.017080384621634526,,,,,,
2025-02-02,-0.02947596219670423,,,,,,
2025-02-03,0.03804365081173988,-0.006729648336339378,-0.008003013419383143,-0.03385603672180437,0.01668770809676201,0.005337271410283728,-0.014377536010052872
2025-02-04,-0.034846278405663456,0.006708326846265988,0.01227516213222013,0.02100795002801048,-0.003732872282454558,0.00984841707528572,0.007766210111102678
2025-02-05,-0.012836943218062724,0.004054603016241831,0.004537997132848748,-0.0014175532806101065,0.0052338775714206864,0.006209542410714253,0.004398011689169534
2025-02-06,-0.00022924323774897726,0.003475511193955949,0.005219563002810457,0.0032262253810400043,-0.0007691713865253247,-0.0026502562908058414,0.0027041830597469563
2025-02-07,-0.0006647556256734743,-0.009153379072484702,-0.012612978727623902,-0.023968817577137314,-0.005388437797312906,0.0017841598670260694,-0.0014540054721770002
2025-02-08,-0.00048309597099249757,,,,,,
2025-02-09,0.00018283765004545316,,,,,,
2025-02-10,0.009714611676219231,0.006791088357224195,0.012104930066825226,0.0011874586502707007,-0.002619431943904349,0.016938239196991,-0.007135643922794088
2025-02-11,-0.017345724709743937,0.000760531944440368,-0.0023806340589549446,0.02183176104072171,0.011341177224869048,-0.0036516022155236305,-0.0009786114722859507
2025-02-12,0.02233406885677658,-0.0032213905817672916,0.0005870104567200496,0.018270070070558475,0.0008852910422270099,0.0010471549570203464,0.006156768707821447
2025-02-13,-0.012892487184132717,0.010557361833585244,0.014385759105328466,0.019673266018733315,0.008491686593556258,0.009862831092105617,0.0026084706288276305
2025-02-14,0.009160278803397981,-4.92537148217842e-05,0.004198682869986037,0.012710697826132211,-0.04753840325155134,-0.014871773334245608,0.006705875470178757
2025-02-15,0.0007320640697474623,,,,,,
2025-02-16,-0.014401672980240199,,,,,,
2025-02-17,-0.004176223623530095,,,,,,0.0026327820045104477
2025-02-18,-0.0024415545387781457,0.002935970672995225,0.0022669603146123762,-0.0005314861821118511,0.015593302649166363,0.01656090548123368,-0.0003669738116622856
2025-02-19,0.011472343504350446,0.0023549433000009667,0.00027808859980216205,0.0016362165493104541,0.006407795912989123,0.000554096378723612,-0.003531586340879578
2025-02-20,0.017574558032842136,-0.004160263017604526,-0.004244510586287276,0.003920392165755571,0.004324548945048079,0.0005168326664386491,-0.00261560548386075
2025-02-21,-0.02245807176184722,-0.017104081046337205,-0.020754623574849584,-0.0011390214561466383,0.018060958983822983,-0.0009225433005247696,0.007633917867490458
2025-02-22,0.0047043783073406065,,,,,,
2025-02-23,-0.0031460239332733453,,,,,,
2025-02-24,-0.05043681513571874,-0.0045505827357145145,-0.011804433904393674,0.006312429397624886,0.001820997056433571,0.005429568123388684,-0.002451152351532815
2025-02-25,-0.029337712021491935,-0.004973053296503771,-0.012599279031869082,-0.00024284816198016923,0.012372497936404159,-0.013188334192659745,-0.001286799161344221
2025-02-26,-0.04946290046952739,0.0005046465936875411,0.002415804322422499,-0.027040185672464467,-0.007819203002304653,0.0015263333689308212,0.005998783902478877
2025-02-27,0.004234922709094535,-0.01596182659286549,-0.027771287137281386,-0.012730896109299117,0.003911181797292107,-0.015239958822878874,-0.0033563824334480463
2025-02-28,-0.003910297790814532,0.015605608485163236,0.015791434897993062,0.019131861615869106,0.010874033959082263,-0.006265820058134697,-0.008929464425346478
2025-03-01,0.019661575342751147,,,,,,
2025-03-02,0.09550452979612856,,,,,,
2025-03-03,-0.08682040111941614,-0.01752008108508618,-0.021882565272638987,-0.01575416902354332,0.01006668600226357,0.013180390342641513,0.0018017084062638133
2025-03-04,0.013437685575495406,-0.011836788638108442,-0.003017719346601777,-0.00882253073183037,-0.013725129308972184,0.008697635934455272,0.0068361476632621265
2025-03-05,0.03899657851208138,0.010747700869846,0.013036088849842864,-0.0008051681077749784,0.008257246741647739,0.0020813110966888537,0.013538875107199866
2025-03-06,-0.007303133084179958,-0.017750892366065973,-0.02750943381682658,-0.0017391694763003729,0.00028649342272801803,-0.005081207410422395,0.015803682242369943
2025-03-07,-0.0357824911826653,0.0056047542726263,0.0073535355517866385,0.015892550982702147,0.007385651143176464,0.0005219558189655249,-0.000647234466842117
2025-03-08,-0.006779571257010009,,,,,,
2025-03-09,-0.0644603432710168,,,,,,
2025-03-10,-0.02567012890361897,-0.026635448353614644,-0.0387563167926096,-0.04847958752014636,0.0017619774653252485,-0.008755937163287819,0.0067335647250317265
2025-03-11,0.05513944554449135,-0.008313067974960453,-0.0023905264030480433,-0.029189390099861323,-0.01781479325405133,0.011727541035094546,-0.001951039928978826
2025-03-12,0.010380466895202334,0.005306664456809607,0.011280832886223946,-0.017478623870416543,-0.027437439918014728,0.004346793335703092,0.006897692458530891
2025-03-13,-0.0317197970748182,-0.013330638775332249,-0.017990407279772747,-0.03364377414854525,0.0013066513035695504,0.017756144523255468,-0.002558252061335975
2025-03-14,0.03580259620308812,0.020655943292980483,0.024170456746661628,0.018170562751941066,-0.0036776097073455416,0.00039975774946587883,-0.002811636557319863
2025-03-15,0.004454112352525463,,,,,,
2025-03-16,-0.020907717157540473,,,,,,
2025-03-17,0.018115835083536647,0.007711215109664327,0.006483659277030318,0.0023889651065525097,0.010656588287457636,0.0054135329342379634,0.002361313594480885
2025-03-18,-0.016142449028442418,-0.010808337476654883,-0.01704746128439616,-0.006121572295473499,-0.012075676260108748,0.011671955843306048,0.0034831765334208953
2025-03-19,0.049997601050550955,0.01089078411239508,0.013381502115808352,0.01198932118931273,0.0051278423994440825,0.004107707999658539,0.0018596741869165712
2025-03-20,-0.030937253791171848,-0.002891583628989891,-0.003389586747070905,-0.005296387612504949,-0.006050897252250831,-0.0012805854303336028,-0.002520622057834987
2025-03-21,-0.0014727011460912154,0.00032970121798925334,0.003296728647070646,0.019476826454002172,-0.005132833732237385,-0.008049901213267985,-0.005059227151979595
2025-03-22,-0.0025077306278807887,,,,,,
2025-03-23,0.026503933905394295,,,,,,
2025-03-24,0.016786352378946434,0.017908555198050014,0.02194435852217902,0.011270360897519094,-0.006239203255961612,-0.004452548665506595,-0.001928790453157081
2025-03-25,-0.0003109860024155253,0.0024038818271738815,0.005706572382934594,0.013681982036074514,-0.016902944071902404,0.004400365088198743,-0.0029709464430933696
2025-03-26,-0.00652577110204744,-0.01193834026356333,-0.018400669259870495,-0.00992184063628776,0.02290432106399276,-0.0008259812019960622,-0.0014886306947903272
2025-03-27,0.003178549412391707,-0.0026557520973764515,-0.005698067563425169,0.010472665543175053,0.012786856799056778,0.013405732882559862,-0.004210979976130513
2025-03-28,-0.032393289916566204,-0.020138286127721727,-0.026327701004877135,-0.026580320996315576,-0.004030771002454414,0.007412123023167849,0.005486903144057864
2025-03-29,-0.020812056603918605,,,,,,
2025-03-30,-0.0031848691098436133,,,,,,
2025-03-31,0.0026038970780313253,0.006712883545730408,-4.2701491204111264e-05,0.0194124885068796,0.01422364039574786,0.014363222998346137,0.0021215078090845996
2025-04-01,0.0317418810684309,0.002824468752555598,0.008061117140947038,0.004772185559612119,0.0008215706031211578,-0.0019782303576065807,-0.0004652105854351385
2025-04-02,-0.031507420800550134,0.00632832407041195,0.007298495863071963,0.0031363354016349376,-0.006214787892707463,0.0020516615880092903,-0.002116018504694228
2025-04-03,0.007481504135517403,-0.04928091580847893,-0.053533625399094786,-0.09245618035294689,0.017050190255234243,-0.006038278082531101,0.010439658179454803
2025-04-04,0.008916382019940938,-0.058542793161707296,-0.06210882880352331,-0.07288746190437001,-0.05011897310664437,-0.02339226273628292,0.012380016951382578
2025-04-05,-0.004043325726492686,,,,,,
2025-04-06,-0.06335339642726368,,,,,,
2025-04-07,0.013051950296130821,-0.0017811931006487258,0.0024132767877496075,-0.03673422126260195,-0.02149626954142747,-0.02148580630415131,-0.005360440510336351
2025-04-08,-0.03739976334343409,-0.01566283611567243,-0.018008631213604964,-0.049818177330232194,-0.011483369338288973,0.005443793790763651,-0.00629822288861126
2025-04-09,0.0826253916648998,0.1050193499563612,0.12003084661093011,0.1532885256174954,0.024812098983523878,0.03699125081478161,0.005962451246217304
2025-04-10,-0.0356990599146636,-0.04381899412347667,-0.04253217437814427,-0.0423938616432078,0.007639235560693569,0.0244235794430141,-0.0025847176829951746
2025-04-11,0.04745546227457886,0.017842705515039414,0.018423026587357505,0.04059450740721626,0.020481819385476774,0.019086664805096243,0.027919435356977162
2025-04-12,0.022567917271733462,,,,,,
2025-04-13,-0.01878516957885823,,,,,,
2025-04-14,0.010245734631468162,0.009701436883774672,0.006778218433960204,0.022054074005721125,0.013300617268411807,-0.005705977012200658,0.007577279343956134
2025-04-15,-0.01033089354397465,-0.0028008096342629907,0.0011147908840389853,-0.0018763739726259665,-0.00390233916206173,0.005232379352138938,-0.0003062430815494732
2025-04-16,0.004360934564412222,-0.02222803272207108,-0.030153549444919214,-0.03893337736692237,-0.012346469597698806,0.0325408102664011,-0.004144378660155601
2025-04-17,0.01025637449930672,0.0014268092873082061,-0.0001800510977835179,0.013949650218456622,0.02548235197846349,-0.004390692094044635,0.009220013132087201
2025-04-18,-0.005241078764249063,,,,,,
2025-04-19,0.007254038339443714,,,,,,
2025-04-20,0.0013036230231544543,,,,,,
2025-04-21,0.027527099529631727,-0.023802643664465384,-0.024746776536028525,-0.019392854269901894,-0.022544831989448233,0.03093558529908469,
2025-04-22,0.06767662701452015,0.026017697286444985,0.026252104429252743,0.03406507370041245,0.012850737802955647,-0.014195668551963636,0.010177273336324122
2025-04-23,0.0027527134594511615,0.015495355748962103,0.022678092837720376,0.024331559837067696,-0.012806817835422146,-0.023978630729734163,-0.01403016623455533
2025-04-24,0.0026114175645013393,0.021049019601060648,0.028137178908567373,0.01842626323361718,-0.037410200732649335,0.014556277018207942,-0.0021068835399171704
2025-04-25,0.008267742531563593,0.0072253777163768795,0.011147968666084251,0.00436713498115382,0.009339723027953273,-0.010841679678267213,0.003934726147248657
2025-04-26,-0.0007767095032226168,,,,,,
2025-04-27,-0.00942540809771053,,,,,,
2025-04-28,0.013054325526514532,0.00038130205064490497,-0.0003173860729356326,0.004109273968162741,0.005154847219554837,0.01424210344049559,-0.0025294967307852856
2025-04-29,-0.007306486319308303,0.006299340378101537,0.006604388354886526,0.0050919934157460656,0.002532974938135313,-0.009738925467677184,0.005818618549439769
2025-04-30,-0.0008217291810309613,0.00039692408336877705,-0.00012620020782727615,0.006107585626286438,0.0019106039729803737,-0.007482221012837353,-0.0017425088679668965
2025-05-01,0.02425526614507767,0.007086803603094882,0.013060758074624035,0.0038588909727230725,-0.015931506620481484,-0.02077228754256477,-0.00565124200256939
2025-05-02,0.0043291974532626565,0.014844351853786408,0.014843842411134789,-0.037361736221225184,0.003375336562237541,0.0017481999132260562,-0.002507785777999927
2025-05-03,-0.010507405827035687,,,,,,
2025-05-04,-0.016433317174712747,,,,,,
2025-05-05,0.0045811763897039,-0.005734511693465172,-0.005932505354178774,-0.0314585312230804,-0.010528200621200856,0.029867754776654154,0.002366562932993199
2025-05-06,0.02168299794413664,-0.008358321714206363,-0.009301695397857856,-0.0019106974531591936,0.0026442918037035135,0.02802400275899264,-0.0008710742701883989
2025-05-07,0.0023743581586117557,0.00420554784974847,0.003925955359544098,-0.011384749387458926,0.0002511637516688925,-0.014993060801348546,0.0025974827882915275
2025-05-08,0.06399043746457878,0.0069676804975136175,0.010324871306324424,0.006318509532712513,-0.0040179065929105695,-0.0196942722998793,-0.0032222829801346053
2025-05-09,-0.002621130818400763,-0.001274006294755714,-0.0006553326050046104,0.0052661511223814905,-0.00624010975849032,0.007254674259445482,-0.0072507998190278755
2025-05-10,0.016756941758927724,,,,,,
2025-05-11,-0.005635047193781384,,,,,,
2025-05-12,-0.01242389281274392,0.03304739833427317,0.04074015490822247,0.06314609922458425,0.02055063146893099,-0.028190568373488878,0.0004828175986058003
2025-05-13,0.013197358248725033,0.006603940317170043,0.015240806358721048,0.010152295700247338,-0.01348678282989857,0.004258992599597278,-0.011938820247321957
2025-05-14,-0.006051642240404331,0.0012779543304903829,0.005993051999379162,-0.0028178117705190964,-0.004472959850564395,-0.021037827999516923,0.008109462705120363
2025-05-15,0.00198211052629782,0.004884342398821628,0.001098956062686618,-0.0041445074093784395,0.027781376099944133,0.015963953531585195,-0.00032419902750946417
2025-05-16,-0.0024613470244020386,0.006334078244299102,0.004352493636323507,-0.0008985115224213747,0.005356811986453991,-0.012087047232674286,0.0009625714399328356
2025-05-17,-0.0028814878109744146,,,,,,
2025-05-18,0.03154266519659865,,,,,,
2025-05-19,-0.007889709931436006,0.0010938140906693317,0.0009586910245376057,-0.011739158746800094,0.009125413726345899,0.012880671121226372,-0.0004587228270362953
2025-05-20,0.011220046530480143,-0.003362231831992357,-0.0033331715897231273,-0.00919621752531341,0.005280086475206502,0.0186222454642182,0.004100138468513759
2025-05-21,0.027034018449719976,-0.01685079515955512,-0.013896782086333825,-0.02305911477177236,-0.0012678356317158412,0.007378683875855163,0.004853828028530183
2025-05-22,0.018191448638679386,0.000394753036272677,0.0018711545845648825,-0.003612234385890978,-0.0024178098836613593,-0.008861493387459118,0.003829962183004465
2025-05-23,-0.03927066820202352,-0.006825781018315102,-0.00926062205096323,-0.030244329373685708,0.005029305193397615,0.021906288045034472,-0.0043547334541853555
2025-05-24,0.004691674073487251,,,,,,
2025-05-25,0.011543009819045436,,,,,,
2025-05-26,0.003714175371671846,,,,,,0.008063275420608917
2025-05-27,-0.004072780217708405,0.020790667721467315,0.02352527586663311,0.025298341226390075,0.011455295245363928,-0.016949152542372836,0.0013780624862818058
2025-05-28,-0.010939184653144474,-0.00578541447708103,-0.004432059560404045,0.0010488851004830657,-0.002384229426500184,-0.0022660178699712707,-0.004512133069928481
2025-05-29,-0.020041963379443528,0.003947277340796251,0.001965756224008297,-0.0023450596251283207,0.007170251667438787,0.0059247154716217665,-0.009121845100342862
2025-05-30,-0.015554336978341854,-0.0011183521919033712,-0.0015771162670873418,0.004501176550088415,0.007890215700415482,-0.006576942326457891,0.012880357778047635
2025-05-31,0.006149348357177731,,,,,,
2025-06-01,0.009690618169351017,,,,,,
2025-06-02,0.0021715582000447764,0.005632901136813695,0.007898273750113427,0.004231977181111901,-0.012419681813393812,0.026581051258171673,-0.0022025434804063826
2025-06-03,-0.004241178746647534,0.005702485631296383,0.007816921385350728,0.007783765588379676,-0.005542952313525751,-0.008855551213511115,0.008819226592268192
2025-06-04,-0.0066439151364365845,-0.0002684438644731113,0.0027878496326794178,-0.002213754276742086,-0.005394055446633628,0.006441974072654677,-0.006022474969410441
2025-06-05,-0.030134359325224014,-0.0048327690561892345,-0.007526994589773239,-0.010797698521272103,-0.018981629064312888,-0.00504987891618125,0.003300948975710094
2025-06-06,0.027707252931573167,0.010268979858962801,0.00977533499907679,0.016398234280647683,0.007493835650516756,-0.013416073696802311,0.002783278827282354
2025-06-07,0.011737496074678777,,,,,,
2025-06-08,0.0016855786016509722,,,,,,
2025-06-09,0.04253991795791734,0.0009012828881442836,0.0014720408870669832,-0.012112498170726016,-0.008901348136915788,0.004718534884218695,-0.004015539686889502
2025-06-10,-0.0003342625487465778,0.005669664668890739,0.006614042775864082,0.00605594241060059,0.0017223473017347057,0.000293510988597534,0.0017713400708556648
2025-06-11,-0.014244955298426398,-0.0028519145907881516,-0.0033695600261574032,-0.019193715350202756,-0.004482877524793816,0.005412290790508978,0.0008235503479774309
2025-06-12,-0.025371753999169577,0.003974226097154476,0.0023476595861344762,0.0021129385173963566,0.006600388419911729,0.0124202002480438,0.0062840581474452595
2025-06-13,0.0015285141831733462,-0.011179962144145295,-0.01255469543517651,-0.013805310006740679,-0.017771783517858797,0.013100564311248064,0.00789975565342127
2025-06-14,-0.0058304915798971235,,,,,,
2025-06-15,0.0007548627203146641,,,,,,
2025-06-16,0.011792615001237072,0.009514092086442716,0.013909833460251875,0.010028094916962882,0.0037434417294539557,-0.01425909653729851,-0.0037559350278424386
2025-06-17,-0.020559056941174436,-0.008545134970438073,-0.009750979092565615,-0.014010672570188287,-0.014669205937350327,0.0005131941200071655,-0.0004620169272109287
2025-06-18,0.0026979724986506692,-0.00015063576973428638,-0.00017028545475894497,0.004804632818980137,-0.0031543017306028265,-0.005385627565021256,-0.00594800541714724
2025-06-19,-0.0018977187896134229,,,,,,-0.0004476588490744948
2025-06-20,-0.013131746055793259,-0.002348432728309091,-0.004083141280305624,0.02248460469392599,0.006708144504202984,-0.00041901914110908933,0.0030739436330802228
2025-06-21,-0.010184874363913243,,,,,,
2025-06-22,-0.012422235919953284,,,,,,
2025-06-23,0.04545759771084712,0.009877375905910313,0.010282416632169111,0.0024875227541492073,0.012257908986498478,0.0030631724583116693,-0.0010350377251370224
2025-06-24,0.004431419225533917,0.011047208993087754,0.015291997423467318,-0.005955377660487593,-0.004160781925193646,-0.015719378751237634,0.008536921477964032
2025-06-25,0.012406215749838134,0.0005603646306042709,0.0025564521959329234,0.0062906362674568506,-0.008667820600997356,0.003037305817845004,0.0011379258177608431
2025-06-26,-0.003737454466123835,0.007823779874487347,0.00935035960570385,-0.0027783184602787614,-0.002138750698631564,-0.0011070472235482631,0.006157340641507414
2025-06-27,0.0012007263229245613,0.0049683317640052405,0.0034235586369515403,0.0003979975434207361,0.007753767559754099,-0.018123728993798327,0.0007249234392081583
2025-06-28,0.002234353778444831,,,,,,
2025-06-29,0.009856422495764683,,,,,,
2025-06-30,-0.011535062936840146,0.004781206068339872,0.006477035183753976,0.02034008166750545,-0.0033778704755227373,0.01198454729743359,0.003013925168278586
2025-07-01,-0.013413452013053329,-0.0003235797161743603,-0.008429437554041574,0.012916108907951696,0.011925626717124382,0.008923010663382636,0.005092043354438136
2025-07-02,0.02990624847553991,0.0045333761723596044,0.0069653802948459465,0.022230859910811418,-0.00012404734752891056,0.005527596405484614,0.0015583858686389895
2025-07-03,0.007244728772290987,0.007881385172987976,0.00984014765115293,0.005225040243511225,-0.0022952580183577265,-0.006822911403597365,-0.00044844072685967795
2025-07-04,-0.014716556343200904,,,,,,-0.002436668096811645
2025-07-05,0.0018220480395592098,,,,,,
2025-07-06,0.009247710575546852,,,,,,
2025-07-07,-0.008534295352390808,-0.0074522132118458595,-0.007532771460297849,-0.016857998591239265,-0.002051842050912911,0.000748780548875283,0.0007892943572744837
2025-07-08,0.006005750382996888,-0.0005476171019968001,0.0005615358382493607,0.0002858099344236198,-0.01626167818453217,-0.010443411868664265,-0.003755652578407487
2025-07-09,0.021810695604753683,0.005996626767211355,0.007078922824501843,0.005380765928293396,-0.0023434750361398526,0.004471282664348264,-0.001020078368183408
2025-07-10,0.041864660687494615,0.002820211585405019,-0.0014382340745504596,0.0060148333481224725,0.006158012367048382,0.0022257895319868215,0.0005631767029690149
2025-07-11,0.013189291760499877,-0.003515227505248797,-0.002250401628971388,-0.00588468076829296,-0.00908574791593253,0.009601575193336043,-0.0024225628397964716
2025-07-12,-0.0006957770402219454,,,,,,
2025-07-13,0.014313342548076147,,,,,,
2025-07-14,0.006158578325259345,0.0019081170382848622,0.003626958813108594,-0.012028889648712626,-0.020948802799184207,-0.0036553174266280575,-0.0017639848026551608
2025-07-15,-0.01729262210051885,-0.004273265144196681,0.0009167073914724266,0.00234878684197648,-0.007023960280321373,-0.004155705135267751,-0.0013532100753280707
2025-07-16,0.00816219450392297,0.0033431911185151097,0.0010238176248926756,0.0050213625121611205,0.006877166560904646,0.004988096125243757,-0.005049252023215933
2025-07-17,0.004643278306736054,0.006119689977517551,0.008092792458056941,-0.000666174780528217,0.01229422698537852,-0.0021735334020257513,0.002443466592228827
2025-07-18,-0.01078563897020779,-0.0007324129021104575,-0.0009611275485174042,0.005523184207602894,0.0034744428121076254,0.002600924347578637,-0.0017422791502890167
2025-07-19,-0.0005360022928398989,,,,,,
2025-07-20,-0.00541960002562214,,,,,,
2025-07-21,0.0011828564931994912,0.001896175165666536,0.00518475626428172,0.006155875978032466,-0.0004513480933207026,0.015370115792427752,0.0013141727864731667
2025-07-22,0.02176332622218302,0.0001431211632245688,-0.005175712979872404,0.009036224276703031,0.02122163193069304,0.009484882235462067,0.005484812962579078
2025-07-23,-0.010337504434577038,0.00850744324203112,0.0045612608063612115,-0.0011660977652936388,-0.00025269577447561975,-0.01240118112003663,0.003815255517533478
2025-07-24,-0.0032584822936673197,0.00033114960935609616,0.0021282606546138005,-0.0018211504107996657,0.0033485235379218103,-0.006118276977772341,0.002990702834968051
2025-07-25,-0.006185093838706357,0.004224349640319147,0.0024070580145436615,0.00056135978496763,-0.0032113902990310583,-0.0092499926477293,-0.0015400473566333783
2025-07-26,0.002647868724685587,,,,,,
2025-07-27,0.012727075099638885,,,,,,
2025-07-28,-0.012758768211219684,-0.0002511001451916961,0.003125230866113826,0.0007949746770590238,-0.007517319628649877,-0.00647361832754334,5.871164147408514e-05
2025-07-29,-1.9742508661990676e-05,-0.0026376486020820433,-0.0015488512470926974,-0.01298767941428014,-0.003182527951318348,0.002750389076383808,-0.013614622984389979
2025-07-30,-0.0007713643170961237,-0.001259331011043141,0.0013396898312951766,-0.010507952278425825,-0.02381713967142285,-0.017273497289540862,-0.003950425906899313
2025-07-31,-0.017592832754910526,-0.0037512265266995692,-0.005299174041100696,-0.007079572477626139,-0.01576397371865379,0.0066454015709211944,-0.010526402697315196
2025-08-01,-0.021062154747402473,-0.016390466901213152,-0.019698625493975497,-0.02500355362250295,0.0011963513459885,0.020299689958884537,-0.0004912575965008159
2025-08-02,-0.006999393518263508,,,,,,
2025-08-03,0.015025363723748075,,,,,,
2025-08-04,0.007478798363486527,0.015199913193138181,0.018451535023175536,0.004792908693340925,0.0007300345032894562,0.005823229257701401,0.014263281535664252
2025-08-05,-0.008085706753543476,-0.005069966077998811,-0.006789513883707743,-0.0021146466969286237,-0.0016582880117927967,0.0008040912066364925,-0.00022017339786817303
2025-08-06,0.007767158415357134,0.007659581475386812,0.012583230778398846,0.05090678215297206,0.015613592310248503,-0.00212110700071233,-0.00042840360126583654
2025-08-07,0.021463456180234486,-0.000837526803775912,0.0033842354451689705,0.03179364967503995,0.004121455650646366,0.008437987494967825,0.007254479395229829
2025-08-08,-0.0068782400705657,0.007797475344291982,0.009328314638785917,0.04235800487436214,0.00013032378502519926,-0.00022357985855403495,0.0011559956311337771
2025-08-09,-0.0016142706587778388,,,,,,
2025-08-10,0.02408918266480664,,,,,,
2025-08-11,-0.004822128356753663,-0.0019774432364148,-0.002958862849829602,-0.008337425054048442,0.009575874208332946,-0.014374701087597641,-0.0024576614146443188
2025-08-12,0.012140515376580119,0.010646017662282237,0.0125685859888931,0.010872350977508605,0.0007097387014729506,-0.0009074665058316222,-0.0025329006384293695
2025-08-13,0.026388279596092357,0.003423147456803166,0.0005000855478973776,0.01602444528652036,0.0020634676651520856,0.0030492830145867345,0.005044498085522431
2025-08-14,-0.040411222672351976,9.296545483872265e-05,-0.0007752465793986474,-0.0023571690519698096,-0.010745737876107553,-0.006338706734070332,0.0030687789312298097
2025-08-15,-0.008121240187970669,-0.002341290080229208,-0.0043975287380182415,-0.005112200001143763,0.004032655943814412,0.0005858183101099534,-0.0052547013700186
2025-08-16,0.0007921746665282559,,,,,,
2025-08-17,-0.00032588834829794244,,,,,,
2025-08-18,-0.01022323279139703,-0.00021744013365154746,-0.0003984446334388547,-0.0030225976605757765,0.008810655448930227,-0.0015612675411803556,0.004741219356902748
2025-08-19,-0.029428514056440758,-0.0054252252305696524,-0.013567591150684843,-0.0014291945916864446,0.017210296381304113,-0.005473279447945512,-0.003267246064411977
2025-08-20,0.012794003430595335,-0.0026570836306466505,-0.005937211396019437,-0.019734587754066668,0.007007634330134405,0.010122175284489776,-0.002212071132819071
2025-08-21,-0.01623902974513114,-0.004011725826335022,-0.00462976294427242,-0.004911305040181113,-0.004890121807333503,-0.0034698951143765644,0.0007923034548853458
2025-08-22,0.03962900798880531,0.015356788214081707,0.01542735935581585,0.01271681885277487,-0.0003779664051908327,0.01070642694476942,-0.003321295517033751
2025-08-23,-0.012832252765613172,,,,,,
2025-08-24,-0.016605933647771742,,,,,,
2025-08-25,-0.029385900493979156,-0.0044010616726667395,-0.002884703541631506,-0.0026343069945183872,-0.015881967005638487,-0.0024148368614391735,0.008313816789309092
2025-08-26,0.015240086898922645,0.004186940142142603,0.004015229514192642,0.00946463359101557,-0.0011527338963973621,0.007262047243691283,-0.007784397121532227
2025-08-27,-0.005193022862549412,0.0022785132820093423,0.0015369744199569269,0.005145918125483151,0.006347403220543946,0.0020187288833615202,0.0018041788739109332
2025-08-28,0.01189280397942638,0.003541362732142783,0.006259920496093363,0.008980879291928812,-0.008346152096386783,0.007419038046796889,0.0007338296814596301
2025-08-29,-0.036731759955323295,-0.0059636816039791984,-0.011575598132549603,-0.0018060204541949787,0.008930257287931509,0.00964990177666114,0.0028852694977008486
2025-08-30,0.003664157476186425,,,,,,
2025-08-31,-0.00525107534173741,,,,,,
2025-09-01,0.009367272930950854,,,,,,0.0008769080505832694
2025-09-02,0.017848801737061493,-0.007410200132466738,-0.00837999836964598,-0.01042469754672981,0.006049499205949216,0.023642559312442524,0.0020620331010148263
2025-09-03,0.004699840343410866,0.005419463056600904,0.007867355165845025,0.038089829254487784,0.001139308798276506,0.007831992196408066,-0.006818667442679227
2025-09-04,-0.008947195185422974,0.008357456059411517,0.009051553956305636,0.005493355773038333,0.006448768945759964,-0.004418882618094533,0.0020988615312806935
2025-09-05,-0.0006558419928113235,-0.0028962430390079286,0.0014428571382929523,-0.000375433370914946,0.005213948575869987,0.01334594055214322,-0.00030312345978267263
2025-09-06,-0.0038525555367432407,,,,,,
2025-09-07,0.008554542812086785,,,,,,
2025-09-08,0.008130177859939192,0.0024566370092480305,0.004877993791721602,-0.0075513878695669945,-0.006311759880119339,0.011388067271604019,0.00482587972341042
2025-09-09,-0.004826232823193166,0.002311825610804341,0.0028331738828588637,-0.014839387013392713,0.002830050205127943,-0.002269905468609168,0.004778174989349404
2025-09-10,0.02174124101370767,0.00289075963033647,0.0003272515481658189,-0.032259477843797124,-0.013232205883244363,0.0035922056391106683,-0.00564072504420543
2025-09-11,0.013620945043858246,0.008310359891924524,0.005820450106931219,0.014286370691166894,0.00813482532404941,-0.0014913797811720864,5.857199639236477e-05
2025-09-12,0.005142859655061782,-0.0003347065098450175,0.004417167567077662,0.01756302603182114,-0.004601948009251067,0.0019715725978484144,0.0026755139493517266
2025-09-13,-0.0013011908618274504,,,,,,
2025-09-14,-0.004681752350561785,,,,,,
2025-09-15,0.0003224981011604733,0.005323952420932088,0.008556977982468794,0.011235794928029508,-0.006776456137284725,0.01040483601055886,-0.0007035886474966446
2025-09-16,0.012112382641498831,-0.0013767927852816886,-0.0008449795417831973,0.006125955224930424,0.0077791527851454045,0.0020064107533963593,0.0031762058226916245
2025-09-17,-0.0032066883445814875,-0.0012424352925486382,-0.0019960495586504035,0.003527257082143187,0.014425798244207089,-0.007715171664187115,0.009152790526439691
2025-09-18,0.005741425944741474,0.004672351764394733,0.009017008869149912,-0.004644626316983702,-0.018773709882400014,-0.0040063094596702875,-0.003796270085562381
2025-09-19,-0.012364506846338497,0.004952968179340322,0.0067693390576313295,0.03203299068174581,-0.008136474745958133,0.010607227252210416,-0.0029830694629607857
2025-09-20,0.0002861257573012477,,,,,,
2025-09-21,-0.003593675600818802,,,,,,
2025-09-22,-0.02218083931492132,0.004731007968096224,0.005920014489817493,0.04309567263758818,-0.019033468838005385,0.01730643093326134,-0.004589194686919318
2025-09-23,-0.00651013327573835,-0.0054434748398075605,-0.0066422865178928925,-0.006443278871197333,-0.003723756904951858,0.004086375052867464,0.005463925860591745
2025-09-24,0.011731809832655538,-0.003181633452613686,-0.0035105464204016057,-0.008332328960039437,-0.0005245770105837266,-0.009063049726670935,0.001134202821486019
2025-09-25,-0.03776048156409062,-0.0046134974884720625,-0.0043112810845634675,0.018072939472633998,-0.0017714661383296804,0.004165188877066628,-0.005907559229970993
2025-09-26,0.0060847628462732395,0.005729144366994232,0.004110868708396165,-0.0054890943685314,0.002300393543650303,0.00577227044053652,-0.0069743194983751255
2025-09-27,-0.0002814877077529365,,,,,,
2025-09-28,0.02225248016477188,,,,,,
2025-09-29,0.02031473906432546,0.0028103664411398555,0.004631128390526484,-0.004031963397017835,0.006754069586863087,0.016496514338703028,0.003898836318379839
2025-09-30,-0.003009577997342028,0.0037668667591119753,0.0027391934617468916,0.0007861175643599783,0.000781637400877333,0.008540004081594166,0.001982573876127436
2025-10-01,0.04026829179914837,0.0034075694259330103,0.004796954247462626,0.0032203038937570483,-0.0030589629155794995,0.0015753722020723782,0.0003755697563918581
2025-10-02,0.017128920845327356,0.001151711603039951,0.004111072081054212,0.006576637201686664,-0.0073768212532575594,-0.003482825151325697,-0.0001525687209337212
2025-10-03,0.013136036748664148,-1.4767362221612679e-05,-0.0042097062459061085,0.0034612549164674267,0.001446830467152882,0.008032937892485048,-0.0007620456756015637
2025-10-04,0.001299606980548873,,,,,,
2025-10-05,0.008887425412982486,,,,,,
2025-10-06,0.010031736794915869,0.003586228910336109,0.00751012746217139,-0.00515452178741016,-0.012215273043605812,0.01884573861512795,-0.0010776005590223958
2025-10-07,-0.026461574802715715,-0.003707492250961897,-0.005265629590874843,-0.0008181828424345117,0.01416136683513769,0.005159462258136571,-0.00018737642672239652
2025-10-08,0.01567280940669602,0.005963052412792269,0.011463908977050519,0.00616027893855664,-0.012127931344319998,0.01649095687844504,-0.0047551225397653996
2025-10-09,-0.013370216251727518,-0.0028970083792374535,-0.001210326626064906,-0.015577803989301087,-0.0007299442262601596,-0.018452848086064955,-0.0019424973329146278
2025-10-10,-0.06976852117831744,-0.02702782789908964,-0.03471426066481298,-0.03452204809648307,-0.0059104994819356715,0.010097700011942212,-0.005632840619910651
2025-10-11,-0.02125599811033263,,,,,,
2025-10-12,0.03936437283871608,,,,,,
2025-10-13,0.000879679657679322,0.015344074693208754,0.021221340338120287,0.009744415443628807,-0.01469693259533944,0.02430104394061705,0.0031094642734201816
2025-10-14,-0.01867262888064536,-0.0012216548034567065,-0.006661052516025445,0.0004441188177246591,0.011322661877880558,0.007141189222626965,-0.0030652003132498606
2025-10-15,-0.02064646024028005,0.004439615866679292,0.007056799644560963,0.006336444449330347,-0.011665321241615345,0.017332403569977117,0.0030629787385783036
2025-10-16,-0.023443318504017374,-0.006810260525524803,-0.003702929971409308,-0.007579974428410408,0.01478765491037004,0.02338727694573084,0.0037966881314348555
2025-10-17,-0.01588236351834038,0.005676300358907982,0.006566806282733095,0.01955948293789933,0.012032045155864202,-0.01881705572696646,0.004574577684245407
2025-10-18,0.006861009972426446,,,,,,
2025-10-19,0.013698405510000455,,,,,,
2025-10-20,0.01768912239467313,0.010400475399621634,0.01260069798083241,0.039438767662544505,0.0036989246868905923,0.03640197438905224,-0.003602179138539885
2025-10-21,-0.019098105646452646,-1.4995920012528252e-05,-0.00026145750199924045,0.002021044160246621,-0.002237605625522554,-0.06426889260666147,-0.0011179075454055276
2025-10-22,-0.007267028792566799,-0.005198815962920711,-0.009634020903854679,-0.01644018580608131,0.0038253861016763757,0.00010605594835544352,-0.0037817161497502028
2025-10-23,0.022111355667553845,0.005929891190499692,0.008406478919983362,0.004372055505519334,6.586784574547089e-05,0.004002358382396931,0.0006965288242495316
2025-10-24,0.008759859251149305,0.008172571104630766,0.010678283621570861,0.012481843733494369,0.00884527443162253,-0.0033528327110016187,0.0008249220313640837
2025-10-25,0.005474045023684315,,,,,,
2025-10-26,0.025355383127430242,,,,,,
2025-10-27,-0.0030847352525406047,0.011797712023148943,0.017809206690438284,0.022791311850895335,-0.004918282292955212,-0.027839530498784404,0.0011747476354984077
2025-10-28,-0.01019252462848308,0.002655998956591077,0.007689944792912851,0.0007067783895675639,-0.0024384403002001287,-0.007166030388359279,0.001724439736437322
2025-10-29,-0.025681284408657135,0.0004802976988058649,0.004502978524613344,0.0026022429598195895,-0.017176472585796243,-0.0037872684129753864,0.0005246466257384785
2025-10-30,-0.015898895718551742,-0.010998144919191377,-0.015288617310262875,0.006303249053230431,0.005444648553430964,0.01964188672951095,-0.004676089129250882
2025-10-31,0.011547120379193476,0.0032802806107155025,0.004823917340689654,-0.0037950435186790976,0.005281431551150462,-0.005430550723012573,-0.0026617087187809085
2025-11-01,0.004635536182247879,,,,,,
2025-11-02,0.005229768982454308,,,,,,
2025-11-03,-0.03698585893164408,0.0018766870879645126,0.004784806280031528,-0.004882341269010326,-0.01562802298713528,0.0017929035935666526,-0.003838812718454432
2025-11-04,-0.046523840630681046,-0.011853539942447533,-0.020297981112231467,0.0036797500454424092,-0.005742625645889787,-0.017517195825319742,-0.0007718380054315688
2025-11-05,0.02265282648549194,0.003465389196996238,0.006507919929066963,0.00037036583712879434,-0.009376919969364628,0.011564369498527016,-0.0029173258419082915
2025-11-06,-0.02493503798083263,-0.010729333212666003,-0.018627335191010785,-0.0013697782796735503,0.002332249990946389,-0.0012005195756799036,0.0009772937991558983
2025-11-07,0.020445121741957006,0.0009845075813768034,-0.003155329947613583,-0.004818894404181151,0.005816687309748936,0.006119021470095687,0.004561919954874316
2025-11-08,-0.010547196317199026,,,,,,
2025-11-09,0.02383137448193029,,,,,,
2025-11-10,0.012194017448672767,0.015604434791510524,0.022124205973549582,0.00454869456011342,-0.010069430508868105,0.02734111859838051,-0.0004617997950285835
2025-11-11,-0.028294541304540788,0.0022891497024457585,-0.0026635198225943846,0.02160114657791201,0.020893431326781675,0.003937814406542062,0.0011557557451913336
2025-11-12,-0.012954505253314763,0.0005563986064420767,-0.0007883526216219128,-0.006466862149501096,-0.0035680167857621292,0.016110762091908537,0.0026187998451556727
2025-11-13,-0.01933536967351135,-0.016594021470737852,-0.020415998883927977,-0.0019014031834500011,-0.0003377751444776367,-0.008083098515826892,0.0004056464170609786
2025-11-14,-0.053157837862490065,-0.00016358609958400105,0.0007560348771753489,-0.00197850671637112,-0.0019600507932654443,-0.018047911171504505,0.0034314281509766342
2025-11-15,0.012196889211437911,,,,,,
2025-11-16,-0.01435983820826503,,,,,,
2025-11-17,-0.02212006537551514,-0.009316523930962162,-0.008540549015193744,-0.018171161859606544,-0.012527818685810987,-0.011463979297139493,-0.0014287326216213536
2025-11-18,0.009284005043766586,-0.00839746055820656,-0.012175728824554977,-7.464669137968727e-05,0.00802364111576681,0.007264932736103624,-0.002132669270616838
2025-11-19,-0.015953746750565823,0.003863199783587179,0.005970087071594188,0.0041877290655560895,0.0,0.0016294519610446923,-0.0008106653194661639
2025-11-20,-0.05285126891851111,-0.015242336682765423,-0.023671812130308,-0.008601349703672212,0.008163698674578779,-0.0002933255655774847,-0.0034967590310897023
2025-11-21,-0.017790340109098413,0.009961222976632822,0.007512745003187771,0.019680647235321702,0.0184222733940429,-0.0015473311468576778,-0.0005306256310669832
2025-11-22,-0.0051983141515926645,,,,,,
2025-11-23,0.025477734635657168,,,,,,
2025-11-24,0.01688329653360121,0.014718507062180475,0.02557318657013896,0.016317468883471742,-0.026106522614265493,0.01584423909859023,-0.0023360129840279686
2025-11-25,-0.010520742688141405,0.00940589965210692,0.0061636773483719764,0.003805495657415614,0.010273579021538692,-0.00031569077041548876,0.0010828438194874224
2025-11-26,0.03636830551491177,0.006903575013019525,0.008835786936959966,0.002093957526739132,-0.0016163715014373414,0.007998338908444147,0.0038857634592328605
2025-11-27,0.008473504729832548,,,,,,0.0032254476698920787
2025-11-28,-0.004010602738938163,0.005458406338614941,0.008107212644960615,0.0046839067924580036,-0.0006069900988134869,0.012424331348639184,-0.00019717279488074002
2025-11-29,-0.0007425028351905061,,,,,,
2025-11-30,-0.005035073877646679,,,,,,
2025-12-01,-0.045055292472078956,-0.004565415602551193,-0.003358999728951928,0.01524119743713337,-0.004859601582267836,0.004821066034977672,0.00013914779273482836
2025-12-02,0.05825464938016567,0.0018522092741120044,0.007826107993032627,0.010914832876105063,-0.010716280925778143,-0.006440050713598433,0.0005340106853513049
2025-12-03,0.023837949867722363,0.0034627677932603795,0.0024437973823301373,-0.007128157809805358,0.00582756088129277,-0.0009296182229129313,0.0017441337417734015
2025-12-04,-0.014821043775501641,0.0007310561539983773,-0.0009302477124336628,-0.012141479874668626,-0.009201900745394731,0.0006461951944911615,0.003348405480923855
2025-12-05,-0.029887330373216225,0.0018995368427094927,0.0040773927632637985,-0.006840055245008081,-0.013139858871377919,-0.0017823532991587676,-0.002060723075929638
2025-12-06,-0.0012908122468182626,,,,,,
2025-12-07,0.012694471554050235,,,,,,
2025-12-08,0.0025945560296725123,-0.0030042775146746914,-0.0019184508699994218,-0.003192433705098474,-0.03562208866958072,-0.002639449868615862,-0.00022115992647664395
2025-12-09,0.022633530616329445,-0.0008631449669616043,0.001233363970579271,-0.002555062909471051,0.0093248478016692,0.005137202012788666,0.00010466455726287904
2025-12-10,-0.007236522211271801,0.00663226800901473,0.004095641190661192,0.005772469911612843,0.0013607780563449356,0.004259147967166088,-0.0011278422618286044
2025-12-11,0.005329119618741718,0.002326948130527251,-0.0032344057942019777,-0.002690246960942222,0.006722888583115205,0.010769830543307712,0.006271748856121917
2025-12-12,-0.024223213861206738,-0.010752057995096265,-0.019118252358505283,0.0008992046267306542,0.014776896818669671,0.005594579039939429,0.003263644397137
2025-12-13,0.00031346787642294593,,,,,,
2025-12-14,-0.023516739363752315,,,,,,
2025-12-15,-0.019908078936967,-0.0015107978831542246,-0.0050194605687891025,-0.01498499906996098,0.016031961165856812,0.0009103412637567754,-0.00015262371126645302
2025-12-16,0.01648005936140917,-0.00273229759527871,0.00198183236809113,0.0018241281266524467,0.0005512288659150766,0.00022745542760316262,0.0014458302179327642
2025-12-17,-0.01935507109105894,-0.011003620102041367,-0.018537002937461078,-0.010087028861802017,0.017905121663621237,0.008588228474273762,-0.00043476576500012243
2025-12-18,-0.007908292107279613,0.0075513325776148665,0.014490189497912143,0.001287574790797219,-0.015492792952368717,-0.0018032036998043566,-0.0006105804521927549
2025-12-19,0.03090097713717843,0.009063445479451815,0.013035315712881301,0.005437411303821804,-0.00728423397389788,0.0011289903434381632,-0.0014187562314870172
2025-12-20,0.002731077738661547,,,,,,
2025-12-21,0.0031439599746445612,,,,,,
2025-12-22,-0.0014864790528285043,0.006229892278320159,0.004793523378516795,-0.009865948891234266,-0.012252622603125762,0.02308160549906857,-0.001498647547091836
2025-12-23,-0.01215974047919599,0.004570454818432879,0.004683311224304099,0.005129713035979311,0.0034340247968533966,0.013252341857567629,0.00494162732000869
2025-12-24,0.0022646365284737513,0.0035176203055324873,0.0029255937289227596,0.005323781322749355,0.009149453656148054,-0.004134082564786756,0.002512564596030664
2025-12-25,-0.004305562231041726,,,,,,
2025-12-26,0.0007644603322913834,-0.00010141503224314619,-6.415532994641371e-05,-0.0014973926274014504,0.0017301262383513372,0.011676735474757116,-0.000860452476322382
2025-12-27,0.005735605525503784,,,,,,
2025-12-28,0.00038358610925337544,,,,,,
2025-12-29,-0.007943173820266769,-0.003563628207054803,-0.004840560837798935,0.001316908213532919,-0.0011744239369826381,-0.0435283019531133,-0.0010712826260231845
2025-12-30,0.014826942349620564,-0.0012211007345822589,-0.0023194000033860407,-0.0024840480713893553,-0.0035969196676517434,0.0007275678386380324,1.1847274655973905e-05
2025-12-31,-0.01041844740246467,-0.007408967373390696,-0.008265620622022962,-0.00446757506501283,-0.005137121758652996,-0.006467991163222386,-0.0021732909698711778
2026-01-01,0.013977518339667538,,,,,,
2026-01-02,0.013667122921255048,0.0018330397334518356,-0.0019370922526258383,-0.003126592761770741,-0.010606464764192691,0.004970859258759619,0.0002702361791140362
2026-01-03,0.007321078638514056,,,,,,
2026-01-04,0.008943445698309516,,,,,,
2026-01-05,0.027009825802690735,0.006660113816063129,0.007942920296294842,-0.013837114156417418,-0.010014873531305701,0.026313174195160993,-0.0038976338251188736
2026-01-06,-0.0016352711961346023,0.005947183373089304,0.008786541904950873,-0.018334270451824564,-0.0032769096169008582,0.010813149047262716,0.0008786396657685103
2026-01-07,-0.025829527204251357,-0.0032233567922274053,0.0009625291018258153,-0.007737497507594893,-0.013365750175262314,-0.009559953917111952,-0.002279181057825763
2026-01-08,-0.003076724046541912,-0.00010153268198576093,-0.005689022373661312,-0.004955093401707855,0.02528243511765127,0.005522515913727544,-0.0009809465062883271
2026-01-09,-0.005646925984974294,0.006613342394092614,0.009960230387576985,0.0012738888084979916,0.0024023403783752784,0.007242001159325273,-0.0016203858257893833
2026-01-10,-0.001397069847536736,,,,,,
2026-01-11,0.004876964768804504,,,,,,
2026-01-12,0.004024457429802286,0.0015704538117717881,0.0008298140919966723,0.0033929113461488303,0.011207626808814375,0.018722729613168898,-0.0029292407268148857
2026-01-13,0.04527528885126264,-0.0019994751058702853,-0.0014828582155441694,0.003073874731586601,0.005436909423983449,-0.0014210408732292512,0.0037218942678869382
2026-01-14,0.016864423365986925,-0.0049152373416185835,-0.010682812558703958,-0.004175458991876879,0.014628409104692652,0.010222226854541994,-0.002095745455871878
2026-01-15,-0.01421799419905967,0.0027232143965294497,0.0035994548785334146,-0.0067318453757286845,-0.011752572019018692,-0.006127660830587689,0.00032611611576771615
2026-01-16,-0.00027284132392391136,-0.0008378739908954103,-0.0008363134391510263,-0.0103790448074641,-0.0006915519013448446,-0.004818883830700504,-0.003204108235253189
2026-01-17,-0.004451136256293897,,,,,,
2026-01-18,-0.01541002514624834,,,,,,
2026-01-19,-0.011543146480490485,,,,,,0.00137179408979482
2026-01-20,-0.04584033237499219,-0.020356785723545046,-0.021247196265635315,-0.03455564430294322,0.017089939001691423,0.03783617488689295,0.001222043210717727
2026-01-21,0.012071608510981546,0.011541079202094462,0.013518415093042524,0.0038508468560267684,-0.006394624357290879,0.014568979615140476,0.0076230962743524255
2026-01-22,0.000956534957143873,0.005223230019727687,0.007269434343049719,0.002826561879143208,0.026495950461686846,0.01846258414950319,-0.004680807074818771
2026-01-23,0.00046300848627667257,0.0003627802397405677,0.0031574002207581664,-0.0012482700788880585,0.00857778215630467,0.013745304981574558,0.006993976815965031
2026-01-24,-0.00439244250598092,,,,,,
2026-01-25,-0.028487203509257375,,,,,,
2026-01-26,0.019578126787931138,0.005078147060609828,0.0044000880881227555,0.0297129735567756,-0.004395452049958393,0.014628847613605389,0.008834557986110658
2026-01-27,0.009464787027023913,0.003984264729684606,0.009065299074749289,0.011197539980376536,-0.007692911289329807,0.024531942321975864,0.001520166432187775
2026-01-28,0.0009202877056453396,-0.00010066990364987483,0.0033114782290084577,-0.007085403423770176,-0.006741249542826067,0.038773348494905324,0.011885512757212613
2026-01-29,-0.05183614563372574,-0.0019843824489698125,-0.005985266190749683,0.007175070687510443,0.017374751236630237,0.0027094717415592218,-0.0033178823522642675
2026-01-30,-0.005119696877728619,-0.0029825802604032114,-0.012010861787367544,0.0046461584937966816,0.01247504595953508,-0.10274245274560045,-0.001005107546706574
2026-01-31,-0.06546567255435032,,,,,,
2026-02-01,-0.02094439679701987,,,,,,
2026-02-02,0.022271291537603544,0.004971362130935519,0.006866428449922912,0.04058126002356821,0.009356201369075778,-0.04004945911975222,-0.009740094775813501
2026-02-03,-0.03882661934945053,-0.00845539643070059,-0.015364015491678096,-0.0019629088916998105,0.01390436198689593,0.06358720612372104,-0.004259234201038908
2026-02-04,-0.03455931736640505,-0.004843921678897134,-0.017468973844366742,0.02601286642781786,0.009979336781558157,-0.0007044119795716064,0.0014769417545619223
2026-02-05,-0.14129892381358544,-0.012489211256201727,-0.014395320471625062,-0.002097593092373451,0.011092047401570326,-0.026631707613677613,-0.0012272882317434508
2026-02-06,0.1252476912623226,0.019184711840951385,0.021137893316513612,0.008009748840153375,0.003530588123770384,0.03073229479090611,-0.002014054237948315
2026-02-07,-0.018048541205989532,,,,,,
2026-02-08,0.014184900201757111,,,,,,
2026-02-09,-0.00204861414171964,0.004821832103010459,0.007660140255637327,-0.01166048390953256,-0.011559870701449593,0.02540290594406658,0.004068019076531648
2026-02-10,-0.018921927121284043,-0.002637160432080843,-0.004639315964515389,-0.003422959769044165,0.01112303357166633,-0.009913720520981939,0.0066187273725237805
2026-02-11,-0.02619404614799148,-0.00023105881441631837,0.0026820690749720377,0.006650117732854843,0.005783301920097239,0.011310577541873812,-0.0012127167217913515
2026-02-12,-0.011495780977477277,-0.0154488742279012,-0.02033890905437341,-0.04998173910671744,0.007562509416384033,-0.03472828959819363,-0.001140094572403827
2026-02-13,0.039805596623848194,0.0007044854938154099,0.0021310489817716327,-0.022733450234726726,-0.007071457848286333,0.024878663914389865,-0.0006410125790436982
2026-02-14,0.013212456278809848,,,,,,
2026-02-15,-0.014038567315427408,,,,,,
2026-02-16,0.000799101589935125,,,,,,-8.296523786666121e-05
2026-02-17,-0.019594358734823403,0.0016134664707250224,-0.0010301095351836764,0.03166790148756515,-0.003248672246283224,-0.0311702543391007,-0.001481343678262692
2026-02-18,-0.015836888807606253,0.005037758541617032,0.007467203941096567,0.0017811375828364895,-0.016859892074875593,0.022489929267582198,0.00016598922941168937
2026-02-19,0.008012052068341324,-0.0026374339404172664,-0.003829708848107294,-0.014261551090285374,0.01083763666249249,0.0027930496262249527,-0.005316708197320219
2026-02-20,0.015650197075734784,0.007231864589122949,0.008848887182637988,0.015350449692731916,0.014001051996247682,0.019714504323102178,-0.001671319050741693
2026-02-21,-2.435467576455963e-05,,,,,,
2026-02-22,-0.005064057803784272,,,,,,
2026-02-23,-0.04497014110892317,-0.010211314710874664,-0.012154967656684001,0.006047257970275721,0.027304408590141493,0.027015500392687075,0.005574177676609615
2026-02-24,-0.008305824880296298,0.00726845293039502,0.010741490883328764,0.02239103564464129,0.0006659728634905715,-0.01385890426498504,-0.0034555842194651243
2026-02-25,0.060550552894326426,0.008438348943581309,0.014493203844452518,0.007679860855135612,-0.011435203736714028,-0.0025072627221415233,-0.0015779217504044984
2026-02-26,-0.007450715585058165,-0.005554476391621099,-0.012064559559788246,-0.0046676776162442035,0.002203351970446077,0.008575889154321725,0.003391044669744714
2026-02-27,-0.023304501473983996,-0.004801943258527341,-0.003200752556519526,-0.03213044438249635,0.021068666169388406,0.01313141674919538,-0.0010269109594140957
2026-02-28,0.016910019957618205,,,,,,
2026-03-01,-0.018773664883674046,,,,,,
2026-03-02,0.04620988327616793,0.0005685787823312971,0.0013173586531323167,0.0020440108677830526,-0.022069335338042784,0.012919896640826822,-0.0036924180141600926
2026-03-03,-0.007011227255569463,-0.00881433848279567,-0.01070559977488339,-0.003664168116717992,-0.02317900159688535,-0.04461221500318879,-0.005287220155504424
2026-03-04,0.06467555605177866,0.007055308353084655,0.015243184213533878,-0.0046635601744375865,-0.008890500394689527,0.007818116439543887,-0.0072692826463698346
2026-03-05,-0.025710882421896564,-0.005575546846393831,-0.0030128296914716524,-0.008494547048829904,-0.027226771310038256,-0.012017768242597593,0.0020129234448502675
2026-03-06,-0.03817885179689062,-0.013107135070836495,-0.015043230922446638,-0.010872595974432131,-0.002337850728775126,0.01583250339069653,-0.00236797414602119
2026-03-07,-0.01267893913767526,,,,,,
2026-03-08,-0.01936617019467901,,,,,,
2026-03-09,0.03687448277691541,0.008760025013039074,0.013355609155110137,0.009399570490431275,0.010349494968902473,-0.0020696732193965506,-0.007305738373026283
2026-03-10,0.022287806357257578,-0.0016071269053671289,1.6490698843574236e-05,0.0036555398041986376,0.005089501074187153,0.01127967872100144,0.00815525017506502
2026-03-11,0.003975020350486469,-0.0012551629285171284,-0.00013162176108916235,-7.670678451010549e-05,-0.017242359643026117,-0.003390104145245987,-0.0005109159412443054
2026-03-12,0.004110513591636167,-0.015184948869363502,-0.017163363705524626,-0.01936274610273292,-0.018392974389354166,-0.019653925633074443,-0.005863906768851401
2026-03-13,0.006735442992662266,-0.005660109501006372,-0.005927136342962935,-0.022051876328148423,0.0009966849015976553,-0.012936961278600778,-0.0018665417486131153
2026-03-14,0.0034714019404360474,,,,,,
2026-03-15,0.022120302711697182,,,,,,
2026-03-16,0.028454105238008953,0.010176866111483163,0.011217406681325315,0.010794859745288043,0.009757725367657288,-0.0008896876689686861,-0.007512824009417773
2026-03-17,-0.01253801442025071,0.00263055486997521,0.004880276719680499,0.005577047742174601,-0.004207248473647063,-0.002519392047785618,0.00563473694240324
2026-03-18,-0.0362122396594321,-0.013953645387120184,-0.01393967271473795,-0.01687444479508171,-0.03148926876329894,-0.03163716142328721,0.0034733794480970026
2026-03-19,-0.01870697238447039,-0.0024643404851918405,-0.0031602840516394837,-0.003920930967820313,-0.01274629757240131,-0.041215062676522196,-0.00650029715850764
2026-03-20,0.008722250723753211,-0.01433577587250423,-0.018481721188927547,-0.0038962445152316283,-0.0038662429596962866,-0.0305574415876555,0.009863996366470618
2026-03-21,-0.025680602546325204,,,,,,
2026-03-22,-0.012607965253281006,,,,,,
2026-03-23,0.04524488014825101,0.01050001924493782,0.011478969781072212,0.014113480475494988,-0.0020099381280457296,-0.02259421410703788,-0.0015027864100332078
2026-03-24,-0.005598262529164066,-0.0033568497522664664,-0.006836767910289088,0.0005964238375686381,-0.0057643586063339525,0.00022274115430986896,0.004062547306670217
2026-03-25,0.011231529778693128,0.0055727589473859585,0.006575613863315066,0.0038944425565474727,0.005308733427591417,0.030089336389747867,0.0006504217008531654
2026-03-26,-0.03531428903229905,-0.017858744158138706,-0.023867900245077234,0.0010688333127273353,-0.010422424989977475,-0.0375939695290467,-0.004578320252100587
2026-03-27,-0.035662044616623034,-0.017051883523327982,-0.019536696991535485,-0.016173068672430957,0.0020362958069404247,0.035093842463368,-0.0022839647342894898
2026-03-28,-0.0002815819275042708,,,,,,
2026-03-29,-0.005500227885263609,,,,,,
2026-03-30,0.011167073154841889,-0.0033434623831846144,-0.00764333545868201,-0.008721851736991693,0.014084412970992277,-0.0002894276132928697,-0.0037349885054620557
2026-03-31,0.02311941479563351,0.02906792569891481,0.03385391270884219,0.029031290418426448,-0.0019347774033976473,0.037893826237359374,-0.0027847987291541587
2026-04-01,-0.002268068291422898,0.007534463782890022,0.012353174006878076,0.007250134515282447,-0.0024231334203912436,0.017499822514495555,0.009965414754568247
2026-04-02,-0.017479577533077273,0.0009004744280911581,0.0011466223630531847,0.0011344553655323608,-0.006731923486426816,-0.019208815315471695,0.0014140271201934507
2026-04-03,0.0006358522809097877,,,,,,-0.0042126415655940885
2026-04-04,0.005369911059425414,,,,,,
2026-04-05,0.02513553056906015,,,,,,
2026-04-06,-0.0017695992030517527,0.004726797348638012,0.006017333325542884,0.011487876222620041,-0.002445482056224413,-0.004098669687746526,-0.002750900931932976
2026-04-07,0.04474125312086663,0.0004400741058487867,0.00015297681473014357,-0.0207060792616357,-0.01029628996302867,0.009727589667910319,0.002712089803667217
2026-04-08,-0.011361353371537541,0.025469554638327674,0.029732070204270045,0.021301735790709264,0.025477672356128078,0.00629906958171822,0.012598292139696543
2026-04-09,0.009061281070850802,0.00576909117108837,0.006764631332426108,0.006141348347641795,0.012146381284035002,0.007778530578574028,-0.00233193630685391
2026-04-10,0.016876904061948084,-0.0006617805145495703,0.001442181745508142,-3.834482173115106e-05,-0.0102277058466137,-0.0017811851128632927,0.0027357273290540274
2026-04-11,0.0010307967248304184,,,,,,
2026-04-12,-0.031495312720733026,,,,,,
2026-04-13,0.05273575609654846,0.009772397784351794,0.010342525812865766,-0.004913954203973225,-0.010884646827238886,-0.004049183335572026,-0.0013776420653230925
2026-04-14,-0.004068372317531099,0.01218488075237012,0.018157016912369928,-0.00142758690909639,0.005571918251549679,0.022349346089928224,0.008026383151997996
2026-04-15,0.008404626904874313,0.007890994867038925,0.013999441886586528,0.02936295529114541,-0.006926251768777925,-0.010402401583740839,0.0025958134948469436
2026-04-16,0.004639453579876829,0.002457311622604319,0.004816357344643363,-0.011372633634406881,-0.0018830570329746443,-0.0008627455164704756,0.0008266264648575383
2026-04-17,0.02627659540184779,0.012085685130224011,0.013084149556009228,0.02593021154924191,0.026692700919842993,0.013293051904224695,-0.0022385881066527835
2026-04-18,-0.01816051878803593,,,,,,
2026-04-19,-0.024692366775663332,,,,,,
2026-04-20,0.027298557704868998,-0.001999667552905704,-0.0031748441644519065,0.010435475371396441,-0.0166064714512707,-0.008611208936292747,-0.0035224363086130417
2026-04-21,0.0063296958930805225,-0.006546949154936255,-0.003803338055735961,-0.025196703995697067,-0.01501831244601548,-0.028320000717914517,0.0036767259077135073
2026-04-22,0.024233934691509473,0.010126696838070659,0.016730507621555812,0.026298995241013978,0.003723949421520656,0.013245809401008168,-0.0034058084268165922
2026-04-23,0.0008420581944230676,-0.0038807239498251933,-0.005632645699066852,0.0009516944880663125,0.020020986133008956,-0.00969535708776803,-0.0032543301491088084
2026-04-24,-0.010395445352393673,0.007749297960024215,0.019127478891562966,-0.008667702544387201,0.024609084603500975,0.005127114447075254,-0.0018928207438571043
2026-04-25,0.0020231423764509593,,,,,,
2026-04-26,0.013471154293320797,,,,,,
2026-04-27,-0.01641182876919478,0.0017228064887020444,0.0005271669328243966,-0.012727861582674027,0.001484689104989334,-0.007755303754327758,0.00193161026324562
2026-04-28,-0.013131671764148978,-0.004865948728146163,-0.010056746717555742,0.011584102768505522,0.005188708248856422,-0.0185629131043068,0.001453755829508907
2026-04-29,-0.007525003361340765,-0.00015454109399481997,0.006113633344809299,-0.001994705758897597,-0.018167134734485058,-0.010665781709228828,-0.00048045845803645904
2026-04-30,0.00697036758667724,0.009949627427204177,0.009326273624633119,0.004367659937802859,0.004301444729920112,0.014973287523456946,-0.002827674525353596
2026-05-01,0.024568460603834108,0.0027691138283709726,0.009599596060492877,0.03239351812191993,0.0011557425601860238,-0.0011330099187530918,0.0038002060226056678
2026-05-02,0.006117371672699878,,,,,,
2026-05-03,-0.00151319093281288,,,,,,
2026-05-04,0.016421044171065935,-0.0036633796697419507,-0.0018838826451929025,-0.011815603186417278,-0.02607630368825231,-0.02001512681908002,-0.0002110968437515348
2026-05-05,0.013768974900303155,0.008022185884992261,0.012974052439365336,0.026550690927708454,0.010319312135227188,0.008584306218673232,-0.0029580129488546714
2026-05-06,0.006184292316489204,0.013899439445017592,0.02077439369140688,0.011717924952267644,0.02070393461950859,0.030339261182306565,0.0020384565072011362
2026-05-07,-0.017408596831308243,-0.0030661051573263043,-0.0011929474776779525,-0.00024350711440246364,-0.012440814157020474,0.001670691560653026,0.002702000345139677
2026-05-08,0.0022093920105095144,0.008256073001242203,0.023440840892904546,0.020456497888878378,0.0024647447375667486,0.004841540894531038,-0.0013491354522860988
2026-05-09,0.0059561145630133705,,,,,,
2026-05-10,0.01828022150812214,,,,,,
2026-05-11,-0.004999247178679611,0.002277585595431564,0.0028963874065546236,-0.0012626705737772692,-0.020898767906437188,0.0020287362083613036,0.00317757127104068
2026-05-12,-0.015304426194186482,-0.0015149399914519135,-0.00848180680976407,0.007243389265544797,0.003836516806753565,-0.003957209812161522,0.0009423207141905365
2026-05-13,-0.014915661104390687,0.005594848036780231,0.010562230418850849,0.013805995565634221,-0.011604462000198046,-0.005612899814961714,-0.0037786875142813425
2026-05-14,0.022378876470797504,0.007894256268722755,0.007107716274449949,-0.00220833028705536,0.003304282920079782,-0.007642296271595517,-0.001652005536549872
2026-05-15,-0.024497713637975926,-0.012029351892724582,-0.015087714031981059,0.0067738157309671365,-0.00798822322203463,-0.02322039069444226,-0.004606469080858155
2026-05-16,-0.0118160267665125,,,,,,
2026-05-17,-0.008985959556932488,,,,,,
2026-05-18,-0.006136945201154598,-0.0007034356211904624,-0.004302241158477327,-0.007960612067346995,0.005792131263734124,0.00273187497307803,-0.0040883741383656025
2026-05-19,-0.002641385386229267,-0.006660859382243145,-0.006162485912403315,0.003793999787491842,-0.007655006268437847,-0.016561892782745447,0.003508207954415088
2026-05-20,0.009209887179670861,0.010249028568310337,0.016563788621898112,0.0109709963070026,0.00806793605822409,0.014337773746013083,-0.004120467470440481
2026-05-21,0.0010508749979196708,0.0019830970699832307,0.0019070115754113992,0.009065310949131433,0.006739619760067317,-0.0009822799906678004,0.0015694132339709732
2026-05-22,-0.02645023976792371,0.00393155436839554,0.004240623952507905,0.012557845216167651,0.007252500621949931,-0.0076020599640161945,-0.0003602322836829819
2026-05-23,0.015699464786268935,,,,,,
2026-05-24,0.004013881531345742,,,,,,
2026-05-25,0.0038815318365379436,,,,,,0.0018161716312452558
2026-05-26,-0.01881724424932052,0.0066386085909901915,0.017755179724697978,-0.001586751960143129,-0.010246439369449911,0.00043495402009452455,-0.00041899471372430774
2026-05-27,-0.019532039646005694,-0.0001732035840619206,-0.0011365737204164228,0.008173125031610828,0.031687175199729856,-0.013309202332427494,-4.650619162338554e-05
2026-05-28,-0.010870289388891785,0.0055165545026623075,0.008430959320020914,0.005340207912225559,-0.010712602699902374,0.010477609933210896,-0.0016265631135273795
2026-05-29,-0.00223060831034394,0.002491392716190699,0.003684097420609156,-0.001439992937726231,-0.01610586008179149,0.010538571648365469,0.003006420503418372
2026-05-30,0.0052105676905831455,,,,,,
2026-05-31,-0.002374738351372918,,,,,,
2026-06-01,-0.030713830668280595,0.00272313559086812,0.006000179721837862,-0.018425943872925732,-0.022847581743362433,-0.014048680044494555,-0.0003377967447728558
2026-06-02,-0.06472422674681189,0.0013579103629497435,0.004604549310825545,0.029022933365852488,0.003849504916032087,0.001677776649860796,-0.0011518852142700098
2026-06-03,-0.04031696632071802,-0.007017150543661033,-0.002613315163043861,-0.015672595971098935,-0.004473830777199206,-0.009904155768766576,-0.0011505497999036995
2026-06-04,-0.0033241439086123536,0.003778686701839007,-0.00483739336316813,0.0031264139436979477,0.004208547882273095,0.008335974543818736,-0.0010913580545762747
2026-06-05,-0.04512280904119048,-0.0258093996346227,-0.04800095663859216,-0.012498841728371679,0.040914864020321406,-0.036545333189379026,0.000278785186618169
2026-06-06,-0.0009069515189049637,,,,,,
2026-06-07,0.03897168140434348,,,,,,
2026-06-08,-0.0023550097882448773,0.0022642301373410056,0.015615706186351996,-0.01887156849768501,-0.009826581469848161,0.002599431669397134,-0.007754740696302664
2026-06-09,-0.022932240724538477,-0.002935503633772485,-0.011507241121808565,-0.03644631040831148,0.02460366585293472,-0.01633647245916592,0.0005072495404958577
2026-06-10,-0.0031550982687325035,-0.015765545498457323,-0.019976568253734728,0.003544996808021894,0.0025560293770952036,-0.04145558180468856,0.000599849629144833
2026-06-11,0.0343659895373587,0.016996839411566045,0.033775883454166156,0.013889904990249002,-0.00476354712733984,0.03134182597256352,2.3045384526243495e-05
2026-06-12,-0.000280918383714468,0.005408249541260179,0.005884694007997515,-0.015221729613622226,0.008561441983375273,0.0005694792310315666,0.003495893934150285
2026-06-13,0.013819338824553329,,,,,,
2026-06-14,0.020010054657876974,,,,,,
2026-06-15,0.00881293640382963,0.017633996750716197,0.03141371932916659,0.018170605764429082,0.005681479179519666,0.025896360083728753,0.002343828039639062
2026-06-16,-0.010391681563445165,-0.005961607114339795,-0.019005396032846122,0.009513449426140408,0.01349194928029851,0.002723533282284807,-0.0007652025968395426
2026-06-17,-0.01802109402037566,-0.012487831892330603,-0.010070391216744357,-0.010994446379867018,-0.012656619221230403,-0.02270955075927472,0.0013584316222152726
2026-06-18,-0.025510938552270712,0.007800647930141791,0.025065376405563056,0.006960626705947437,-0.0011954880359984488,-0.003808571701190089,-0.008837644086219565
2026-06-19,,,,,,,-0.003771652583226648
